[
    {
        "scenario_num": 0,
        "weather": "Thunderstorm",
        "vehicle": "Small",
        "traffic": "Medium",
        "emergency": "No",
        "timeOfDay": "Day",
        "location": "Urban",
        "intersections": 8,
        "pedestrians": false,
        "pedestrian_cross": false,
        "start_x": -33.171356201171875,
        "start_y": 193.61383056640625,
        "end_x": -33.16262435913086,
        "end_y": 197.1138153076172,
        "rounded_route_length": 250,
        "route_length": 230.24243074655533,
        "total_difficulty_rating": 287.2424307465553
    },
    {
        "scenario_num": 1,
        "weather": "Thunderstorm",
        "vehicle": "Small",
        "traffic": "Heavy",
        "emergency": "No",
        "timeOfDay": "Night",
        "location": "Urban",
        "intersections": 0,
        "pedestrians": false,
        "pedestrian_cross": false,
        "start_x": -33.171356201171875,
        "start_y": 193.61383056640625,
        "end_x": -46.42341232299805,
        "end_y": 196.82229614257812,
        "rounded_route_length": 300,
        "route_length": 240.0510179400444,
        "total_difficulty_rating": 264.0510179400444
    },
    {
        "scenario_num": 2,
        "weather": "Sunny",
        "vehicle": "Truck",
        "traffic": "Light",
        "emergency": "Yes",
        "timeOfDay": "Night",
        "location": "Country",
        "intersections": 0,
        "pedestrians": true,
        "pedestrian_cross": true,
        "start_x": -143.68228149414062,
        "start_y": -89.5584487915039,
        "end_x": -36.87724685668945,
        "end_y": -2.9828319549560547,
        "rounded_route_length": 300,
        "route_length": 258.05940064787865,
        "total_difficulty_rating": 288.55940064787865
    },
    {
        "scenario_num": 3,
        "weather": "Thunderstorm",
        "vehicle": "Truck",
        "traffic": "Light",
        "emergency": "No",
        "timeOfDay": "Dawn",
        "location": "Country",
        "intersections": 6,
        "pedestrians": true,
        "pedestrian_cross": false,
        "start_x": -143.68228149414062,
        "start_y": -89.5584487915039,
        "end_x": -57.83522033691406,
        "end_y": -105.57418823242188,
        "rounded_route_length": 100,
        "route_length": 98.34948848187923,
        "total_difficulty_rating": 142.84948848187923
    },
    {
        "scenario_num": 4,
        "weather": "Rain",
        "vehicle": "Van",
        "traffic": "Heavy",
        "emergency": "No",
        "timeOfDay": "Dusk",
        "location": "Country",
        "intersections": 10,
        "pedestrians": true,
        "pedestrian_cross": false,
        "start_x": -143.68228149414062,
        "start_y": -89.5584487915039,
        "end_x": -36.87724685668945,
        "end_y": -2.9828319549560547,
        "rounded_route_length": 250,
        "route_length": 258.05940064787865,
        "total_difficulty_rating": 325.55940064787865
    },
    {
        "scenario_num": 5,
        "weather": "Thunderstorm",
        "vehicle": "Truck",
        "traffic": "Light",
        "emergency": "No",
        "timeOfDay": "Night",
        "location": "Urban",
        "intersections": 8,
        "pedestrians": true,
        "pedestrian_cross": true,
        "start_x": -33.171356201171875,
        "start_y": 193.61383056640625,
        "end_x": -46.42341232299805,
        "end_y": 196.82229614257812,
        "rounded_route_length": 300,
        "route_length": 240.0510179400444,
        "total_difficulty_rating": 310.5510179400444
    },
    {
        "scenario_num": 6,
        "weather": "Sunny",
        "vehicle": "Truck",
        "traffic": "Light",
        "emergency": "Yes",
        "timeOfDay": "Dusk",
        "location": "Country",
        "intersections": 0,
        "pedestrians": true,
        "pedestrian_cross": false,
        "start_x": -143.68228149414062,
        "start_y": -89.5584487915039,
        "end_x": -158.83045959472656,
        "end_y": -36.62215042114258,
        "rounded_route_length": 150,
        "route_length": 155.83429431915283,
        "total_difficulty_rating": 173.33429431915283
    },
    {
        "scenario_num": 7,
        "weather": "Sunny",
        "vehicle": "Small",
        "traffic": "Heavy",
        "emergency": "No",
        "timeOfDay": "Dawn",
        "location": "Downtown",
        "intersections": 3,
        "pedestrians": true,
        "pedestrian_cross": false,
        "start_x": 15.171202659606934,
        "start_y": 201.64096069335938,
        "end_x": 17.322010040283203,
        "end_y": 88.08650207519531,
        "rounded_route_length": 150,
        "route_length": 127.95531797409058,
        "total_difficulty_rating": 156.45531797409058
    },
    {
        "scenario_num": 8,
        "weather": "Sunny",
        "vehicle": "Van",
        "traffic": "Medium",
        "emergency": "No",
        "timeOfDay": "Dusk",
        "location": "Urban",
        "intersections": 8,
        "pedestrians": true,
        "pedestrian_cross": false,
        "start_x": -33.171356201171875,
        "start_y": 193.61383056640625,
        "end_x": -33.16262435913086,
        "end_y": 197.1138153076172,
        "rounded_route_length": 250,
        "route_length": 230.24243074655533,
        "total_difficulty_rating": 283.7424307465553
    },
    {
        "scenario_num": 9,
        "weather": "Thunderstorm",
        "vehicle": "Van",
        "traffic": "Heavy",
        "emergency": "Yes",
        "timeOfDay": "Day",
        "location": "Country",
        "intersections": 0,
        "pedestrians": false,
        "pedestrian_cross": false,
        "start_x": -143.68228149414062,
        "start_y": -89.5584487915039,
        "end_x": -36.87724685668945,
        "end_y": -2.9828319549560547,
        "rounded_route_length": 250,
        "route_length": 258.05940064787865,
        "total_difficulty_rating": 287.05940064787865
    },
    {
        "scenario_num": 10,
        "weather": "Thunderstorm",
        "vehicle": "Van",
        "traffic": "Light",
        "emergency": "No",
        "timeOfDay": "Night",
        "location": "Country",
        "intersections": 7,
        "pedestrians": true,
        "pedestrian_cross": false,
        "start_x": -143.68228149414062,
        "start_y": -89.5584487915039,
        "end_x": -145.2318572998047,
        "end_y": -88.40408325195312,
        "rounded_route_length": 200,
        "route_length": 196.5948088169098,
        "total_difficulty_rating": 250.0948088169098
    },
    {
        "scenario_num": 11,
        "weather": "Sunny",
        "vehicle": "Small",
        "traffic": "Light",
        "emergency": "No",
        "timeOfDay": "Dusk",
        "location": "Urban",
        "intersections": 0,
        "pedestrians": true,
        "pedestrian_cross": false,
        "start_x": -33.171356201171875,
        "start_y": 193.61383056640625,
        "end_x": -33.16262435913086,
        "end_y": 197.1138153076172,
        "rounded_route_length": 250,
        "route_length": 230.24243074655533,
        "total_difficulty_rating": 239.74243074655533
    },
    {
        "scenario_num": 12,
        "weather": "Rain",
        "vehicle": "Van",
        "traffic": "Medium",
        "emergency": "No",
        "timeOfDay": "Dawn",
        "location": "Urban",
        "intersections": 8,
        "pedestrians": false,
        "pedestrian_cross": true,
        "start_x": -33.171356201171875,
        "start_y": 193.61383056640625,
        "end_x": -46.42341232299805,
        "end_y": 196.82229614257812,
        "rounded_route_length": 300,
        "route_length": 240.0510179400444,
        "total_difficulty_rating": 307.0510179400444
    },
    {
        "scenario_num": 13,
        "weather": "Thunderstorm",
        "vehicle": "Truck",
        "traffic": "Light",
        "emergency": "No",
        "timeOfDay": "Night",
        "location": "Country",
        "intersections": 14,
        "pedestrians": true,
        "pedestrian_cross": true,
        "start_x": -143.68228149414062,
        "start_y": -89.5584487915039,
        "end_x": -106.82865142822266,
        "end_y": -36.21916961669922,
        "rounded_route_length": 350,
        "route_length": 351.6578650443116,
        "total_difficulty_rating": 449.1578650443116
    },
    {
        "scenario_num": 14,
        "weather": "Thunderstorm",
        "vehicle": "Van",
        "traffic": "Medium",
        "emergency": "Yes",
        "timeOfDay": "Dusk",
        "location": "Downtown",
        "intersections": 3,
        "pedestrians": false,
        "pedestrian_cross": true,
        "start_x": 15.171202659606934,
        "start_y": 201.64096069335938,
        "end_x": 17.322010040283203,
        "end_y": 88.08650207519531,
        "rounded_route_length": 150,
        "route_length": 127.95531797409058,
        "total_difficulty_rating": 181.95531797409058
    },
    {
        "scenario_num": 15,
        "weather": "Sunny",
        "vehicle": "Truck",
        "traffic": "Heavy",
        "emergency": "Yes",
        "timeOfDay": "Dusk",
        "location": "Urban",
        "intersections": 8,
        "pedestrians": false,
        "pedestrian_cross": true,
        "start_x": -33.171356201171875,
        "start_y": 193.61383056640625,
        "end_x": -33.16262435913086,
        "end_y": 197.1138153076172,
        "rounded_route_length": 250,
        "route_length": 230.24243074655533,
        "total_difficulty_rating": 305.2424307465553
    },
    {
        "scenario_num": 16,
        "weather": "Thunderstorm",
        "vehicle": "Small",
        "traffic": "Light",
        "emergency": "Yes",
        "timeOfDay": "Day",
        "location": "Downtown",
        "intersections": 6,
        "pedestrians": true,
        "pedestrian_cross": false,
        "start_x": 15.171202659606934,
        "start_y": 201.64096069335938,
        "end_x": -108.28189086914062,
        "end_y": 144.2035675048828,
        "rounded_route_length": 250,
        "route_length": 288.96105766296387,
        "total_difficulty_rating": 343.46105766296387
    },
    {
        "scenario_num": 17,
        "weather": "Thunderstorm",
        "vehicle": "Small",
        "traffic": "Medium",
        "emergency": "Yes",
        "timeOfDay": "Day",
        "location": "Downtown",
        "intersections": 4,
        "pedestrians": false,
        "pedestrian_cross": true,
        "start_x": 15.171202659606934,
        "start_y": 201.64096069335938,
        "end_x": 35.07738494873047,
        "end_y": 86.79911041259766,
        "rounded_route_length": 150,
        "route_length": 121.97675585746765,
        "total_difficulty_rating": 177.97675585746765
    },
    {
        "scenario_num": 18,
        "weather": "Sunny",
        "vehicle": "Truck",
        "traffic": "Light",
        "emergency": "Yes",
        "timeOfDay": "Day",
        "location": "Country",
        "intersections": 14,
        "pedestrians": false,
        "pedestrian_cross": true,
        "start_x": -143.68228149414062,
        "start_y": -89.5584487915039,
        "end_x": -106.82865142822266,
        "end_y": -36.21916961669922,
        "rounded_route_length": 350,
        "route_length": 351.6578650443116,
        "total_difficulty_rating": 447.6578650443116
    },
    {
        "scenario_num": 19,
        "weather": "Rain",
        "vehicle": "Truck",
        "traffic": "Light",
        "emergency": "No",
        "timeOfDay": "Dawn",
        "location": "Downtown",
        "intersections": 9,
        "pedestrians": true,
        "pedestrian_cross": false,
        "start_x": 15.171202659606934,
        "start_y": 201.64096069335938,
        "end_x": 46.10598373413086,
        "end_y": -146.00099182128906,
        "rounded_route_length": 400,
        "route_length": 361.8046474456787,
        "total_difficulty_rating": 420.3046474456787
    },
    {
        "scenario_num": 20,
        "weather": "Rain",
        "vehicle": "Small",
        "traffic": "Heavy",
        "emergency": "No",
        "timeOfDay": "Dawn",
        "location": "Downtown",
        "intersections": 0,
        "pedestrians": true,
        "pedestrian_cross": true,
        "start_x": 15.171202659606934,
        "start_y": 201.64096069335938,
        "end_x": -36.29636764526367,
        "end_y": 88.02515411376953,
        "rounded_route_length": 200,
        "route_length": 184.15848898887634,
        "total_difficulty_rating": 211.65848898887634
    },
    {
        "scenario_num": 21,
        "weather": "Rain",
        "vehicle": "Van",
        "traffic": "Heavy",
        "emergency": "Yes",
        "timeOfDay": "Dusk",
        "location": "Urban",
        "intersections": 5,
        "pedestrians": false,
        "pedestrian_cross": true,
        "start_x": -33.171356201171875,
        "start_y": 193.61383056640625,
        "end_x": -133.0542755126953,
        "end_y": 53.78422164916992,
        "rounded_route_length": 350,
        "route_length": 281.91450119018555,
        "total_difficulty_rating": 346.91450119018555
    },
    {
        "scenario_num": 22,
        "weather": "Sunny",
        "vehicle": "Van",
        "traffic": "Light",
        "emergency": "Yes",
        "timeOfDay": "Night",
        "location": "Country",
        "intersections": 7,
        "pedestrians": false,
        "pedestrian_cross": true,
        "start_x": -143.68228149414062,
        "start_y": -89.5584487915039,
        "end_x": -145.2318572998047,
        "end_y": -88.40408325195312,
        "rounded_route_length": 200,
        "route_length": 196.5948088169098,
        "total_difficulty_rating": 262.5948088169098
    },
    {
        "scenario_num": 23,
        "weather": "Rain",
        "vehicle": "Van",
        "traffic": "Medium",
        "emergency": "No",
        "timeOfDay": "Dusk",
        "location": "Urban",
        "intersections": 3,
        "pedestrians": true,
        "pedestrian_cross": true,
        "start_x": -33.171356201171875,
        "start_y": 193.61383056640625,
        "end_x": -71.651611328125,
        "end_y": 137.2353057861328,
        "rounded_route_length": 100,
        "route_length": 80.5826963186264,
        "total_difficulty_rating": 123.0826963186264
    },
    {
        "scenario_num": 24,
        "weather": "Thunderstorm",
        "vehicle": "Truck",
        "traffic": "Heavy",
        "emergency": "Yes",
        "timeOfDay": "Dusk",
        "location": "Urban",
        "intersections": 5,
        "pedestrians": false,
        "pedestrian_cross": false,
        "start_x": -33.171356201171875,
        "start_y": 193.61383056640625,
        "end_x": -133.0542755126953,
        "end_y": 53.78422164916992,
        "rounded_route_length": 350,
        "route_length": 281.91450119018555,
        "total_difficulty_rating": 338.91450119018555
    },
    {
        "scenario_num": 25,
        "weather": "Thunderstorm",
        "vehicle": "Small",
        "traffic": "Light",
        "emergency": "No",
        "timeOfDay": "Dawn",
        "location": "Urban",
        "intersections": 0,
        "pedestrians": true,
        "pedestrian_cross": true,
        "start_x": -33.171356201171875,
        "start_y": 193.61383056640625,
        "end_x": -71.651611328125,
        "end_y": 137.2353057861328,
        "rounded_route_length": 100,
        "route_length": 80.5826963186264,
        "total_difficulty_rating": 107.0826963186264
    },
    {
        "scenario_num": 26,
        "weather": "Rain",
        "vehicle": "Truck",
        "traffic": "Light",
        "emergency": "Yes",
        "timeOfDay": "Night",
        "location": "Country",
        "intersections": 14,
        "pedestrians": false,
        "pedestrian_cross": true,
        "start_x": -143.68228149414062,
        "start_y": -89.5584487915039,
        "end_x": -106.82865142822266,
        "end_y": -36.21916961669922,
        "rounded_route_length": 400,
        "route_length": 351.6578650443116,
        "total_difficulty_rating": 455.6578650443116
    },
    {
        "scenario_num": 27,
        "weather": "Rain",
        "vehicle": "Truck",
        "traffic": "Medium",
        "emergency": "No",
        "timeOfDay": "Day",
        "location": "Country",
        "intersections": 0,
        "pedestrians": false,
        "pedestrian_cross": false,
        "start_x": -143.68228149414062,
        "start_y": -89.5584487915039,
        "end_x": -106.82865142822266,
        "end_y": -36.21916961669922,
        "rounded_route_length": 400,
        "route_length": 351.6578650443116,
        "total_difficulty_rating": 363.6578650443116
    },
    {
        "scenario_num": 28,
        "weather": "Sunny",
        "vehicle": "Truck",
        "traffic": "Heavy",
        "emergency": "No",
        "timeOfDay": "Dusk",
        "location": "Urban",
        "intersections": 3,
        "pedestrians": false,
        "pedestrian_cross": true,
        "start_x": -33.171356201171875,
        "start_y": 193.61383056640625,
        "end_x": -71.651611328125,
        "end_y": 137.2353057861328,
        "rounded_route_length": 100,
        "route_length": 80.5826963186264,
        "total_difficulty_rating": 120.5826963186264
    },
    {
        "scenario_num": 29,
        "weather": "Sunny",
        "vehicle": "Van",
        "traffic": "Heavy",
        "emergency": "Yes",
        "timeOfDay": "Dusk",
        "location": "Downtown",
        "intersections": 5,
        "pedestrians": false,
        "pedestrian_cross": false,
        "start_x": 15.171202659606934,
        "start_y": 201.64096069335938,
        "end_x": -36.29636764526367,
        "end_y": 88.02515411376953,
        "rounded_route_length": 200,
        "route_length": 184.15848898887634,
        "total_difficulty_rating": 234.15848898887634
    },
    {
        "scenario_num": 30,
        "weather": "Rain",
        "vehicle": "Small",
        "traffic": "Medium",
        "emergency": "No",
        "timeOfDay": "Night",
        "location": "Urban",
        "intersections": 8,
        "pedestrians": true,
        "pedestrian_cross": true,
        "start_x": -33.171356201171875,
        "start_y": 193.61383056640625,
        "end_x": -33.16262435913086,
        "end_y": 197.1138153076172,
        "rounded_route_length": 250,
        "route_length": 230.24243074655533,
        "total_difficulty_rating": 298.7424307465553
    },
    {
        "scenario_num": 31,
        "weather": "Thunderstorm",
        "vehicle": "Van",
        "traffic": "Medium",
        "emergency": "Yes",
        "timeOfDay": "Dawn",
        "location": "Urban",
        "intersections": 8,
        "pedestrians": true,
        "pedestrian_cross": false,
        "start_x": -33.171356201171875,
        "start_y": 193.61383056640625,
        "end_x": -46.42341232299805,
        "end_y": 196.82229614257812,
        "rounded_route_length": 300,
        "route_length": 240.0510179400444,
        "total_difficulty_rating": 310.5510179400444
    },
    {
        "scenario_num": 32,
        "weather": "Sunny",
        "vehicle": "Truck",
        "traffic": "Light",
        "emergency": "No",
        "timeOfDay": "Night",
        "location": "Urban",
        "intersections": 0,
        "pedestrians": true,
        "pedestrian_cross": false,
        "start_x": -33.171356201171875,
        "start_y": 193.61383056640625,
        "end_x": -149.047607421875,
        "end_y": 75.5287094116211,
        "rounded_route_length": 400,
        "route_length": 359.94037771224976,
        "total_difficulty_rating": 373.44037771224976
    },
    {
        "scenario_num": 33,
        "weather": "Thunderstorm",
        "vehicle": "Small",
        "traffic": "Medium",
        "emergency": "Yes",
        "timeOfDay": "Day",
        "location": "Country",
        "intersections": 7,
        "pedestrians": false,
        "pedestrian_cross": false,
        "start_x": -143.68228149414062,
        "start_y": -89.5584487915039,
        "end_x": -158.83045959472656,
        "end_y": -36.62215042114258,
        "rounded_route_length": 150,
        "route_length": 155.83429431915283,
        "total_difficulty_rating": 214.83429431915283
    },
    {
        "scenario_num": 34,
        "weather": "Thunderstorm",
        "vehicle": "Small",
        "traffic": "Light",
        "emergency": "Yes",
        "timeOfDay": "Dawn",
        "location": "Country",
        "intersections": 7,
        "pedestrians": true,
        "pedestrian_cross": false,
        "start_x": -143.68228149414062,
        "start_y": -89.5584487915039,
        "end_x": -145.2318572998047,
        "end_y": -88.40408325195312,
        "rounded_route_length": 200,
        "route_length": 196.5948088169098,
        "total_difficulty_rating": 255.0948088169098
    },
    {
        "scenario_num": 35,
        "weather": "Thunderstorm",
        "vehicle": "Small",
        "traffic": "Light",
        "emergency": "No",
        "timeOfDay": "Night",
        "location": "Downtown",
        "intersections": 9,
        "pedestrians": true,
        "pedestrian_cross": true,
        "start_x": 15.171202659606934,
        "start_y": 201.64096069335938,
        "end_x": 46.10598373413086,
        "end_y": -146.00099182128906,
        "rounded_route_length": 400,
        "route_length": 361.8046474456787,
        "total_difficulty_rating": 435.3046474456787
    },
    {
        "scenario_num": 36,
        "weather": "Sunny",
        "vehicle": "Truck",
        "traffic": "Medium",
        "emergency": "No",
        "timeOfDay": "Night",
        "location": "Country",
        "intersections": 14,
        "pedestrians": false,
        "pedestrian_cross": false,
        "start_x": -143.68228149414062,
        "start_y": -89.5584487915039,
        "end_x": -106.82865142822266,
        "end_y": -36.21916961669922,
        "rounded_route_length": 350,
        "route_length": 351.6578650443116,
        "total_difficulty_rating": 433.6578650443116
    },
    {
        "scenario_num": 37,
        "weather": "Sunny",
        "vehicle": "Van",
        "traffic": "Heavy",
        "emergency": "No",
        "timeOfDay": "Dawn",
        "location": "Urban",
        "intersections": 4,
        "pedestrians": false,
        "pedestrian_cross": true,
        "start_x": -33.171356201171875,
        "start_y": 193.61383056640625,
        "end_x": 21.243101119995117,
        "end_y": 134.28924560546875,
        "rounded_route_length": 150,
        "route_length": 177.20665895938873,
        "total_difficulty_rating": 223.20665895938873
    },
    {
        "scenario_num": 38,
        "weather": "Rain",
        "vehicle": "Small",
        "traffic": "Medium",
        "emergency": "Yes",
        "timeOfDay": "Day",
        "location": "Downtown",
        "intersections": 0,
        "pedestrians": false,
        "pedestrian_cross": true,
        "start_x": 15.171202659606934,
        "start_y": 201.64096069335938,
        "end_x": -108.28189086914062,
        "end_y": 144.2035675048828,
        "rounded_route_length": 250,
        "route_length": 288.96105766296387,
        "total_difficulty_rating": 321.96105766296387
    },
    {
        "scenario_num": 39,
        "weather": "Sunny",
        "vehicle": "Van",
        "traffic": "Heavy",
        "emergency": "Yes",
        "timeOfDay": "Day",
        "location": "Downtown",
        "intersections": 0,
        "pedestrians": false,
        "pedestrian_cross": false,
        "start_x": 15.171202659606934,
        "start_y": 201.64096069335938,
        "end_x": 17.322010040283203,
        "end_y": 88.08650207519531,
        "rounded_route_length": 150,
        "route_length": 127.95531797409058,
        "total_difficulty_rating": 151.95531797409058
    },
    {
        "scenario_num": 40,
        "weather": "Thunderstorm",
        "vehicle": "Truck",
        "traffic": "Heavy",
        "emergency": "No",
        "timeOfDay": "Day",
        "location": "Downtown",
        "intersections": 5,
        "pedestrians": true,
        "pedestrian_cross": false,
        "start_x": 15.171202659606934,
        "start_y": 201.64096069335938,
        "end_x": -36.29636764526367,
        "end_y": 88.02515411376953,
        "rounded_route_length": 200,
        "route_length": 184.15848898887634,
        "total_difficulty_rating": 229.65848898887634
    },
    {
        "scenario_num": 41,
        "weather": "Thunderstorm",
        "vehicle": "Small",
        "traffic": "Medium",
        "emergency": "Yes",
        "timeOfDay": "Dusk",
        "location": "Downtown",
        "intersections": 5,
        "pedestrians": false,
        "pedestrian_cross": false,
        "start_x": 15.171202659606934,
        "start_y": 201.64096069335938,
        "end_x": -36.29636764526367,
        "end_y": 88.02515411376953,
        "rounded_route_length": 200,
        "route_length": 184.15848898887634,
        "total_difficulty_rating": 236.15848898887634
    },
    {
        "scenario_num": 42,
        "weather": "Sunny",
        "vehicle": "Truck",
        "traffic": "Light",
        "emergency": "No",
        "timeOfDay": "Night",
        "location": "Country",
        "intersections": 10,
        "pedestrians": false,
        "pedestrian_cross": false,
        "start_x": -143.68228149414062,
        "start_y": -89.5584487915039,
        "end_x": -36.87724685668945,
        "end_y": -2.9828319549560547,
        "rounded_route_length": 300,
        "route_length": 258.05940064787865,
        "total_difficulty_rating": 318.05940064787865
    },
    {
        "scenario_num": 43,
        "weather": "Thunderstorm",
        "vehicle": "Van",
        "traffic": "Medium",
        "emergency": "No",
        "timeOfDay": "Night",
        "location": "Downtown",
        "intersections": 9,
        "pedestrians": false,
        "pedestrian_cross": true,
        "start_x": 15.171202659606934,
        "start_y": 201.64096069335938,
        "end_x": 46.10598373413086,
        "end_y": -146.00099182128906,
        "rounded_route_length": 350,
        "route_length": 361.8046474456787,
        "total_difficulty_rating": 438.8046474456787
    },
    {
        "scenario_num": 44,
        "weather": "Thunderstorm",
        "vehicle": "Van",
        "traffic": "Medium",
        "emergency": "No",
        "timeOfDay": "Day",
        "location": "Urban",
        "intersections": 4,
        "pedestrians": true,
        "pedestrian_cross": true,
        "start_x": -33.171356201171875,
        "start_y": 193.61383056640625,
        "end_x": 21.243101119995117,
        "end_y": 134.28924560546875,
        "rounded_route_length": 150,
        "route_length": 177.20665895938873,
        "total_difficulty_rating": 226.70665895938873
    },
    {
        "scenario_num": 45,
        "weather": "Sunny",
        "vehicle": "Truck",
        "traffic": "Heavy",
        "emergency": "No",
        "timeOfDay": "Night",
        "location": "Urban",
        "intersections": 8,
        "pedestrians": false,
        "pedestrian_cross": true,
        "start_x": -33.171356201171875,
        "start_y": 193.61383056640625,
        "end_x": -33.16262435913086,
        "end_y": 197.1138153076172,
        "rounded_route_length": 200,
        "route_length": 230.24243074655533,
        "total_difficulty_rating": 298.2424307465553
    },
    {
        "scenario_num": 46,
        "weather": "Rain",
        "vehicle": "Van",
        "traffic": "Heavy",
        "emergency": "No",
        "timeOfDay": "Day",
        "location": "Country",
        "intersections": 0,
        "pedestrians": true,
        "pedestrian_cross": false,
        "start_x": -143.68228149414062,
        "start_y": -89.5584487915039,
        "end_x": -106.82865142822266,
        "end_y": -36.21916961669922,
        "rounded_route_length": 350,
        "route_length": 351.6578650443116,
        "total_difficulty_rating": 368.1578650443116
    },
    {
        "scenario_num": 47,
        "weather": "Rain",
        "vehicle": "Truck",
        "traffic": "Heavy",
        "emergency": "Yes",
        "timeOfDay": "Dawn",
        "location": "Urban",
        "intersections": 0,
        "pedestrians": true,
        "pedestrian_cross": true,
        "start_x": -33.171356201171875,
        "start_y": 193.61383056640625,
        "end_x": 21.243101119995117,
        "end_y": 134.28924560546875,
        "rounded_route_length": 150,
        "route_length": 177.20665895938873,
        "total_difficulty_rating": 216.70665895938873
    },
    {
        "scenario_num": 48,
        "weather": "Rain",
        "vehicle": "Small",
        "traffic": "Medium",
        "emergency": "Yes",
        "timeOfDay": "Day",
        "location": "Country",
        "intersections": 7,
        "pedestrians": true,
        "pedestrian_cross": true,
        "start_x": -143.68228149414062,
        "start_y": -89.5584487915039,
        "end_x": -145.2318572998047,
        "end_y": -88.40408325195312,
        "rounded_route_length": 200,
        "route_length": 196.5948088169098,
        "total_difficulty_rating": 263.0948088169098
    },
    {
        "scenario_num": 49,
        "weather": "Thunderstorm",
        "vehicle": "Truck",
        "traffic": "Medium",
        "emergency": "No",
        "timeOfDay": "Dusk",
        "location": "Country",
        "intersections": 0,
        "pedestrians": true,
        "pedestrian_cross": true,
        "start_x": -143.68228149414062,
        "start_y": -89.5584487915039,
        "end_x": -36.87724685668945,
        "end_y": -2.9828319549560547,
        "rounded_route_length": 300,
        "route_length": 258.05940064787865,
        "total_difficulty_rating": 284.55940064787865
    },
    {
        "scenario_num": 50,
        "weather": "Rain",
        "vehicle": "Truck",
        "traffic": "Medium",
        "emergency": "Yes",
        "timeOfDay": "Dawn",
        "location": "Downtown",
        "intersections": 0,
        "pedestrians": true,
        "pedestrian_cross": true,
        "start_x": 15.171202659606934,
        "start_y": 201.64096069335938,
        "end_x": 17.322010040283203,
        "end_y": 88.08650207519531,
        "rounded_route_length": 150,
        "route_length": 127.95531797409058,
        "total_difficulty_rating": 163.45531797409058
    },
    {
        "scenario_num": 51,
        "weather": "Sunny",
        "vehicle": "Small",
        "traffic": "Light",
        "emergency": "Yes",
        "timeOfDay": "Night",
        "location": "Urban",
        "intersections": 0,
        "pedestrians": false,
        "pedestrian_cross": false,
        "start_x": -33.171356201171875,
        "start_y": 193.61383056640625,
        "end_x": -33.16262435913086,
        "end_y": 197.1138153076172,
        "rounded_route_length": 250,
        "route_length": 230.24243074655533,
        "total_difficulty_rating": 252.24243074655533
    },
    {
        "scenario_num": 52,
        "weather": "Sunny",
        "vehicle": "Van",
        "traffic": "Light",
        "emergency": "No",
        "timeOfDay": "Dusk",
        "location": "Country",
        "intersections": 0,
        "pedestrians": false,
        "pedestrian_cross": false,
        "start_x": -143.68228149414062,
        "start_y": -89.5584487915039,
        "end_x": -36.87724685668945,
        "end_y": -2.9828319549560547,
        "rounded_route_length": 250,
        "route_length": 258.05940064787865,
        "total_difficulty_rating": 266.05940064787865
    },
    {
        "scenario_num": 53,
        "weather": "Thunderstorm",
        "vehicle": "Small",
        "traffic": "Light",
        "emergency": "Yes",
        "timeOfDay": "Dusk",
        "location": "Country",
        "intersections": 6,
        "pedestrians": true,
        "pedestrian_cross": false,
        "start_x": -143.68228149414062,
        "start_y": -89.5584487915039,
        "end_x": -57.83522033691406,
        "end_y": -105.57418823242188,
        "rounded_route_length": 100,
        "route_length": 98.34948848187923,
        "total_difficulty_rating": 151.84948848187923
    },
    {
        "scenario_num": 54,
        "weather": "Rain",
        "vehicle": "Small",
        "traffic": "Light",
        "emergency": "Yes",
        "timeOfDay": "Day",
        "location": "Urban",
        "intersections": 6,
        "pedestrians": false,
        "pedestrian_cross": false,
        "start_x": -33.171356201171875,
        "start_y": 193.61383056640625,
        "end_x": -149.047607421875,
        "end_y": 75.5287094116211,
        "rounded_route_length": 400,
        "route_length": 359.94037771224976,
        "total_difficulty_rating": 411.94037771224976
    },
    {
        "scenario_num": 55,
        "weather": "Sunny",
        "vehicle": "Small",
        "traffic": "Heavy",
        "emergency": "Yes",
        "timeOfDay": "Night",
        "location": "Downtown",
        "intersections": 5,
        "pedestrians": true,
        "pedestrian_cross": false,
        "start_x": 15.171202659606934,
        "start_y": 201.64096069335938,
        "end_x": -36.29636764526367,
        "end_y": 88.02515411376953,
        "rounded_route_length": 200,
        "route_length": 184.15848898887634,
        "total_difficulty_rating": 235.65848898887634
    },
    {
        "scenario_num": 56,
        "weather": "Sunny",
        "vehicle": "Small",
        "traffic": "Medium",
        "emergency": "Yes",
        "timeOfDay": "Dawn",
        "location": "Downtown",
        "intersections": 5,
        "pedestrians": false,
        "pedestrian_cross": true,
        "start_x": 15.171202659606934,
        "start_y": 201.64096069335938,
        "end_x": -36.29636764526367,
        "end_y": 88.02515411376953,
        "rounded_route_length": 200,
        "route_length": 184.15848898887634,
        "total_difficulty_rating": 239.15848898887634
    },
    {
        "scenario_num": 57,
        "weather": "Sunny",
        "vehicle": "Van",
        "traffic": "Heavy",
        "emergency": "Yes",
        "timeOfDay": "Dawn",
        "location": "Downtown",
        "intersections": 0,
        "pedestrians": false,
        "pedestrian_cross": true,
        "start_x": 15.171202659606934,
        "start_y": 201.64096069335938,
        "end_x": 46.10598373413086,
        "end_y": -146.00099182128906,
        "rounded_route_length": 350,
        "route_length": 361.8046474456787,
        "total_difficulty_rating": 396.8046474456787
    },
    {
        "scenario_num": 58,
        "weather": "Rain",
        "vehicle": "Truck",
        "traffic": "Light",
        "emergency": "No",
        "timeOfDay": "Dusk",
        "location": "Urban",
        "intersections": 8,
        "pedestrians": true,
        "pedestrian_cross": true,
        "start_x": -33.171356201171875,
        "start_y": 193.61383056640625,
        "end_x": -33.16262435913086,
        "end_y": 197.1138153076172,
        "rounded_route_length": 250,
        "route_length": 230.24243074655533,
        "total_difficulty_rating": 294.7424307465553
    },
    {
        "scenario_num": 59,
        "weather": "Thunderstorm",
        "vehicle": "Truck",
        "traffic": "Light",
        "emergency": "Yes",
        "timeOfDay": "Dawn",
        "location": "Downtown",
        "intersections": 5,
        "pedestrians": true,
        "pedestrian_cross": true,
        "start_x": 15.171202659606934,
        "start_y": 201.64096069335938,
        "end_x": -36.29636764526367,
        "end_y": 88.02515411376953,
        "rounded_route_length": 200,
        "route_length": 184.15848898887634,
        "total_difficulty_rating": 245.65848898887634
    },
    {
        "scenario_num": 60,
        "weather": "Sunny",
        "vehicle": "Small",
        "traffic": "Medium",
        "emergency": "No",
        "timeOfDay": "Night",
        "location": "Downtown",
        "intersections": 9,
        "pedestrians": false,
        "pedestrian_cross": true,
        "start_x": 15.171202659606934,
        "start_y": 201.64096069335938,
        "end_x": 46.10598373413086,
        "end_y": -146.00099182128906,
        "rounded_route_length": 400,
        "route_length": 361.8046474456787,
        "total_difficulty_rating": 429.8046474456787
    },
    {
        "scenario_num": 61,
        "weather": "Thunderstorm",
        "vehicle": "Truck",
        "traffic": "Heavy",
        "emergency": "No",
        "timeOfDay": "Night",
        "location": "Urban",
        "intersections": 6,
        "pedestrians": false,
        "pedestrian_cross": false,
        "start_x": -33.171356201171875,
        "start_y": 193.61383056640625,
        "end_x": -149.047607421875,
        "end_y": 75.5287094116211,
        "rounded_route_length": 400,
        "route_length": 359.94037771224976,
        "total_difficulty_rating": 414.94037771224976
    },
    {
        "scenario_num": 62,
        "weather": "Sunny",
        "vehicle": "Small",
        "traffic": "Light",
        "emergency": "Yes",
        "timeOfDay": "Night",
        "location": "Urban",
        "intersections": 8,
        "pedestrians": false,
        "pedestrian_cross": true,
        "start_x": -33.171356201171875,
        "start_y": 193.61383056640625,
        "end_x": -46.42341232299805,
        "end_y": 196.82229614257812,
        "rounded_route_length": 300,
        "route_length": 240.0510179400444,
        "total_difficulty_rating": 312.0510179400444
    },
    {
        "scenario_num": 63,
        "weather": "Thunderstorm",
        "vehicle": "Truck",
        "traffic": "Heavy",
        "emergency": "No",
        "timeOfDay": "Night",
        "location": "Downtown",
        "intersections": 6,
        "pedestrians": true,
        "pedestrian_cross": true,
        "start_x": 15.171202659606934,
        "start_y": 201.64096069335938,
        "end_x": -108.28189086914062,
        "end_y": 144.2035675048828,
        "rounded_route_length": 250,
        "route_length": 288.96105766296387,
        "total_difficulty_rating": 353.46105766296387
    },
    {
        "scenario_num": 64,
        "weather": "Rain",
        "vehicle": "Small",
        "traffic": "Light",
        "emergency": "No",
        "timeOfDay": "Day",
        "location": "Downtown",
        "intersections": 6,
        "pedestrians": false,
        "pedestrian_cross": true,
        "start_x": 15.171202659606934,
        "start_y": 201.64096069335938,
        "end_x": -108.28189086914062,
        "end_y": 144.2035675048828,
        "rounded_route_length": 250,
        "route_length": 288.96105766296387,
        "total_difficulty_rating": 339.96105766296387
    },
    {
        "scenario_num": 65,
        "weather": "Thunderstorm",
        "vehicle": "Van",
        "traffic": "Medium",
        "emergency": "Yes",
        "timeOfDay": "Dawn",
        "location": "Country",
        "intersections": 7,
        "pedestrians": true,
        "pedestrian_cross": true,
        "start_x": -143.68228149414062,
        "start_y": -89.5584487915039,
        "end_x": -145.2318572998047,
        "end_y": -88.40408325195312,
        "rounded_route_length": 200,
        "route_length": 196.5948088169098,
        "total_difficulty_rating": 269.0948088169098
    },
    {
        "scenario_num": 66,
        "weather": "Thunderstorm",
        "vehicle": "Truck",
        "traffic": "Medium",
        "emergency": "No",
        "timeOfDay": "Day",
        "location": "Downtown",
        "intersections": 0,
        "pedestrians": true,
        "pedestrian_cross": false,
        "start_x": 15.171202659606934,
        "start_y": 201.64096069335938,
        "end_x": 44.11874008178711,
        "end_y": -145.9613800048828,
        "rounded_route_length": 300,
        "route_length": 356.72726690769196,
        "total_difficulty_rating": 374.22726690769196
    },
    {
        "scenario_num": 67,
        "weather": "Sunny",
        "vehicle": "Small",
        "traffic": "Medium",
        "emergency": "No",
        "timeOfDay": "Day",
        "location": "Urban",
        "intersections": 4,
        "pedestrians": true,
        "pedestrian_cross": true,
        "start_x": -33.171356201171875,
        "start_y": 193.61383056640625,
        "end_x": 21.243101119995117,
        "end_y": 134.28924560546875,
        "rounded_route_length": 150,
        "route_length": 177.20665895938873,
        "total_difficulty_rating": 217.70665895938873
    },
    {
        "scenario_num": 68,
        "weather": "Sunny",
        "vehicle": "Truck",
        "traffic": "Light",
        "emergency": "No",
        "timeOfDay": "Dusk",
        "location": "Country",
        "intersections": 0,
        "pedestrians": true,
        "pedestrian_cross": true,
        "start_x": -143.68228149414062,
        "start_y": -89.5584487915039,
        "end_x": -36.87724685668945,
        "end_y": -2.9828319549560547,
        "rounded_route_length": 250,
        "route_length": 258.05940064787865,
        "total_difficulty_rating": 275.55940064787865
    },
    {
        "scenario_num": 69,
        "weather": "Sunny",
        "vehicle": "Truck",
        "traffic": "Heavy",
        "emergency": "Yes",
        "timeOfDay": "Dusk",
        "location": "Urban",
        "intersections": 8,
        "pedestrians": false,
        "pedestrian_cross": true,
        "start_x": -33.171356201171875,
        "start_y": 193.61383056640625,
        "end_x": -46.42341232299805,
        "end_y": 196.82229614257812,
        "rounded_route_length": 300,
        "route_length": 240.0510179400444,
        "total_difficulty_rating": 315.0510179400444
    },
    {
        "scenario_num": 70,
        "weather": "Thunderstorm",
        "vehicle": "Truck",
        "traffic": "Medium",
        "emergency": "Yes",
        "timeOfDay": "Night",
        "location": "Downtown",
        "intersections": 3,
        "pedestrians": false,
        "pedestrian_cross": true,
        "start_x": 15.171202659606934,
        "start_y": 201.64096069335938,
        "end_x": 17.322010040283203,
        "end_y": 88.08650207519531,
        "rounded_route_length": 150,
        "route_length": 127.95531797409058,
        "total_difficulty_rating": 183.95531797409058
    },
    {
        "scenario_num": 71,
        "weather": "Thunderstorm",
        "vehicle": "Truck",
        "traffic": "Light",
        "emergency": "Yes",
        "timeOfDay": "Night",
        "location": "Urban",
        "intersections": 0,
        "pedestrians": true,
        "pedestrian_cross": true,
        "start_x": -33.171356201171875,
        "start_y": 193.61383056640625,
        "end_x": -149.047607421875,
        "end_y": 75.5287094116211,
        "rounded_route_length": 400,
        "route_length": 359.94037771224976,
        "total_difficulty_rating": 400.44037771224976
    },
    {
        "scenario_num": 72,
        "weather": "Sunny",
        "vehicle": "Small",
        "traffic": "Heavy",
        "emergency": "Yes",
        "timeOfDay": "Dusk",
        "location": "Urban",
        "intersections": 6,
        "pedestrians": false,
        "pedestrian_cross": false,
        "start_x": -33.171356201171875,
        "start_y": 193.61383056640625,
        "end_x": -149.047607421875,
        "end_y": 75.5287094116211,
        "rounded_route_length": 400,
        "route_length": 359.94037771224976,
        "total_difficulty_rating": 413.94037771224976
    },
    {
        "scenario_num": 73,
        "weather": "Thunderstorm",
        "vehicle": "Small",
        "traffic": "Light",
        "emergency": "No",
        "timeOfDay": "Dawn",
        "location": "Urban",
        "intersections": 8,
        "pedestrians": true,
        "pedestrian_cross": true,
        "start_x": -33.171356201171875,
        "start_y": 193.61383056640625,
        "end_x": -46.42341232299805,
        "end_y": 196.82229614257812,
        "rounded_route_length": 300,
        "route_length": 240.0510179400444,
        "total_difficulty_rating": 306.5510179400444
    },
    {
        "scenario_num": 74,
        "weather": "Sunny",
        "vehicle": "Small",
        "traffic": "Light",
        "emergency": "No",
        "timeOfDay": "Night",
        "location": "Downtown",
        "intersections": 4,
        "pedestrians": false,
        "pedestrian_cross": false,
        "start_x": 15.171202659606934,
        "start_y": 201.64096069335938,
        "end_x": 31.599069595336914,
        "end_y": 91.94220733642578,
        "rounded_route_length": 100,
        "route_length": 115.47674536705017,
        "total_difficulty_rating": 146.47674536705017
    },
    {
        "scenario_num": 75,
        "weather": "Thunderstorm",
        "vehicle": "Small",
        "traffic": "Light",
        "emergency": "Yes",
        "timeOfDay": "Dawn",
        "location": "Urban",
        "intersections": 3,
        "pedestrians": false,
        "pedestrian_cross": true,
        "start_x": -33.171356201171875,
        "start_y": 193.61383056640625,
        "end_x": -71.651611328125,
        "end_y": 137.2353057861328,
        "rounded_route_length": 100,
        "route_length": 80.5826963186264,
        "total_difficulty_rating": 131.5826963186264
    },
    {
        "scenario_num": 76,
        "weather": "Rain",
        "vehicle": "Small",
        "traffic": "Medium",
        "emergency": "No",
        "timeOfDay": "Dawn",
        "location": "Urban",
        "intersections": 8,
        "pedestrians": true,
        "pedestrian_cross": true,
        "start_x": -33.171356201171875,
        "start_y": 193.61383056640625,
        "end_x": -46.42341232299805,
        "end_y": 196.82229614257812,
        "rounded_route_length": 300,
        "route_length": 240.0510179400444,
        "total_difficulty_rating": 305.5510179400444
    },
    {
        "scenario_num": 77,
        "weather": "Thunderstorm",
        "vehicle": "Small",
        "traffic": "Light",
        "emergency": "Yes",
        "timeOfDay": "Day",
        "location": "Country",
        "intersections": 10,
        "pedestrians": false,
        "pedestrian_cross": true,
        "start_x": -143.68228149414062,
        "start_y": -89.5584487915039,
        "end_x": -36.87724685668945,
        "end_y": -2.9828319549560547,
        "rounded_route_length": 300,
        "route_length": 258.05940064787865,
        "total_difficulty_rating": 340.05940064787865
    },
    {
        "scenario_num": 78,
        "weather": "Sunny",
        "vehicle": "Van",
        "traffic": "Heavy",
        "emergency": "Yes",
        "timeOfDay": "Night",
        "location": "Country",
        "intersections": 7,
        "pedestrians": true,
        "pedestrian_cross": true,
        "start_x": -143.68228149414062,
        "start_y": -89.5584487915039,
        "end_x": -158.83045959472656,
        "end_y": -36.62215042114258,
        "rounded_route_length": 150,
        "route_length": 155.83429431915283,
        "total_difficulty_rating": 227.33429431915283
    },
    {
        "scenario_num": 79,
        "weather": "Rain",
        "vehicle": "Truck",
        "traffic": "Light",
        "emergency": "No",
        "timeOfDay": "Dawn",
        "location": "Country",
        "intersections": 10,
        "pedestrians": true,
        "pedestrian_cross": true,
        "start_x": -143.68228149414062,
        "start_y": -89.5584487915039,
        "end_x": -36.87724685668945,
        "end_y": -2.9828319549560547,
        "rounded_route_length": 250,
        "route_length": 258.05940064787865,
        "total_difficulty_rating": 329.55940064787865
    }
]