[
    {
        "game_time": 6.277089804643765,
        "vehicle_location": {
            "x": -143.5953826904297,
            "y": -89.5950698852539,
            "z": -0.16045714914798737
        },
        "vehicle_velocity": {
            "x": 0.033871445804834366,
            "y": -0.011316654272377491,
            "z": -0.005494794808328152
        },
        "vehicle_throttle": 0.75,
        "unique_collisions": 0,
        "solid_lane_crosses": 0,
        "double_solid_lane_crosses": 0
    },
    {
        "game_time": 7.321083531016484,
        "vehicle_location": {
            "x": -143.56106567382812,
            "y": -89.60633850097656,
            "z": -0.16226406395435333
        },
        "vehicle_velocity": {
            "x": 0.015173137187957764,
            "y": -0.006976319942623377,
            "z": -6.252288585528731e-05
        },
        "vehicle_throttle": 0.75,
        "unique_collisions": 0,
        "solid_lane_crosses": 0,
        "double_solid_lane_crosses": 0
    },
    {
        "game_time": 8.35373152163811,
        "vehicle_location": {
            "x": -143.4601593017578,
            "y": -89.65684509277344,
            "z": -0.16333255171775818
        },
        "vehicle_velocity": {
            "x": 0.31092506647109985,
            "y": -0.2640473544597626,
            "z": -0.00026957987574860454
        },
        "vehicle_throttle": 0.75,
        "unique_collisions": 0,
        "solid_lane_crosses": 0,
        "double_solid_lane_crosses": 0
    },
    {
        "game_time": 9.386925236554816,
        "vehicle_location": {
            "x": -142.76268005371094,
            "y": -90.17707824707031,
            "z": -0.16364581882953644
        },
        "vehicle_velocity": {
            "x": 0.7797300815582275,
            "y": -1.2018892765045166,
            "z": 9.515285637462512e-05
        },
        "vehicle_throttle": 0.0,
        "unique_collisions": 0,
        "solid_lane_crosses": 0,
        "double_solid_lane_crosses": 0
    },
    {
        "game_time": 10.435434521408752,
        "vehicle_location": {
            "x": -141.7515869140625,
            "y": -91.67076110839844,
            "z": -0.1682823896408081
        },
        "vehicle_velocity": {
            "x": 1.0515751838684082,
            "y": -2.450032949447632,
            "z": -0.0004870891571044922
        },
        "vehicle_throttle": 0.75,
        "unique_collisions": 0,
        "solid_lane_crosses": 1,
        "double_solid_lane_crosses": 0
    },
    {
        "game_time": 11.460689991014078,
        "vehicle_location": {
            "x": -139.6349334716797,
            "y": -94.12706756591797,
            "z": -0.16098693013191223
        },
        "vehicle_velocity": {
            "x": 3.0844478607177734,
            "y": -2.1055259704589844,
            "z": 0.0008071660995483398
        },
        "vehicle_throttle": 0.75,
        "unique_collisions": 0,
        "solid_lane_crosses": 1,
        "double_solid_lane_crosses": 0
    },
    {
        "game_time": 12.528403204167262,
        "vehicle_location": {
            "x": -135.59231567382812,
            "y": -95.95548248291016,
            "z": -0.16260242462158203
        },
        "vehicle_velocity": {
            "x": 4.19265079498291,
            "y": -0.875590980052948,
            "z": 0.0005515813827514648
        },
        "vehicle_throttle": 0.0,
        "unique_collisions": 0,
        "solid_lane_crosses": 3,
        "double_solid_lane_crosses": 0
    },
    {
        "game_time": 13.566762734437361,
        "vehicle_location": {
            "x": -131.9428253173828,
            "y": -96.70634460449219,
            "z": -0.1661175936460495
        },
        "vehicle_velocity": {
            "x": 3.591540813446045,
            "y": -0.3819772005081177,
            "z": 8.790492574917153e-05
        },
        "vehicle_throttle": 0.75,
        "unique_collisions": 0,
        "solid_lane_crosses": 3,
        "double_solid_lane_crosses": 0
    },
    {
        "game_time": 14.585398470284417,
        "vehicle_location": {
            "x": -127.78904724121094,
            "y": -97.17855072021484,
            "z": -0.16428859531879425
        },
        "vehicle_velocity": {
            "x": 4.4269795417785645,
            "y": -0.38208678364753723,
            "z": 0.0002776574983727187
        },
        "vehicle_throttle": 0.0,
        "unique_collisions": 0,
        "solid_lane_crosses": 4,
        "double_solid_lane_crosses": 0
    },
    {
        "game_time": 15.614158930489793,
        "vehicle_location": {
            "x": -123.94449615478516,
            "y": -97.48954010009766,
            "z": -0.16314516961574554
        },
        "vehicle_velocity": {
            "x": 3.6754560470581055,
            "y": -0.24594029784202576,
            "z": 0.00022617338981945068
        },
        "vehicle_throttle": 0.75,
        "unique_collisions": 0,
        "solid_lane_crosses": 4,
        "double_solid_lane_crosses": 0
    },
    {
        "game_time": 16.63251572404988,
        "vehicle_location": {
            "x": -119.87728881835938,
            "y": -97.7529067993164,
            "z": -0.15845920145511627
        },
        "vehicle_velocity": {
            "x": 3.7820205688476562,
            "y": -0.2242981344461441,
            "z": 0.00027849673642776906
        },
        "vehicle_throttle": 0.0,
        "unique_collisions": 0,
        "solid_lane_crosses": 4,
        "double_solid_lane_crosses": 0
    },
    {
        "game_time": 17.639632295118645,
        "vehicle_location": {
            "x": -117.40210723876953,
            "y": -97.90087890625,
            "z": -0.15284869074821472
        },
        "vehicle_velocity": {
            "x": 1.1348679065704346,
            "y": -0.062176331877708435,
            "z": 0.00043258664663881063
        },
        "vehicle_throttle": 0.0,
        "unique_collisions": 0,
        "solid_lane_crosses": 4,
        "double_solid_lane_crosses": 0
    },
    {
        "game_time": 18.647770206676796,
        "vehicle_location": {
            "x": -117.14949035644531,
            "y": -97.91539001464844,
            "z": -0.16319262981414795
        },
        "vehicle_velocity": {
            "x": -0.003092104336246848,
            "y": 0.00018208703841082752,
            "z": 0.00031506060622632504
        },
        "vehicle_throttle": 0.0,
        "unique_collisions": 0,
        "solid_lane_crosses": 4,
        "double_solid_lane_crosses": 0
    },
    {
        "game_time": 19.682854702929035,
        "vehicle_location": {
            "x": -117.15101623535156,
            "y": -97.91526794433594,
            "z": -0.1607043445110321
        },
        "vehicle_velocity": {
            "x": 0.00017925543943420053,
            "y": -1.0265707715007011e-05,
            "z": -0.0004457044415175915
        },
        "vehicle_throttle": 0.0,
        "unique_collisions": 0,
        "solid_lane_crosses": 4,
        "double_solid_lane_crosses": 0
    },
    {
        "game_time": 20.735396091127768,
        "vehicle_location": {
            "x": -117.15030670166016,
            "y": -97.91531372070312,
            "z": -0.16151230037212372
        },
        "vehicle_velocity": {
            "x": -5.145174782228423e-06,
            "y": 3.3602404414523335e-07,
            "z": 0.0004807710647583008
        },
        "vehicle_throttle": 0.0,
        "unique_collisions": 0,
        "solid_lane_crosses": 4,
        "double_solid_lane_crosses": 0
    },
    {
        "game_time": 21.766249742591754,
        "vehicle_location": {
            "x": -117.15029907226562,
            "y": -97.91531372070312,
            "z": -0.16157793998718262
        },
        "vehicle_velocity": {
            "x": -1.2604330024146293e-08,
            "y": -5.0920796468290064e-08,
            "z": -0.0007957934867590666
        },
        "vehicle_throttle": 0.0,
        "unique_collisions": 0,
        "solid_lane_crosses": 4,
        "double_solid_lane_crosses": 0
    },
    {
        "game_time": 22.81303357728757,
        "vehicle_location": {
            "x": -116.526123046875,
            "y": -97.95069122314453,
            "z": -0.17000027000904083
        },
        "vehicle_velocity": {
            "x": 1.4598133563995361,
            "y": -0.08186102658510208,
            "z": -5.675315696862526e-05
        },
        "vehicle_throttle": 0.75,
        "unique_collisions": 0,
        "solid_lane_crosses": 4,
        "double_solid_lane_crosses": 0
    },
    {
        "game_time": 23.824097018921748,
        "vehicle_location": {
            "x": -114.19343566894531,
            "y": -98.03873443603516,
            "z": -0.1664186418056488
        },
        "vehicle_velocity": {
            "x": 3.033851146697998,
            "y": 0.146898090839386,
            "z": -4.832744525629096e-05
        },
        "vehicle_throttle": 0.75,
        "unique_collisions": 0,
        "solid_lane_crosses": 4,
        "double_solid_lane_crosses": 0
    },
    {
        "game_time": 24.85686142113991,
        "vehicle_location": {
            "x": -110.523193359375,
            "y": -97.58611297607422,
            "z": -0.16355109214782715
        },
        "vehicle_velocity": {
            "x": 3.8409223556518555,
            "y": 1.354551076889038,
            "z": -1.939296635100618e-05
        },
        "vehicle_throttle": 0.75,
        "unique_collisions": 0,
        "solid_lane_crosses": 4,
        "double_solid_lane_crosses": 0
    },
    {
        "game_time": 25.88733887602575,
        "vehicle_location": {
            "x": -106.22099304199219,
            "y": -95.25240325927734,
            "z": -0.16170386970043182
        },
        "vehicle_velocity": {
            "x": 3.6080269813537598,
            "y": 4.079431533813477,
            "z": 0.011017179116606712
        },
        "vehicle_throttle": 0.6727025508880615,
        "unique_collisions": 0,
        "solid_lane_crosses": 5,
        "double_solid_lane_crosses": 0
    },
    {
        "game_time": 26.908451485680416,
        "vehicle_location": {
            "x": -103.69291687011719,
            "y": -90.4765396118164,
            "z": -0.17980258166790009
        },
        "vehicle_velocity": {
            "x": 1.163291573524475,
            "y": 5.358376502990723,
            "z": 0.02232971601188183
        },
        "vehicle_throttle": 0.228517085313797,
        "unique_collisions": 0,
        "solid_lane_crosses": 5,
        "double_solid_lane_crosses": 0
    },
    {
        "game_time": 27.92947882064618,
        "vehicle_location": {
            "x": -102.82847595214844,
            "y": -85.03202056884766,
            "z": -0.1600254774093628
        },
        "vehicle_velocity": {
            "x": 0.3438500165939331,
            "y": 5.386691570281982,
            "z": -0.0004658508114516735
        },
        "vehicle_throttle": 0.5477312207221985,
        "unique_collisions": 0,
        "solid_lane_crosses": 5,
        "double_solid_lane_crosses": 0
    },
    {
        "game_time": 28.9338097658474,
        "vehicle_location": {
            "x": -102.54169464111328,
            "y": -79.59133911132812,
            "z": -0.16125205159187317
        },
        "vehicle_velocity": {
            "x": 0.04372202232480049,
            "y": 5.426466941833496,
            "z": -0.0002687072556000203
        },
        "vehicle_throttle": 0.48398882150650024,
        "unique_collisions": 0,
        "solid_lane_crosses": 6,
        "double_solid_lane_crosses": 0
    },
    {
        "game_time": 29.962307325797155,
        "vehicle_location": {
            "x": -102.44944763183594,
            "y": -74.00505828857422,
            "z": -0.16176708042621613
        },
        "vehicle_velocity": {
            "x": 0.0406937412917614,
            "y": 5.436435222625732,
            "z": -2.8533935619634576e-05
        },
        "vehicle_throttle": 0.4355829656124115,
        "unique_collisions": 0,
        "solid_lane_crosses": 6,
        "double_solid_lane_crosses": 0
    },
    {
        "game_time": 31.004900318803266,
        "vehicle_location": {
            "x": -102.4334945678711,
            "y": -68.34391784667969,
            "z": -0.1615159511566162
        },
        "vehicle_velocity": {
            "x": -0.00047184620052576065,
            "y": 5.4277143478393555,
            "z": -2.5653839657024946e-06
        },
        "vehicle_throttle": 0.4705587923526764,
        "unique_collisions": 0,
        "solid_lane_crosses": 6,
        "double_solid_lane_crosses": 0
    },
    {
        "game_time": 32.043974770465866,
        "vehicle_location": {
            "x": -102.44573974609375,
            "y": -62.7012939453125,
            "z": -0.16152846813201904
        },
        "vehicle_velocity": {
            "x": -0.018808696419000626,
            "y": 5.431365013122559,
            "z": -1.344680754300498e-06
        },
        "vehicle_throttle": 0.45967382192611694,
        "unique_collisions": 0,
        "solid_lane_crosses": 6,
        "double_solid_lane_crosses": 0
    },
    {
        "game_time": 33.079734220402315,
        "vehicle_location": {
            "x": -102.4678955078125,
            "y": -57.076416015625,
            "z": -0.16154533624649048
        },
        "vehicle_velocity": {
            "x": -0.02436225675046444,
            "y": 5.430424213409424,
            "z": 2.6226044269606064e-07
        },
        "vehicle_throttle": 0.460649698972702,
        "unique_collisions": 0,
        "solid_lane_crosses": 6,
        "double_solid_lane_crosses": 0
    },
    {
        "game_time": 34.09186624013819,
        "vehicle_location": {
            "x": -102.49412536621094,
            "y": -51.580047607421875,
            "z": -0.16153785586357117
        },
        "vehicle_velocity": {
            "x": -0.027013448998332024,
            "y": 5.430424213409424,
            "z": 1.6355513707821956e-06
        },
        "vehicle_throttle": 0.46170419454574585,
        "unique_collisions": 0,
        "solid_lane_crosses": 6,
        "double_solid_lane_crosses": 0
    },
    {
        "game_time": 35.12899521575309,
        "vehicle_location": {
            "x": -102.52288818359375,
            "y": -45.94791793823242,
            "z": -0.16153976321220398
        },
        "vehicle_velocity": {
            "x": -0.028086768463253975,
            "y": 5.430564880371094,
            "z": 1.7023086229528417e-06
        },
        "vehicle_throttle": 0.4609191417694092,
        "unique_collisions": 0,
        "solid_lane_crosses": 6,
        "double_solid_lane_crosses": 0
    },
    {
        "game_time": 36.19245944940485,
        "vehicle_location": {
            "x": -103.0484848022461,
            "y": -41.290122985839844,
            "z": -0.14881621301174164
        },
        "vehicle_velocity": {
            "x": -1.12300443649292,
            "y": 2.9566171169281006,
            "z": 0.00039005279541015625
        },
        "vehicle_throttle": 0.75,
        "unique_collisions": 0,
        "solid_lane_crosses": 6,
        "double_solid_lane_crosses": 0
    },
    {
        "game_time": 37.25855217711069,
        "vehicle_location": {
            "x": -104.86477661132812,
            "y": -38.74160385131836,
            "z": -0.16312609612941742
        },
        "vehicle_velocity": {
            "x": -3.097179412841797,
            "y": 1.575175404548645,
            "z": -0.0016710710478946567
        },
        "vehicle_throttle": 0.75,
        "unique_collisions": 0,
        "solid_lane_crosses": 6,
        "double_solid_lane_crosses": 0
    },
    {
        "game_time": 38.33194337901659,
        "vehicle_location": {
            "x": -108.82897186279297,
            "y": -37.204185485839844,
            "z": -0.16637413203716278
        },
        "vehicle_velocity": {
            "x": -4.818190097808838,
            "y": 0.6245267987251282,
            "z": 0.0005747223040089011
        },
        "vehicle_throttle": 0.75,
        "unique_collisions": 0,
        "solid_lane_crosses": 7,
        "double_solid_lane_crosses": 0
    },
    {
        "game_time": 39.392179935472086,
        "vehicle_location": {
            "x": -113.31635284423828,
            "y": -36.64199447631836,
            "z": -0.15308216214179993
        },
        "vehicle_velocity": {
            "x": -3.5829710960388184,
            "y": 0.18462225794792175,
            "z": 0.0004459905612748116
        },
        "vehicle_throttle": 0.75,
        "unique_collisions": 0,
        "solid_lane_crosses": 7,
        "double_solid_lane_crosses": 0
    },
    {
        "game_time": 40.42150741559453,
        "vehicle_location": {
            "x": -117.34628295898438,
            "y": -36.4698486328125,
            "z": -0.1658586859703064
        },
        "vehicle_velocity": {
            "x": -4.464782238006592,
            "y": 0.11728402972221375,
            "z": 0.0006491327076219022
        },
        "vehicle_throttle": 0.75,
        "unique_collisions": 0,
        "solid_lane_crosses": 7,
        "double_solid_lane_crosses": 0
    },
    {
        "game_time": 41.47401875187643,
        "vehicle_location": {
            "x": -121.75241088867188,
            "y": -36.4078369140625,
            "z": -0.14785507321357727
        },
        "vehicle_velocity": {
            "x": -3.4449126720428467,
            "y": 0.03397759422659874,
            "z": 0.004890718497335911
        },
        "vehicle_throttle": 0.75,
        "unique_collisions": 0,
        "solid_lane_crosses": 7,
        "double_solid_lane_crosses": 0
    },
    {
        "game_time": 42.53937202622183,
        "vehicle_location": {
            "x": -125.71861267089844,
            "y": -36.40174102783203,
            "z": -0.15183581411838531
        },
        "vehicle_velocity": {
            "x": -3.7403788566589355,
            "y": -0.003758108476176858,
            "z": 0.01556086540222168
        },
        "vehicle_throttle": 0.0,
        "unique_collisions": 0,
        "solid_lane_crosses": 7,
        "double_solid_lane_crosses": 0
    },
    {
        "game_time": 43.59667479270138,
        "vehicle_location": {
            "x": -128.31329345703125,
            "y": -36.407474517822266,
            "z": -0.1323508769273758
        },
        "vehicle_velocity": {
            "x": -1.1613495349884033,
            "y": -0.0036462657153606415,
            "z": 0.005015635397285223
        },
        "vehicle_throttle": 0.0,
        "unique_collisions": 0,
        "solid_lane_crosses": 7,
        "double_solid_lane_crosses": 0
    },
    {
        "game_time": 44.63652407214977,
        "vehicle_location": {
            "x": -128.59329223632812,
            "y": -36.40830612182617,
            "z": -0.1405191421508789
        },
        "vehicle_velocity": {
            "x": 0.0031978795304894447,
            "y": 9.146046068053693e-06,
            "z": 0.00011528061440913007
        },
        "vehicle_throttle": 0.0,
        "unique_collisions": 0,
        "solid_lane_crosses": 7,
        "double_solid_lane_crosses": 0
    },
    {
        "game_time": 45.70348366280086,
        "vehicle_location": {
            "x": -128.59230041503906,
            "y": -36.408302307128906,
            "z": -0.13885821402072906
        },
        "vehicle_velocity": {
            "x": 0.00018381449626758695,
            "y": 9.350112009087752e-07,
            "z": -0.0003197200130671263
        },
        "vehicle_throttle": 0.0,
        "unique_collisions": 0,
        "solid_lane_crosses": 7,
        "double_solid_lane_crosses": 0
    },
    {
        "game_time": 46.73879934498109,
        "vehicle_location": {
            "x": -128.59271240234375,
            "y": -36.40830612182617,
            "z": -0.13935954868793488
        },
        "vehicle_velocity": {
            "x": 1.3093277630105149e-05,
            "y": 4.485811189169908e-07,
            "z": 1.793583396647591e-05
        },
        "vehicle_throttle": 0.0,
        "unique_collisions": 0,
        "solid_lane_crosses": 7,
        "double_solid_lane_crosses": 0
    },
    {
        "game_time": 47.773902364308015,
        "vehicle_location": {
            "x": -128.7078399658203,
            "y": -36.40866470336914,
            "z": -0.1435743272304535
        },
        "vehicle_velocity": {
            "x": -0.6130459308624268,
            "y": -0.0019294923404231668,
            "z": 0.002355661243200302
        },
        "vehicle_throttle": 0.75,
        "unique_collisions": 0,
        "solid_lane_crosses": 7,
        "double_solid_lane_crosses": 0
    },
    {
        "game_time": 48.79710551374592,
        "vehicle_location": {
            "x": -130.25474548339844,
            "y": -36.41515350341797,
            "z": -0.13836143910884857
        },
        "vehicle_velocity": {
            "x": -2.375155210494995,
            "y": -0.011663947254419327,
            "z": 0.009642057120800018
        },
        "vehicle_throttle": 0.75,
        "unique_collisions": 0,
        "solid_lane_crosses": 7,
        "double_solid_lane_crosses": 0
    },
    {
        "game_time": 49.86178558901884,
        "vehicle_location": {
            "x": -133.5629119873047,
            "y": -36.434104919433594,
            "z": -0.11901213973760605
        },
        "vehicle_velocity": {
            "x": -3.733657121658325,
            "y": -0.024113211780786514,
            "z": 0.02480410970747471
        },
        "vehicle_throttle": 0.75,
        "unique_collisions": 0,
        "solid_lane_crosses": 7,
        "double_solid_lane_crosses": 0
    },
    {
        "game_time": 50.91611844790168,
        "vehicle_location": {
            "x": -138.1904296875,
            "y": -36.486141204833984,
            "z": -0.08834098279476166
        },
        "vehicle_velocity": {
            "x": -5.163456916809082,
            "y": -0.22900894284248352,
            "z": 0.048227302730083466
        },
        "vehicle_throttle": 0.75,
        "unique_collisions": 0,
        "solid_lane_crosses": 7,
        "double_solid_lane_crosses": 0
    },
    {
        "game_time": 51.92066340544261,
        "vehicle_location": {
            "x": -143.3863983154297,
            "y": -37.539310455322266,
            "z": -0.022605018690228462
        },
        "vehicle_velocity": {
            "x": 0.27564361691474915,
            "y": 1.8463571071624756,
            "z": 0.6674240231513977
        },
        "vehicle_throttle": 0.75,
        "unique_collisions": 1,
        "solid_lane_crosses": 7,
        "double_solid_lane_crosses": 0
    },
    {
        "game_time": 52.96029721503146,
        "vehicle_location": {
            "x": -144.03482055664062,
            "y": -36.970951080322266,
            "z": -0.031214751303195953
        },
        "vehicle_velocity": {
            "x": -0.044207606464624405,
            "y": 0.007697382941842079,
            "z": 0.10149383544921875
        },
        "vehicle_throttle": 0.75,
        "unique_collisions": 1,
        "solid_lane_crosses": 7,
        "double_solid_lane_crosses": 0
    },
    {
        "game_time": 53.99568081018515,
        "vehicle_location": {
            "x": -144.07508850097656,
            "y": -36.94269561767578,
            "z": -0.026533888652920723
        },
        "vehicle_velocity": {
            "x": -0.03037869557738304,
            "y": 0.015462562441825867,
            "z": 0.005858709570020437
        },
        "vehicle_throttle": 0.75,
        "unique_collisions": 1,
        "solid_lane_crosses": 7,
        "double_solid_lane_crosses": 0
    },
    {
        "game_time": 55.0396218302194,
        "vehicle_location": {
            "x": -144.1178436279297,
            "y": -36.91401290893555,
            "z": -0.02219093218445778
        },
        "vehicle_velocity": {
            "x": -0.031963247805833817,
            "y": 0.016565648838877678,
            "z": -0.0003928992082364857
        },
        "vehicle_throttle": 0.75,
        "unique_collisions": 1,
        "solid_lane_crosses": 7,
        "double_solid_lane_crosses": 0
    },
    {
        "game_time": 56.08357790415175,
        "vehicle_location": {
            "x": -144.1647186279297,
            "y": -36.88463592529297,
            "z": -0.02142845094203949
        },
        "vehicle_velocity": {
            "x": -0.03567294403910637,
            "y": 0.016196589916944504,
            "z": 7.518395432271063e-05
        },
        "vehicle_throttle": 0.75,
        "unique_collisions": 1,
        "solid_lane_crosses": 7,
        "double_solid_lane_crosses": 0
    },
    {
        "game_time": 57.13153915875591,
        "vehicle_location": {
            "x": -144.2157745361328,
            "y": -36.854190826416016,
            "z": -0.02085220254957676
        },
        "vehicle_velocity": {
            "x": -0.03738811984658241,
            "y": 0.01698341779410839,
            "z": 0.00033531562075950205
        },
        "vehicle_throttle": 0.75,
        "unique_collisions": 1,
        "solid_lane_crosses": 7,
        "double_solid_lane_crosses": 0
    },
    {
        "game_time": 58.17088402365334,
        "vehicle_location": {
            "x": -144.26939392089844,
            "y": -36.8238525390625,
            "z": -0.020318297669291496
        },
        "vehicle_velocity": {
            "x": -0.03942932188510895,
            "y": 0.016886355355381966,
            "z": 0.0005245789652690291
        },
        "vehicle_throttle": 0.75,
        "unique_collisions": 1,
        "solid_lane_crosses": 7,
        "double_solid_lane_crosses": 0
    },
    {
        "game_time": 59.21463618357666,
        "vehicle_location": {
            "x": -144.3269500732422,
            "y": -36.793067932128906,
            "z": -0.01970268227159977
        },
        "vehicle_velocity": {
            "x": -0.04246234893798828,
            "y": 0.017079364508390427,
            "z": 6.0446262068580836e-05
        },
        "vehicle_throttle": 0.75,
        "unique_collisions": 1,
        "solid_lane_crosses": 7,
        "double_solid_lane_crosses": 0
    },
    {
        "game_time": 60.29345347848721,
        "vehicle_location": {
            "x": -144.39093017578125,
            "y": -36.760948181152344,
            "z": -0.01912025362253189
        },
        "vehicle_velocity": {
            "x": -0.04613850638270378,
            "y": 0.017074404284358025,
            "z": 9.042710007634014e-05
        },
        "vehicle_throttle": 0.75,
        "unique_collisions": 1,
        "solid_lane_crosses": 7,
        "double_solid_lane_crosses": 0
    },
    {
        "game_time": 61.349974553333595,
        "vehicle_location": {
            "x": -144.45846557617188,
            "y": -36.72932434082031,
            "z": -0.01839088462293148
        },
        "vehicle_velocity": {
            "x": -0.04860850051045418,
            "y": 0.01639503426849842,
            "z": 0.0008287644013762474
        },
        "vehicle_throttle": 0.75,
        "unique_collisions": 1,
        "solid_lane_crosses": 7,
        "double_solid_lane_crosses": 0
    },
    {
        "game_time": 62.37251837202348,
        "vehicle_location": {
            "x": -144.5184783935547,
            "y": -36.702938079833984,
            "z": -0.016583556309342384
        },
        "vehicle_velocity": {
            "x": -0.042061761021614075,
            "y": 0.012871462851762772,
            "z": 0.0007406598306261003
        },
        "vehicle_throttle": 0.75,
        "unique_collisions": 1,
        "solid_lane_crosses": 7,
        "double_solid_lane_crosses": 0
    },
    {
        "game_time": 63.386901531601325,
        "vehicle_location": {
            "x": -144.577392578125,
            "y": -36.67880630493164,
            "z": -0.015397186391055584
        },
        "vehicle_velocity": {
            "x": -0.031763527542352676,
            "y": 0.00879143737256527,
            "z": 0.0018725236877799034
        },
        "vehicle_throttle": 0.75,
        "unique_collisions": 1,
        "solid_lane_crosses": 7,
        "double_solid_lane_crosses": 0
    },
    {
        "game_time": 64.4091790637467,
        "vehicle_location": {
            "x": -144.6190185546875,
            "y": -36.66256332397461,
            "z": -0.01347709633409977
        },
        "vehicle_velocity": {
            "x": -0.02950235828757286,
            "y": 0.007704813499003649,
            "z": 0.001926135504618287
        },
        "vehicle_throttle": 0.75,
        "unique_collisions": 1,
        "solid_lane_crosses": 7,
        "double_solid_lane_crosses": 0
    },
    {
        "game_time": 65.44340430223383,
        "vehicle_location": {
            "x": -144.66209411621094,
            "y": -36.64662170410156,
            "z": -0.011636962182819843
        },
        "vehicle_velocity": {
            "x": -0.030710242688655853,
            "y": 0.007407681550830603,
            "z": 0.001027938211336732
        },
        "vehicle_throttle": 0.75,
        "unique_collisions": 1,
        "solid_lane_crosses": 7,
        "double_solid_lane_crosses": 0
    },
    {
        "game_time": 66.46630157367326,
        "vehicle_location": {
            "x": -144.7349395751953,
            "y": -36.621925354003906,
            "z": -0.010782851837575436
        },
        "vehicle_velocity": {
            "x": -0.05657868832349777,
            "y": 0.011730813421308994,
            "z": 0.0010181973921135068
        },
        "vehicle_throttle": 0.75,
        "unique_collisions": 1,
        "solid_lane_crosses": 7,
        "double_solid_lane_crosses": 0
    }
]