[
    {
        "game_time": 6.083189364755526,
        "vehicle_location": {
            "x": -142.92135620117188,
            "y": -89.96688079833984,
            "z": -0.2304551601409912
        },
        "vehicle_velocity": {
            "x": 2.50949764251709,
            "y": -1.991876482963562,
            "z": 0.18674762547016144
        },
        "vehicle_throttle": 0.75,
        "unique_collisions": 0,
        "solid_lane_crosses": 0,
        "double_solid_lane_crosses": 0
    },
    {
        "game_time": 7.084361248882487,
        "vehicle_location": {
            "x": -139.976806640625,
            "y": -93.3985366821289,
            "z": -0.2457493096590042
        },
        "vehicle_velocity": {
            "x": 2.343933582305908,
            "y": -2.9778051376342773,
            "z": 0.09236379712820053
        },
        "vehicle_throttle": 0.0,
        "unique_collisions": 0,
        "solid_lane_crosses": 0,
        "double_solid_lane_crosses": 0
    },
    {
        "game_time": 8.089871134841815,
        "vehicle_location": {
            "x": -138.93775939941406,
            "y": -94.3961410522461,
            "z": -0.23930522799491882
        },
        "vehicle_velocity": {
            "x": 1.2686524391174316,
            "y": -1.017295479774475,
            "z": 0.0024855423253029585
        },
        "vehicle_throttle": 0.75,
        "unique_collisions": 0,
        "solid_lane_crosses": 0,
        "double_solid_lane_crosses": 0
    },
    {
        "game_time": 9.119795702630654,
        "vehicle_location": {
            "x": -135.38735961914062,
            "y": -95.94547271728516,
            "z": -0.2372342199087143
        },
        "vehicle_velocity": {
            "x": 4.485770225524902,
            "y": -1.1401301622390747,
            "z": -0.000558400119189173
        },
        "vehicle_throttle": 0.0,
        "unique_collisions": 0,
        "solid_lane_crosses": 1,
        "double_solid_lane_crosses": 0
    },
    {
        "game_time": 10.171762575628236,
        "vehicle_location": {
            "x": -132.94151306152344,
            "y": -96.53733825683594,
            "z": -0.23898997902870178
        },
        "vehicle_velocity": {
            "x": 2.599121570587158,
            "y": -0.4151034951210022,
            "z": 0.00043154240120202303
        },
        "vehicle_throttle": 0.0,
        "unique_collisions": 0,
        "solid_lane_crosses": 1,
        "double_solid_lane_crosses": 0
    },
    {
        "game_time": 11.190817675786093,
        "vehicle_location": {
            "x": -130.47454833984375,
            "y": -96.91722106933594,
            "z": -0.2376977801322937
        },
        "vehicle_velocity": {
            "x": 2.760573625564575,
            "y": -0.3370525538921356,
            "z": 9.852409129962325e-05
        },
        "vehicle_throttle": 0.0,
        "unique_collisions": 0,
        "solid_lane_crosses": 1,
        "double_solid_lane_crosses": 0
    },
    {
        "game_time": 12.241998332785442,
        "vehicle_location": {
            "x": -128.9937286376953,
            "y": -97.08699798583984,
            "z": -0.23644374310970306
        },
        "vehicle_velocity": {
            "x": 0.48704564571380615,
            "y": -0.04336944967508316,
            "z": 7.566928979940712e-05
        },
        "vehicle_throttle": 0.75,
        "unique_collisions": 0,
        "solid_lane_crosses": 2,
        "double_solid_lane_crosses": 0
    },
    {
        "game_time": 13.286661240505055,
        "vehicle_location": {
            "x": -128.50491333007812,
            "y": -97.1344223022461,
            "z": -0.237782821059227
        },
        "vehicle_velocity": {
            "x": 0.6452023983001709,
            "y": -0.05921841412782669,
            "z": 0.00023995875380933285
        },
        "vehicle_throttle": 0.0,
        "unique_collisions": 0,
        "solid_lane_crosses": 2,
        "double_solid_lane_crosses": 0
    },
    {
        "game_time": 14.33672277093865,
        "vehicle_location": {
            "x": -128.31930541992188,
            "y": -97.15253448486328,
            "z": -0.23746436834335327
        },
        "vehicle_velocity": {
            "x": 0.17415308952331543,
            "y": -0.016257885843515396,
            "z": 1.8358230590820312e-05
        },
        "vehicle_throttle": 0.75,
        "unique_collisions": 0,
        "solid_lane_crosses": 2,
        "double_solid_lane_crosses": 0
    },
    {
        "game_time": 15.37922652834095,
        "vehicle_location": {
            "x": -128.27407836914062,
            "y": -97.15689849853516,
            "z": -0.2376069277524948
        },
        "vehicle_velocity": {
            "x": 1.8371789565208019e-06,
            "y": -9.511919785154532e-08,
            "z": 8.626460476079956e-05
        },
        "vehicle_throttle": 0.0,
        "unique_collisions": 0,
        "solid_lane_crosses": 2,
        "double_solid_lane_crosses": 0
    },
    {
        "game_time": 16.421049228170887,
        "vehicle_location": {
            "x": -127.77042388916016,
            "y": -97.20647430419922,
            "z": -0.23863853514194489
        },
        "vehicle_velocity": {
            "x": 1.602691650390625,
            "y": -0.1528582125902176,
            "z": 0.000474123953608796
        },
        "vehicle_throttle": 0.0,
        "unique_collisions": 0,
        "solid_lane_crosses": 2,
        "double_solid_lane_crosses": 0
    },
    {
        "game_time": 17.477416896494105,
        "vehicle_location": {
            "x": -125.62062072753906,
            "y": -97.38375091552734,
            "z": -0.2380390167236328
        },
        "vehicle_velocity": {
            "x": 2.9793903827667236,
            "y": -0.1990104466676712,
            "z": -0.0002028560556937009
        },
        "vehicle_throttle": 0.75,
        "unique_collisions": 0,
        "solid_lane_crosses": 2,
        "double_solid_lane_crosses": 0
    },
    {
        "game_time": 18.53727677394636,
        "vehicle_location": {
            "x": -123.291015625,
            "y": -97.54932403564453,
            "z": -0.23626379668712616
        },
        "vehicle_velocity": {
            "x": 0.7203741073608398,
            "y": -0.0451975092291832,
            "z": -0.0005962181021459401
        },
        "vehicle_throttle": 0.75,
        "unique_collisions": 0,
        "solid_lane_crosses": 2,
        "double_solid_lane_crosses": 0
    },
    {
        "game_time": 19.568705572048202,
        "vehicle_location": {
            "x": -122.551025390625,
            "y": -97.59759521484375,
            "z": -0.2367301881313324
        },
        "vehicle_velocity": {
            "x": 0.12834201753139496,
            "y": -0.008269790560007095,
            "z": 9.166240488411859e-05
        },
        "vehicle_throttle": 0.75,
        "unique_collisions": 0,
        "solid_lane_crosses": 2,
        "double_solid_lane_crosses": 0
    },
    {
        "game_time": 20.577552443603054,
        "vehicle_location": {
            "x": -122.32568359375,
            "y": -97.61228942871094,
            "z": -0.23755507171154022
        },
        "vehicle_velocity": {
            "x": 0.0012044614413753152,
            "y": 5.5308726587099954e-05,
            "z": -0.0001528644497739151
        },
        "vehicle_throttle": 0.0,
        "unique_collisions": 0,
        "solid_lane_crosses": 2,
        "double_solid_lane_crosses": 0
    },
    {
        "game_time": 21.60784654156305,
        "vehicle_location": {
            "x": -122.2141342163086,
            "y": -97.61962890625,
            "z": -0.2374284267425537
        },
        "vehicle_velocity": {
            "x": 0.0005848551518283784,
            "y": 1.2114785931771621e-05,
            "z": 0.00013125895929988474
        },
        "vehicle_throttle": 0.0,
        "unique_collisions": 0,
        "solid_lane_crosses": 2,
        "double_solid_lane_crosses": 0
    },
    {
        "game_time": 22.6436190365348,
        "vehicle_location": {
            "x": -122.21391296386719,
            "y": -97.61963653564453,
            "z": -0.23760104179382324
        },
        "vehicle_velocity": {
            "x": 2.5497188289591577e-06,
            "y": -1.6108239719869744e-07,
            "z": 6.86645489622606e-06
        },
        "vehicle_throttle": 0.0,
        "unique_collisions": 0,
        "solid_lane_crosses": 2,
        "double_solid_lane_crosses": 0
    },
    {
        "game_time": 23.655741318361834,
        "vehicle_location": {
            "x": -121.88739776611328,
            "y": -97.6409912109375,
            "z": -0.23836840689182281
        },
        "vehicle_velocity": {
            "x": 1.2189850807189941,
            "y": -0.07881305366754532,
            "z": 0.0004110670124646276
        },
        "vehicle_throttle": 0.75,
        "unique_collisions": 0,
        "solid_lane_crosses": 2,
        "double_solid_lane_crosses": 0
    },
    {
        "game_time": 24.67464368441142,
        "vehicle_location": {
            "x": -119.87053680419922,
            "y": -97.76361083984375,
            "z": -0.2390272468328476
        },
        "vehicle_velocity": {
            "x": 3.9355876445770264,
            "y": -0.2212046980857849,
            "z": 0.0003067445650231093
        },
        "vehicle_throttle": 0.75,
        "unique_collisions": 0,
        "solid_lane_crosses": 2,
        "double_solid_lane_crosses": 0
    },
    {
        "game_time": 25.694663908565417,
        "vehicle_location": {
            "x": -115.09839630126953,
            "y": -97.99593353271484,
            "z": -0.2358434647321701
        },
        "vehicle_velocity": {
            "x": 2.858138084411621,
            "y": -0.11015293002128601,
            "z": 0.00027611255063675344
        },
        "vehicle_throttle": 0.0,
        "unique_collisions": 0,
        "solid_lane_crosses": 2,
        "double_solid_lane_crosses": 0
    },
    {
        "game_time": 26.73960134317167,
        "vehicle_location": {
            "x": -111.80501556396484,
            "y": -97.83503723144531,
            "z": -0.23760226368904114
        },
        "vehicle_velocity": {
            "x": 3.407705307006836,
            "y": 0.6206696629524231,
            "z": -0.00018008232291322201
        },
        "vehicle_throttle": 0.0,
        "unique_collisions": 0,
        "solid_lane_crosses": 2,
        "double_solid_lane_crosses": 0
    },
    {
        "game_time": 27.79476985358633,
        "vehicle_location": {
            "x": -108.97566986083984,
            "y": -97.2130355834961,
            "z": -0.23699961602687836
        },
        "vehicle_velocity": {
            "x": 2.628342628479004,
            "y": 0.8283717632293701,
            "z": 0.00015203475777525455
        },
        "vehicle_throttle": 0.75,
        "unique_collisions": 0,
        "solid_lane_crosses": 2,
        "double_solid_lane_crosses": 0
    },
    {
        "game_time": 28.830446062842384,
        "vehicle_location": {
            "x": -104.44271850585938,
            "y": -96.04800415039062,
            "z": -0.23297251760959625
        },
        "vehicle_velocity": {
            "x": 5.8947014808654785,
            "y": 0.725563108921051,
            "z": 0.0029945659916847944
        },
        "vehicle_throttle": 0.0,
        "unique_collisions": 0,
        "solid_lane_crosses": 3,
        "double_solid_lane_crosses": 0
    },
    {
        "game_time": 29.869488424854353,
        "vehicle_location": {
            "x": -99.65070343017578,
            "y": -97.06108856201172,
            "z": -0.2183065414428711
        },
        "vehicle_velocity": {
            "x": 2.9993014335632324,
            "y": -1.9052224159240723,
            "z": 0.013913474045693874
        },
        "vehicle_throttle": 0.75,
        "unique_collisions": 0,
        "solid_lane_crosses": 3,
        "double_solid_lane_crosses": 0
    },
    {
        "game_time": 30.87474086252041,
        "vehicle_location": {
            "x": -96.54936218261719,
            "y": -99.22219848632812,
            "z": -0.20701777935028076
        },
        "vehicle_velocity": {
            "x": 2.7394051551818848,
            "y": -2.298173189163208,
            "z": 0.01915454864501953
        },
        "vehicle_throttle": 0.75,
        "unique_collisions": 0,
        "solid_lane_crosses": 3,
        "double_solid_lane_crosses": 0
    },
    {
        "game_time": 31.88875126023777,
        "vehicle_location": {
            "x": -94.32899475097656,
            "y": -100.98139190673828,
            "z": -0.19697223603725433
        },
        "vehicle_velocity": {
            "x": 2.1447832584381104,
            "y": -1.7003417015075684,
            "z": 0.009380264207720757
        },
        "vehicle_throttle": 0.75,
        "unique_collisions": 0,
        "solid_lane_crosses": 3,
        "double_solid_lane_crosses": 0
    },
    {
        "game_time": 32.944449765840545,
        "vehicle_location": {
            "x": -90.19606018066406,
            "y": -103.28938293457031,
            "z": -0.17855212092399597
        },
        "vehicle_velocity": {
            "x": 3.701172113418579,
            "y": -1.449159026145935,
            "z": 0.01328103058040142
        },
        "vehicle_throttle": 0.0,
        "unique_collisions": 0,
        "solid_lane_crosses": 3,
        "double_solid_lane_crosses": 0
    },
    {
        "game_time": 33.98727287002839,
        "vehicle_location": {
            "x": -87.96823120117188,
            "y": -104.04713439941406,
            "z": -0.1763245314359665
        },
        "vehicle_velocity": {
            "x": 1.145080804824829,
            "y": -0.3525743782520294,
            "z": -0.010891961865127087
        },
        "vehicle_throttle": 0.75,
        "unique_collisions": 0,
        "solid_lane_crosses": 3,
        "double_solid_lane_crosses": 0
    },
    {
        "game_time": 35.02119023562409,
        "vehicle_location": {
            "x": -87.21609497070312,
            "y": -104.29136657714844,
            "z": -0.1812114268541336
        },
        "vehicle_velocity": {
            "x": 0.6711187362670898,
            "y": -0.20797549188137054,
            "z": -0.004939346108585596
        },
        "vehicle_throttle": 0.0,
        "unique_collisions": 0,
        "solid_lane_crosses": 3,
        "double_solid_lane_crosses": 0
    },
    {
        "game_time": 36.03296387591399,
        "vehicle_location": {
            "x": -86.90021514892578,
            "y": -104.39317321777344,
            "z": -0.1823660284280777
        },
        "vehicle_velocity": {
            "x": 0.003362719900906086,
            "y": 0.00042666972149163485,
            "z": 7.604099664604291e-05
        },
        "vehicle_throttle": 0.0,
        "unique_collisions": 0,
        "solid_lane_crosses": 3,
        "double_solid_lane_crosses": 0
    },
    {
        "game_time": 37.09989875392057,
        "vehicle_location": {
            "x": -86.78911590576172,
            "y": -104.42816925048828,
            "z": -0.18321071565151215
        },
        "vehicle_velocity": {
            "x": 0.00034928746754303575,
            "y": 0.0007594369235448539,
            "z": -0.0002636006393004209
        },
        "vehicle_throttle": 0.0,
        "unique_collisions": 0,
        "solid_lane_crosses": 3,
        "double_solid_lane_crosses": 0
    },
    {
        "game_time": 38.118864642689005,
        "vehicle_location": {
            "x": -86.61260223388672,
            "y": -104.47523498535156,
            "z": -0.18483081459999084
        },
        "vehicle_velocity": {
            "x": 0.2498306930065155,
            "y": -0.04584646224975586,
            "z": -0.0038093947805464268
        },
        "vehicle_throttle": 0.0,
        "unique_collisions": 0,
        "solid_lane_crosses": 3,
        "double_solid_lane_crosses": 0
    },
    {
        "game_time": 39.129261914873496,
        "vehicle_location": {
            "x": -85.36680603027344,
            "y": -104.7386474609375,
            "z": -0.1937112808227539
        },
        "vehicle_velocity": {
            "x": 1.4950878620147705,
            "y": -0.21520699560642242,
            "z": -0.0025087259709835052
        },
        "vehicle_throttle": 0.75,
        "unique_collisions": 0,
        "solid_lane_crosses": 3,
        "double_solid_lane_crosses": 0
    },
    {
        "game_time": 40.138507122406736,
        "vehicle_location": {
            "x": -82.74833679199219,
            "y": -105.07472229003906,
            "z": -0.21979662775993347
        },
        "vehicle_velocity": {
            "x": 2.95172381401062,
            "y": -0.23512186110019684,
            "z": -0.0450492762029171
        },
        "vehicle_throttle": 0.75,
        "unique_collisions": 0,
        "solid_lane_crosses": 3,
        "double_solid_lane_crosses": 0
    },
    {
        "game_time": 41.187865453073755,
        "vehicle_location": {
            "x": -79.10943603515625,
            "y": -105.34442138671875,
            "z": -0.237731471657753
        },
        "vehicle_velocity": {
            "x": 4.004745006561279,
            "y": -0.23415274918079376,
            "z": -0.017821578308939934
        },
        "vehicle_throttle": 0.75,
        "unique_collisions": 0,
        "solid_lane_crosses": 3,
        "double_solid_lane_crosses": 0
    },
    {
        "game_time": 42.24150888179429,
        "vehicle_location": {
            "x": -74.95448303222656,
            "y": -105.48577880859375,
            "z": -0.2374499887228012
        },
        "vehicle_velocity": {
            "x": 3.8990228176116943,
            "y": -0.08500923216342926,
            "z": -0.0016383647453039885
        },
        "vehicle_throttle": 0.0,
        "unique_collisions": 0,
        "solid_lane_crosses": 3,
        "double_solid_lane_crosses": 0
    },
    {
        "game_time": 43.273996936390176,
        "vehicle_location": {
            "x": -71.01691436767578,
            "y": -105.54623413085938,
            "z": -0.23798274993896484
        },
        "vehicle_velocity": {
            "x": 4.092019557952881,
            "y": -0.03593927621841431,
            "z": 0.0002204275078838691
        },
        "vehicle_throttle": 0.75,
        "unique_collisions": 0,
        "solid_lane_crosses": 3,
        "double_solid_lane_crosses": 0
    },
    {
        "game_time": 44.337844560155645,
        "vehicle_location": {
            "x": -65.48910522460938,
            "y": -105.57256317138672,
            "z": -0.2368936836719513
        },
        "vehicle_velocity": {
            "x": 5.103224754333496,
            "y": -0.01618189923465252,
            "z": 0.000288224226096645
        },
        "vehicle_throttle": 0.75,
        "unique_collisions": 0,
        "solid_lane_crosses": 3,
        "double_solid_lane_crosses": 0
    }
]