[
    {
        "game_time": 8.875806880183518,
        "vehicle_location": {
            "x": -32.59768295288086,
            "y": 193.89976501464844,
            "z": -0.23882678151130676
        },
        "vehicle_velocity": {
            "x": 2.1524345874786377,
            "y": 1.5279903411865234,
            "z": 0.0004362296895124018
        },
        "vehicle_throttle": 0.75,
        "unique_collisions": 0,
        "solid_lane_crosses": 0,
        "double_solid_lane_crosses": 0
    },
    {
        "game_time": 9.914498097263277,
        "vehicle_location": {
            "x": -31.196847915649414,
            "y": 196.03277587890625,
            "z": -0.23808489739894867
        },
        "vehicle_velocity": {
            "x": 0.1386236697435379,
            "y": 2.9300127029418945,
            "z": -0.008661833591759205
        },
        "vehicle_throttle": 0.0,
        "unique_collisions": 1,
        "solid_lane_crosses": 1,
        "double_solid_lane_crosses": 0
    },
    {
        "game_time": 10.966490073129535,
        "vehicle_location": {
            "x": -32.29828643798828,
            "y": 199.5759735107422,
            "z": -0.23884673416614532
        },
        "vehicle_velocity": {
            "x": -3.3068325519561768,
            "y": 3.962838649749756,
            "z": -0.017648611217737198
        },
        "vehicle_throttle": 0.75,
        "unique_collisions": 1,
        "solid_lane_crosses": 1,
        "double_solid_lane_crosses": 0
    },
    {
        "game_time": 11.997354603372514,
        "vehicle_location": {
            "x": -36.95066452026367,
            "y": 201.437255859375,
            "z": -0.2357303500175476
        },
        "vehicle_velocity": {
            "x": -5.1283087730407715,
            "y": -0.9756160378456116,
            "z": 1.9698141841217875e-05
        },
        "vehicle_throttle": 0.75,
        "unique_collisions": 1,
        "solid_lane_crosses": 1,
        "double_solid_lane_crosses": 0
    },
    {
        "game_time": 13.061948682181537,
        "vehicle_location": {
            "x": -41.47108459472656,
            "y": 198.4230499267578,
            "z": -0.2376362532377243
        },
        "vehicle_velocity": {
            "x": -2.464569330215454,
            "y": -5.2325358390808105,
            "z": 0.00017783640942070633
        },
        "vehicle_throttle": 0.0,
        "unique_collisions": 1,
        "solid_lane_crosses": 1,
        "double_solid_lane_crosses": 0
    },
    {
        "game_time": 14.182182903401554,
        "vehicle_location": {
            "x": -41.544761657714844,
            "y": 192.61167907714844,
            "z": -0.23760485649108887
        },
        "vehicle_velocity": {
            "x": 2.3609676361083984,
            "y": -5.578670501708984,
            "z": -0.0003014516842085868
        },
        "vehicle_throttle": 0.0,
        "unique_collisions": 1,
        "solid_lane_crosses": 1,
        "double_solid_lane_crosses": 0
    },
    {
        "game_time": 15.246563526801765,
        "vehicle_location": {
            "x": -39.56344985961914,
            "y": 187.27427673339844,
            "z": -0.23800086975097656
        },
        "vehicle_velocity": {
            "x": 0.9411696195602417,
            "y": -5.9181036949157715,
            "z": -0.0004772472311742604
        },
        "vehicle_throttle": 0.0,
        "unique_collisions": 1,
        "solid_lane_crosses": 1,
        "double_solid_lane_crosses": 0
    },
    {
        "game_time": 16.271369858644903,
        "vehicle_location": {
            "x": -40.26642608642578,
            "y": 183.69281005859375,
            "z": -0.23101340234279633
        },
        "vehicle_velocity": {
            "x": -2.3413124084472656,
            "y": -1.487553358078003,
            "z": 0.0006173658184707165
        },
        "vehicle_throttle": 0.75,
        "unique_collisions": 2,
        "solid_lane_crosses": 1,
        "double_solid_lane_crosses": 0
    },
    {
        "game_time": 17.271566194482148,
        "vehicle_location": {
            "x": -42.73359298706055,
            "y": 182.3636016845703,
            "z": -0.2298983335494995
        },
        "vehicle_velocity": {
            "x": -2.6691293716430664,
            "y": -0.7098729610443115,
            "z": 0.01883833482861519
        },
        "vehicle_throttle": 0.75,
        "unique_collisions": 2,
        "solid_lane_crosses": 1,
        "double_solid_lane_crosses": 0
    },
    {
        "game_time": 18.274921964854002,
        "vehicle_location": {
            "x": -45.59202575683594,
            "y": 182.21400451660156,
            "z": -0.2302870899438858
        },
        "vehicle_velocity": {
            "x": -2.903066635131836,
            "y": 0.6747018098831177,
            "z": -0.0008874958730302751
        },
        "vehicle_throttle": 0.75,
        "unique_collisions": 2,
        "solid_lane_crosses": 1,
        "double_solid_lane_crosses": 0
    },
    {
        "game_time": 19.330125529319048,
        "vehicle_location": {
            "x": -48.44337844848633,
            "y": 183.4597930908203,
            "z": -0.2298622876405716
        },
        "vehicle_velocity": {
            "x": -2.419945240020752,
            "y": 1.835631251335144,
            "z": 0.004755520261824131
        },
        "vehicle_throttle": 0.75,
        "unique_collisions": 2,
        "solid_lane_crosses": 1,
        "double_solid_lane_crosses": 0
    },
    {
        "game_time": 20.398141101002693,
        "vehicle_location": {
            "x": -50.0336799621582,
            "y": 185.37954711914062,
            "z": -0.22960619628429413
        },
        "vehicle_velocity": {
            "x": -0.7919213771820068,
            "y": 1.797694206237793,
            "z": 0.0008445745334029198
        },
        "vehicle_throttle": 0.0,
        "unique_collisions": 2,
        "solid_lane_crosses": 1,
        "double_solid_lane_crosses": 0
    },
    {
        "game_time": 21.418795245699584,
        "vehicle_location": {
            "x": -50.04847717285156,
            "y": 186.03463745117188,
            "z": -0.23270964622497559
        },
        "vehicle_velocity": {
            "x": 0.1638077199459076,
            "y": 0.23593536019325256,
            "z": -0.002016504993662238
        },
        "vehicle_throttle": 0.0,
        "unique_collisions": 2,
        "solid_lane_crosses": 1,
        "double_solid_lane_crosses": 0
    },
    {
        "game_time": 22.431580433622003,
        "vehicle_location": {
            "x": -50.02842330932617,
            "y": 186.04969787597656,
            "z": -0.23037338256835938
        },
        "vehicle_velocity": {
            "x": 0.001723232213407755,
            "y": -0.0022286169696599245,
            "z": -0.0012104910565540195
        },
        "vehicle_throttle": 0.0,
        "unique_collisions": 2,
        "solid_lane_crosses": 1,
        "double_solid_lane_crosses": 0
    },
    {
        "game_time": 23.460723551921546,
        "vehicle_location": {
            "x": -50.02801513671875,
            "y": 186.04904174804688,
            "z": -0.23037517070770264
        },
        "vehicle_velocity": {
            "x": 0.000542248017154634,
            "y": -0.0007759706350043416,
            "z": 9.114950807997957e-05
        },
        "vehicle_throttle": 0.0,
        "unique_collisions": 2,
        "solid_lane_crosses": 1,
        "double_solid_lane_crosses": 0
    },
    {
        "game_time": 24.489127790555358,
        "vehicle_location": {
            "x": -50.02507400512695,
            "y": 186.04977416992188,
            "z": -0.23104800283908844
        },
        "vehicle_velocity": {
            "x": -0.0011054399656131864,
            "y": -0.00041944271652027965,
            "z": -0.002949795685708523
        },
        "vehicle_throttle": 0.0,
        "unique_collisions": 2,
        "solid_lane_crosses": 1,
        "double_solid_lane_crosses": 0
    },
    {
        "game_time": 25.49743793718517,
        "vehicle_location": {
            "x": -50.022605895996094,
            "y": 186.0504608154297,
            "z": -0.23155315220355988
        },
        "vehicle_velocity": {
            "x": -0.00039145065238699317,
            "y": -0.00012885637988802046,
            "z": -0.0012956055579707026
        },
        "vehicle_throttle": 0.0,
        "unique_collisions": 2,
        "solid_lane_crosses": 1,
        "double_solid_lane_crosses": 0
    },
    {
        "game_time": 26.51845133677125,
        "vehicle_location": {
            "x": -50.02710723876953,
            "y": 186.04934692382812,
            "z": -0.23070357739925385
        },
        "vehicle_velocity": {
            "x": 0.0007986028795130551,
            "y": -0.000469622464152053,
            "z": 0.0007288378546945751
        },
        "vehicle_throttle": 0.0,
        "unique_collisions": 2,
        "solid_lane_crosses": 1,
        "double_solid_lane_crosses": 0
    },
    {
        "game_time": 27.56877534184605,
        "vehicle_location": {
            "x": -50.02685546875,
            "y": 186.049560546875,
            "z": -0.23091422021389008
        },
        "vehicle_velocity": {
            "x": 0.000577377388253808,
            "y": -0.0006206515827216208,
            "z": 0.00040575594175606966
        },
        "vehicle_throttle": 0.0,
        "unique_collisions": 2,
        "solid_lane_crosses": 1,
        "double_solid_lane_crosses": 0
    },
    {
        "game_time": 28.615382043644786,
        "vehicle_location": {
            "x": -50.026512145996094,
            "y": 186.0496826171875,
            "z": -0.2310933619737625
        },
        "vehicle_velocity": {
            "x": 0.0006023201276548207,
            "y": -0.0006542629562318325,
            "z": 0.00040303735295310616
        },
        "vehicle_throttle": 0.0,
        "unique_collisions": 2,
        "solid_lane_crosses": 1,
        "double_solid_lane_crosses": 0
    }
]