[
    {
        "game_time": 7.633502850774676,
        "vehicle_location": {
            "x": -32.86198806762695,
            "y": 193.76454162597656,
            "z": -0.17075443267822266
        },
        "vehicle_velocity": {
            "x": 0.8821268081665039,
            "y": 0.7828695774078369,
            "z": -0.025905784219503403
        },
        "vehicle_throttle": 0.75,
        "unique_collisions": 0,
        "solid_lane_crosses": 0,
        "double_solid_lane_crosses": 0
    },
    {
        "game_time": 8.674063251819462,
        "vehicle_location": {
            "x": -31.800771713256836,
            "y": 194.66835021972656,
            "z": -0.15380477905273438
        },
        "vehicle_velocity": {
            "x": 0.39588212966918945,
            "y": 1.3712928295135498,
            "z": 0.0062495628371834755
        },
        "vehicle_throttle": 0.75,
        "unique_collisions": 1,
        "solid_lane_crosses": 0,
        "double_solid_lane_crosses": 0
    },
    {
        "game_time": 9.689153062645346,
        "vehicle_location": {
            "x": -31.499671936035156,
            "y": 196.18292236328125,
            "z": -0.15409991145133972
        },
        "vehicle_velocity": {
            "x": -0.5431349277496338,
            "y": 1.6182398796081543,
            "z": 0.025138400495052338
        },
        "vehicle_throttle": 0.75,
        "unique_collisions": 1,
        "solid_lane_crosses": 0,
        "double_solid_lane_crosses": 0
    },
    {
        "game_time": 10.7102808537893,
        "vehicle_location": {
            "x": -32.20294952392578,
            "y": 197.8408203125,
            "z": -0.16124649345874786
        },
        "vehicle_velocity": {
            "x": -1.9938621520996094,
            "y": 1.5100138187408447,
            "z": 0.005491973832249641
        },
        "vehicle_throttle": 0.75,
        "unique_collisions": 1,
        "solid_lane_crosses": 0,
        "double_solid_lane_crosses": 0
    },
    {
        "game_time": 11.719626911450177,
        "vehicle_location": {
            "x": -34.230281829833984,
            "y": 198.9113311767578,
            "z": -0.1543576717376709
        },
        "vehicle_velocity": {
            "x": -2.474813222885132,
            "y": -0.22512094676494598,
            "z": -0.00285305711440742
        },
        "vehicle_throttle": 0.75,
        "unique_collisions": 1,
        "solid_lane_crosses": 0,
        "double_solid_lane_crosses": 0
    },
    {
        "game_time": 12.776582621503621,
        "vehicle_location": {
            "x": -36.08555221557617,
            "y": 198.54098510742188,
            "z": -0.15227623283863068
        },
        "vehicle_velocity": {
            "x": -0.8795039057731628,
            "y": -0.9155517220497131,
            "z": 0.002965920139104128
        },
        "vehicle_throttle": 0.0,
        "unique_collisions": 1,
        "solid_lane_crosses": 0,
        "double_solid_lane_crosses": 0
    },
    {
        "game_time": 13.841875025536865,
        "vehicle_location": {
            "x": -36.33998489379883,
            "y": 198.35220336914062,
            "z": -0.16146887838840485
        },
        "vehicle_velocity": {
            "x": 0.0002129659551428631,
            "y": 0.0009404636803083122,
            "z": -0.002406568732112646
        },
        "vehicle_throttle": 0.0,
        "unique_collisions": 1,
        "solid_lane_crosses": 0,
        "double_solid_lane_crosses": 0
    },
    {
        "game_time": 14.90708513977006,
        "vehicle_location": {
            "x": -36.339351654052734,
            "y": 198.34292602539062,
            "z": -0.164483442902565
        },
        "vehicle_velocity": {
            "x": 0.0014575893292203546,
            "y": -0.0007834754069335759,
            "z": 0.0033468306064605713
        },
        "vehicle_throttle": 0.0,
        "unique_collisions": 1,
        "solid_lane_crosses": 0,
        "double_solid_lane_crosses": 0
    },
    {
        "game_time": 15.918247202876955,
        "vehicle_location": {
            "x": -36.34074020385742,
            "y": 198.34451293945312,
            "z": -0.1655125766992569
        },
        "vehicle_velocity": {
            "x": 0.0001386681105941534,
            "y": 0.00048969523049891,
            "z": 0.00015506996714975685
        },
        "vehicle_throttle": 0.0,
        "unique_collisions": 1,
        "solid_lane_crosses": 0,
        "double_solid_lane_crosses": 0
    },
    {
        "game_time": 16.95699551468715,
        "vehicle_location": {
            "x": -36.341514587402344,
            "y": 198.3448944091797,
            "z": -0.16634926199913025
        },
        "vehicle_velocity": {
            "x": 0.00041257834527641535,
            "y": 0.0007124783587642014,
            "z": 0.0004952944000251591
        },
        "vehicle_throttle": 0.0,
        "unique_collisions": 1,
        "solid_lane_crosses": 0,
        "double_solid_lane_crosses": 0
    },
    {
        "game_time": 17.969529956113547,
        "vehicle_location": {
            "x": -36.34225082397461,
            "y": 198.3451690673828,
            "z": -0.16710048913955688
        },
        "vehicle_velocity": {
            "x": 0.0001532230817247182,
            "y": -9.590201079845428e-05,
            "z": -0.000197575383936055
        },
        "vehicle_throttle": 0.0,
        "unique_collisions": 1,
        "solid_lane_crosses": 0,
        "double_solid_lane_crosses": 0
    },
    {
        "game_time": 19.012749241199344,
        "vehicle_location": {
            "x": -36.34241485595703,
            "y": 198.34579467773438,
            "z": -0.1668676733970642
        },
        "vehicle_velocity": {
            "x": 0.00032517785439267755,
            "y": 0.00042919875704683363,
            "z": 1.0892003956541885e-05
        },
        "vehicle_throttle": 0.0,
        "unique_collisions": 1,
        "solid_lane_crosses": 0,
        "double_solid_lane_crosses": 0
    },
    {
        "game_time": 20.027184158097953,
        "vehicle_location": {
            "x": -36.34250259399414,
            "y": 198.3464813232422,
            "z": -0.1665172129869461
        },
        "vehicle_velocity": {
            "x": 0.0001725062757031992,
            "y": 0.0002532745129428804,
            "z": -0.00011923037527594715
        },
        "vehicle_throttle": 0.0,
        "unique_collisions": 1,
        "solid_lane_crosses": 0,
        "double_solid_lane_crosses": 0
    },
    {
        "game_time": 21.06675414601341,
        "vehicle_location": {
            "x": -36.342655181884766,
            "y": 198.34703063964844,
            "z": -0.16632671654224396
        },
        "vehicle_velocity": {
            "x": 0.00041101264650933444,
            "y": 0.00030587372020818293,
            "z": 0.000353204901330173
        },
        "vehicle_throttle": 0.0,
        "unique_collisions": 1,
        "solid_lane_crosses": 0,
        "double_solid_lane_crosses": 0
    },
    {
        "game_time": 22.129828804638237,
        "vehicle_location": {
            "x": -36.34284973144531,
            "y": 198.34759521484375,
            "z": -0.16623039543628693
        },
        "vehicle_velocity": {
            "x": 9.314752242062241e-05,
            "y": 0.0005209691589698195,
            "z": 3.340087641845457e-05
        },
        "vehicle_throttle": 0.0,
        "unique_collisions": 1,
        "solid_lane_crosses": 0,
        "double_solid_lane_crosses": 0
    },
    {
        "game_time": 23.14279271988198,
        "vehicle_location": {
            "x": -36.343017578125,
            "y": 198.34800720214844,
            "z": -0.16614750027656555
        },
        "vehicle_velocity": {
            "x": 0.00030985396006144583,
            "y": -8.49151001602877e-06,
            "z": -0.0002930486807599664
        },
        "vehicle_throttle": 0.0,
        "unique_collisions": 1,
        "solid_lane_crosses": 0,
        "double_solid_lane_crosses": 0
    }
]