[
    {
        "game_time": 8.674536644946784,
        "vehicle_location": {
            "x": -32.85843276977539,
            "y": 193.76577758789062,
            "z": -0.17084327340126038
        },
        "vehicle_velocity": {
            "x": 0.8798319697380066,
            "y": 0.7826322913169861,
            "z": 0.006756849121302366
        },
        "vehicle_throttle": 0.75,
        "unique_collisions": 0,
        "solid_lane_crosses": 0,
        "double_solid_lane_crosses": 0
    },
    {
        "game_time": 9.70960386423394,
        "vehicle_location": {
            "x": -31.794761657714844,
            "y": 194.6988983154297,
            "z": -0.1528296172618866
        },
        "vehicle_velocity": {
            "x": 0.521306037902832,
            "y": 1.526912808418274,
            "z": 0.0050239479169249535
        },
        "vehicle_throttle": 0.75,
        "unique_collisions": 1,
        "solid_lane_crosses": 0,
        "double_solid_lane_crosses": 0
    },
    {
        "game_time": 10.75450670113787,
        "vehicle_location": {
            "x": -31.35525131225586,
            "y": 196.33279418945312,
            "z": -0.1540246605873108
        },
        "vehicle_velocity": {
            "x": -0.3964010775089264,
            "y": 1.4605821371078491,
            "z": 0.017446860671043396
        },
        "vehicle_throttle": 0.75,
        "unique_collisions": 1,
        "solid_lane_crosses": 0,
        "double_solid_lane_crosses": 0
    },
    {
        "game_time": 11.803173220250756,
        "vehicle_location": {
            "x": -31.911823272705078,
            "y": 198.010498046875,
            "z": -0.16612818837165833
        },
        "vehicle_velocity": {
            "x": -1.8473082780838013,
            "y": 1.798889398574829,
            "z": 0.0010204315185546875
        },
        "vehicle_throttle": 0.75,
        "unique_collisions": 1,
        "solid_lane_crosses": 0,
        "double_solid_lane_crosses": 0
    },
    {
        "game_time": 12.851152420509607,
        "vehicle_location": {
            "x": -34.37166213989258,
            "y": 199.45779418945312,
            "z": -0.15725398063659668
        },
        "vehicle_velocity": {
            "x": -3.53261399269104,
            "y": -0.44354692101478577,
            "z": -8.095741213764995e-05
        },
        "vehicle_throttle": 0.0,
        "unique_collisions": 1,
        "solid_lane_crosses": 0,
        "double_solid_lane_crosses": 0
    },
    {
        "game_time": 13.876630882266909,
        "vehicle_location": {
            "x": -36.87858200073242,
            "y": 198.4712677001953,
            "z": -0.15707287192344666
        },
        "vehicle_velocity": {
            "x": -1.4758309125900269,
            "y": -2.5650956630706787,
            "z": 0.0002941226994153112
        },
        "vehicle_throttle": 0.75,
        "unique_collisions": 1,
        "solid_lane_crosses": 0,
        "double_solid_lane_crosses": 0
    },
    {
        "game_time": 14.883611012715846,
        "vehicle_location": {
            "x": -38.39724349975586,
            "y": 195.47857666015625,
            "z": -0.16563346982002258
        },
        "vehicle_velocity": {
            "x": -1.357373595237732,
            "y": -3.8655648231506348,
            "z": 0.0002340698119951412
        },
        "vehicle_throttle": 0.75,
        "unique_collisions": 1,
        "solid_lane_crosses": 0,
        "double_solid_lane_crosses": 0
    },
    {
        "game_time": 15.921584271360189,
        "vehicle_location": {
            "x": -41.141014099121094,
            "y": 191.92091369628906,
            "z": -0.15899421274662018
        },
        "vehicle_velocity": {
            "x": -4.551716327667236,
            "y": -1.6384968757629395,
            "z": -0.00033523558522574604
        },
        "vehicle_throttle": 0.75,
        "unique_collisions": 2,
        "solid_lane_crosses": 0,
        "double_solid_lane_crosses": 0
    },
    {
        "game_time": 16.97282313229516,
        "vehicle_location": {
            "x": -46.11594009399414,
            "y": 192.00230407714844,
            "z": -0.16426394879817963
        },
        "vehicle_velocity": {
            "x": -5.374023914337158,
            "y": 1.5723652839660645,
            "z": 0.0003309488238301128
        },
        "vehicle_throttle": 0.0,
        "unique_collisions": 2,
        "solid_lane_crosses": 0,
        "double_solid_lane_crosses": 0
    },
    {
        "game_time": 17.993783332873136,
        "vehicle_location": {
            "x": -51.07138442993164,
            "y": 191.79446411132812,
            "z": -0.15677359700202942
        },
        "vehicle_velocity": {
            "x": -4.813863277435303,
            "y": -2.0053181648254395,
            "z": 0.002574815647676587
        },
        "vehicle_throttle": 0.75,
        "unique_collisions": 2,
        "solid_lane_crosses": 0,
        "double_solid_lane_crosses": 0
    },
    {
        "game_time": 19.012019282672554,
        "vehicle_location": {
            "x": -56.10563278198242,
            "y": 189.6062469482422,
            "z": -0.15725566446781158
        },
        "vehicle_velocity": {
            "x": -4.522660255432129,
            "y": -2.8411340713500977,
            "z": 0.00019101619545836002
        },
        "vehicle_throttle": 0.75,
        "unique_collisions": 2,
        "solid_lane_crosses": 0,
        "double_solid_lane_crosses": 0
    },
    {
        "game_time": 20.021640178281814,
        "vehicle_location": {
            "x": -60.649452209472656,
            "y": 186.57208251953125,
            "z": -0.16123390197753906
        },
        "vehicle_velocity": {
            "x": -4.090827465057373,
            "y": -3.5851223468780518,
            "z": -9.212493750965223e-06
        },
        "vehicle_throttle": 0.5622533559799194,
        "unique_collisions": 2,
        "solid_lane_crosses": 0,
        "double_solid_lane_crosses": 0
    },
    {
        "game_time": 21.081902347970754,
        "vehicle_location": {
            "x": -64.79795837402344,
            "y": 182.58750915527344,
            "z": -0.16212837398052216
        },
        "vehicle_velocity": {
            "x": -3.4682633876800537,
            "y": -4.252626895904541,
            "z": 2.6273726234649075e-06
        },
        "vehicle_throttle": 0.22913654148578644,
        "unique_collisions": 2,
        "solid_lane_crosses": 1,
        "double_solid_lane_crosses": 0
    },
    {
        "game_time": 22.100102758500725,
        "vehicle_location": {
            "x": -68.0472412109375,
            "y": 178.27015686035156,
            "z": -0.1573510318994522
        },
        "vehicle_velocity": {
            "x": -2.4164977073669434,
            "y": -4.125455379486084,
            "z": -0.0012209606356918812
        },
        "vehicle_throttle": 0.0,
        "unique_collisions": 2,
        "solid_lane_crosses": 2,
        "double_solid_lane_crosses": 0
    },
    {
        "game_time": 23.1465260614641,
        "vehicle_location": {
            "x": -69.77369689941406,
            "y": 175.39622497558594,
            "z": -0.15141677856445312
        },
        "vehicle_velocity": {
            "x": -0.7754839658737183,
            "y": -1.431054711341858,
            "z": 0.00032532215118408203
        },
        "vehicle_throttle": 0.0,
        "unique_collisions": 2,
        "solid_lane_crosses": 2,
        "double_solid_lane_crosses": 0
    },
    {
        "game_time": 24.150072189513594,
        "vehicle_location": {
            "x": -69.99246215820312,
            "y": 174.99838256835938,
            "z": -0.1610056310892105
        },
        "vehicle_velocity": {
            "x": 0.0026865319814532995,
            "y": 0.004852787125855684,
            "z": 0.00019504546071402729
        },
        "vehicle_throttle": 0.0,
        "unique_collisions": 2,
        "solid_lane_crosses": 2,
        "double_solid_lane_crosses": 0
    },
    {
        "game_time": 25.222403321880847,
        "vehicle_location": {
            "x": -69.99237823486328,
            "y": 174.99855041503906,
            "z": -0.16060477495193481
        },
        "vehicle_velocity": {
            "x": -0.0002538838889449835,
            "y": -0.0004571682948153466,
            "z": 4.944801185047254e-05
        },
        "vehicle_throttle": 0.0,
        "unique_collisions": 2,
        "solid_lane_crosses": 2,
        "double_solid_lane_crosses": 0
    },
    {
        "game_time": 26.24042039224878,
        "vehicle_location": {
            "x": -69.99263763427734,
            "y": 174.99783325195312,
            "z": -0.16166511178016663
        },
        "vehicle_velocity": {
            "x": 1.6712492652004585e-06,
            "y": 2.995172962982906e-06,
            "z": -5.108833283884451e-05
        },
        "vehicle_throttle": 0.0,
        "unique_collisions": 2,
        "solid_lane_crosses": 2,
        "double_solid_lane_crosses": 0
    },
    {
        "game_time": 27.340988087002188,
        "vehicle_location": {
            "x": -69.99263763427734,
            "y": 174.99783325195312,
            "z": -0.16165821254253387
        },
        "vehicle_velocity": {
            "x": 1.4891767818880908e-08,
            "y": -1.1482804929130452e-08,
            "z": 0.00010422706691315398
        },
        "vehicle_throttle": 0.0,
        "unique_collisions": 2,
        "solid_lane_crosses": 2,
        "double_solid_lane_crosses": 0
    },
    {
        "game_time": 28.43739999132231,
        "vehicle_location": {
            "x": -69.99263763427734,
            "y": 174.99783325195312,
            "z": -0.16165508329868317
        },
        "vehicle_velocity": {
            "x": -3.6467053377009506e-08,
            "y": 2.091304729390231e-08,
            "z": -5.6962966482387856e-05
        },
        "vehicle_throttle": 0.0,
        "unique_collisions": 2,
        "solid_lane_crosses": 2,
        "double_solid_lane_crosses": 0
    },
    {
        "game_time": 29.441102540586144,
        "vehicle_location": {
            "x": -69.99263763427734,
            "y": 174.99783325195312,
            "z": -0.16166777908802032
        },
        "vehicle_velocity": {
            "x": 4.340025228088962e-08,
            "y": -2.832988776901857e-08,
            "z": -0.00039068222395144403
        },
        "vehicle_throttle": 0.0,
        "unique_collisions": 2,
        "solid_lane_crosses": 2,
        "double_solid_lane_crosses": 0
    },
    {
        "game_time": 30.460976640228182,
        "vehicle_location": {
            "x": -69.99263763427734,
            "y": 174.99783325195312,
            "z": -0.1616445928812027
        },
        "vehicle_velocity": {
            "x": -4.672607900602088e-08,
            "y": 2.9567107873162968e-08,
            "z": 9.286880231229588e-05
        },
        "vehicle_throttle": 0.0,
        "unique_collisions": 2,
        "solid_lane_crosses": 2,
        "double_solid_lane_crosses": 0
    },
    {
        "game_time": 31.48864500457421,
        "vehicle_location": {
            "x": -69.99263763427734,
            "y": 174.99783325195312,
            "z": -0.16161708533763885
        },
        "vehicle_velocity": {
            "x": 1.5354908455833538e-08,
            "y": -1.779183911310156e-08,
            "z": -1.9264220100012608e-05
        },
        "vehicle_throttle": 0.0,
        "unique_collisions": 2,
        "solid_lane_crosses": 2,
        "double_solid_lane_crosses": 0
    },
    {
        "game_time": 32.50456344196573,
        "vehicle_location": {
            "x": -69.99263763427734,
            "y": 174.99783325195312,
            "z": -0.161626398563385
        },
        "vehicle_velocity": {
            "x": 1.089332091197548e-08,
            "y": -5.017986914879202e-09,
            "z": -0.0005011081811971962
        },
        "vehicle_throttle": 0.0,
        "unique_collisions": 2,
        "solid_lane_crosses": 2,
        "double_solid_lane_crosses": 0
    },
    {
        "game_time": 33.50618193531409,
        "vehicle_location": {
            "x": -69.99263763427734,
            "y": 174.99783325195312,
            "z": -0.16162295639514923
        },
        "vehicle_velocity": {
            "x": -5.341984632423191e-08,
            "y": 3.8173393335227956e-08,
            "z": -0.0002861404500436038
        },
        "vehicle_throttle": 0.0,
        "unique_collisions": 2,
        "solid_lane_crosses": 2,
        "double_solid_lane_crosses": 0
    },
    {
        "game_time": 34.525821894872934,
        "vehicle_location": {
            "x": -69.99263763427734,
            "y": 174.99783325195312,
            "z": -0.16163459420204163
        },
        "vehicle_velocity": {
            "x": 4.8381522788076836e-08,
            "y": -2.9659370071044577e-08,
            "z": -0.0003454780380707234
        },
        "vehicle_throttle": 0.0,
        "unique_collisions": 2,
        "solid_lane_crosses": 2,
        "double_solid_lane_crosses": 0
    },
    {
        "game_time": 35.62093823077157,
        "vehicle_location": {
            "x": -69.99263763427734,
            "y": 174.99783325195312,
            "z": -0.16165469586849213
        },
        "vehicle_velocity": {
            "x": -3.456872477158868e-08,
            "y": 1.9318685318125972e-08,
            "z": -0.0001383209164487198
        },
        "vehicle_throttle": 0.0,
        "unique_collisions": 2,
        "solid_lane_crosses": 2,
        "double_solid_lane_crosses": 0
    },
    {
        "game_time": 36.640379526186734,
        "vehicle_location": {
            "x": -69.99263763427734,
            "y": 174.99783325195312,
            "z": -0.16164009273052216
        },
        "vehicle_velocity": {
            "x": -5.509565070838107e-08,
            "y": 3.463547670889966e-08,
            "z": -2.1257399566820823e-05
        },
        "vehicle_throttle": 0.0,
        "unique_collisions": 2,
        "solid_lane_crosses": 2,
        "double_solid_lane_crosses": 0
    },
    {
        "game_time": 37.65288931550458,
        "vehicle_location": {
            "x": -69.99263763427734,
            "y": 174.99783325195312,
            "z": -0.16168318688869476
        },
        "vehicle_velocity": {
            "x": 4.7825441384929945e-08,
            "y": -2.466257242872416e-08,
            "z": 0.0003441095177549869
        },
        "vehicle_throttle": 0.0,
        "unique_collisions": 2,
        "solid_lane_crosses": 2,
        "double_solid_lane_crosses": 0
    },
    {
        "game_time": 38.653487468604,
        "vehicle_location": {
            "x": -69.99263763427734,
            "y": 174.99783325195312,
            "z": -0.16162006556987762
        },
        "vehicle_velocity": {
            "x": 3.4450376773520475e-08,
            "y": -1.1885065376304738e-08,
            "z": 0.00015670775610487908
        },
        "vehicle_throttle": 0.0,
        "unique_collisions": 2,
        "solid_lane_crosses": 2,
        "double_solid_lane_crosses": 0
    },
    {
        "game_time": 39.7121107862331,
        "vehicle_location": {
            "x": -69.99263763427734,
            "y": 174.99783325195312,
            "z": -0.16165843605995178
        },
        "vehicle_velocity": {
            "x": -3.788047919783821e-08,
            "y": 2.1406735939422106e-08,
            "z": 0.00028557301266118884
        },
        "vehicle_throttle": 0.0,
        "unique_collisions": 2,
        "solid_lane_crosses": 2,
        "double_solid_lane_crosses": 0
    },
    {
        "game_time": 40.76030795881525,
        "vehicle_location": {
            "x": -69.99263763427734,
            "y": 174.99783325195312,
            "z": -0.1616077423095703
        },
        "vehicle_velocity": {
            "x": 6.876871072591939e-09,
            "y": -7.150488201546068e-09,
            "z": -6.0977934481343254e-05
        },
        "vehicle_throttle": 0.0,
        "unique_collisions": 2,
        "solid_lane_crosses": 2,
        "double_solid_lane_crosses": 0
    },
    {
        "game_time": 41.77502061286941,
        "vehicle_location": {
            "x": -69.99263763427734,
            "y": 174.99783325195312,
            "z": -0.16162227094173431
        },
        "vehicle_velocity": {
            "x": 2.1796093818693407e-08,
            "y": -2.1296418850624832e-08,
            "z": -0.000377254473278299
        },
        "vehicle_throttle": 0.0,
        "unique_collisions": 2,
        "solid_lane_crosses": 2,
        "double_solid_lane_crosses": 0
    },
    {
        "game_time": 42.77565097482875,
        "vehicle_location": {
            "x": -69.99263763427734,
            "y": 174.99783325195312,
            "z": -0.16165508329868317
        },
        "vehicle_velocity": {
            "x": 1.133465943325973e-08,
            "y": -1.5409055365012136e-08,
            "z": -0.00011174201790709049
        },
        "vehicle_throttle": 0.0,
        "unique_collisions": 2,
        "solid_lane_crosses": 2,
        "double_solid_lane_crosses": 0
    },
    {
        "game_time": 43.824216429609805,
        "vehicle_location": {
            "x": -69.99263763427734,
            "y": 174.99783325195312,
            "z": -0.16163410246372223
        },
        "vehicle_velocity": {
            "x": -3.7349145998177846e-08,
            "y": 1.426936080406449e-08,
            "z": -7.915497008070815e-06
        },
        "vehicle_throttle": 0.0,
        "unique_collisions": 2,
        "solid_lane_crosses": 2,
        "double_solid_lane_crosses": 0
    },
    {
        "game_time": 44.86756964260712,
        "vehicle_location": {
            "x": -69.99263763427734,
            "y": 174.99783325195312,
            "z": -0.1616668999195099
        },
        "vehicle_velocity": {
            "x": -2.9886489727459775e-08,
            "y": 2.483235128636352e-08,
            "z": -4.0578841435490176e-05
        },
        "vehicle_throttle": 0.0,
        "unique_collisions": 2,
        "solid_lane_crosses": 2,
        "double_solid_lane_crosses": 0
    },
    {
        "game_time": 45.9015354369767,
        "vehicle_location": {
            "x": -69.99263763427734,
            "y": 174.99783325195312,
            "z": -0.16161121428012848
        },
        "vehicle_velocity": {
            "x": 3.0758574354194934e-08,
            "y": -3.08488239397775e-08,
            "z": 1.924514799611643e-05
        },
        "vehicle_throttle": 0.0,
        "unique_collisions": 2,
        "solid_lane_crosses": 2,
        "double_solid_lane_crosses": 0
    },
    {
        "game_time": 46.937798846978694,
        "vehicle_location": {
            "x": -69.99263763427734,
            "y": 174.99783325195312,
            "z": -0.16163669526576996
        },
        "vehicle_velocity": {
            "x": -2.156680700693414e-08,
            "y": 1.890424172756866e-08,
            "z": -6.599426342290826e-06
        },
        "vehicle_throttle": 0.0,
        "unique_collisions": 2,
        "solid_lane_crosses": 2,
        "double_solid_lane_crosses": 0
    },
    {
        "game_time": 48.01631785230711,
        "vehicle_location": {
            "x": -69.99263763427734,
            "y": 174.99783325195312,
            "z": -0.1616194099187851
        },
        "vehicle_velocity": {
            "x": 2.2403806809734306e-08,
            "y": -6.417896880606122e-09,
            "z": -8.938788960222155e-05
        },
        "vehicle_throttle": 0.0,
        "unique_collisions": 2,
        "solid_lane_crosses": 2,
        "double_solid_lane_crosses": 0
    },
    {
        "game_time": 49.079335587564856,
        "vehicle_location": {
            "x": -69.99263763427734,
            "y": 174.99783325195312,
            "z": -0.16165129840373993
        },
        "vehicle_velocity": {
            "x": 1.429352902704295e-08,
            "y": -4.2222267349067977e-10,
            "z": 0.00020070075697731227
        },
        "vehicle_throttle": 0.0,
        "unique_collisions": 2,
        "solid_lane_crosses": 2,
        "double_solid_lane_crosses": 0
    },
    {
        "game_time": 50.15459657320753,
        "vehicle_location": {
            "x": -69.99263763427734,
            "y": 174.99783325195312,
            "z": -0.16163481771945953
        },
        "vehicle_velocity": {
            "x": -7.825326520105591e-08,
            "y": 4.348462923076113e-08,
            "z": 8.454799535684288e-05
        },
        "vehicle_throttle": 0.0,
        "unique_collisions": 2,
        "solid_lane_crosses": 2,
        "double_solid_lane_crosses": 0
    },
    {
        "game_time": 51.23180942097679,
        "vehicle_location": {
            "x": -69.99263763427734,
            "y": 174.99783325195312,
            "z": -0.16166137158870697
        },
        "vehicle_velocity": {
            "x": -5.689949134080052e-08,
            "y": 3.478049137584094e-08,
            "z": 0.00015072822861839086
        },
        "vehicle_throttle": 0.0,
        "unique_collisions": 2,
        "solid_lane_crosses": 2,
        "double_solid_lane_crosses": 0
    },
    {
        "game_time": 52.2725750268437,
        "vehicle_location": {
            "x": -69.99263763427734,
            "y": 174.99783325195312,
            "z": -0.16164836287498474
        },
        "vehicle_velocity": {
            "x": -4.1103621839511106e-08,
            "y": 2.3836600249182993e-08,
            "z": 2.7217864044359885e-05
        },
        "vehicle_throttle": 0.0,
        "unique_collisions": 2,
        "solid_lane_crosses": 2,
        "double_solid_lane_crosses": 0
    },
    {
        "game_time": 53.348418284673244,
        "vehicle_location": {
            "x": -70.3294677734375,
            "y": 174.35777282714844,
            "z": -0.17009052634239197
        },
        "vehicle_velocity": {
            "x": -0.6482764482498169,
            "y": -1.4507437944412231,
            "z": 0.0001251602079719305
        },
        "vehicle_throttle": 0.75,
        "unique_collisions": 2,
        "solid_lane_crosses": 2,
        "double_solid_lane_crosses": 0
    },
    {
        "game_time": 54.39582938561216,
        "vehicle_location": {
            "x": -71.39940643310547,
            "y": 172.02284240722656,
            "z": -0.16628830134868622
        },
        "vehicle_velocity": {
            "x": -1.0462998151779175,
            "y": -3.0182390213012695,
            "z": 0.0002003717381739989
        },
        "vehicle_throttle": 0.75,
        "unique_collisions": 2,
        "solid_lane_crosses": 2,
        "double_solid_lane_crosses": 0
    },
    {
        "game_time": 55.43887717695907,
        "vehicle_location": {
            "x": -72.53380584716797,
            "y": 168.88406372070312,
            "z": -0.1574985831975937
        },
        "vehicle_velocity": {
            "x": -0.797240138053894,
            "y": -2.9926466941833496,
            "z": -0.0003706931893248111
        },
        "vehicle_throttle": 0.75,
        "unique_collisions": 2,
        "solid_lane_crosses": 2,
        "double_solid_lane_crosses": 0
    },
    {
        "game_time": 56.50211481237784,
        "vehicle_location": {
            "x": -73.39360046386719,
            "y": 165.60198974609375,
            "z": -0.1522637903690338
        },
        "vehicle_velocity": {
            "x": -0.4369366765022278,
            "y": -2.5136663913726807,
            "z": 0.0011895847273990512
        },
        "vehicle_throttle": 0.75,
        "unique_collisions": 2,
        "solid_lane_crosses": 2,
        "double_solid_lane_crosses": 0
    },
    {
        "game_time": 57.597889157477766,
        "vehicle_location": {
            "x": -73.9697036743164,
            "y": 162.3776397705078,
            "z": -0.16921554505825043
        },
        "vehicle_velocity": {
            "x": -0.3088391125202179,
            "y": -3.5608890056610107,
            "z": -7.716178515693173e-05
        },
        "vehicle_throttle": 0.75,
        "unique_collisions": 2,
        "solid_lane_crosses": 2,
        "double_solid_lane_crosses": 0
    },
    {
        "game_time": 58.69440622301772,
        "vehicle_location": {
            "x": -74.2868423461914,
            "y": 159.16485595703125,
            "z": -0.15707217156887054
        },
        "vehicle_velocity": {
            "x": -0.1741628795862198,
            "y": -2.5091590881347656,
            "z": 0.0002721118798945099
        },
        "vehicle_throttle": 0.75,
        "unique_collisions": 2,
        "solid_lane_crosses": 2,
        "double_solid_lane_crosses": 0
    },
    {
        "game_time": 59.73604713799432,
        "vehicle_location": {
            "x": -74.44184112548828,
            "y": 155.9012451171875,
            "z": -0.165124773979187
        },
        "vehicle_velocity": {
            "x": -0.14748334884643555,
            "y": -3.7261178493499756,
            "z": 9.126662916969508e-06
        },
        "vehicle_throttle": 0.75,
        "unique_collisions": 2,
        "solid_lane_crosses": 2,
        "double_solid_lane_crosses": 0
    },
    {
        "game_time": 60.828800371382385,
        "vehicle_location": {
            "x": -74.5476303100586,
            "y": 151.06234741210938,
            "z": -0.16966937482357025
        },
        "vehicle_velocity": {
            "x": -0.05391208454966545,
            "y": -5.2757110595703125,
            "z": 0.00034788608900271356
        },
        "vehicle_throttle": 0.75,
        "unique_collisions": 2,
        "solid_lane_crosses": 2,
        "double_solid_lane_crosses": 0
    },
    {
        "game_time": 61.85846429737285,
        "vehicle_location": {
            "x": -74.443603515625,
            "y": 145.5194854736328,
            "z": -0.1536332219839096
        },
        "vehicle_velocity": {
            "x": 0.7202396988868713,
            "y": -5.2033562660217285,
            "z": 0.011905002407729626
        },
        "vehicle_throttle": 0.75,
        "unique_collisions": 2,
        "solid_lane_crosses": 2,
        "double_solid_lane_crosses": 0
    },
    {
        "game_time": 62.86190331587568,
        "vehicle_location": {
            "x": -72.78694915771484,
            "y": 140.44583129882812,
            "z": -0.1463508903980255
        },
        "vehicle_velocity": {
            "x": 3.020925760269165,
            "y": -4.3463311195373535,
            "z": 0.008468394167721272
        },
        "vehicle_throttle": 0.75,
        "unique_collisions": 2,
        "solid_lane_crosses": 2,
        "double_solid_lane_crosses": 0
    },
    {
        "game_time": 63.91413254896179,
        "vehicle_location": {
            "x": -69.02577209472656,
            "y": 137.29705810546875,
            "z": -0.1383020430803299
        },
        "vehicle_velocity": {
            "x": 3.578038454055786,
            "y": -1.1100876331329346,
            "z": -0.020752625539898872
        },
        "vehicle_throttle": 0.75,
        "unique_collisions": 2,
        "solid_lane_crosses": 2,
        "double_solid_lane_crosses": 0
    },
    {
        "game_time": 64.93673744658008,
        "vehicle_location": {
            "x": -65.47743225097656,
            "y": 136.24676513671875,
            "z": -0.16764232516288757
        },
        "vehicle_velocity": {
            "x": 3.887373924255371,
            "y": -0.5279529094696045,
            "z": -0.004055299796164036
        },
        "vehicle_throttle": 0.75,
        "unique_collisions": 2,
        "solid_lane_crosses": 2,
        "double_solid_lane_crosses": 0
    },
    {
        "game_time": 65.95464227395132,
        "vehicle_location": {
            "x": -61.17156982421875,
            "y": 135.68605041503906,
            "z": -0.15601001679897308
        },
        "vehicle_velocity": {
            "x": 3.847320795059204,
            "y": -0.2993955612182617,
            "z": -0.00017471313185524195
        },
        "vehicle_throttle": 0.75,
        "unique_collisions": 2,
        "solid_lane_crosses": 2,
        "double_solid_lane_crosses": 0
    },
    {
        "game_time": 67.01055983128026,
        "vehicle_location": {
            "x": -57.42422103881836,
            "y": 135.4257354736328,
            "z": -0.16907936334609985
        },
        "vehicle_velocity": {
            "x": 3.8276431560516357,
            "y": -0.07898536324501038,
            "z": 3.425597969908267e-05
        },
        "vehicle_throttle": 0.75,
        "unique_collisions": 2,
        "solid_lane_crosses": 2,
        "double_solid_lane_crosses": 0
    },
    {
        "game_time": 68.03096895152703,
        "vehicle_location": {
            "x": -52.97243118286133,
            "y": 135.2399139404297,
            "z": -0.1629633605480194
        },
        "vehicle_velocity": {
            "x": 4.469818592071533,
            "y": -0.17255587875843048,
            "z": -1.0175705028814264e-05
        },
        "vehicle_throttle": 0.0,
        "unique_collisions": 2,
        "solid_lane_crosses": 2,
        "double_solid_lane_crosses": 0
    },
    {
        "game_time": 69.04896156908944,
        "vehicle_location": {
            "x": -49.67778396606445,
            "y": 135.129638671875,
            "z": -0.1584080159664154
        },
        "vehicle_velocity": {
            "x": 2.6404740810394287,
            "y": -0.07962580770254135,
            "z": 0.0002149104984709993
        },
        "vehicle_throttle": 0.75,
        "unique_collisions": 2,
        "solid_lane_crosses": 2,
        "double_solid_lane_crosses": 0
    },
    {
        "game_time": 70.06980113172904,
        "vehicle_location": {
            "x": -47.73007583618164,
            "y": 135.07469177246094,
            "z": -0.14885985851287842
        },
        "vehicle_velocity": {
            "x": 0.7831487059593201,
            "y": -0.02163080684840679,
            "z": -0.0005450820899568498
        },
        "vehicle_throttle": 0.0,
        "unique_collisions": 2,
        "solid_lane_crosses": 2,
        "double_solid_lane_crosses": 0
    },
    {
        "game_time": 71.07484192820266,
        "vehicle_location": {
            "x": -47.46315383911133,
            "y": 135.0670928955078,
            "z": -0.16517338156700134
        },
        "vehicle_velocity": {
            "x": 0.00918913260102272,
            "y": -0.00025495464797131717,
            "z": -0.0001515865296823904
        },
        "vehicle_throttle": 0.75,
        "unique_collisions": 2,
        "solid_lane_crosses": 2,
        "double_solid_lane_crosses": 0
    },
    {
        "game_time": 72.07488891901448,
        "vehicle_location": {
            "x": -47.342586517333984,
            "y": 135.06378173828125,
            "z": -0.16030201315879822
        },
        "vehicle_velocity": {
            "x": 0.0009086902136914432,
            "y": -2.5115408789133653e-05,
            "z": -0.0002088737383019179
        },
        "vehicle_throttle": 0.0,
        "unique_collisions": 2,
        "solid_lane_crosses": 2,
        "double_solid_lane_crosses": 0
    },
    {
        "game_time": 73.08048196369782,
        "vehicle_location": {
            "x": -47.30326461791992,
            "y": 135.0578155517578,
            "z": -0.16188998520374298
        },
        "vehicle_velocity": {
            "x": 0.01137477345764637,
            "y": -0.000559196574613452,
            "z": -0.0002953815273940563
        },
        "vehicle_throttle": 0.75,
        "unique_collisions": 2,
        "solid_lane_crosses": 2,
        "double_solid_lane_crosses": 0
    },
    {
        "game_time": 74.14953466737643,
        "vehicle_location": {
            "x": -47.29850387573242,
            "y": 135.05775451660156,
            "z": -0.16177959740161896
        },
        "vehicle_velocity": {
            "x": 0.0027705549728125334,
            "y": -5.654763299389742e-05,
            "z": 0.00010036944877356291
        },
        "vehicle_throttle": 0.75,
        "unique_collisions": 2,
        "solid_lane_crosses": 2,
        "double_solid_lane_crosses": 0
    },
    {
        "game_time": 75.17540727043524,
        "vehicle_location": {
            "x": -47.29774856567383,
            "y": 135.0577392578125,
            "z": -0.161666601896286
        },
        "vehicle_velocity": {
            "x": -7.946809432723967e-07,
            "y": -9.805449252553444e-08,
            "z": -0.00018436431128066033
        },
        "vehicle_throttle": 0.0,
        "unique_collisions": 2,
        "solid_lane_crosses": 2,
        "double_solid_lane_crosses": 0
    },
    {
        "game_time": 76.20668121473864,
        "vehicle_location": {
            "x": -47.29774856567383,
            "y": 135.0577392578125,
            "z": -0.1616295576095581
        },
        "vehicle_velocity": {
            "x": 2.0227195474120663e-09,
            "y": 8.586727773263192e-09,
            "z": 7.323741738218814e-05
        },
        "vehicle_throttle": 0.0,
        "unique_collisions": 2,
        "solid_lane_crosses": 2,
        "double_solid_lane_crosses": 0
    },
    {
        "game_time": 77.23589086579159,
        "vehicle_location": {
            "x": -47.29774856567383,
            "y": 135.0577392578125,
            "z": -0.16166457533836365
        },
        "vehicle_velocity": {
            "x": -2.054587167066302e-09,
            "y": 1.0243269343845895e-07,
            "z": 1.4352797734318301e-05
        },
        "vehicle_throttle": 0.0,
        "unique_collisions": 2,
        "solid_lane_crosses": 2,
        "double_solid_lane_crosses": 0
    },
    {
        "game_time": 78.25332251237705,
        "vehicle_location": {
            "x": -47.29774856567383,
            "y": 135.0577392578125,
            "z": -0.1616518795490265
        },
        "vehicle_velocity": {
            "x": 4.107182594026426e-09,
            "y": 1.7429355736453545e-08,
            "z": 0.0003321361436974257
        },
        "vehicle_throttle": 0.0,
        "unique_collisions": 2,
        "solid_lane_crosses": 2,
        "double_solid_lane_crosses": 0
    },
    {
        "game_time": 79.31830636085942,
        "vehicle_location": {
            "x": -47.29774856567383,
            "y": 135.0577392578125,
            "z": -0.16166247427463531
        },
        "vehicle_velocity": {
            "x": -1.1134193567130524e-09,
            "y": -2.2725455295358188e-08,
            "z": -0.0002202510804636404
        },
        "vehicle_throttle": 0.0,
        "unique_collisions": 2,
        "solid_lane_crosses": 2,
        "double_solid_lane_crosses": 0
    },
    {
        "game_time": 80.39082436310127,
        "vehicle_location": {
            "x": -47.29774856567383,
            "y": 135.0577392578125,
            "z": -0.16163897514343262
        },
        "vehicle_velocity": {
            "x": -1.6608532327211378e-09,
            "y": 1.2323980058681627e-08,
            "z": 2.2296904717222787e-05
        },
        "vehicle_throttle": 0.0,
        "unique_collisions": 2,
        "solid_lane_crosses": 2,
        "double_solid_lane_crosses": 0
    },
    {
        "game_time": 81.45561525830999,
        "vehicle_location": {
            "x": -47.29774856567383,
            "y": 135.0577392578125,
            "z": -0.161625474691391
        },
        "vehicle_velocity": {
            "x": -9.721309091048624e-09,
            "y": 2.500884122014213e-08,
            "z": -0.00031969070550985634
        },
        "vehicle_throttle": 0.0,
        "unique_collisions": 2,
        "solid_lane_crosses": 2,
        "double_solid_lane_crosses": 0
    },
    {
        "game_time": 82.53495008917525,
        "vehicle_location": {
            "x": -47.29774856567383,
            "y": 135.0577392578125,
            "z": -0.16163963079452515
        },
        "vehicle_velocity": {
            "x": 1.1630569840548333e-09,
            "y": -3.356344535632161e-09,
            "z": -0.0001087093332898803
        },
        "vehicle_throttle": 0.0,
        "unique_collisions": 2,
        "solid_lane_crosses": 2,
        "double_solid_lane_crosses": 0
    },
    {
        "game_time": 83.54366880329326,
        "vehicle_location": {
            "x": -47.29774856567383,
            "y": 135.0577392578125,
            "z": -0.16160926222801208
        },
        "vehicle_velocity": {
            "x": 7.430300374977605e-09,
            "y": 3.7180353018584356e-08,
            "z": 0.00018244265811517835
        },
        "vehicle_throttle": 0.0,
        "unique_collisions": 2,
        "solid_lane_crosses": 2,
        "double_solid_lane_crosses": 0
    },
    {
        "game_time": 84.57721745083109,
        "vehicle_location": {
            "x": -47.29774856567383,
            "y": 135.0577392578125,
            "z": -0.1616687774658203
        },
        "vehicle_velocity": {
            "x": 1.3723033376322746e-08,
            "y": 4.094774741503215e-09,
            "z": -0.0002493095234967768
        },
        "vehicle_throttle": 0.0,
        "unique_collisions": 2,
        "solid_lane_crosses": 2,
        "double_solid_lane_crosses": 0
    },
    {
        "game_time": 85.59637817600742,
        "vehicle_location": {
            "x": -47.29774856567383,
            "y": 135.0577392578125,
            "z": -0.16163784265518188
        },
        "vehicle_velocity": {
            "x": -7.902010601412712e-09,
            "y": -6.160286858403197e-08,
            "z": 3.1442639738088474e-05
        },
        "vehicle_throttle": 0.0,
        "unique_collisions": 2,
        "solid_lane_crosses": 2,
        "double_solid_lane_crosses": 0
    },
    {
        "game_time": 86.62315294565633,
        "vehicle_location": {
            "x": -47.29774856567383,
            "y": 135.0577392578125,
            "z": -0.16163116693496704
        },
        "vehicle_velocity": {
            "x": 3.397281067574198e-10,
            "y": 4.453249768943124e-09,
            "z": -2.9830931453034282e-05
        },
        "vehicle_throttle": 0.0,
        "unique_collisions": 2,
        "solid_lane_crosses": 2,
        "double_solid_lane_crosses": 0
    },
    {
        "game_time": 87.67120876396075,
        "vehicle_location": {
            "x": -47.29774856567383,
            "y": 135.0577392578125,
            "z": -0.16161063313484192
        },
        "vehicle_velocity": {
            "x": 5.641769273978525e-09,
            "y": 2.1186815857276997e-08,
            "z": -0.0002684593200683594
        },
        "vehicle_throttle": 0.0,
        "unique_collisions": 2,
        "solid_lane_crosses": 2,
        "double_solid_lane_crosses": 0
    },
    {
        "game_time": 88.70400143833831,
        "vehicle_location": {
            "x": -47.29774856567383,
            "y": 135.0577392578125,
            "z": -0.16163021326065063
        },
        "vehicle_velocity": {
            "x": 1.0023896296340595e-10,
            "y": -9.446450732752965e-09,
            "z": 0.0003832530928775668
        },
        "vehicle_throttle": 0.0,
        "unique_collisions": 2,
        "solid_lane_crosses": 2,
        "double_solid_lane_crosses": 0
    },
    {
        "game_time": 89.72724267514423,
        "vehicle_location": {
            "x": -47.29774856567383,
            "y": 135.0577392578125,
            "z": -0.16161945462226868
        },
        "vehicle_velocity": {
            "x": -6.4630221174866165e-09,
            "y": 3.5286438215820226e-09,
            "z": 0.0003162384091410786
        },
        "vehicle_throttle": 0.0,
        "unique_collisions": 2,
        "solid_lane_crosses": 2,
        "double_solid_lane_crosses": 0
    },
    {
        "game_time": 90.76065719919279,
        "vehicle_location": {
            "x": -47.29774856567383,
            "y": 135.0577392578125,
            "z": -0.1616377979516983
        },
        "vehicle_velocity": {
            "x": 2.359803741303068e-10,
            "y": -3.309307716747867e-09,
            "z": -0.0003466224588919431
        },
        "vehicle_throttle": 0.0,
        "unique_collisions": 2,
        "solid_lane_crosses": 2,
        "double_solid_lane_crosses": 0
    },
    {
        "game_time": 91.82611409993842,
        "vehicle_location": {
            "x": -47.29774856567383,
            "y": 135.0577392578125,
            "z": -0.16164439916610718
        },
        "vehicle_velocity": {
            "x": -4.061423641843476e-09,
            "y": 3.456042207972132e-08,
            "z": -0.0003969287790823728
        },
        "vehicle_throttle": 0.0,
        "unique_collisions": 2,
        "solid_lane_crosses": 2,
        "double_solid_lane_crosses": 0
    },
    {
        "game_time": 92.8309506108053,
        "vehicle_location": {
            "x": -47.29774856567383,
            "y": 135.0577392578125,
            "z": -0.16163364052772522
        },
        "vehicle_velocity": {
            "x": 6.980428679526085e-09,
            "y": -2.1649096737519358e-08,
            "z": 6.88552827341482e-05
        },
        "vehicle_throttle": 0.0,
        "unique_collisions": 2,
        "solid_lane_crosses": 2,
        "double_solid_lane_crosses": 0
    },
    {
        "game_time": 93.85474442737177,
        "vehicle_location": {
            "x": -47.29774856567383,
            "y": 135.0577392578125,
            "z": -0.16163486242294312
        },
        "vehicle_velocity": {
            "x": 6.6756222771857665e-09,
            "y": 2.584751968015553e-08,
            "z": 4.749298022943549e-05
        },
        "vehicle_throttle": 0.0,
        "unique_collisions": 2,
        "solid_lane_crosses": 2,
        "double_solid_lane_crosses": 0
    },
    {
        "game_time": 94.88341463217512,
        "vehicle_location": {
            "x": -47.29774856567383,
            "y": 135.0577392578125,
            "z": -0.16163818538188934
        },
        "vehicle_velocity": {
            "x": 1.77320402805492e-09,
            "y": 8.952956420671399e-08,
            "z": -1.8186568922828883e-05
        },
        "vehicle_throttle": 0.0,
        "unique_collisions": 2,
        "solid_lane_crosses": 2,
        "double_solid_lane_crosses": 0
    },
    {
        "game_time": 95.92970872903243,
        "vehicle_location": {
            "x": -47.29774856567383,
            "y": 135.0577392578125,
            "z": -0.1616382896900177
        },
        "vehicle_velocity": {
            "x": 8.18729883889091e-09,
            "y": 3.0066452438859415e-08,
            "z": 0.0002694892755243927
        },
        "vehicle_throttle": 0.0,
        "unique_collisions": 2,
        "solid_lane_crosses": 2,
        "double_solid_lane_crosses": 0
    },
    {
        "game_time": 96.9640288152732,
        "vehicle_location": {
            "x": -47.29774856567383,
            "y": 135.0577392578125,
            "z": -0.16163963079452515
        },
        "vehicle_velocity": {
            "x": -6.877596714360834e-09,
            "y": 3.6770856581824773e-08,
            "z": 0.0003445911279413849
        },
        "vehicle_throttle": 0.0,
        "unique_collisions": 2,
        "solid_lane_crosses": 2,
        "double_solid_lane_crosses": 0
    },
    {
        "game_time": 98.0160127566196,
        "vehicle_location": {
            "x": -47.007568359375,
            "y": 135.05177307128906,
            "z": -0.16898590326309204
        },
        "vehicle_velocity": {
            "x": 0.9672503471374512,
            "y": -0.027506960555911064,
            "z": -0.00040508268284611404
        },
        "vehicle_throttle": 0.75,
        "unique_collisions": 2,
        "solid_lane_crosses": 2,
        "double_solid_lane_crosses": 0
    },
    {
        "game_time": 99.07880939776078,
        "vehicle_location": {
            "x": -45.51670455932617,
            "y": 135.01304626464844,
            "z": -0.16772238910198212
        },
        "vehicle_velocity": {
            "x": 2.160135507583618,
            "y": -0.05532898008823395,
            "z": 0.00014228343206923455
        },
        "vehicle_throttle": 0.75,
        "unique_collisions": 2,
        "solid_lane_crosses": 2,
        "double_solid_lane_crosses": 0
    },
    {
        "game_time": 100.15320242615417,
        "vehicle_location": {
            "x": -42.61385726928711,
            "y": 134.94174194335938,
            "z": -0.15581123530864716
        },
        "vehicle_velocity": {
            "x": 2.5677168369293213,
            "y": -0.06234562769532204,
            "z": -0.00012544631317723542
        },
        "vehicle_throttle": 0.75,
        "unique_collisions": 2,
        "solid_lane_crosses": 2,
        "double_solid_lane_crosses": 0
    },
    {
        "game_time": 101.17157041141763,
        "vehicle_location": {
            "x": -39.65900802612305,
            "y": 134.8713836669922,
            "z": -0.16214796900749207
        },
        "vehicle_velocity": {
            "x": 2.8262875080108643,
            "y": -0.06658757477998734,
            "z": -5.230903479969129e-05
        },
        "vehicle_throttle": 0.75,
        "unique_collisions": 2,
        "solid_lane_crosses": 2,
        "double_solid_lane_crosses": 0
    },
    {
        "game_time": 102.17700671078637,
        "vehicle_location": {
            "x": -36.70726776123047,
            "y": 134.80276489257812,
            "z": -0.15727248787879944
        },
        "vehicle_velocity": {
            "x": 2.522474765777588,
            "y": -0.05822497233748436,
            "z": -0.00024397850211244076
        },
        "vehicle_throttle": 0.75,
        "unique_collisions": 2,
        "solid_lane_crosses": 2,
        "double_solid_lane_crosses": 0
    },
    {
        "game_time": 103.23989817360416,
        "vehicle_location": {
            "x": -33.503318786621094,
            "y": 134.72903442382812,
            "z": -0.1683240532875061
        },
        "vehicle_velocity": {
            "x": 3.513061046600342,
            "y": -0.08060922473669052,
            "z": 3.8423539081122726e-05
        },
        "vehicle_throttle": 0.0,
        "unique_collisions": 2,
        "solid_lane_crosses": 2,
        "double_solid_lane_crosses": 0
    },
    {
        "game_time": 104.29357800865546,
        "vehicle_location": {
            "x": -30.173986434936523,
            "y": 134.65306091308594,
            "z": -0.1664646863937378
        },
        "vehicle_velocity": {
            "x": 3.44144344329834,
            "y": -0.07830791175365448,
            "z": 0.00013175010099075735
        },
        "vehicle_throttle": 0.75,
        "unique_collisions": 2,
        "solid_lane_crosses": 2,
        "double_solid_lane_crosses": 0
    },
    {
        "game_time": 105.32407664926723,
        "vehicle_location": {
            "x": -26.0495548248291,
            "y": 134.5592498779297,
            "z": -0.16567569971084595
        },
        "vehicle_velocity": {
            "x": 4.758260250091553,
            "y": -0.10801344364881516,
            "z": -0.0001010894775390625
        },
        "vehicle_throttle": 0.75,
        "unique_collisions": 2,
        "solid_lane_crosses": 2,
        "double_solid_lane_crosses": 0
    },
    {
        "game_time": 106.36038949573413,
        "vehicle_location": {
            "x": -20.53474235534668,
            "y": 134.46368408203125,
            "z": -0.15785212814807892
        },
        "vehicle_velocity": {
            "x": 5.266162395477295,
            "y": 0.10418559610843658,
            "z": 3.1356812542071566e-05
        },
        "vehicle_throttle": 0.75,
        "unique_collisions": 2,
        "solid_lane_crosses": 2,
        "double_solid_lane_crosses": 0
    },
    {
        "game_time": 107.42158884601668,
        "vehicle_location": {
            "x": -16.170719146728516,
            "y": 135.05001831054688,
            "z": -0.1490197777748108
        },
        "vehicle_velocity": {
            "x": 2.411853551864624,
            "y": 1.0668952465057373,
            "z": 0.00010933398880297318
        },
        "vehicle_throttle": 0.0,
        "unique_collisions": 2,
        "solid_lane_crosses": 2,
        "double_solid_lane_crosses": 0
    },
    {
        "game_time": 108.42967737885192,
        "vehicle_location": {
            "x": -15.027410507202148,
            "y": 135.44573974609375,
            "z": -0.15355536341667175
        },
        "vehicle_velocity": {
            "x": -0.001375268679112196,
            "y": -0.0013637595111504197,
            "z": 0.0003734207130037248
        },
        "vehicle_throttle": 0.0,
        "unique_collisions": 2,
        "solid_lane_crosses": 2,
        "double_solid_lane_crosses": 0
    },
    {
        "game_time": 109.48464461835101,
        "vehicle_location": {
            "x": -15.022336959838867,
            "y": 135.44805908203125,
            "z": -0.16322994232177734
        },
        "vehicle_velocity": {
            "x": 0.0015379383694380522,
            "y": 0.0005249576061032712,
            "z": 0.00017240046872757375
        },
        "vehicle_throttle": 0.0,
        "unique_collisions": 2,
        "solid_lane_crosses": 2,
        "double_solid_lane_crosses": 0
    },
    {
        "game_time": 110.48582781525329,
        "vehicle_location": {
            "x": -15.023280143737793,
            "y": 135.44766235351562,
            "z": -0.16153430938720703
        },
        "vehicle_velocity": {
            "x": -1.285934922634624e-05,
            "y": -4.342311058280757e-06,
            "z": 1.2297629837121349e-05
        },
        "vehicle_throttle": 0.0,
        "unique_collisions": 2,
        "solid_lane_crosses": 2,
        "double_solid_lane_crosses": 0
    },
    {
        "game_time": 111.50868775742128,
        "vehicle_location": {
            "x": -15.023207664489746,
            "y": 135.4476776123047,
            "z": -0.1616363823413849
        },
        "vehicle_velocity": {
            "x": -2.4091278305604646e-07,
            "y": -7.813629565589508e-08,
            "z": 7.714748062426224e-05
        },
        "vehicle_throttle": 0.0,
        "unique_collisions": 2,
        "solid_lane_crosses": 2,
        "double_solid_lane_crosses": 0
    },
    {
        "game_time": 112.53654664615169,
        "vehicle_location": {
            "x": -15.023207664489746,
            "y": 135.4476776123047,
            "z": -0.16165900230407715
        },
        "vehicle_velocity": {
            "x": -4.583181334449904e-10,
            "y": 1.380367598002863e-09,
            "z": 1.804828571039252e-05
        },
        "vehicle_throttle": 0.0,
        "unique_collisions": 2,
        "solid_lane_crosses": 2,
        "double_solid_lane_crosses": 0
    },
    {
        "game_time": 113.63288038084283,
        "vehicle_location": {
            "x": -15.023207664489746,
            "y": 135.4476776123047,
            "z": -0.16162650287151337
        },
        "vehicle_velocity": {
            "x": -5.538687286588129e-09,
            "y": 1.904478530434517e-08,
            "z": 0.0004991817404516041
        },
        "vehicle_throttle": 0.0,
        "unique_collisions": 2,
        "solid_lane_crosses": 2,
        "double_solid_lane_crosses": 0
    },
    {
        "game_time": 114.63721683481708,
        "vehicle_location": {
            "x": -15.023207664489746,
            "y": 135.4476776123047,
            "z": -0.16168509423732758
        },
        "vehicle_velocity": {
            "x": -6.870054303220741e-09,
            "y": 1.5958962151785272e-08,
            "z": -0.0006686401320621371
        },
        "vehicle_throttle": 0.0,
        "unique_collisions": 2,
        "solid_lane_crosses": 2,
        "double_solid_lane_crosses": 0
    },
    {
        "game_time": 115.67673073755577,
        "vehicle_location": {
            "x": -15.023207664489746,
            "y": 135.4476776123047,
            "z": -0.16165435314178467
        },
        "vehicle_velocity": {
            "x": -1.8521026490248005e-08,
            "y": 4.6177600410146624e-08,
            "z": -0.00038424492231570184
        },
        "vehicle_throttle": 0.0,
        "unique_collisions": 2,
        "solid_lane_crosses": 2,
        "double_solid_lane_crosses": 0
    },
    {
        "game_time": 116.7147293635644,
        "vehicle_location": {
            "x": -15.023207664489746,
            "y": 135.4476776123047,
            "z": -0.16167186200618744
        },
        "vehicle_velocity": {
            "x": 1.132154192617918e-08,
            "y": -1.3468617332534905e-08,
            "z": -0.0007169246673583984
        },
        "vehicle_throttle": 0.0,
        "unique_collisions": 2,
        "solid_lane_crosses": 2,
        "double_solid_lane_crosses": 0
    },
    {
        "game_time": 117.75793385552242,
        "vehicle_location": {
            "x": -15.023207664489746,
            "y": 135.4476776123047,
            "z": -0.16165122389793396
        },
        "vehicle_velocity": {
            "x": -2.6131103947335532e-09,
            "y": 2.0692249691478537e-08,
            "z": 0.00016236305236816406
        },
        "vehicle_throttle": 0.0,
        "unique_collisions": 2,
        "solid_lane_crosses": 2,
        "double_solid_lane_crosses": 0
    },
    {
        "game_time": 118.80616668658331,
        "vehicle_location": {
            "x": -15.023207664489746,
            "y": 135.4476776123047,
            "z": -0.1616193801164627
        },
        "vehicle_velocity": {
            "x": -4.324142821587884e-09,
            "y": 7.822269054713615e-09,
            "z": 3.149986150674522e-05
        },
        "vehicle_throttle": 0.0,
        "unique_collisions": 2,
        "solid_lane_crosses": 2,
        "double_solid_lane_crosses": 0
    },
    {
        "game_time": 119.84733736189082,
        "vehicle_location": {
            "x": -15.023207664489746,
            "y": 135.4476776123047,
            "z": -0.16168174147605896
        },
        "vehicle_velocity": {
            "x": -1.8609235041822103e-08,
            "y": 4.4302964852249715e-08,
            "z": -8.293151768157259e-05
        },
        "vehicle_throttle": 0.0,
        "unique_collisions": 2,
        "solid_lane_crosses": 2,
        "double_solid_lane_crosses": 0
    },
    {
        "game_time": 120.89991927193478,
        "vehicle_location": {
            "x": -15.023207664489746,
            "y": 135.4476776123047,
            "z": -0.16162268817424774
        },
        "vehicle_velocity": {
            "x": 6.9623840026622474e-09,
            "y": -1.6810263403499448e-08,
            "z": -5.8679579524323344e-05
        },
        "vehicle_throttle": 0.0,
        "unique_collisions": 2,
        "solid_lane_crosses": 2,
        "double_solid_lane_crosses": 0
    },
    {
        "game_time": 121.95870946766809,
        "vehicle_location": {
            "x": -15.023207664489746,
            "y": 135.4476776123047,
            "z": -0.16166724264621735
        },
        "vehicle_velocity": {
            "x": 7.867249074422489e-09,
            "y": -1.442414720997931e-08,
            "z": -0.00027276991750113666
        },
        "vehicle_throttle": 0.0,
        "unique_collisions": 2,
        "solid_lane_crosses": 2,
        "double_solid_lane_crosses": 0
    },
    {
        "game_time": 123.03298912430182,
        "vehicle_location": {
            "x": -15.023207664489746,
            "y": 135.4476776123047,
            "z": -0.16164466738700867
        },
        "vehicle_velocity": {
            "x": 9.469606432332967e-09,
            "y": -3.124364411632996e-08,
            "z": -9.743690316099674e-05
        },
        "vehicle_throttle": 0.0,
        "unique_collisions": 2,
        "solid_lane_crosses": 2,
        "double_solid_lane_crosses": 0
    },
    {
        "game_time": 124.08691391767934,
        "vehicle_location": {
            "x": -15.023207664489746,
            "y": 135.4476776123047,
            "z": -0.16158202290534973
        },
        "vehicle_velocity": {
            "x": 3.179019270049821e-09,
            "y": -8.016945329814007e-09,
            "z": -8.850097401591484e-06
        },
        "vehicle_throttle": 0.0,
        "unique_collisions": 2,
        "solid_lane_crosses": 2,
        "double_solid_lane_crosses": 0
    },
    {
        "game_time": 125.14725502254441,
        "vehicle_location": {
            "x": -15.023207664489746,
            "y": 135.4476776123047,
            "z": -0.1616247594356537
        },
        "vehicle_velocity": {
            "x": -3.7047163115033754e-09,
            "y": 3.090622868739956e-08,
            "z": -0.0003019142022822052
        },
        "vehicle_throttle": 0.0,
        "unique_collisions": 2,
        "solid_lane_crosses": 2,
        "double_solid_lane_crosses": 0
    },
    {
        "game_time": 126.17243149736896,
        "vehicle_location": {
            "x": -15.023207664489746,
            "y": 135.4476776123047,
            "z": -0.1616392880678177
        },
        "vehicle_velocity": {
            "x": -1.2577631380850107e-08,
            "y": 6.186873235947132e-08,
            "z": 0.00017574310186319053
        },
        "vehicle_throttle": 0.0,
        "unique_collisions": 2,
        "solid_lane_crosses": 2,
        "double_solid_lane_crosses": 0
    },
    {
        "game_time": 127.17983775259927,
        "vehicle_location": {
            "x": -15.023207664489746,
            "y": 135.4476776123047,
            "z": -0.16169078648090363
        },
        "vehicle_velocity": {
            "x": 6.121488205224068e-09,
            "y": -2.0440586112613346e-08,
            "z": -0.00024213790311478078
        },
        "vehicle_throttle": 0.0,
        "unique_collisions": 2,
        "solid_lane_crosses": 2,
        "double_solid_lane_crosses": 0
    },
    {
        "game_time": 128.19192216033116,
        "vehicle_location": {
            "x": -15.023207664489746,
            "y": 135.4476776123047,
            "z": -0.16167323291301727
        },
        "vehicle_velocity": {
            "x": 9.241489351552445e-09,
            "y": -2.1107865677549853e-08,
            "z": -0.00024309157743118703
        },
        "vehicle_throttle": 0.0,
        "unique_collisions": 2,
        "solid_lane_crosses": 2,
        "double_solid_lane_crosses": 0
    },
    {
        "game_time": 129.23793073976412,
        "vehicle_location": {
            "x": -15.023207664489746,
            "y": 135.4476776123047,
            "z": -0.16163207590579987
        },
        "vehicle_velocity": {
            "x": -5.174713990641067e-09,
            "y": 3.1325344540533706e-09,
            "z": -0.00011104583245469257
        },
        "vehicle_throttle": 0.0,
        "unique_collisions": 2,
        "solid_lane_crosses": 2,
        "double_solid_lane_crosses": 0
    },
    {
        "game_time": 130.24338459828869,
        "vehicle_location": {
            "x": -15.023207664489746,
            "y": 135.4476776123047,
            "z": -0.16164302825927734
        },
        "vehicle_velocity": {
            "x": 8.885336910680053e-09,
            "y": -4.586262392081153e-08,
            "z": -0.0003314113419037312
        },
        "vehicle_throttle": 0.0,
        "unique_collisions": 2,
        "solid_lane_crosses": 2,
        "double_solid_lane_crosses": 0
    },
    {
        "game_time": 131.2781110596843,
        "vehicle_location": {
            "x": -15.023207664489746,
            "y": 135.4476776123047,
            "z": -0.16163989901542664
        },
        "vehicle_velocity": {
            "x": 4.558284860678441e-09,
            "y": -3.282694649442419e-08,
            "z": -0.00016202926053665578
        },
        "vehicle_throttle": 0.0,
        "unique_collisions": 2,
        "solid_lane_crosses": 2,
        "double_solid_lane_crosses": 0
    },
    {
        "game_time": 132.34857966238633,
        "vehicle_location": {
            "x": -15.023207664489746,
            "y": 135.4476776123047,
            "z": -0.16166602075099945
        },
        "vehicle_velocity": {
            "x": -1.3766765505351941e-08,
            "y": 6.738562063901554e-08,
            "z": -5.949497062829323e-05
        },
        "vehicle_throttle": 0.0,
        "unique_collisions": 2,
        "solid_lane_crosses": 2,
        "double_solid_lane_crosses": 0
    },
    {
        "game_time": 133.4093615473248,
        "vehicle_location": {
            "x": -15.023207664489746,
            "y": 135.4476776123047,
            "z": -0.16160884499549866
        },
        "vehicle_velocity": {
            "x": -1.425104145802436e-09,
            "y": 3.437670059724951e-08,
            "z": 0.00018588064995128661
        },
        "vehicle_throttle": 0.0,
        "unique_collisions": 2,
        "solid_lane_crosses": 2,
        "double_solid_lane_crosses": 0
    },
    {
        "game_time": 134.47977676102892,
        "vehicle_location": {
            "x": -15.023207664489746,
            "y": 135.4476776123047,
            "z": -0.1616111695766449
        },
        "vehicle_velocity": {
            "x": 1.2703879725961542e-08,
            "y": -6.525996099071563e-08,
            "z": 0.00012343405978754163
        },
        "vehicle_throttle": 0.0,
        "unique_collisions": 2,
        "solid_lane_crosses": 2,
        "double_solid_lane_crosses": 0
    },
    {
        "game_time": 135.53179293731228,
        "vehicle_location": {
            "x": -15.023207664489746,
            "y": 135.4476776123047,
            "z": -0.1616339087486267
        },
        "vehicle_velocity": {
            "x": -2.1443975484203293e-08,
            "y": 4.481600157646426e-08,
            "z": 0.0004092788731213659
        },
        "vehicle_throttle": 0.0,
        "unique_collisions": 2,
        "solid_lane_crosses": 2,
        "double_solid_lane_crosses": 0
    },
    {
        "game_time": 136.5619668099098,
        "vehicle_location": {
            "x": -15.023207664489746,
            "y": 135.4476776123047,
            "z": -0.16167357563972473
        },
        "vehicle_velocity": {
            "x": -1.0127548577543166e-08,
            "y": 2.000740551011404e-08,
            "z": -0.000238513937802054
        },
        "vehicle_throttle": 0.0,
        "unique_collisions": 2,
        "solid_lane_crosses": 2,
        "double_solid_lane_crosses": 0
    },
    {
        "game_time": 137.63484401395544,
        "vehicle_location": {
            "x": -15.023207664489746,
            "y": 135.4476776123047,
            "z": -0.1616651564836502
        },
        "vehicle_velocity": {
            "x": 6.251520190403426e-09,
            "y": -1.580684916291375e-08,
            "z": -2.8696060326183215e-05
        },
        "vehicle_throttle": 0.0,
        "unique_collisions": 2,
        "solid_lane_crosses": 2,
        "double_solid_lane_crosses": 0
    },
    {
        "game_time": 138.68607075465843,
        "vehicle_location": {
            "x": -15.023207664489746,
            "y": 135.4476776123047,
            "z": -0.1616397500038147
        },
        "vehicle_velocity": {
            "x": -5.398061109218588e-09,
            "y": 8.946676288701383e-09,
            "z": -4.841804548050277e-05
        },
        "vehicle_throttle": 0.0,
        "unique_collisions": 2,
        "solid_lane_crosses": 2,
        "double_solid_lane_crosses": 0
    },
    {
        "game_time": 139.73225907003507,
        "vehicle_location": {
            "x": -15.023207664489746,
            "y": 135.4476776123047,
            "z": -0.16160926222801208
        },
        "vehicle_velocity": {
            "x": 8.656360961367682e-09,
            "y": -5.8898731225554e-08,
            "z": 0.00021889209165237844
        },
        "vehicle_throttle": 0.0,
        "unique_collisions": 2,
        "solid_lane_crosses": 2,
        "double_solid_lane_crosses": 0
    },
    {
        "game_time": 140.75093335052952,
        "vehicle_location": {
            "x": -15.023207664489746,
            "y": 135.4476776123047,
            "z": -0.1616138368844986
        },
        "vehicle_velocity": {
            "x": -4.083349214312193e-09,
            "y": 2.474144800146405e-08,
            "z": -0.00030600547324866056
        },
        "vehicle_throttle": 0.0,
        "unique_collisions": 2,
        "solid_lane_crosses": 2,
        "double_solid_lane_crosses": 0
    },
    {
        "game_time": 141.7938919714652,
        "vehicle_location": {
            "x": -15.023207664489746,
            "y": 135.4476776123047,
            "z": -0.1616387516260147
        },
        "vehicle_velocity": {
            "x": 0.0,
            "y": 0.0,
            "z": 0.0
        },
        "vehicle_throttle": 0.0,
        "unique_collisions": 2,
        "solid_lane_crosses": 2,
        "double_solid_lane_crosses": 0
    },
    {
        "game_time": 142.7998314476572,
        "vehicle_location": {
            "x": -15.023207664489746,
            "y": 135.4476776123047,
            "z": -0.16162684559822083
        },
        "vehicle_velocity": {
            "x": -9.44711597838932e-09,
            "y": 1.5732560143533192e-08,
            "z": 0.00013694762310478836
        },
        "vehicle_throttle": 0.0,
        "unique_collisions": 2,
        "solid_lane_crosses": 2,
        "double_solid_lane_crosses": 0
    },
    {
        "game_time": 143.80211129924282,
        "vehicle_location": {
            "x": -15.023207664489746,
            "y": 135.4476776123047,
            "z": -0.1616741567850113
        },
        "vehicle_velocity": {
            "x": 1.2767515933376217e-08,
            "y": -5.9376350947104584e-08,
            "z": 0.0005710410769097507
        },
        "vehicle_throttle": 0.0,
        "unique_collisions": 2,
        "solid_lane_crosses": 2,
        "double_solid_lane_crosses": 0
    },
    {
        "game_time": 144.86748951626942,
        "vehicle_location": {
            "x": -15.023207664489746,
            "y": 135.4476776123047,
            "z": -0.16155757009983063
        },
        "vehicle_velocity": {
            "x": 7.415964287105226e-09,
            "y": -3.87210867813792e-08,
            "z": 0.00018033980450127274
        },
        "vehicle_throttle": 0.0,
        "unique_collisions": 2,
        "solid_lane_crosses": 2,
        "double_solid_lane_crosses": 0
    },
    {
        "game_time": 145.9017007309012,
        "vehicle_location": {
            "x": -15.023207664489746,
            "y": 135.4476776123047,
            "z": -0.1616733968257904
        },
        "vehicle_velocity": {
            "x": 8.097504000659228e-09,
            "y": -5.052701013141814e-08,
            "z": -2.0952224076609127e-05
        },
        "vehicle_throttle": 0.0,
        "unique_collisions": 2,
        "solid_lane_crosses": 2,
        "double_solid_lane_crosses": 0
    },
    {
        "game_time": 146.94644789537415,
        "vehicle_location": {
            "x": -15.023207664489746,
            "y": 135.4476776123047,
            "z": -0.1616131216287613
        },
        "vehicle_velocity": {
            "x": -2.6041475642557543e-09,
            "y": 8.204706247738613e-09,
            "z": 0.00035923480754718184
        },
        "vehicle_throttle": 0.0,
        "unique_collisions": 2,
        "solid_lane_crosses": 2,
        "double_solid_lane_crosses": 0
    },
    {
        "game_time": 148.03044611541554,
        "vehicle_location": {
            "x": -15.023207664489746,
            "y": 135.4476776123047,
            "z": -0.16166315972805023
        },
        "vehicle_velocity": {
            "x": 1.0801639582780354e-09,
            "y": 2.0749929774410703e-08,
            "z": -0.0003625774406827986
        },
        "vehicle_throttle": 0.0,
        "unique_collisions": 2,
        "solid_lane_crosses": 2,
        "double_solid_lane_crosses": 0
    },
    {
        "game_time": 149.05428349366412,
        "vehicle_location": {
            "x": -15.023207664489746,
            "y": 135.4476776123047,
            "z": -0.16158275306224823
        },
        "vehicle_velocity": {
            "x": 8.6954639044734e-09,
            "y": -4.226157201969727e-08,
            "z": 0.00015069484652485698
        },
        "vehicle_throttle": 0.0,
        "unique_collisions": 2,
        "solid_lane_crosses": 2,
        "double_solid_lane_crosses": 0
    },
    {
        "game_time": 150.08234632899985,
        "vehicle_location": {
            "x": -15.023207664489746,
            "y": 135.4476776123047,
            "z": -0.161619633436203
        },
        "vehicle_velocity": {
            "x": 2.888668748646239e-10,
            "y": 2.4792916164528833e-08,
            "z": -7.203101995401084e-05
        },
        "vehicle_throttle": 0.0,
        "unique_collisions": 2,
        "solid_lane_crosses": 2,
        "double_solid_lane_crosses": 0
    },
    {
        "game_time": 151.12955250171944,
        "vehicle_location": {
            "x": -15.023207664489746,
            "y": 135.4476776123047,
            "z": -0.16164980828762054
        },
        "vehicle_velocity": {
            "x": 5.008387482519083e-09,
            "y": -8.106900928339655e-09,
            "z": -0.0003985977091360837
        },
        "vehicle_throttle": 0.0,
        "unique_collisions": 2,
        "solid_lane_crosses": 2,
        "double_solid_lane_crosses": 0
    },
    {
        "game_time": 152.15208344860002,
        "vehicle_location": {
            "x": -15.023207664489746,
            "y": 135.4476776123047,
            "z": -0.16157348453998566
        },
        "vehicle_velocity": {
            "x": 6.483129588730208e-10,
            "y": 2.1217589463162767e-08,
            "z": 5.6991575547726825e-05
        },
        "vehicle_throttle": 0.0,
        "unique_collisions": 2,
        "solid_lane_crosses": 2,
        "double_solid_lane_crosses": 0
    },
    {
        "game_time": 153.19347010506317,
        "vehicle_location": {
            "x": -15.023207664489746,
            "y": 135.4476776123047,
            "z": -0.16163887083530426
        },
        "vehicle_velocity": {
            "x": 1.35345041840651e-08,
            "y": -5.417506798721661e-08,
            "z": -0.00023365973902400583
        },
        "vehicle_throttle": 0.0,
        "unique_collisions": 2,
        "solid_lane_crosses": 2,
        "double_solid_lane_crosses": 0
    },
    {
        "game_time": 154.2377400654368,
        "vehicle_location": {
            "x": -14.757430076599121,
            "y": 135.54942321777344,
            "z": -0.16928218305110931
        },
        "vehicle_velocity": {
            "x": 0.9010929465293884,
            "y": 0.36917558312416077,
            "z": -0.0003853988600894809
        },
        "vehicle_throttle": 0.75,
        "unique_collisions": 2,
        "solid_lane_crosses": 2,
        "double_solid_lane_crosses": 0
    },
    {
        "game_time": 155.2437559827231,
        "vehicle_location": {
            "x": -13.274015426635742,
            "y": 136.5310821533203,
            "z": -0.1652136892080307
        },
        "vehicle_velocity": {
            "x": 1.686423659324646,
            "y": 1.9650427103042603,
            "z": -0.0007841205224394798
        },
        "vehicle_throttle": 0.75,
        "unique_collisions": 2,
        "solid_lane_crosses": 2,
        "double_solid_lane_crosses": 0
    },
    {
        "game_time": 156.27656297152862,
        "vehicle_location": {
            "x": -11.359673500061035,
            "y": 139.14393615722656,
            "z": -0.16421709954738617
        },
        "vehicle_velocity": {
            "x": 1.2761216163635254,
            "y": 3.58158540725708,
            "z": 0.0005463886191137135
        },
        "vehicle_throttle": 0.75,
        "unique_collisions": 2,
        "solid_lane_crosses": 2,
        "double_solid_lane_crosses": 0
    },
    {
        "game_time": 157.28589791385457,
        "vehicle_location": {
            "x": -10.231810569763184,
            "y": 143.4340362548828,
            "z": -0.16868633031845093
        },
        "vehicle_velocity": {
            "x": 0.7416570782661438,
            "y": 5.196743011474609,
            "z": 0.0007236194214783609
        },
        "vehicle_throttle": 0.75,
        "unique_collisions": 2,
        "solid_lane_crosses": 2,
        "double_solid_lane_crosses": 0
    },
    {
        "game_time": 158.30986160924658,
        "vehicle_location": {
            "x": -9.69853687286377,
            "y": 148.94065856933594,
            "z": -0.15826858580112457
        },
        "vehicle_velocity": {
            "x": 0.23017102479934692,
            "y": 5.435640811920166,
            "z": 4.594802885549143e-05
        },
        "vehicle_throttle": 0.5842658281326294,
        "unique_collisions": 2,
        "solid_lane_crosses": 2,
        "double_solid_lane_crosses": 0
    },
    {
        "game_time": 159.31074783345684,
        "vehicle_location": {
            "x": -9.486169815063477,
            "y": 154.38951110839844,
            "z": -0.1617584228515625
        },
        "vehicle_velocity": {
            "x": 0.14220046997070312,
            "y": 5.476126194000244,
            "z": 5.4931638260313775e-06
        },
        "vehicle_throttle": 0.265058696269989,
        "unique_collisions": 2,
        "solid_lane_crosses": 2,
        "double_solid_lane_crosses": 0
    },
    {
        "game_time": 160.3164318553172,
        "vehicle_location": {
            "x": -9.383073806762695,
            "y": 159.84873962402344,
            "z": -0.16180141270160675
        },
        "vehicle_velocity": {
            "x": 0.07452700287103653,
            "y": 5.410502910614014,
            "z": 6.19888282926695e-07
        },
        "vehicle_throttle": 0.5067787170410156,
        "unique_collisions": 2,
        "solid_lane_crosses": 2,
        "double_solid_lane_crosses": 0
    },
    {
        "game_time": 161.3719716235064,
        "vehicle_location": {
            "x": -9.31661319732666,
            "y": 165.57772827148438,
            "z": -0.16143256425857544
        },
        "vehicle_velocity": {
            "x": 0.044950347393751144,
            "y": 5.434608459472656,
            "z": 1.6403197378167533e-06
        },
        "vehicle_throttle": 0.4627135097980499,
        "unique_collisions": 2,
        "solid_lane_crosses": 2,
        "double_solid_lane_crosses": 0
    },
    {
        "game_time": 162.40233964147046,
        "vehicle_location": {
            "x": -9.268434524536133,
            "y": 171.17474365234375,
            "z": -0.16157326102256775
        },
        "vehicle_velocity": {
            "x": 0.042341865599155426,
            "y": 5.430980682373047,
            "z": 4.0054320038507285e-07
        },
        "vehicle_throttle": 0.45310038328170776,
        "unique_collisions": 2,
        "solid_lane_crosses": 2,
        "double_solid_lane_crosses": 0
    },
    {
        "game_time": 163.46098226541653,
        "vehicle_location": {
            "x": -9.227115631103516,
            "y": 176.92312622070312,
            "z": -0.16152557730674744
        },
        "vehicle_velocity": {
            "x": 0.03691082447767258,
            "y": 5.429675102233887,
            "z": -1.6307830037476378e-06
        },
        "vehicle_throttle": 0.46583622694015503,
        "unique_collisions": 2,
        "solid_lane_crosses": 2,
        "double_solid_lane_crosses": 0
    },
    {
        "game_time": 164.50180044258013,
        "vehicle_location": {
            "x": -9.19875431060791,
            "y": 182.57464599609375,
            "z": -0.1615116149187088
        },
        "vehicle_velocity": {
            "x": -0.0016781343147158623,
            "y": 5.4290947914123535,
            "z": 3.52859501617786e-07
        },
        "vehicle_throttle": 0.4724133610725403,
        "unique_collisions": 2,
        "solid_lane_crosses": 2,
        "double_solid_lane_crosses": 0
    },
    {
        "game_time": 165.53694562101737,
        "vehicle_location": {
            "x": -9.673531532287598,
            "y": 188.14259338378906,
            "z": -0.16084419190883636
        },
        "vehicle_velocity": {
            "x": -1.635494351387024,
            "y": 5.116994857788086,
            "z": -0.0003666257834993303
        },
        "vehicle_throttle": 0.5827447175979614,
        "unique_collisions": 2,
        "solid_lane_crosses": 2,
        "double_solid_lane_crosses": 0
    },
    {
        "game_time": 166.58517156587914,
        "vehicle_location": {
            "x": -12.902443885803223,
            "y": 191.7964630126953,
            "z": -0.1543208211660385
        },
        "vehicle_velocity": {
            "x": -5.071547508239746,
            "y": 1.119979977607727,
            "z": 0.0012204742524772882
        },
        "vehicle_throttle": 0.75,
        "unique_collisions": 2,
        "solid_lane_crosses": 2,
        "double_solid_lane_crosses": 0
    },
    {
        "game_time": 167.60254696989432,
        "vehicle_location": {
            "x": -18.141321182250977,
            "y": 193.3825225830078,
            "z": -0.15912841260433197
        },
        "vehicle_velocity": {
            "x": -5.185991287231445,
            "y": 1.588936686515808,
            "z": 0.00024085043696686625
        },
        "vehicle_throttle": 0.6947901248931885,
        "unique_collisions": 2,
        "solid_lane_crosses": 2,
        "double_solid_lane_crosses": 0
    },
    {
        "game_time": 168.6075492282398,
        "vehicle_location": {
            "x": -23.38097381591797,
            "y": 194.9702911376953,
            "z": -0.16211257874965668
        },
        "vehicle_velocity": {
            "x": -5.244384765625,
            "y": 1.5965267419815063,
            "z": 3.4046172459056834e-06
        },
        "vehicle_throttle": 0.26101264357566833,
        "unique_collisions": 2,
        "solid_lane_crosses": 2,
        "double_solid_lane_crosses": 0
    },
    {
        "game_time": 169.65128465229645,
        "vehicle_location": {
            "x": -28.87724494934082,
            "y": 196.32095336914062,
            "z": -0.16197627782821655
        },
        "vehicle_velocity": {
            "x": -5.329919815063477,
            "y": 0.9744454026222229,
            "z": 0.00015466689364984632
        },
        "vehicle_throttle": 0.3978002965450287,
        "unique_collisions": 2,
        "solid_lane_crosses": 2,
        "double_solid_lane_crosses": 0
    }
]