[
    {
        "game_time": 8.462412674445659,
        "vehicle_location": {
            "x": -32.469539642333984,
            "y": 193.97015380859375,
            "z": -0.23889777064323425
        },
        "vehicle_velocity": {
            "x": 2.4713401794433594,
            "y": 1.858565330505371,
            "z": -0.0008350658463314176
        },
        "vehicle_throttle": 0.75,
        "unique_collisions": 0,
        "solid_lane_crosses": 0,
        "double_solid_lane_crosses": 0
    },
    {
        "game_time": 9.499033580999821,
        "vehicle_location": {
            "x": -30.679832458496094,
            "y": 196.22767639160156,
            "z": -0.2287747859954834
        },
        "vehicle_velocity": {
            "x": 0.8243709206581116,
            "y": 1.9686254262924194,
            "z": 0.0015042260056361556
        },
        "vehicle_throttle": 0.0,
        "unique_collisions": 1,
        "solid_lane_crosses": 0,
        "double_solid_lane_crosses": 0
    },
    {
        "game_time": 10.512350492645055,
        "vehicle_location": {
            "x": -30.572214126586914,
            "y": 196.61302185058594,
            "z": -0.23583537340164185
        },
        "vehicle_velocity": {
            "x": -0.0018180636689066887,
            "y": -0.0013303442392498255,
            "z": 0.004103639628738165
        },
        "vehicle_throttle": 0.0,
        "unique_collisions": 1,
        "solid_lane_crosses": 0,
        "double_solid_lane_crosses": 0
    },
    {
        "game_time": 11.575809761416167,
        "vehicle_location": {
            "x": -30.572078704833984,
            "y": 196.6121826171875,
            "z": -0.23535315692424774
        },
        "vehicle_velocity": {
            "x": -0.0010921602370217443,
            "y": -0.0009274777839891613,
            "z": -0.0008094507502391934
        },
        "vehicle_throttle": 0.0,
        "unique_collisions": 1,
        "solid_lane_crosses": 0,
        "double_solid_lane_crosses": 0
    },
    {
        "game_time": 12.624318790156394,
        "vehicle_location": {
            "x": -30.574525833129883,
            "y": 196.61302185058594,
            "z": -0.2352825105190277
        },
        "vehicle_velocity": {
            "x": -0.000979116652160883,
            "y": -0.0009956287685781717,
            "z": -1.1612027265073266e-05
        },
        "vehicle_throttle": 0.0,
        "unique_collisions": 1,
        "solid_lane_crosses": 0,
        "double_solid_lane_crosses": 0
    },
    {
        "game_time": 13.673817373346537,
        "vehicle_location": {
            "x": -30.574981689453125,
            "y": 196.61280822753906,
            "z": -0.23542705178260803
        },
        "vehicle_velocity": {
            "x": -4.8854890337679535e-05,
            "y": -0.0014267300721257925,
            "z": -0.0003739982785191387
        },
        "vehicle_throttle": 0.0,
        "unique_collisions": 1,
        "solid_lane_crosses": 0,
        "double_solid_lane_crosses": 0
    },
    {
        "game_time": 14.692110429983586,
        "vehicle_location": {
            "x": -30.576400756835938,
            "y": 196.61314392089844,
            "z": -0.23528610169887543
        },
        "vehicle_velocity": {
            "x": -0.0010719078127294779,
            "y": -0.001034364802762866,
            "z": 0.00014736979210283607
        },
        "vehicle_throttle": 0.0,
        "unique_collisions": 1,
        "solid_lane_crosses": 0,
        "double_solid_lane_crosses": 0
    },
    {
        "game_time": 15.730556536000222,
        "vehicle_location": {
            "x": -30.5771427154541,
            "y": 196.61317443847656,
            "z": -0.235319584608078
        },
        "vehicle_velocity": {
            "x": -0.001065894146449864,
            "y": -0.000964486738666892,
            "z": 0.00035103692789562047
        },
        "vehicle_throttle": 0.0,
        "unique_collisions": 1,
        "solid_lane_crosses": 0,
        "double_solid_lane_crosses": 0
    },
    {
        "game_time": 16.789004005026072,
        "vehicle_location": {
            "x": -30.57794761657715,
            "y": 196.6132354736328,
            "z": -0.2353074997663498
        },
        "vehicle_velocity": {
            "x": -0.0010302459122613072,
            "y": -0.0008716145530343056,
            "z": 0.00028044625651091337
        },
        "vehicle_throttle": 0.0,
        "unique_collisions": 1,
        "solid_lane_crosses": 0,
        "double_solid_lane_crosses": 0
    },
    {
        "game_time": 17.85440385295078,
        "vehicle_location": {
            "x": -30.578752517700195,
            "y": 196.61329650878906,
            "z": -0.23533137142658234
        },
        "vehicle_velocity": {
            "x": -0.0008148080669343472,
            "y": -0.0008658021688461304,
            "z": -0.000260770320892334
        },
        "vehicle_throttle": 0.0,
        "unique_collisions": 1,
        "solid_lane_crosses": 0,
        "double_solid_lane_crosses": 0
    },
    {
        "game_time": 18.880193514283746,
        "vehicle_location": {
            "x": -30.57906150817871,
            "y": 196.6130828857422,
            "z": -0.23544837534427643
        },
        "vehicle_velocity": {
            "x": -0.0007342129247263074,
            "y": -0.00122527324128896,
            "z": 1.974254882952664e-05
        },
        "vehicle_throttle": 0.0,
        "unique_collisions": 1,
        "solid_lane_crosses": 0,
        "double_solid_lane_crosses": 0
    },
    {
        "game_time": 19.953943356405944,
        "vehicle_location": {
            "x": -30.58013343811035,
            "y": 196.6132354736328,
            "z": -0.23537494242191315
        },
        "vehicle_velocity": {
            "x": -0.0009267833665944636,
            "y": -0.0010741169098764658,
            "z": -6.115942960605025e-05
        },
        "vehicle_throttle": 0.0,
        "unique_collisions": 1,
        "solid_lane_crosses": 0,
        "double_solid_lane_crosses": 0
    },
    {
        "game_time": 21.018392022233456,
        "vehicle_location": {
            "x": -30.58104133605957,
            "y": 196.61331176757812,
            "z": -0.23537570238113403
        },
        "vehicle_velocity": {
            "x": 0.00021966754866298288,
            "y": -0.0010517033515498042,
            "z": -0.0012266271514818072
        },
        "vehicle_throttle": 0.0,
        "unique_collisions": 1,
        "solid_lane_crosses": 0,
        "double_solid_lane_crosses": 0
    }
]