[
    {
        "game_time": 5.868330823723227,
        "vehicle_location": {
            "x": -143.5327911376953,
            "y": -89.65117645263672,
            "z": -0.040221136063337326
        },
        "vehicle_velocity": {
            "x": 0.9804373979568481,
            "y": -0.8240970969200134,
            "z": 0.0001713657402433455
        },
        "vehicle_throttle": 0.75,
        "unique_collisions": 0,
        "solid_lane_crosses": 0,
        "double_solid_lane_crosses": 0
    },
    {
        "game_time": 6.9146238272078335,
        "vehicle_location": {
            "x": -142.2509307861328,
            "y": -91.07646942138672,
            "z": -0.03476875275373459
        },
        "vehicle_velocity": {
            "x": 0.4466761648654938,
            "y": -1.0558611154556274,
            "z": 0.00047177314991131425
        },
        "vehicle_throttle": 0.0,
        "unique_collisions": 0,
        "solid_lane_crosses": 1,
        "double_solid_lane_crosses": 0
    },
    {
        "game_time": 7.969400998670608,
        "vehicle_location": {
            "x": -141.45494079589844,
            "y": -92.45682525634766,
            "z": -0.0360974483191967
        },
        "vehicle_velocity": {
            "x": 0.6647804379463196,
            "y": -1.2169513702392578,
            "z": -0.0009665965917520225
        },
        "vehicle_throttle": 0.0,
        "unique_collisions": 0,
        "solid_lane_crosses": 1,
        "double_solid_lane_crosses": 0
    },
    {
        "game_time": 8.975106759462506,
        "vehicle_location": {
            "x": -140.8063507080078,
            "y": -93.40377044677734,
            "z": -0.0393349826335907
        },
        "vehicle_velocity": {
            "x": 1.27450692653656,
            "y": -1.486437439918518,
            "z": 4.7969817387638614e-05
        },
        "vehicle_throttle": 0.75,
        "unique_collisions": 0,
        "solid_lane_crosses": 1,
        "double_solid_lane_crosses": 0
    },
    {
        "game_time": 10.022802507970482,
        "vehicle_location": {
            "x": -138.35406494140625,
            "y": -95.03317260742188,
            "z": -0.039210088551044464
        },
        "vehicle_velocity": {
            "x": 3.5565130710601807,
            "y": -1.5376505851745605,
            "z": 0.0011395883047953248
        },
        "vehicle_throttle": 0.75,
        "unique_collisions": 0,
        "solid_lane_crosses": 1,
        "double_solid_lane_crosses": 0
    },
    {
        "game_time": 11.04166035214439,
        "vehicle_location": {
            "x": -133.88014221191406,
            "y": -96.34849548339844,
            "z": -0.03578014299273491
        },
        "vehicle_velocity": {
            "x": 4.180163860321045,
            "y": -0.881231963634491,
            "z": -0.0005585860926657915
        },
        "vehicle_throttle": 0.0,
        "unique_collisions": 0,
        "solid_lane_crosses": 2,
        "double_solid_lane_crosses": 0
    },
    {
        "game_time": 12.043466012459248,
        "vehicle_location": {
            "x": -131.32504272460938,
            "y": -96.82189178466797,
            "z": -0.038832396268844604
        },
        "vehicle_velocity": {
            "x": 2.5250003337860107,
            "y": -0.29018887877464294,
            "z": -0.0011242771288380027
        },
        "vehicle_throttle": 0.75,
        "unique_collisions": 0,
        "solid_lane_crosses": 3,
        "double_solid_lane_crosses": 0
    },
    {
        "game_time": 13.074937898200005,
        "vehicle_location": {
            "x": -127.69100189208984,
            "y": -97.19966888427734,
            "z": -0.039337653666734695
        },
        "vehicle_velocity": {
            "x": 4.5191874504089355,
            "y": -0.39472606778144836,
            "z": 0.0006158017786219716
        },
        "vehicle_throttle": 0.75,
        "unique_collisions": 0,
        "solid_lane_crosses": 3,
        "double_solid_lane_crosses": 0
    },
    {
        "game_time": 14.117359844502062,
        "vehicle_location": {
            "x": -123.26692962646484,
            "y": -97.53547668457031,
            "z": -0.03860385715961456
        },
        "vehicle_velocity": {
            "x": 4.412711143493652,
            "y": -0.29964640736579895,
            "z": -0.000424184778239578
        },
        "vehicle_throttle": 0.0,
        "unique_collisions": 0,
        "solid_lane_crosses": 3,
        "double_solid_lane_crosses": 0
    },
    {
        "game_time": 15.15939314989373,
        "vehicle_location": {
            "x": -119.25373840332031,
            "y": -97.78900146484375,
            "z": -0.03874629735946655
        },
        "vehicle_velocity": {
            "x": 4.2658610343933105,
            "y": -0.2524043023586273,
            "z": -0.0010436534648761153
        },
        "vehicle_throttle": 0.0,
        "unique_collisions": 0,
        "solid_lane_crosses": 3,
        "double_solid_lane_crosses": 0
    },
    {
        "game_time": 16.216932082083076,
        "vehicle_location": {
            "x": -115.11026763916016,
            "y": -98.00157928466797,
            "z": -0.03852580860257149
        },
        "vehicle_velocity": {
            "x": 4.015809059143066,
            "y": -0.1412157565355301,
            "z": -0.00145689956843853
        },
        "vehicle_throttle": 0.75,
        "unique_collisions": 0,
        "solid_lane_crosses": 3,
        "double_solid_lane_crosses": 0
    },
    {
        "game_time": 17.265085234772414,
        "vehicle_location": {
            "x": -111.27802276611328,
            "y": -97.72430419921875,
            "z": -0.03790168836712837
        },
        "vehicle_velocity": {
            "x": 3.5661630630493164,
            "y": 0.6460623145103455,
            "z": -0.0010678099934011698
        },
        "vehicle_throttle": 0.75,
        "unique_collisions": 0,
        "solid_lane_crosses": 3,
        "double_solid_lane_crosses": 0
    },
    {
        "game_time": 18.26947442581877,
        "vehicle_location": {
            "x": -107.80937957763672,
            "y": -96.52445220947266,
            "z": -0.03888645023107529
        },
        "vehicle_velocity": {
            "x": 3.472996473312378,
            "y": 2.2150444984436035,
            "z": -0.00029650688520632684
        },
        "vehicle_throttle": 0.75,
        "unique_collisions": 0,
        "solid_lane_crosses": 3,
        "double_solid_lane_crosses": 0
    },
    {
        "game_time": 19.27743925107643,
        "vehicle_location": {
            "x": -104.5446548461914,
            "y": -92.91300201416016,
            "z": -0.035544052720069885
        },
        "vehicle_velocity": {
            "x": 1.7719048261642456,
            "y": 5.362937927246094,
            "z": -0.0005406713462434709
        },
        "vehicle_throttle": 0.0,
        "unique_collisions": 0,
        "solid_lane_crosses": 4,
        "double_solid_lane_crosses": 0
    },
    {
        "game_time": 20.32754400325939,
        "vehicle_location": {
            "x": -103.19078826904297,
            "y": -88.24471282958984,
            "z": -0.03852473944425583
        },
        "vehicle_velocity": {
            "x": 0.6038162708282471,
            "y": 4.634748935699463,
            "z": -0.003376974957063794
        },
        "vehicle_throttle": 0.75,
        "unique_collisions": 0,
        "solid_lane_crosses": 4,
        "double_solid_lane_crosses": 0
    },
    {
        "game_time": 21.37084164051339,
        "vehicle_location": {
            "x": -102.62416076660156,
            "y": -83.13739776611328,
            "z": -0.033074263483285904
        },
        "vehicle_velocity": {
            "x": 0.2849965989589691,
            "y": 3.2893829345703125,
            "z": 0.0004315614642109722
        },
        "vehicle_throttle": 0.0,
        "unique_collisions": 0,
        "solid_lane_crosses": 4,
        "double_solid_lane_crosses": 0
    },
    {
        "game_time": 22.37267647823319,
        "vehicle_location": {
            "x": -102.51725006103516,
            "y": -81.64514923095703,
            "z": -0.03929946944117546
        },
        "vehicle_velocity": {
            "x": 0.052990417927503586,
            "y": 1.7519365549087524,
            "z": 0.00020050047896802425
        },
        "vehicle_throttle": 0.75,
        "unique_collisions": 0,
        "solid_lane_crosses": 4,
        "double_solid_lane_crosses": 0
    },
    {
        "game_time": 23.434194383677095,
        "vehicle_location": {
            "x": -102.45523834228516,
            "y": -78.73260498046875,
            "z": -0.039392776787281036
        },
        "vehicle_velocity": {
            "x": -0.02619868703186512,
            "y": 3.7651422023773193,
            "z": 5.307197352522053e-05
        },
        "vehicle_throttle": 0.75,
        "unique_collisions": 0,
        "solid_lane_crosses": 4,
        "double_solid_lane_crosses": 0
    },
    {
        "game_time": 24.465714804362506,
        "vehicle_location": {
            "x": -102.42233276367188,
            "y": -73.80603790283203,
            "z": -0.040110472589731216
        },
        "vehicle_velocity": {
            "x": 0.01789017580449581,
            "y": 5.955228328704834,
            "z": -0.00031655310885980725
        },
        "vehicle_throttle": 0.0,
        "unique_collisions": 0,
        "solid_lane_crosses": 4,
        "double_solid_lane_crosses": 0
    },
    {
        "game_time": 25.475163984578103,
        "vehicle_location": {
            "x": -102.42076873779297,
            "y": -68.986572265625,
            "z": -0.03786521777510643
        },
        "vehicle_velocity": {
            "x": -0.022567594423890114,
            "y": 4.312588691711426,
            "z": 0.000707712140865624
        },
        "vehicle_throttle": 0.75,
        "unique_collisions": 0,
        "solid_lane_crosses": 4,
        "double_solid_lane_crosses": 0
    },
    {
        "game_time": 26.520079638343304,
        "vehicle_location": {
            "x": -102.43704986572266,
            "y": -63.62369918823242,
            "z": -0.03655735030770302
        },
        "vehicle_velocity": {
            "x": -0.02775610238313675,
            "y": 5.277148246765137,
            "z": 7.629394360719743e-08
        },
        "vehicle_throttle": 0.14670225977897644,
        "unique_collisions": 0,
        "solid_lane_crosses": 4,
        "double_solid_lane_crosses": 0
    },
    {
        "game_time": 27.536215997766703,
        "vehicle_location": {
            "x": -102.46024322509766,
            "y": -58.29900360107422,
            "z": -0.03615260869264603
        },
        "vehicle_velocity": {
            "x": -0.02412068098783493,
            "y": 4.901039123535156,
            "z": -0.0031989954877644777
        },
        "vehicle_throttle": 0.75,
        "unique_collisions": 0,
        "solid_lane_crosses": 4,
        "double_solid_lane_crosses": 0
    },
    {
        "game_time": 28.5633052601479,
        "vehicle_location": {
            "x": -102.484130859375,
            "y": -53.395896911621094,
            "z": -0.03886707127094269
        },
        "vehicle_velocity": {
            "x": -0.02754339389503002,
            "y": 5.469050407409668,
            "z": -0.00035581589327193797
        },
        "vehicle_throttle": 0.75,
        "unique_collisions": 0,
        "solid_lane_crosses": 4,
        "double_solid_lane_crosses": 0
    },
    {
        "game_time": 29.588587787467986,
        "vehicle_location": {
            "x": -102.51236724853516,
            "y": -47.89665603637695,
            "z": -0.03879386931657791
        },
        "vehicle_velocity": {
            "x": -0.029202904552221298,
            "y": 5.591329097747803,
            "z": -0.00010502814984647557
        },
        "vehicle_throttle": 0.0,
        "unique_collisions": 0,
        "solid_lane_crosses": 4,
        "double_solid_lane_crosses": 0
    },
    {
        "game_time": 30.60947594838217,
        "vehicle_location": {
            "x": -102.67007446289062,
            "y": -43.004478454589844,
            "z": -0.03851630911231041
        },
        "vehicle_velocity": {
            "x": -0.755724310874939,
            "y": 4.7931437492370605,
            "z": -0.0006629848503507674
        },
        "vehicle_throttle": 0.75,
        "unique_collisions": 0,
        "solid_lane_crosses": 4,
        "double_solid_lane_crosses": 0
    },
    {
        "game_time": 31.641595016699284,
        "vehicle_location": {
            "x": -105.43000793457031,
            "y": -38.68023681640625,
            "z": -0.035853996872901917
        },
        "vehicle_velocity": {
            "x": -4.844877243041992,
            "y": 2.257962703704834,
            "z": 0.002998132724314928
        },
        "vehicle_throttle": 0.75,
        "unique_collisions": 0,
        "solid_lane_crosses": 5,
        "double_solid_lane_crosses": 0
    },
    {
        "game_time": 32.644559517968446,
        "vehicle_location": {
            "x": -110.15813446044922,
            "y": -37.20071792602539,
            "z": -0.03779495134949684
        },
        "vehicle_velocity": {
            "x": -4.447470188140869,
            "y": 0.7065087556838989,
            "z": 0.0014006518758833408
        },
        "vehicle_throttle": 0.75,
        "unique_collisions": 0,
        "solid_lane_crosses": 5,
        "double_solid_lane_crosses": 0
    },
    {
        "game_time": 33.67994984658435,
        "vehicle_location": {
            "x": -115.37208557128906,
            "y": -36.63481521606445,
            "z": -0.0348086915910244
        },
        "vehicle_velocity": {
            "x": -4.385025978088379,
            "y": 0.3284674882888794,
            "z": -0.0020626639015972614
        },
        "vehicle_throttle": 0.0,
        "unique_collisions": 0,
        "solid_lane_crosses": 5,
        "double_solid_lane_crosses": 0
    },
    {
        "game_time": 34.72938027093187,
        "vehicle_location": {
            "x": -117.31460571289062,
            "y": -36.484615325927734,
            "z": -0.03664306551218033
        },
        "vehicle_velocity": {
            "x": -0.8433375954627991,
            "y": 0.0407346710562706,
            "z": -0.0011409377912059426
        },
        "vehicle_throttle": 0.75,
        "unique_collisions": 0,
        "solid_lane_crosses": 5,
        "double_solid_lane_crosses": 0
    },
    {
        "game_time": 35.74058485450223,
        "vehicle_location": {
            "x": -117.89872741699219,
            "y": -36.46892166137695,
            "z": -0.03832893446087837
        },
        "vehicle_velocity": {
            "x": -0.6598889231681824,
            "y": 0.014044145122170448,
            "z": 0.0008488273597322404
        },
        "vehicle_throttle": 0.75,
        "unique_collisions": 0,
        "solid_lane_crosses": 5,
        "double_solid_lane_crosses": 0
    },
    {
        "game_time": 36.79445495689288,
        "vehicle_location": {
            "x": -119.2380599975586,
            "y": -36.44025421142578,
            "z": -0.03809795156121254
        },
        "vehicle_velocity": {
            "x": -2.0742459297180176,
            "y": 0.02344861626625061,
            "z": 0.0011048221495002508
        },
        "vehicle_throttle": 0.75,
        "unique_collisions": 0,
        "solid_lane_crosses": 5,
        "double_solid_lane_crosses": 0
    },
    {
        "game_time": 37.80412623146549,
        "vehicle_location": {
            "x": -121.69409942626953,
            "y": -36.412254333496094,
            "z": -0.033057935535907745
        },
        "vehicle_velocity": {
            "x": -2.3000566959381104,
            "y": 0.014353890903294086,
            "z": 0.0037985513918101788
        },
        "vehicle_throttle": 0.75,
        "unique_collisions": 0,
        "solid_lane_crosses": 5,
        "double_solid_lane_crosses": 0
    },
    {
        "game_time": 38.81567977136001,
        "vehicle_location": {
            "x": -123.44084930419922,
            "y": -36.40155792236328,
            "z": -0.029788359999656677
        },
        "vehicle_velocity": {
            "x": -0.9081103801727295,
            "y": 1.5559075109194964e-05,
            "z": 0.0013287829933688045
        },
        "vehicle_throttle": 0.75,
        "unique_collisions": 0,
        "solid_lane_crosses": 5,
        "double_solid_lane_crosses": 0
    },
    {
        "game_time": 39.816430346574634,
        "vehicle_location": {
            "x": -124.0577392578125,
            "y": -36.39850616455078,
            "z": -0.031229248270392418
        },
        "vehicle_velocity": {
            "x": -0.4997095465660095,
            "y": 0.0007542864186689258,
            "z": 0.001630058279260993
        },
        "vehicle_throttle": 0.0,
        "unique_collisions": 0,
        "solid_lane_crosses": 5,
        "double_solid_lane_crosses": 0
    },
    {
        "game_time": 40.823818762321025,
        "vehicle_location": {
            "x": -124.26970672607422,
            "y": -36.39823532104492,
            "z": -0.029266510158777237
        },
        "vehicle_velocity": {
            "x": -0.12103848904371262,
            "y": 0.0002874456695280969,
            "z": 0.0009161662892438471
        },
        "vehicle_throttle": 0.75,
        "unique_collisions": 0,
        "solid_lane_crosses": 5,
        "double_solid_lane_crosses": 0
    },
    {
        "game_time": 41.85576368821785,
        "vehicle_location": {
            "x": -124.40071105957031,
            "y": -36.39710235595703,
            "z": -0.029262961819767952
        },
        "vehicle_velocity": {
            "x": -0.0023814670275896788,
            "y": -5.719992941521923e-07,
            "z": 5.108629011374433e-06
        },
        "vehicle_throttle": 0.75,
        "unique_collisions": 0,
        "solid_lane_crosses": 5,
        "double_solid_lane_crosses": 0
    },
    {
        "game_time": 42.89922004053369,
        "vehicle_location": {
            "x": -124.4586410522461,
            "y": -36.39612579345703,
            "z": -0.029281195253133774
        },
        "vehicle_velocity": {
            "x": -0.0009372300701215863,
            "y": 7.774584082653746e-05,
            "z": -0.0008623697212897241
        },
        "vehicle_throttle": 0.0,
        "unique_collisions": 0,
        "solid_lane_crosses": 5,
        "double_solid_lane_crosses": 0
    },
    {
        "game_time": 43.92931691324338,
        "vehicle_location": {
            "x": -124.4794692993164,
            "y": -36.39603805541992,
            "z": -0.029274672269821167
        },
        "vehicle_velocity": {
            "x": -0.0002813403552863747,
            "y": 5.843382950843079e-06,
            "z": -0.001220793928951025
        },
        "vehicle_throttle": 0.0,
        "unique_collisions": 0,
        "solid_lane_crosses": 5,
        "double_solid_lane_crosses": 0
    },
    {
        "game_time": 44.93748278031126,
        "vehicle_location": {
            "x": -124.47949981689453,
            "y": -36.39604187011719,
            "z": -0.02930728904902935
        },
        "vehicle_velocity": {
            "x": 1.1412929779908154e-05,
            "y": -1.0780640380403383e-08,
            "z": 0.0006430178764276206
        },
        "vehicle_throttle": 0.0,
        "unique_collisions": 0,
        "solid_lane_crosses": 5,
        "double_solid_lane_crosses": 0
    },
    {
        "game_time": 45.940453776624054,
        "vehicle_location": {
            "x": -124.65878295898438,
            "y": -36.39790725708008,
            "z": -0.02824634499847889
        },
        "vehicle_velocity": {
            "x": -0.34533432126045227,
            "y": -0.0005531695205718279,
            "z": 0.0016402959590777755
        },
        "vehicle_throttle": 0.75,
        "unique_collisions": 0,
        "solid_lane_crosses": 5,
        "double_solid_lane_crosses": 0
    },
    {
        "game_time": 46.95772899733856,
        "vehicle_location": {
            "x": -126.1024169921875,
            "y": -36.39899826049805,
            "z": -0.025250129401683807
        },
        "vehicle_velocity": {
            "x": -1.9434763193130493,
            "y": -0.003781125647947192,
            "z": 0.006802057847380638
        },
        "vehicle_throttle": 0.75,
        "unique_collisions": 0,
        "solid_lane_crosses": 5,
        "double_solid_lane_crosses": 0
    },
    {
        "game_time": 48.00289291841909,
        "vehicle_location": {
            "x": -128.05055236816406,
            "y": -36.4044189453125,
            "z": -0.01553012803196907
        },
        "vehicle_velocity": {
            "x": -1.0635836124420166,
            "y": -0.003984468057751656,
            "z": 0.004641294479370117
        },
        "vehicle_throttle": 0.75,
        "unique_collisions": 0,
        "solid_lane_crosses": 5,
        "double_solid_lane_crosses": 0
    },
    {
        "game_time": 49.0035216701217,
        "vehicle_location": {
            "x": -128.8629150390625,
            "y": -36.40765380859375,
            "z": -0.013477973639965057
        },
        "vehicle_velocity": {
            "x": -0.3003571033477783,
            "y": -0.008190601132810116,
            "z": 0.0011724996147677302
        },
        "vehicle_throttle": 0.0,
        "unique_collisions": 0,
        "solid_lane_crosses": 5,
        "double_solid_lane_crosses": 0
    },
    {
        "game_time": 50.02561725350097,
        "vehicle_location": {
            "x": -129.10647583007812,
            "y": -36.41006851196289,
            "z": -0.012346191331744194
        },
        "vehicle_velocity": {
            "x": -0.001834502792917192,
            "y": -0.0003504703345242888,
            "z": 0.0005693731945939362
        },
        "vehicle_throttle": 0.75,
        "unique_collisions": 0,
        "solid_lane_crosses": 5,
        "double_solid_lane_crosses": 0
    },
    {
        "game_time": 51.04926784383133,
        "vehicle_location": {
            "x": -129.23687744140625,
            "y": -36.41126251220703,
            "z": -0.012517394497990608
        },
        "vehicle_velocity": {
            "x": -0.12918268144130707,
            "y": -0.0005407189601100981,
            "z": 0.000927348097320646
        },
        "vehicle_throttle": 0.75,
        "unique_collisions": 0,
        "solid_lane_crosses": 5,
        "double_solid_lane_crosses": 0
    },
    {
        "game_time": 52.074248095508665,
        "vehicle_location": {
            "x": -129.31736755371094,
            "y": -36.412654876708984,
            "z": -0.012974089942872524
        },
        "vehicle_velocity": {
            "x": -0.2517317831516266,
            "y": -0.001318395254202187,
            "z": 0.0010935926111415029
        },
        "vehicle_throttle": 0.0,
        "unique_collisions": 0,
        "solid_lane_crosses": 5,
        "double_solid_lane_crosses": 0
    },
    {
        "game_time": 53.116113828029484,
        "vehicle_location": {
            "x": -129.92413330078125,
            "y": -36.41421890258789,
            "z": -0.010933036915957928
        },
        "vehicle_velocity": {
            "x": -1.3023319244384766,
            "y": -0.007663722615689039,
            "z": 0.006301526911556721
        },
        "vehicle_throttle": 0.75,
        "unique_collisions": 0,
        "solid_lane_crosses": 5,
        "double_solid_lane_crosses": 0
    },
    {
        "game_time": 54.14661516202614,
        "vehicle_location": {
            "x": -132.22036743164062,
            "y": -36.42628479003906,
            "z": 0.00020359037443995476
        },
        "vehicle_velocity": {
            "x": -3.1736340522766113,
            "y": -0.018296387046575546,
            "z": 0.017001179978251457
        },
        "vehicle_throttle": 0.75,
        "unique_collisions": 0,
        "solid_lane_crosses": 5,
        "double_solid_lane_crosses": 0
    },
    {
        "game_time": 55.17362417886034,
        "vehicle_location": {
            "x": -136.51483154296875,
            "y": -36.458492279052734,
            "z": 0.02864387445151806
        },
        "vehicle_velocity": {
            "x": -5.054068088531494,
            "y": -0.10662434250116348,
            "z": 0.03493168577551842
        },
        "vehicle_throttle": 0.75,
        "unique_collisions": 0,
        "solid_lane_crosses": 5,
        "double_solid_lane_crosses": 0
    },
    {
        "game_time": 56.191170854028314,
        "vehicle_location": {
            "x": -141.87533569335938,
            "y": -37.03415298461914,
            "z": 0.07580874860286713
        },
        "vehicle_velocity": {
            "x": -5.140897274017334,
            "y": -1.77345609664917,
            "z": 0.04893339425325394
        },
        "vehicle_throttle": 0.7225761413574219,
        "unique_collisions": 0,
        "solid_lane_crosses": 5,
        "double_solid_lane_crosses": 0
    },
    {
        "game_time": 57.21036630542949,
        "vehicle_location": {
            "x": -144.09617614746094,
            "y": -38.06544876098633,
            "z": 0.09288501739501953
        },
        "vehicle_velocity": {
            "x": -0.0185095202177763,
            "y": -0.20853255689144135,
            "z": -0.01752856746315956
        },
        "vehicle_throttle": 0.75,
        "unique_collisions": 1,
        "solid_lane_crosses": 5,
        "double_solid_lane_crosses": 0
    },
    {
        "game_time": 58.25410132063553,
        "vehicle_location": {
            "x": -144.08804321289062,
            "y": -38.07525634765625,
            "z": 0.09220447391271591
        },
        "vehicle_velocity": {
            "x": 0.0035751473624259233,
            "y": -0.004926771856844425,
            "z": -0.004619508050382137
        },
        "vehicle_throttle": 0.75,
        "unique_collisions": 1,
        "solid_lane_crosses": 5,
        "double_solid_lane_crosses": 0
    },
    {
        "game_time": 59.29460105812177,
        "vehicle_location": {
            "x": -144.08285522460938,
            "y": -38.08295822143555,
            "z": 0.09105365723371506
        },
        "vehicle_velocity": {
            "x": 0.003782089799642563,
            "y": -0.004707383923232555,
            "z": 0.0006833220832049847
        },
        "vehicle_throttle": 0.75,
        "unique_collisions": 1,
        "solid_lane_crosses": 5,
        "double_solid_lane_crosses": 0
    },
    {
        "game_time": 60.31353391287848,
        "vehicle_location": {
            "x": -144.07757568359375,
            "y": -38.090232849121094,
            "z": 0.09103912115097046
        },
        "vehicle_velocity": {
            "x": 0.003889545099809766,
            "y": -0.005518672522157431,
            "z": -0.00031826988561078906
        },
        "vehicle_throttle": 0.75,
        "unique_collisions": 1,
        "solid_lane_crosses": 5,
        "double_solid_lane_crosses": 0
    },
    {
        "game_time": 61.32217508973554,
        "vehicle_location": {
            "x": -144.07249450683594,
            "y": -38.0972900390625,
            "z": 0.09103801846504211
        },
        "vehicle_velocity": {
            "x": 0.003585829632356763,
            "y": -0.005261139944195747,
            "z": 0.0001322813332080841
        },
        "vehicle_throttle": 0.75,
        "unique_collisions": 1,
        "solid_lane_crosses": 5,
        "double_solid_lane_crosses": 0
    },
    {
        "game_time": 62.32411079714075,
        "vehicle_location": {
            "x": -144.06430053710938,
            "y": -38.10251998901367,
            "z": 0.08499908447265625
        },
        "vehicle_velocity": {
            "x": -0.0033530055079609156,
            "y": 0.003921978175640106,
            "z": 0.004981653764843941
        },
        "vehicle_throttle": 0.75,
        "unique_collisions": 1,
        "solid_lane_crosses": 5,
        "double_solid_lane_crosses": 0
    },
    {
        "game_time": 63.33204224752262,
        "vehicle_location": {
            "x": -144.0561981201172,
            "y": -38.1126594543457,
            "z": 0.08741561323404312
        },
        "vehicle_velocity": {
            "x": 0.0038883972447365522,
            "y": -0.0061826156452298164,
            "z": 6.397366178134689e-06
        },
        "vehicle_throttle": 0.75,
        "unique_collisions": 1,
        "solid_lane_crosses": 5,
        "double_solid_lane_crosses": 0
    },
    {
        "game_time": 64.37166192708537,
        "vehicle_location": {
            "x": -144.0500030517578,
            "y": -38.12160110473633,
            "z": 0.08739547431468964
        },
        "vehicle_velocity": {
            "x": 0.00432125199586153,
            "y": -0.006242215633392334,
            "z": 0.00011672079563140869
        },
        "vehicle_throttle": 0.75,
        "unique_collisions": 1,
        "solid_lane_crosses": 5,
        "double_solid_lane_crosses": 0
    },
    {
        "game_time": 65.40753119857982,
        "vehicle_location": {
            "x": -144.0438995361328,
            "y": -38.13069534301758,
            "z": 0.08762577176094055
        },
        "vehicle_velocity": {
            "x": 0.003241972764953971,
            "y": -0.005932352505624294,
            "z": 0.00016146332200150937
        },
        "vehicle_throttle": 0.75,
        "unique_collisions": 1,
        "solid_lane_crosses": 5,
        "double_solid_lane_crosses": 0
    },
    {
        "game_time": 66.44176210882142,
        "vehicle_location": {
            "x": -144.03758239746094,
            "y": -38.14004898071289,
            "z": 0.08757907897233963
        },
        "vehicle_velocity": {
            "x": 0.004986233543604612,
            "y": -0.007602057419717312,
            "z": -0.0006076818681322038
        },
        "vehicle_throttle": 0.75,
        "unique_collisions": 1,
        "solid_lane_crosses": 5,
        "double_solid_lane_crosses": 0
    },
    {
        "game_time": 67.49567289790139,
        "vehicle_location": {
            "x": -144.031005859375,
            "y": -38.149932861328125,
            "z": 0.08754707127809525
        },
        "vehicle_velocity": {
            "x": 0.004245387390255928,
            "y": -0.007313503883779049,
            "z": 0.00023476123169530183
        },
        "vehicle_throttle": 0.75,
        "unique_collisions": 1,
        "solid_lane_crosses": 5,
        "double_solid_lane_crosses": 0
    },
    {
        "game_time": 68.51778539316729,
        "vehicle_location": {
            "x": -144.02474975585938,
            "y": -38.15946960449219,
            "z": 0.08755561709403992
        },
        "vehicle_velocity": {
            "x": 0.004920861683785915,
            "y": -0.007744087837636471,
            "z": -0.0007070004940032959
        },
        "vehicle_throttle": 0.75,
        "unique_collisions": 1,
        "solid_lane_crosses": 5,
        "double_solid_lane_crosses": 0
    },
    {
        "game_time": 69.54161909269169,
        "vehicle_location": {
            "x": -144.0186004638672,
            "y": -38.16893768310547,
            "z": 0.08757022768259048
        },
        "vehicle_velocity": {
            "x": 0.004111533053219318,
            "y": -0.006242928560823202,
            "z": 2.387314998486545e-05
        },
        "vehicle_throttle": 0.75,
        "unique_collisions": 1,
        "solid_lane_crosses": 5,
        "double_solid_lane_crosses": 0
    },
    {
        "game_time": 70.56672943150625,
        "vehicle_location": {
            "x": -144.01258850097656,
            "y": -38.17841720581055,
            "z": 0.08767040073871613
        },
        "vehicle_velocity": {
            "x": 0.004044630564749241,
            "y": -0.006989860441535711,
            "z": -1.6825795682962053e-05
        },
        "vehicle_throttle": 0.75,
        "unique_collisions": 1,
        "solid_lane_crosses": 5,
        "double_solid_lane_crosses": 0
    }
]