[
    {
        "game_time": 5.1802733349613845,
        "vehicle_location": {
            "x": -143.44810485839844,
            "y": -89.65823364257812,
            "z": -0.16260112822055817
        },
        "vehicle_velocity": {
            "x": 0.7747662663459778,
            "y": -0.646228015422821,
            "z": -0.02381858229637146
        },
        "vehicle_throttle": 0.75,
        "unique_collisions": 0,
        "solid_lane_crosses": 0,
        "double_solid_lane_crosses": 0
    },
    {
        "game_time": 6.218325737398118,
        "vehicle_location": {
            "x": -143.1259002685547,
            "y": -89.80899810791016,
            "z": -0.1576290875673294
        },
        "vehicle_velocity": {
            "x": 0.03532254695892334,
            "y": -0.013450737111270428,
            "z": -0.009996026754379272
        },
        "vehicle_throttle": 0.75,
        "unique_collisions": 1,
        "solid_lane_crosses": 0,
        "double_solid_lane_crosses": 0
    },
    {
        "game_time": 7.2358079100959,
        "vehicle_location": {
            "x": -142.59500122070312,
            "y": -90.22012329101562,
            "z": -0.16986355185508728
        },
        "vehicle_velocity": {
            "x": 0.9995307922363281,
            "y": -1.4628269672393799,
            "z": 0.001409826218150556
        },
        "vehicle_throttle": 0.75,
        "unique_collisions": 1,
        "solid_lane_crosses": 0,
        "double_solid_lane_crosses": 0
    },
    {
        "game_time": 8.316452905070037,
        "vehicle_location": {
            "x": -141.7149200439453,
            "y": -91.49630737304688,
            "z": -0.15273627638816833
        },
        "vehicle_velocity": {
            "x": 0.2266315370798111,
            "y": -0.6783832311630249,
            "z": -0.00041484832763671875
        },
        "vehicle_throttle": 0.0,
        "unique_collisions": 1,
        "solid_lane_crosses": 0,
        "double_solid_lane_crosses": 0
    },
    {
        "game_time": 9.33048373600468,
        "vehicle_location": {
            "x": -141.28280639648438,
            "y": -92.32329559326172,
            "z": -0.17180655896663666
        },
        "vehicle_velocity": {
            "x": 0.6888063549995422,
            "y": -1.5575556755065918,
            "z": -2.7160644094692543e-05
        },
        "vehicle_throttle": 0.0,
        "unique_collisions": 1,
        "solid_lane_crosses": 1,
        "double_solid_lane_crosses": 0
    },
    {
        "game_time": 10.397500659804791,
        "vehicle_location": {
            "x": -140.48475646972656,
            "y": -93.5408935546875,
            "z": -0.16573387384414673
        },
        "vehicle_velocity": {
            "x": 1.0755566358566284,
            "y": -1.3443315029144287,
            "z": -0.0004511928418651223
        },
        "vehicle_throttle": 0.75,
        "unique_collisions": 1,
        "solid_lane_crosses": 1,
        "double_solid_lane_crosses": 0
    },
    {
        "game_time": 11.42302126577124,
        "vehicle_location": {
            "x": -138.52609252929688,
            "y": -95.00059509277344,
            "z": -0.16321101784706116
        },
        "vehicle_velocity": {
            "x": 2.976985216140747,
            "y": -1.0675041675567627,
            "z": -0.00013234614743851125
        },
        "vehicle_throttle": 0.75,
        "unique_collisions": 1,
        "solid_lane_crosses": 1,
        "double_solid_lane_crosses": 0
    },
    {
        "game_time": 12.446710796561092,
        "vehicle_location": {
            "x": -135.45274353027344,
            "y": -96.14336395263672,
            "z": -0.1541587859392166
        },
        "vehicle_velocity": {
            "x": 2.832287311553955,
            "y": -0.4495680630207062,
            "z": -2.2945403543417342e-05
        },
        "vehicle_throttle": 0.75,
        "unique_collisions": 1,
        "solid_lane_crosses": 2,
        "double_solid_lane_crosses": 0
    },
    {
        "game_time": 13.461321478243917,
        "vehicle_location": {
            "x": -132.91473388671875,
            "y": -96.64556121826172,
            "z": -0.15123195946216583
        },
        "vehicle_velocity": {
            "x": 1.5164251327514648,
            "y": -0.19389691948890686,
            "z": -0.0003688812139444053
        },
        "vehicle_throttle": 0.0,
        "unique_collisions": 1,
        "solid_lane_crosses": 2,
        "double_solid_lane_crosses": 0
    },
    {
        "game_time": 14.467597644310445,
        "vehicle_location": {
            "x": -132.30784606933594,
            "y": -96.737060546875,
            "z": -0.16505882143974304
        },
        "vehicle_velocity": {
            "x": 0.5389606952667236,
            "y": -0.06871520727872849,
            "z": 0.00012250899453647435
        },
        "vehicle_throttle": 0.0,
        "unique_collisions": 1,
        "solid_lane_crosses": 2,
        "double_solid_lane_crosses": 0
    },
    {
        "game_time": 15.551541346590966,
        "vehicle_location": {
            "x": -132.12368774414062,
            "y": -96.7645034790039,
            "z": -0.15990467369556427
        },
        "vehicle_velocity": {
            "x": 0.0823526382446289,
            "y": -0.011414761655032635,
            "z": -0.00034477232838980854
        },
        "vehicle_throttle": 0.75,
        "unique_collisions": 1,
        "solid_lane_crosses": 2,
        "double_solid_lane_crosses": 0
    },
    {
        "game_time": 16.6339524067007,
        "vehicle_location": {
            "x": -131.9381866455078,
            "y": -96.79301452636719,
            "z": -0.16519397497177124
        },
        "vehicle_velocity": {
            "x": 0.5900152921676636,
            "y": -0.07833236455917358,
            "z": -2.4366378056583926e-05
        },
        "vehicle_throttle": 0.75,
        "unique_collisions": 1,
        "solid_lane_crosses": 2,
        "double_solid_lane_crosses": 0
    },
    {
        "game_time": 17.667873695027083,
        "vehicle_location": {
            "x": -130.38462829589844,
            "y": -96.98779296875,
            "z": -0.16750915348529816
        },
        "vehicle_velocity": {
            "x": 2.3911237716674805,
            "y": -0.25174015760421753,
            "z": 0.0001961564994417131
        },
        "vehicle_throttle": 0.75,
        "unique_collisions": 1,
        "solid_lane_crosses": 2,
        "double_solid_lane_crosses": 0
    },
    {
        "game_time": 18.698641441296786,
        "vehicle_location": {
            "x": -127.93049621582031,
            "y": -97.22650146484375,
            "z": -0.16469593346118927
        },
        "vehicle_velocity": {
            "x": 2.71116304397583,
            "y": -0.23946689069271088,
            "z": 7.644176366738975e-05
        },
        "vehicle_throttle": 0.0,
        "unique_collisions": 1,
        "solid_lane_crosses": 3,
        "double_solid_lane_crosses": 0
    },
    {
        "game_time": 19.701985677238554,
        "vehicle_location": {
            "x": -126.11891174316406,
            "y": -97.3687973022461,
            "z": -0.14920088648796082
        },
        "vehicle_velocity": {
            "x": 0.6865403652191162,
            "y": -0.05115010216832161,
            "z": 0.0001406383526045829
        },
        "vehicle_throttle": 0.0,
        "unique_collisions": 1,
        "solid_lane_crosses": 3,
        "double_solid_lane_crosses": 0
    },
    {
        "game_time": 20.70602261973545,
        "vehicle_location": {
            "x": -125.8009262084961,
            "y": -97.39344787597656,
            "z": -0.16063152253627777
        },
        "vehicle_velocity": {
            "x": 0.07407554239034653,
            "y": -0.005879533942788839,
            "z": 0.00042760849464684725
        },
        "vehicle_throttle": 0.75,
        "unique_collisions": 1,
        "solid_lane_crosses": 3,
        "double_solid_lane_crosses": 0
    },
    {
        "game_time": 21.780941295903176,
        "vehicle_location": {
            "x": -125.66773223876953,
            "y": -97.4035415649414,
            "z": -0.16088740527629852
        },
        "vehicle_velocity": {
            "x": 0.02540910243988037,
            "y": -0.001984156435355544,
            "z": -0.00040242195245809853
        },
        "vehicle_throttle": 0.75,
        "unique_collisions": 1,
        "solid_lane_crosses": 3,
        "double_solid_lane_crosses": 0
    },
    {
        "game_time": 22.841066542547196,
        "vehicle_location": {
            "x": -125.62716674804688,
            "y": -97.40694427490234,
            "z": -0.16147422790527344
        },
        "vehicle_velocity": {
            "x": 0.009472176432609558,
            "y": -0.0007230320479720831,
            "z": -0.00020523070998024195
        },
        "vehicle_throttle": 0.75,
        "unique_collisions": 1,
        "solid_lane_crosses": 3,
        "double_solid_lane_crosses": 0
    },
    {
        "game_time": 23.899169170763344,
        "vehicle_location": {
            "x": -125.40908813476562,
            "y": -97.42387390136719,
            "z": -0.1647919863462448
        },
        "vehicle_velocity": {
            "x": 0.5218890905380249,
            "y": -0.0396278016269207,
            "z": -0.0001930332073243335
        },
        "vehicle_throttle": 0.75,
        "unique_collisions": 1,
        "solid_lane_crosses": 3,
        "double_solid_lane_crosses": 0
    },
    {
        "game_time": 24.904508653562516,
        "vehicle_location": {
            "x": -124.02083587646484,
            "y": -97.51971435546875,
            "z": -0.16900454461574554
        },
        "vehicle_velocity": {
            "x": 2.2477049827575684,
            "y": -0.14806324243545532,
            "z": 3.4151074942201376e-05
        },
        "vehicle_throttle": 0.75,
        "unique_collisions": 1,
        "solid_lane_crosses": 3,
        "double_solid_lane_crosses": 0
    },
    {
        "game_time": 25.9657770707272,
        "vehicle_location": {
            "x": -121.424072265625,
            "y": -97.68077850341797,
            "z": -0.15051418542861938
        },
        "vehicle_velocity": {
            "x": 1.6658978462219238,
            "y": -0.0951019823551178,
            "z": -0.0001426315284334123
        },
        "vehicle_throttle": 0.0,
        "unique_collisions": 1,
        "solid_lane_crosses": 3,
        "double_solid_lane_crosses": 0
    },
    {
        "game_time": 26.99085841467604,
        "vehicle_location": {
            "x": -120.79505920410156,
            "y": -97.71791076660156,
            "z": -0.16160941123962402
        },
        "vehicle_velocity": {
            "x": 0.2902255654335022,
            "y": -0.016717642545700073,
            "z": -0.0002873802150133997
        },
        "vehicle_throttle": 0.0,
        "unique_collisions": 1,
        "solid_lane_crosses": 3,
        "double_solid_lane_crosses": 0
    },
    {
        "game_time": 28.042738102842122,
        "vehicle_location": {
            "x": -120.7217025756836,
            "y": -97.71918487548828,
            "z": -0.16073332726955414
        },
        "vehicle_velocity": {
            "x": 0.09684699028730392,
            "y": -0.005548994522541761,
            "z": 0.00017903804837260395
        },
        "vehicle_throttle": 0.75,
        "unique_collisions": 1,
        "solid_lane_crosses": 3,
        "double_solid_lane_crosses": 0
    },
    {
        "game_time": 29.102807252202183,
        "vehicle_location": {
            "x": -120.6962890625,
            "y": -97.72188568115234,
            "z": -0.16173148155212402
        },
        "vehicle_velocity": {
            "x": 0.010566108860075474,
            "y": -0.0005510149640031159,
            "z": 0.00030845642322674394
        },
        "vehicle_throttle": 0.75,
        "unique_collisions": 1,
        "solid_lane_crosses": 3,
        "double_solid_lane_crosses": 0
    },
    {
        "game_time": 30.149807923007756,
        "vehicle_location": {
            "x": -120.67254638671875,
            "y": -97.7232894897461,
            "z": -0.16295570135116577
        },
        "vehicle_velocity": {
            "x": 0.2623249292373657,
            "y": -0.01505469623953104,
            "z": 0.0003632068692240864
        },
        "vehicle_throttle": 0.75,
        "unique_collisions": 1,
        "solid_lane_crosses": 3,
        "double_solid_lane_crosses": 0
    },
    {
        "game_time": 31.195705447811633,
        "vehicle_location": {
            "x": -120.03694915771484,
            "y": -97.76168823242188,
            "z": -0.16991373896598816
        },
        "vehicle_velocity": {
            "x": 1.4175068140029907,
            "y": -0.08276278525590897,
            "z": -0.00023577689717058092
        },
        "vehicle_throttle": 0.75,
        "unique_collisions": 1,
        "solid_lane_crosses": 3,
        "double_solid_lane_crosses": 0
    },
    {
        "game_time": 32.25003965059295,
        "vehicle_location": {
            "x": -117.59354400634766,
            "y": -97.89962005615234,
            "z": -0.16627070307731628
        },
        "vehicle_velocity": {
            "x": 3.111426591873169,
            "y": -0.16807305812835693,
            "z": -0.0002990531793329865
        },
        "vehicle_throttle": 0.75,
        "unique_collisions": 1,
        "solid_lane_crosses": 3,
        "double_solid_lane_crosses": 0
    },
    {
        "game_time": 33.31207021558657,
        "vehicle_location": {
            "x": -113.6651611328125,
            "y": -97.98975372314453,
            "z": -0.16431571543216705
        },
        "vehicle_velocity": {
            "x": 4.273294448852539,
            "y": 0.28481826186180115,
            "z": 0.00012423991574905813
        },
        "vehicle_throttle": 0.75,
        "unique_collisions": 1,
        "solid_lane_crosses": 3,
        "double_solid_lane_crosses": 0
    },
    {
        "game_time": 34.35909225093201,
        "vehicle_location": {
            "x": -108.46725463867188,
            "y": -97.03907775878906,
            "z": -0.16389968991279602
        },
        "vehicle_velocity": {
            "x": 5.323565483093262,
            "y": 1.6994653940200806,
            "z": -2.018928535107989e-05
        },
        "vehicle_throttle": 0.0,
        "unique_collisions": 1,
        "solid_lane_crosses": 4,
        "double_solid_lane_crosses": 0
    },
    {
        "game_time": 35.433576124254614,
        "vehicle_location": {
            "x": -102.83588409423828,
            "y": -95.9874496459961,
            "z": -0.15673527121543884
        },
        "vehicle_velocity": {
            "x": 5.330065727233887,
            "y": -0.5594662427902222,
            "z": 0.011964406818151474
        },
        "vehicle_throttle": 0.4797331988811493,
        "unique_collisions": 1,
        "solid_lane_crosses": 4,
        "double_solid_lane_crosses": 0
    },
    {
        "game_time": 36.463739627506584,
        "vehicle_location": {
            "x": -97.92835998535156,
            "y": -98.10720825195312,
            "z": -0.13535453379154205
        },
        "vehicle_velocity": {
            "x": 4.2870869636535645,
            "y": -3.2968313694000244,
            "z": 0.025613507255911827
        },
        "vehicle_throttle": 0.3431074619293213,
        "unique_collisions": 1,
        "solid_lane_crosses": 4,
        "double_solid_lane_crosses": 0
    },
    {
        "game_time": 37.48927343869582,
        "vehicle_location": {
            "x": -93.53617858886719,
            "y": -101.46823120117188,
            "z": -0.1164354681968689
        },
        "vehicle_velocity": {
            "x": 4.494998455047607,
            "y": -2.942159414291382,
            "z": 0.018463492393493652
        },
        "vehicle_throttle": 0.6393788456916809,
        "unique_collisions": 1,
        "solid_lane_crosses": 4,
        "double_solid_lane_crosses": 0
    },
    {
        "game_time": 38.54091358790174,
        "vehicle_location": {
            "x": -88.41936492919922,
            "y": -103.88176727294922,
            "z": -0.09736286103725433
        },
        "vehicle_velocity": {
            "x": 5.256472110748291,
            "y": -1.2907286882400513,
            "z": 0.02023996226489544
        },
        "vehicle_throttle": 0.4985431730747223,
        "unique_collisions": 1,
        "solid_lane_crosses": 4,
        "double_solid_lane_crosses": 0
    },
    {
        "game_time": 39.56328670075163,
        "vehicle_location": {
            "x": -83.00678253173828,
            "y": -104.95113372802734,
            "z": -0.13977043330669403
        },
        "vehicle_velocity": {
            "x": 5.435286045074463,
            "y": -0.5425496101379395,
            "z": -0.02586899697780609
        },
        "vehicle_throttle": 0.43233367800712585,
        "unique_collisions": 1,
        "solid_lane_crosses": 4,
        "double_solid_lane_crosses": 0
    },
    {
        "game_time": 40.60306019941345,
        "vehicle_location": {
            "x": -77.35980987548828,
            "y": -105.37060546875,
            "z": -0.16247424483299255
        },
        "vehicle_velocity": {
            "x": 5.422689914703369,
            "y": -0.22386091947555542,
            "z": -0.0013912057038396597
        },
        "vehicle_throttle": 0.44951677322387695,
        "unique_collisions": 1,
        "solid_lane_crosses": 4,
        "double_solid_lane_crosses": 0
    },
    {
        "game_time": 41.631311087403446,
        "vehicle_location": {
            "x": -71.78214263916016,
            "y": -105.51236724853516,
            "z": -0.1621568650007248
        },
        "vehicle_velocity": {
            "x": 5.42753267288208,
            "y": -0.08166874945163727,
            "z": -8.916854858398438e-05
        },
        "vehicle_throttle": 0.48590797185897827,
        "unique_collisions": 1,
        "solid_lane_crosses": 4,
        "double_solid_lane_crosses": 0
    },
    {
        "game_time": 42.65019852342084,
        "vehicle_location": {
            "x": -66.24889373779297,
            "y": -105.55908966064453,
            "z": -0.16138309240341187
        },
        "vehicle_velocity": {
            "x": 5.43402099609375,
            "y": -0.03137120604515076,
            "z": -9.89913951343624e-06
        },
        "vehicle_throttle": 0.4467118978500366,
        "unique_collisions": 1,
        "solid_lane_crosses": 4,
        "double_solid_lane_crosses": 0
    }
]