[
    {
        "game_time": 8.879858550615609,
        "vehicle_location": {
            "x": -32.88227844238281,
            "y": 193.7547149658203,
            "z": -0.1686331182718277
        },
        "vehicle_velocity": {
            "x": 0.8572535514831543,
            "y": 0.7530836462974548,
            "z": 0.004794116131961346
        },
        "vehicle_throttle": 0.75,
        "unique_collisions": 0,
        "solid_lane_crosses": 0,
        "double_solid_lane_crosses": 0
    },
    {
        "game_time": 9.885217196308076,
        "vehicle_location": {
            "x": -31.65153694152832,
            "y": 194.94503784179688,
            "z": -0.1620277762413025
        },
        "vehicle_velocity": {
            "x": 0.8653109073638916,
            "y": 2.511946201324463,
            "z": 0.0009108590893447399
        },
        "vehicle_throttle": 0.75,
        "unique_collisions": 0,
        "solid_lane_crosses": 0,
        "double_solid_lane_crosses": 0
    },
    {
        "game_time": 10.93337748106569,
        "vehicle_location": {
            "x": -31.411579132080078,
            "y": 197.86351013183594,
            "z": -0.15784361958503723
        },
        "vehicle_velocity": {
            "x": -2.036384344100952,
            "y": 3.1126224994659424,
            "z": -0.00017886162095237523
        },
        "vehicle_throttle": 0.75,
        "unique_collisions": 0,
        "solid_lane_crosses": 0,
        "double_solid_lane_crosses": 0
    },
    {
        "game_time": 11.969666314311326,
        "vehicle_location": {
            "x": -34.39030075073242,
            "y": 200.03704833984375,
            "z": -0.15745173394680023
        },
        "vehicle_velocity": {
            "x": -4.614861488342285,
            "y": -0.6121935844421387,
            "z": 0.00023776529997121543
        },
        "vehicle_throttle": 0.75,
        "unique_collisions": 0,
        "solid_lane_crosses": 0,
        "double_solid_lane_crosses": 0
    },
    {
        "game_time": 13.042947377078235,
        "vehicle_location": {
            "x": -38.24285888671875,
            "y": 197.49172973632812,
            "z": -0.15604068338871002
        },
        "vehicle_velocity": {
            "x": -1.6164742708206177,
            "y": -5.188089370727539,
            "z": 0.0020386981777846813
        },
        "vehicle_throttle": 0.75,
        "unique_collisions": 0,
        "solid_lane_crosses": 0,
        "double_solid_lane_crosses": 0
    },
    {
        "game_time": 14.12516771722585,
        "vehicle_location": {
            "x": -40.17884063720703,
            "y": 192.15025329589844,
            "z": -0.15501083433628082
        },
        "vehicle_velocity": {
            "x": -3.0604302883148193,
            "y": -3.9296653270721436,
            "z": -0.000989036518149078
        },
        "vehicle_throttle": 0.75,
        "unique_collisions": 0,
        "solid_lane_crosses": 0,
        "double_solid_lane_crosses": 0
    },
    {
        "game_time": 15.197484887205064,
        "vehicle_location": {
            "x": -44.41191864013672,
            "y": 190.11415100097656,
            "z": -0.15163631737232208
        },
        "vehicle_velocity": {
            "x": -4.659719944000244,
            "y": 1.7798631191253662,
            "z": -0.0001519679935881868
        },
        "vehicle_throttle": 0.75,
        "unique_collisions": 0,
        "solid_lane_crosses": 0,
        "double_solid_lane_crosses": 0
    },
    {
        "game_time": 16.224474794231355,
        "vehicle_location": {
            "x": -49.3655891418457,
            "y": 192.01124572753906,
            "z": -0.15609340369701385
        },
        "vehicle_velocity": {
            "x": -4.823845863342285,
            "y": 0.6472424268722534,
            "z": -0.0017891215393319726
        },
        "vehicle_throttle": 0.75,
        "unique_collisions": 0,
        "solid_lane_crosses": 0,
        "double_solid_lane_crosses": 0
    },
    {
        "game_time": 17.260686337016523,
        "vehicle_location": {
            "x": -53.9041633605957,
            "y": 190.9161834716797,
            "z": -0.1648663729429245
        },
        "vehicle_velocity": {
            "x": -4.645986080169678,
            "y": -2.5576889514923096,
            "z": 0.0007872199639678001
        },
        "vehicle_throttle": 0.75,
        "unique_collisions": 0,
        "solid_lane_crosses": 0,
        "double_solid_lane_crosses": 0
    },
    {
        "game_time": 18.281336336396635,
        "vehicle_location": {
            "x": -58.64905548095703,
            "y": 188.09591674804688,
            "z": -0.15733306109905243
        },
        "vehicle_velocity": {
            "x": -4.446056842803955,
            "y": -3.1247804164886475,
            "z": 3.61347192665562e-05
        },
        "vehicle_throttle": 0.6395114660263062,
        "unique_collisions": 0,
        "solid_lane_crosses": 0,
        "double_solid_lane_crosses": 0
    },
    {
        "game_time": 19.37501200195402,
        "vehicle_location": {
            "x": -63.204105377197266,
            "y": 184.29196166992188,
            "z": -0.16224543750286102
        },
        "vehicle_velocity": {
            "x": -3.73882794380188,
            "y": -4.037265300750732,
            "z": -6.49547582725063e-05
        },
        "vehicle_throttle": 0.197122722864151,
        "unique_collisions": 0,
        "solid_lane_crosses": 0,
        "double_solid_lane_crosses": 0
    },
    {
        "game_time": 20.450956762768328,
        "vehicle_location": {
            "x": -66.98365020751953,
            "y": 179.85040283203125,
            "z": -0.1622934341430664
        },
        "vehicle_velocity": {
            "x": -3.038452386856079,
            "y": -4.437412738800049,
            "z": 4.27627564931754e-05
        },
        "vehicle_throttle": 0.3297293484210968,
        "unique_collisions": 0,
        "solid_lane_crosses": 0,
        "double_solid_lane_crosses": 0
    },
    {
        "game_time": 21.538504608906806,
        "vehicle_location": {
            "x": -69.98229217529297,
            "y": 174.82423400878906,
            "z": -0.16035617887973785
        },
        "vehicle_velocity": {
            "x": -2.273723602294922,
            "y": -4.757145404815674,
            "z": 0.00016664504073560238
        },
        "vehicle_throttle": 0.75,
        "unique_collisions": 0,
        "solid_lane_crosses": 0,
        "double_solid_lane_crosses": 0
    },
    {
        "game_time": 22.561900450848043,
        "vehicle_location": {
            "x": -72.0401840209961,
            "y": 169.72059631347656,
            "z": -0.15973106026649475
        },
        "vehicle_velocity": {
            "x": -1.4442840814590454,
            "y": -5.110015392303467,
            "z": 0.0004896163591183722
        },
        "vehicle_throttle": 0.75,
        "unique_collisions": 0,
        "solid_lane_crosses": 3,
        "double_solid_lane_crosses": 0
    },
    {
        "game_time": 23.629963747225702,
        "vehicle_location": {
            "x": -73.49378967285156,
            "y": 164.16290283203125,
            "z": -0.15939585864543915
        },
        "vehicle_velocity": {
            "x": -0.9259301424026489,
            "y": -5.29599666595459,
            "z": 0.0001945304829860106
        },
        "vehicle_throttle": 0.75,
        "unique_collisions": 0,
        "solid_lane_crosses": 6,
        "double_solid_lane_crosses": 0
    },
    {
        "game_time": 24.695409591309726,
        "vehicle_location": {
            "x": -74.19338989257812,
            "y": 158.55088806152344,
            "z": -0.15568816661834717
        },
        "vehicle_velocity": {
            "x": -0.4596305787563324,
            "y": -4.703225135803223,
            "z": -0.000745210621971637
        },
        "vehicle_throttle": 0.0,
        "unique_collisions": 0,
        "solid_lane_crosses": 8,
        "double_solid_lane_crosses": 0
    },
    {
        "game_time": 25.751098069362342,
        "vehicle_location": {
            "x": -74.4039077758789,
            "y": 155.22634887695312,
            "z": -0.15150630474090576
        },
        "vehicle_velocity": {
            "x": -0.07695969194173813,
            "y": -1.5688608884811401,
            "z": 0.00033203125349245965
        },
        "vehicle_throttle": 0.0,
        "unique_collisions": 0,
        "solid_lane_crosses": 9,
        "double_solid_lane_crosses": 0
    },
    {
        "game_time": 26.818146388046443,
        "vehicle_location": {
            "x": -74.42533111572266,
            "y": 154.7783203125,
            "z": -0.1622253805398941
        },
        "vehicle_velocity": {
            "x": 0.00024061572912614793,
            "y": 0.004448696505278349,
            "z": -0.0002282619389006868
        },
        "vehicle_throttle": 0.0,
        "unique_collisions": 0,
        "solid_lane_crosses": 9,
        "double_solid_lane_crosses": 0
    },
    {
        "game_time": 27.853978381492198,
        "vehicle_location": {
            "x": -74.42526245117188,
            "y": 154.77911376953125,
            "z": -0.160689115524292
        },
        "vehicle_velocity": {
            "x": -2.3474533008993603e-05,
            "y": -0.0004322111781220883,
            "z": -0.0002486419689375907
        },
        "vehicle_throttle": 0.0,
        "unique_collisions": 0,
        "solid_lane_crosses": 9,
        "double_solid_lane_crosses": 0
    },
    {
        "game_time": 28.87503254134208,
        "vehicle_location": {
            "x": -74.42530822753906,
            "y": 154.77859497070312,
            "z": -0.16163620352745056
        },
        "vehicle_velocity": {
            "x": 1.348396807543395e-07,
            "y": 2.3600493932462996e-06,
            "z": 0.00020886420679744333
        },
        "vehicle_throttle": 0.0,
        "unique_collisions": 0,
        "solid_lane_crosses": 9,
        "double_solid_lane_crosses": 0
    },
    {
        "game_time": 29.89993275050074,
        "vehicle_location": {
            "x": -74.42530822753906,
            "y": 154.77859497070312,
            "z": -0.1616639345884323
        },
        "vehicle_velocity": {
            "x": 3.3884635541880925e-08,
            "y": -2.860939396498452e-08,
            "z": -0.00022970199643168598
        },
        "vehicle_throttle": 0.0,
        "unique_collisions": 0,
        "solid_lane_crosses": 9,
        "double_solid_lane_crosses": 0
    },
    {
        "game_time": 30.949730494059622,
        "vehicle_location": {
            "x": -74.42530822753906,
            "y": 154.77859497070312,
            "z": -0.16163527965545654
        },
        "vehicle_velocity": {
            "x": -2.6562996247037063e-09,
            "y": -1.1576871683516288e-09,
            "z": 0.00019261360284872353
        },
        "vehicle_throttle": 0.0,
        "unique_collisions": 0,
        "solid_lane_crosses": 9,
        "double_solid_lane_crosses": 0
    },
    {
        "game_time": 31.988344294019043,
        "vehicle_location": {
            "x": -74.42530822753906,
            "y": 154.77859497070312,
            "z": -0.1616651862859726
        },
        "vehicle_velocity": {
            "x": -2.8109891303529366e-08,
            "y": -1.2253265069261943e-09,
            "z": 3.130912591586821e-05
        },
        "vehicle_throttle": 0.0,
        "unique_collisions": 0,
        "solid_lane_crosses": 9,
        "double_solid_lane_crosses": 0
    },
    {
        "game_time": 33.00755575019866,
        "vehicle_location": {
            "x": -74.42530822753906,
            "y": 154.77859497070312,
            "z": -0.16163821518421173
        },
        "vehicle_velocity": {
            "x": -6.136010366475375e-09,
            "y": 1.4695483052662439e-08,
            "z": 0.0004218053654767573
        },
        "vehicle_throttle": 0.0,
        "unique_collisions": 0,
        "solid_lane_crosses": 9,
        "double_solid_lane_crosses": 0
    },
    {
        "game_time": 34.01809105928987,
        "vehicle_location": {
            "x": -74.42530822753906,
            "y": 154.77859497070312,
            "z": -0.1616436392068863
        },
        "vehicle_velocity": {
            "x": 5.5528754927536284e-08,
            "y": -9.119671240398475e-09,
            "z": 0.00026365279336459935
        },
        "vehicle_throttle": 0.0,
        "unique_collisions": 0,
        "solid_lane_crosses": 9,
        "double_solid_lane_crosses": 0
    },
    {
        "game_time": 35.06761612277478,
        "vehicle_location": {
            "x": -74.42530822753906,
            "y": 154.77859497070312,
            "z": -0.16166602075099945
        },
        "vehicle_velocity": {
            "x": 3.632957756849464e-08,
            "y": -8.209162238870249e-09,
            "z": -0.0004494953027460724
        },
        "vehicle_throttle": 0.0,
        "unique_collisions": 0,
        "solid_lane_crosses": 9,
        "double_solid_lane_crosses": 0
    },
    {
        "game_time": 36.11242950614542,
        "vehicle_location": {
            "x": -74.42530822753906,
            "y": 154.77859497070312,
            "z": -0.16164016723632812
        },
        "vehicle_velocity": {
            "x": 3.2577759156993125e-08,
            "y": 1.7217394177038159e-09,
            "z": -0.0001908397680381313
        },
        "vehicle_throttle": 0.0,
        "unique_collisions": 0,
        "solid_lane_crosses": 9,
        "double_solid_lane_crosses": 0
    },
    {
        "game_time": 37.1457906505093,
        "vehicle_location": {
            "x": -74.42530822753906,
            "y": 154.77859497070312,
            "z": -0.16164478659629822
        },
        "vehicle_velocity": {
            "x": -3.929523728629647e-08,
            "y": 2.487857697630602e-09,
            "z": -0.00022531508875545114
        },
        "vehicle_throttle": 0.0,
        "unique_collisions": 0,
        "solid_lane_crosses": 9,
        "double_solid_lane_crosses": 0
    },
    {
        "game_time": 38.156978412531316,
        "vehicle_location": {
            "x": -74.42530822753906,
            "y": 154.77859497070312,
            "z": -0.16166549921035767
        },
        "vehicle_velocity": {
            "x": -1.0089266311297251e-08,
            "y": 4.789064700361223e-09,
            "z": -5.9795379456772935e-06
        },
        "vehicle_throttle": 0.0,
        "unique_collisions": 0,
        "solid_lane_crosses": 9,
        "double_solid_lane_crosses": 0
    },
    {
        "game_time": 39.18342297989875,
        "vehicle_location": {
            "x": -74.42530822753906,
            "y": 154.77859497070312,
            "z": -0.1616746485233307
        },
        "vehicle_velocity": {
            "x": 3.276718629763309e-08,
            "y": -9.253423804977956e-09,
            "z": -7.87925673648715e-05
        },
        "vehicle_throttle": 0.0,
        "unique_collisions": 0,
        "solid_lane_crosses": 9,
        "double_solid_lane_crosses": 0
    },
    {
        "game_time": 40.18566483724862,
        "vehicle_location": {
            "x": -74.42530822753906,
            "y": 154.77859497070312,
            "z": -0.16161559522151947
        },
        "vehicle_velocity": {
            "x": -1.702264995628866e-08,
            "y": 3.1591647076112395e-09,
            "z": -6.799697530368576e-06
        },
        "vehicle_throttle": 0.0,
        "unique_collisions": 0,
        "solid_lane_crosses": 9,
        "double_solid_lane_crosses": 0
    },
    {
        "game_time": 41.28776991087943,
        "vehicle_location": {
            "x": -74.42530822753906,
            "y": 154.77859497070312,
            "z": -0.1616434007883072
        },
        "vehicle_velocity": {
            "x": -1.333144084014748e-08,
            "y": 8.336965562349974e-10,
            "z": -0.00012694358883891255
        },
        "vehicle_throttle": 0.0,
        "unique_collisions": 0,
        "solid_lane_crosses": 9,
        "double_solid_lane_crosses": 0
    },
    {
        "game_time": 42.350124162621796,
        "vehicle_location": {
            "x": -74.42530822753906,
            "y": 154.77859497070312,
            "z": -0.1616387963294983
        },
        "vehicle_velocity": {
            "x": 5.21656104979229e-08,
            "y": 2.0165318304066204e-09,
            "z": 4.660606282413937e-05
        },
        "vehicle_throttle": 0.0,
        "unique_collisions": 0,
        "solid_lane_crosses": 9,
        "double_solid_lane_crosses": 0
    },
    {
        "game_time": 43.384805982001126,
        "vehicle_location": {
            "x": -74.42530822753906,
            "y": 154.77859497070312,
            "z": -0.16165141761302948
        },
        "vehicle_velocity": {
            "x": 5.697873106669249e-08,
            "y": 3.3920528608177847e-09,
            "z": -4.119873119634576e-05
        },
        "vehicle_throttle": 0.0,
        "unique_collisions": 0,
        "solid_lane_crosses": 9,
        "double_solid_lane_crosses": 0
    },
    {
        "game_time": 44.396666950546205,
        "vehicle_location": {
            "x": -74.42530822753906,
            "y": 154.77859497070312,
            "z": -0.16161750257015228
        },
        "vehicle_velocity": {
            "x": -2.90034307681708e-08,
            "y": -1.15966780622756e-09,
            "z": -0.00024019241391215473
        },
        "vehicle_throttle": 0.0,
        "unique_collisions": 0,
        "solid_lane_crosses": 9,
        "double_solid_lane_crosses": 0
    },
    {
        "game_time": 45.42107009422034,
        "vehicle_location": {
            "x": -74.42530822753906,
            "y": 154.77859497070312,
            "z": -0.1616387963294983
        },
        "vehicle_velocity": {
            "x": -3.456252528621917e-08,
            "y": 3.973180451311009e-09,
            "z": -1.7280577594647184e-05
        },
        "vehicle_throttle": 0.0,
        "unique_collisions": 0,
        "solid_lane_crosses": 9,
        "double_solid_lane_crosses": 0
    },
    {
        "game_time": 46.52477100584656,
        "vehicle_location": {
            "x": -74.42530822753906,
            "y": 154.77859497070312,
            "z": -0.16164374351501465
        },
        "vehicle_velocity": {
            "x": -2.0793276434005747e-08,
            "y": -2.566746148957577e-09,
            "z": 0.00021835326333530247
        },
        "vehicle_throttle": 0.0,
        "unique_collisions": 0,
        "solid_lane_crosses": 9,
        "double_solid_lane_crosses": 0
    },
    {
        "game_time": 47.53517346549779,
        "vehicle_location": {
            "x": -74.42530822753906,
            "y": 154.77859497070312,
            "z": -0.1616583615541458
        },
        "vehicle_velocity": {
            "x": -3.127804149016811e-08,
            "y": 2.138036414578437e-09,
            "z": -0.00011697768786689267
        },
        "vehicle_throttle": 0.0,
        "unique_collisions": 0,
        "solid_lane_crosses": 9,
        "double_solid_lane_crosses": 0
    },
    {
        "game_time": 48.56479495484382,
        "vehicle_location": {
            "x": -74.42630767822266,
            "y": 154.75796508789062,
            "z": -0.16274718940258026
        },
        "vehicle_velocity": {
            "x": -0.011248508468270302,
            "y": -0.24013617634773254,
            "z": 2.7151107133249752e-05
        },
        "vehicle_throttle": 0.75,
        "unique_collisions": 0,
        "solid_lane_crosses": 9,
        "double_solid_lane_crosses": 0
    },
    {
        "game_time": 49.59261041972786,
        "vehicle_location": {
            "x": -74.47120666503906,
            "y": 153.54530334472656,
            "z": -0.16856829822063446
        },
        "vehicle_velocity": {
            "x": -0.05992783233523369,
            "y": -2.0841283798217773,
            "z": 0.00028201102395541966
        },
        "vehicle_throttle": 0.75,
        "unique_collisions": 0,
        "solid_lane_crosses": 9,
        "double_solid_lane_crosses": 0
    },
    {
        "game_time": 50.611390550620854,
        "vehicle_location": {
            "x": -74.53851318359375,
            "y": 150.6399383544922,
            "z": -0.1662137508392334
        },
        "vehicle_velocity": {
            "x": -0.06391574442386627,
            "y": -3.5190751552581787,
            "z": 4.653930773201864e-06
        },
        "vehicle_throttle": 0.75,
        "unique_collisions": 0,
        "solid_lane_crosses": 9,
        "double_solid_lane_crosses": 0
    },
    {
        "game_time": 51.72234781552106,
        "vehicle_location": {
            "x": -74.60345458984375,
            "y": 145.982177734375,
            "z": -0.16662155091762543
        },
        "vehicle_velocity": {
            "x": -0.09687140583992004,
            "y": -5.053858280181885,
            "z": 0.012662987224757671
        },
        "vehicle_throttle": 0.75,
        "unique_collisions": 0,
        "solid_lane_crosses": 9,
        "double_solid_lane_crosses": 0
    },
    {
        "game_time": 52.8283229554072,
        "vehicle_location": {
            "x": -74.53465270996094,
            "y": 140.0458221435547,
            "z": -0.14243938028812408
        },
        "vehicle_velocity": {
            "x": 0.06026638671755791,
            "y": -5.214200973510742,
            "z": 0.006876068189740181
        },
        "vehicle_throttle": 0.75,
        "unique_collisions": 0,
        "solid_lane_crosses": 9,
        "double_solid_lane_crosses": 0
    },
    {
        "game_time": 53.84277578536421,
        "vehicle_location": {
            "x": -74.30597686767578,
            "y": 134.56455993652344,
            "z": -0.1355525553226471
        },
        "vehicle_velocity": {
            "x": 0.28962278366088867,
            "y": -5.222232341766357,
            "z": 0.012993916869163513
        },
        "vehicle_throttle": 0.75,
        "unique_collisions": 0,
        "solid_lane_crosses": 9,
        "double_solid_lane_crosses": 0
    },
    {
        "game_time": 54.84328545909375,
        "vehicle_location": {
            "x": -74.14960479736328,
            "y": 129.16580200195312,
            "z": -0.1236632913351059
        },
        "vehicle_velocity": {
            "x": 0.029780501499772072,
            "y": -5.287112712860107,
            "z": 0.013187465257942677
        },
        "vehicle_throttle": 0.7150942087173462,
        "unique_collisions": 0,
        "solid_lane_crosses": 9,
        "double_solid_lane_crosses": 0
    },
    {
        "game_time": 55.88506136555225,
        "vehicle_location": {
            "x": -74.25941467285156,
            "y": 123.58248138427734,
            "z": -0.10662833601236343
        },
        "vehicle_velocity": {
            "x": -1.2433925867080688,
            "y": -5.005762100219727,
            "z": 0.012051014229655266
        },
        "vehicle_throttle": 0.75,
        "unique_collisions": 0,
        "solid_lane_crosses": 9,
        "double_solid_lane_crosses": 0
    },
    {
        "game_time": 56.975796080194414,
        "vehicle_location": {
            "x": -75.40998077392578,
            "y": 117.83175659179688,
            "z": -0.06056956946849823
        },
        "vehicle_velocity": {
            "x": -1.1557645797729492,
            "y": -5.120001316070557,
            "z": 0.07220686972141266
        },
        "vehicle_throttle": 0.75,
        "unique_collisions": 0,
        "solid_lane_crosses": 9,
        "double_solid_lane_crosses": 0
    },
    {
        "game_time": 58.007404615171254,
        "vehicle_location": {
            "x": -76.58113861083984,
            "y": 112.40386199951172,
            "z": 0.014467315748333931
        },
        "vehicle_velocity": {
            "x": -0.7916409969329834,
            "y": -5.206310272216797,
            "z": 0.06393209844827652
        },
        "vehicle_throttle": 0.75,
        "unique_collisions": 0,
        "solid_lane_crosses": 9,
        "double_solid_lane_crosses": 0
    },
    {
        "game_time": 59.06154724676162,
        "vehicle_location": {
            "x": -77.241943359375,
            "y": 106.76307678222656,
            "z": 0.08779777586460114
        },
        "vehicle_velocity": {
            "x": -0.18585430085659027,
            "y": -5.305016994476318,
            "z": 0.08524567633867264
        },
        "vehicle_throttle": 0.75,
        "unique_collisions": 0,
        "solid_lane_crosses": 9,
        "double_solid_lane_crosses": 0
    },
    {
        "game_time": 60.15117359627038,
        "vehicle_location": {
            "x": -77.474365234375,
            "y": 100.87964630126953,
            "z": 0.18808113038539886
        },
        "vehicle_velocity": {
            "x": -0.05982155352830887,
            "y": -5.416171073913574,
            "z": 0.09557189792394638
        },
        "vehicle_throttle": 0.75,
        "unique_collisions": 0,
        "solid_lane_crosses": 9,
        "double_solid_lane_crosses": 0
    },
    {
        "game_time": 61.22662136424333,
        "vehicle_location": {
            "x": -77.56375885009766,
            "y": 95.05497741699219,
            "z": 0.289204865694046
        },
        "vehicle_velocity": {
            "x": -0.021659258753061295,
            "y": -5.5116071701049805,
            "z": 0.09739460051059723
        },
        "vehicle_throttle": 0.3395462930202484,
        "unique_collisions": 0,
        "solid_lane_crosses": 9,
        "double_solid_lane_crosses": 0
    },
    {
        "game_time": 62.276799636892974,
        "vehicle_location": {
            "x": -77.6048583984375,
            "y": 89.35917663574219,
            "z": 0.38891059160232544
        },
        "vehicle_velocity": {
            "x": -0.009076312184333801,
            "y": -5.510489463806152,
            "z": 0.0973716750741005
        },
        "vehicle_throttle": 0.10538242012262344,
        "unique_collisions": 0,
        "solid_lane_crosses": 9,
        "double_solid_lane_crosses": 0
    },
    {
        "game_time": 63.362203194759786,
        "vehicle_location": {
            "x": -77.630859375,
            "y": 83.48685455322266,
            "z": 0.4929460883140564
        },
        "vehicle_velocity": {
            "x": -0.014723824337124825,
            "y": -5.386730194091797,
            "z": 0.09518758207559586
        },
        "vehicle_throttle": 0.30921417474746704,
        "unique_collisions": 0,
        "solid_lane_crosses": 9,
        "double_solid_lane_crosses": 0
    },
    {
        "game_time": 64.37639213446528,
        "vehicle_location": {
            "x": -77.64952087402344,
            "y": 78.0132064819336,
            "z": 0.5875585079193115
        },
        "vehicle_velocity": {
            "x": -0.017597787082195282,
            "y": -5.323009967803955,
            "z": 0.0777009055018425
        },
        "vehicle_throttle": 0.6792660355567932,
        "unique_collisions": 0,
        "solid_lane_crosses": 9,
        "double_solid_lane_crosses": 0
    },
    {
        "game_time": 65.39019204955548,
        "vehicle_location": {
            "x": -77.66593933105469,
            "y": 72.54005432128906,
            "z": 0.6550384163856506
        },
        "vehicle_velocity": {
            "x": -0.016383085399866104,
            "y": -5.340321063995361,
            "z": 0.035551413893699646
        },
        "vehicle_throttle": 0.75,
        "unique_collisions": 0,
        "solid_lane_crosses": 9,
        "double_solid_lane_crosses": 0
    },
    {
        "game_time": 66.42903360631317,
        "vehicle_location": {
            "x": -77.68194580078125,
            "y": 66.91492462158203,
            "z": 0.6700107455253601
        },
        "vehicle_velocity": {
            "x": -0.015102822333574295,
            "y": -5.468353748321533,
            "z": -0.016934365034103394
        },
        "vehicle_throttle": 0.6159929633140564,
        "unique_collisions": 0,
        "solid_lane_crosses": 9,
        "double_solid_lane_crosses": 0
    },
    {
        "game_time": 67.47001727763563,
        "vehicle_location": {
            "x": -77.69766235351562,
            "y": 61.26144790649414,
            "z": 0.6370618343353271
        },
        "vehicle_velocity": {
            "x": -0.015053440816700459,
            "y": -5.556150913238525,
            "z": -0.061285145580768585
        },
        "vehicle_throttle": 0.18302226066589355,
        "unique_collisions": 0,
        "solid_lane_crosses": 9,
        "double_solid_lane_crosses": 0
    },
    {
        "game_time": 68.49074804317206,
        "vehicle_location": {
            "x": -77.71293640136719,
            "y": 55.70545959472656,
            "z": 0.5534510016441345
        },
        "vehicle_velocity": {
            "x": -0.015217146836221218,
            "y": -5.528442859649658,
            "z": -0.11511905491352081
        },
        "vehicle_throttle": 0.0,
        "unique_collisions": 0,
        "solid_lane_crosses": 9,
        "double_solid_lane_crosses": 0
    },
    {
        "game_time": 69.56917596515268,
        "vehicle_location": {
            "x": -77.72895812988281,
            "y": 49.84812545776367,
            "z": 0.41853755712509155
        },
        "vehicle_velocity": {
            "x": -0.014685508795082569,
            "y": -5.355568885803223,
            "z": -0.15106970071792603
        },
        "vehicle_throttle": 0.5004774332046509,
        "unique_collisions": 0,
        "solid_lane_crosses": 9,
        "double_solid_lane_crosses": 0
    },
    {
        "game_time": 70.60212842095643,
        "vehicle_location": {
            "x": -77.7442626953125,
            "y": 44.24862289428711,
            "z": 0.2586756944656372
        },
        "vehicle_velocity": {
            "x": -0.014623145572841167,
            "y": -5.358912467956543,
            "z": -0.14678075909614563
        },
        "vehicle_throttle": 0.75,
        "unique_collisions": 0,
        "solid_lane_crosses": 9,
        "double_solid_lane_crosses": 0
    },
    {
        "game_time": 71.67706987541169,
        "vehicle_location": {
            "x": -77.75971221923828,
            "y": 38.5965461730957,
            "z": 0.118209108710289
        },
        "vehicle_velocity": {
            "x": -0.012115364894270897,
            "y": -4.454772472381592,
            "z": -0.10389577597379684
        },
        "vehicle_throttle": 0.0,
        "unique_collisions": 0,
        "solid_lane_crosses": 9,
        "double_solid_lane_crosses": 0
    },
    {
        "game_time": 72.68013935815543,
        "vehicle_location": {
            "x": -77.76781463623047,
            "y": 35.605857849121094,
            "z": 0.05796649679541588
        },
        "vehicle_velocity": {
            "x": -0.004234831314533949,
            "y": -1.5470716953277588,
            "z": -0.030339064076542854
        },
        "vehicle_throttle": 0.0,
        "unique_collisions": 0,
        "solid_lane_crosses": 9,
        "double_solid_lane_crosses": 0
    },
    {
        "game_time": 73.69461855199188,
        "vehicle_location": {
            "x": -77.76900482177734,
            "y": 35.17141342163086,
            "z": 0.0418103002011776
        },
        "vehicle_velocity": {
            "x": 1.881044590845704e-05,
            "y": 0.005249608773738146,
            "z": -0.00030463861185126007
        },
        "vehicle_throttle": 0.0,
        "unique_collisions": 0,
        "solid_lane_crosses": 9,
        "double_solid_lane_crosses": 0
    },
    {
        "game_time": 74.76584420818835,
        "vehicle_location": {
            "x": -77.76900482177734,
            "y": 35.171600341796875,
            "z": 0.04217834398150444
        },
        "vehicle_velocity": {
            "x": -2.349697680870122e-08,
            "y": -0.00041588753811083734,
            "z": -0.000244603754254058
        },
        "vehicle_throttle": 0.0,
        "unique_collisions": 0,
        "solid_lane_crosses": 9,
        "double_solid_lane_crosses": 0
    },
    {
        "game_time": 75.8040383728221,
        "vehicle_location": {
            "x": -77.76900482177734,
            "y": 35.17096710205078,
            "z": 0.041182249784469604
        },
        "vehicle_velocity": {
            "x": 1.4641985899288557e-06,
            "y": -4.7006458771647885e-05,
            "z": 0.0003869358042720705
        },
        "vehicle_throttle": 0.0,
        "unique_collisions": 0,
        "solid_lane_crosses": 9,
        "double_solid_lane_crosses": 0
    },
    {
        "game_time": 76.80724214296788,
        "vehicle_location": {
            "x": -77.76900482177734,
            "y": 35.17096710205078,
            "z": 0.041153259575366974
        },
        "vehicle_velocity": {
            "x": 1.3838198356097564e-06,
            "y": -3.418758569750935e-05,
            "z": -0.0002023168926825747
        },
        "vehicle_throttle": 0.0,
        "unique_collisions": 0,
        "solid_lane_crosses": 9,
        "double_solid_lane_crosses": 0
    },
    {
        "game_time": 77.85381737630814,
        "vehicle_location": {
            "x": -77.76900482177734,
            "y": 35.17096710205078,
            "z": 0.04116271808743477
        },
        "vehicle_velocity": {
            "x": 1.3696710539079504e-06,
            "y": -3.88401749660261e-05,
            "z": -7.468945841537789e-05
        },
        "vehicle_throttle": 0.0,
        "unique_collisions": 0,
        "solid_lane_crosses": 9,
        "double_solid_lane_crosses": 0
    },
    {
        "game_time": 78.88425795827061,
        "vehicle_location": {
            "x": -77.76900482177734,
            "y": 35.17096710205078,
            "z": 0.04110252112150192
        },
        "vehicle_velocity": {
            "x": 1.5763366718601901e-06,
            "y": -5.5167674872791395e-05,
            "z": 0.0006146379746496677
        },
        "vehicle_throttle": 0.0,
        "unique_collisions": 0,
        "solid_lane_crosses": 9,
        "double_solid_lane_crosses": 0
    },
    {
        "game_time": 79.97951731737703,
        "vehicle_location": {
            "x": -77.76900482177734,
            "y": 35.17096710205078,
            "z": 0.041174545884132385
        },
        "vehicle_velocity": {
            "x": 1.4386907878360944e-06,
            "y": -3.809287954936735e-05,
            "z": -0.00011240202729823068
        },
        "vehicle_throttle": 0.0,
        "unique_collisions": 0,
        "solid_lane_crosses": 9,
        "double_solid_lane_crosses": 0
    },
    {
        "game_time": 80.98882982414216,
        "vehicle_location": {
            "x": -77.76966094970703,
            "y": 34.936859130859375,
            "z": 0.02980812080204487
        },
        "vehicle_velocity": {
            "x": -0.002503786003217101,
            "y": -0.9093454480171204,
            "z": -0.015613340772688389
        },
        "vehicle_throttle": 0.75,
        "unique_collisions": 0,
        "solid_lane_crosses": 9,
        "double_solid_lane_crosses": 0
    },
    {
        "game_time": 81.99396363738924,
        "vehicle_location": {
            "x": -77.774658203125,
            "y": 33.07282257080078,
            "z": -0.001130065880715847
        },
        "vehicle_velocity": {
            "x": -0.0063280388712882996,
            "y": -2.734001636505127,
            "z": -0.05187280476093292
        },
        "vehicle_throttle": 0.75,
        "unique_collisions": 0,
        "solid_lane_crosses": 9,
        "double_solid_lane_crosses": 0
    },
    {
        "game_time": 82.99409329239279,
        "vehicle_location": {
            "x": -77.78407287597656,
            "y": 29.63673973083496,
            "z": -0.057842329144477844
        },
        "vehicle_velocity": {
            "x": -0.010939844883978367,
            "y": -4.035131931304932,
            "z": -0.05410679802298546
        },
        "vehicle_throttle": 0.75,
        "unique_collisions": 0,
        "solid_lane_crosses": 9,
        "double_solid_lane_crosses": 0
    },
    {
        "game_time": 84.08638816606253,
        "vehicle_location": {
            "x": -77.79866790771484,
            "y": 24.304445266723633,
            "z": -0.10327659547328949
        },
        "vehicle_velocity": {
            "x": -0.015436645597219467,
            "y": -5.6451568603515625,
            "z": -0.027219323441386223
        },
        "vehicle_throttle": 0.0,
        "unique_collisions": 0,
        "solid_lane_crosses": 9,
        "double_solid_lane_crosses": 0
    },
    {
        "game_time": 85.16738404799253,
        "vehicle_location": {
            "x": -77.813232421875,
            "y": 18.98465347290039,
            "z": -0.11337432265281677
        },
        "vehicle_velocity": {
            "x": -0.014404586516320705,
            "y": -3.783775568008423,
            "z": -0.024480624124407768
        },
        "vehicle_throttle": 0.75,
        "unique_collisions": 0,
        "solid_lane_crosses": 9,
        "double_solid_lane_crosses": 0
    },
    {
        "game_time": 86.2178059881553,
        "vehicle_location": {
            "x": -77.8662109375,
            "y": 15.189994812011719,
            "z": -0.15184058248996735
        },
        "vehicle_velocity": {
            "x": -0.11310131102800369,
            "y": -3.9264495372772217,
            "z": -0.009432696737349033
        },
        "vehicle_throttle": 0.75,
        "unique_collisions": 0,
        "solid_lane_crosses": 9,
        "double_solid_lane_crosses": 0
    },
    {
        "game_time": 87.2250873381272,
        "vehicle_location": {
            "x": -78.40892028808594,
            "y": 10.62763786315918,
            "z": -0.16549842059612274
        },
        "vehicle_velocity": {
            "x": -1.214207649230957,
            "y": -5.179467678070068,
            "z": -0.006616673432290554
        },
        "vehicle_throttle": 0.75,
        "unique_collisions": 0,
        "solid_lane_crosses": 9,
        "double_solid_lane_crosses": 0
    },
    {
        "game_time": 88.26115644630045,
        "vehicle_location": {
            "x": -80.54363250732422,
            "y": 5.513643264770508,
            "z": -0.15843749046325684
        },
        "vehicle_velocity": {
            "x": -2.995554208755493,
            "y": -4.440734386444092,
            "z": -0.0077316854149103165
        },
        "vehicle_throttle": 0.75,
        "unique_collisions": 0,
        "solid_lane_crosses": 9,
        "double_solid_lane_crosses": 0
    },
    {
        "game_time": 89.27205426152796,
        "vehicle_location": {
            "x": -84.17598724365234,
            "y": 1.5044509172439575,
            "z": -0.16723060607910156
        },
        "vehicle_velocity": {
            "x": -4.46807336807251,
            "y": -2.964228868484497,
            "z": -0.006792483385652304
        },
        "vehicle_throttle": 0.75,
        "unique_collisions": 0,
        "solid_lane_crosses": 9,
        "double_solid_lane_crosses": 0
    },
    {
        "game_time": 90.30507634673268,
        "vehicle_location": {
            "x": -89.03223419189453,
            "y": -1.2160415649414062,
            "z": -0.17579379677772522
        },
        "vehicle_velocity": {
            "x": -5.20765495300293,
            "y": -1.7882483005523682,
            "z": -0.003595557063817978
        },
        "vehicle_throttle": 0.2623639702796936,
        "unique_collisions": 0,
        "solid_lane_crosses": 9,
        "double_solid_lane_crosses": 0
    },
    {
        "game_time": 91.34089850541204,
        "vehicle_location": {
            "x": -94.49551391601562,
            "y": -2.4258456230163574,
            "z": -0.16870994865894318
        },
        "vehicle_velocity": {
            "x": -5.360378742218018,
            "y": -0.5651630759239197,
            "z": 0.04000024124979973
        },
        "vehicle_throttle": 0.6230694651603699,
        "unique_collisions": 0,
        "solid_lane_crosses": 9,
        "double_solid_lane_crosses": 0
    },
    {
        "game_time": 92.35312468279153,
        "vehicle_location": {
            "x": -99.8736572265625,
            "y": -2.877603054046631,
            "z": -0.15493716299533844
        },
        "vehicle_velocity": {
            "x": -4.8094658851623535,
            "y": -0.2678931653499603,
            "z": -0.0011319589102640748
        },
        "vehicle_throttle": 0.0,
        "unique_collisions": 0,
        "solid_lane_crosses": 9,
        "double_solid_lane_crosses": 0
    },
    {
        "game_time": 93.41916451323777,
        "vehicle_location": {
            "x": -103.4181137084961,
            "y": -3.0249178409576416,
            "z": -0.1559104174375534
        },
        "vehicle_velocity": {
            "x": -2.311124563217163,
            "y": -0.08074307441711426,
            "z": 0.00026996611268259585
        },
        "vehicle_throttle": 0.75,
        "unique_collisions": 0,
        "solid_lane_crosses": 9,
        "double_solid_lane_crosses": 0
    },
    {
        "game_time": 94.44283786881715,
        "vehicle_location": {
            "x": -106.38472747802734,
            "y": -3.0924839973449707,
            "z": -0.16681426763534546
        },
        "vehicle_velocity": {
            "x": -3.514591693878174,
            "y": -0.05968848988413811,
            "z": 0.00038474082248285413
        },
        "vehicle_throttle": 0.75,
        "unique_collisions": 0,
        "solid_lane_crosses": 9,
        "double_solid_lane_crosses": 0
    },
    {
        "game_time": 95.45036467444152,
        "vehicle_location": {
            "x": -110.44818878173828,
            "y": -3.1507821083068848,
            "z": -0.16506992280483246
        },
        "vehicle_velocity": {
            "x": -4.298595428466797,
            "y": -0.04844190552830696,
            "z": -1.7580985513632186e-05
        },
        "vehicle_throttle": 0.0,
        "unique_collisions": 0,
        "solid_lane_crosses": 9,
        "double_solid_lane_crosses": 0
    },
    {
        "game_time": 96.50082222092897,
        "vehicle_location": {
            "x": -114.11579132080078,
            "y": -3.1844122409820557,
            "z": -0.16389945149421692
        },
        "vehicle_velocity": {
            "x": -3.431274652481079,
            "y": -0.02931063622236252,
            "z": 0.00017950533947441727
        },
        "vehicle_throttle": 0.75,
        "unique_collisions": 0,
        "solid_lane_crosses": 9,
        "double_solid_lane_crosses": 0
    },
    {
        "game_time": 97.5190586047247,
        "vehicle_location": {
            "x": -118.12664031982422,
            "y": -3.2153451442718506,
            "z": -0.16425392031669617
        },
        "vehicle_velocity": {
            "x": -4.456533908843994,
            "y": -0.030183834955096245,
            "z": 0.00020082473929505795
        },
        "vehicle_throttle": 0.0,
        "unique_collisions": 0,
        "solid_lane_crosses": 9,
        "double_solid_lane_crosses": 0
    },
    {
        "game_time": 98.53160864766687,
        "vehicle_location": {
            "x": -121.79141998291016,
            "y": -3.236049175262451,
            "z": -0.15882956981658936
        },
        "vehicle_velocity": {
            "x": -3.2955310344696045,
            "y": -0.020600514486432076,
            "z": 0.0002012443437706679
        },
        "vehicle_throttle": 0.75,
        "unique_collisions": 0,
        "solid_lane_crosses": 9,
        "double_solid_lane_crosses": 0
    },
    {
        "game_time": 99.59161996934563,
        "vehicle_location": {
            "x": -125.82198333740234,
            "y": -3.260781764984131,
            "z": -0.1642453670501709
        },
        "vehicle_velocity": {
            "x": -4.410234451293945,
            "y": -0.025922223925590515,
            "z": -0.00050832744454965
        },
        "vehicle_throttle": 0.75,
        "unique_collisions": 0,
        "solid_lane_crosses": 9,
        "double_solid_lane_crosses": 0
    },
    {
        "game_time": 100.61996535491198,
        "vehicle_location": {
            "x": -130.1114501953125,
            "y": -3.2847142219543457,
            "z": -0.15350471436977386
        },
        "vehicle_velocity": {
            "x": -3.42113995552063,
            "y": -0.018808145076036453,
            "z": -0.00030599592719227076
        },
        "vehicle_throttle": 0.75,
        "unique_collisions": 0,
        "solid_lane_crosses": 9,
        "double_solid_lane_crosses": 0
    },
    {
        "game_time": 101.6548767471686,
        "vehicle_location": {
            "x": -133.666259765625,
            "y": -3.2819454669952393,
            "z": -0.16835834085941315
        },
        "vehicle_velocity": {
            "x": -3.837447166442871,
            "y": 0.03865910694003105,
            "z": -0.0007411289261654019
        },
        "vehicle_throttle": 0.75,
        "unique_collisions": 0,
        "solid_lane_crosses": 9,
        "double_solid_lane_crosses": 0
    },
    {
        "game_time": 102.69318634923548,
        "vehicle_location": {
            "x": -138.23818969726562,
            "y": -2.952521562576294,
            "z": -0.16773360967636108
        },
        "vehicle_velocity": {
            "x": -5.074987888336182,
            "y": 0.8640959858894348,
            "z": 0.0006586646777577698
        },
        "vehicle_throttle": 0.75,
        "unique_collisions": 0,
        "solid_lane_crosses": 9,
        "double_solid_lane_crosses": 0
    },
    {
        "game_time": 103.74877547752112,
        "vehicle_location": {
            "x": -143.5751190185547,
            "y": -1.181968092918396,
            "z": -0.15702372789382935
        },
        "vehicle_velocity": {
            "x": -4.284217357635498,
            "y": 3.1224327087402344,
            "z": -0.00047562120016664267
        },
        "vehicle_throttle": 0.75,
        "unique_collisions": 0,
        "solid_lane_crosses": 9,
        "double_solid_lane_crosses": 0
    },
    {
        "game_time": 104.79682414699346,
        "vehicle_location": {
            "x": -147.0848388671875,
            "y": 3.0277366638183594,
            "z": -0.1583143174648285
        },
        "vehicle_velocity": {
            "x": -1.6387403011322021,
            "y": 5.149155616760254,
            "z": 0.00042510509956628084
        },
        "vehicle_throttle": 0.4803006947040558,
        "unique_collisions": 0,
        "solid_lane_crosses": 9,
        "double_solid_lane_crosses": 0
    },
    {
        "game_time": 105.84104739967734,
        "vehicle_location": {
            "x": -148.366943359375,
            "y": 8.493896484375,
            "z": -0.16094565391540527
        },
        "vehicle_velocity": {
            "x": -0.4060008227825165,
            "y": 5.235105514526367,
            "z": 4.5299530029296875e-06
        },
        "vehicle_throttle": 0.0,
        "unique_collisions": 0,
        "solid_lane_crosses": 9,
        "double_solid_lane_crosses": 0
    },
    {
        "game_time": 106.90465983841568,
        "vehicle_location": {
            "x": -148.72718811035156,
            "y": 12.531936645507812,
            "z": -0.14996112883090973
        },
        "vehicle_velocity": {
            "x": -0.13546417653560638,
            "y": 2.224073648452759,
            "z": -1.5726089259260334e-05
        },
        "vehicle_throttle": 0.0,
        "unique_collisions": 0,
        "solid_lane_crosses": 9,
        "double_solid_lane_crosses": 0
    },
    {
        "game_time": 107.96880076546222,
        "vehicle_location": {
            "x": -148.77975463867188,
            "y": 13.392718315124512,
            "z": -0.15863391757011414
        },
        "vehicle_velocity": {
            "x": -0.013053672388195992,
            "y": 0.2286483496427536,
            "z": 5.0067901611328125e-05
        },
        "vehicle_throttle": 0.75,
        "unique_collisions": 0,
        "solid_lane_crosses": 9,
        "double_solid_lane_crosses": 1
    },
    {
        "game_time": 109.01168165449053,
        "vehicle_location": {
            "x": -148.8369140625,
            "y": 14.617423057556152,
            "z": -0.16785304248332977
        },
        "vehicle_velocity": {
            "x": -0.06369543075561523,
            "y": 2.0916645526885986,
            "z": -2.6502608307055198e-05
        },
        "vehicle_throttle": 0.75,
        "unique_collisions": 0,
        "solid_lane_crosses": 9,
        "double_solid_lane_crosses": 1
    },
    {
        "game_time": 110.03339095320553,
        "vehicle_location": {
            "x": -148.9158935546875,
            "y": 17.53943634033203,
            "z": -0.16651129722595215
        },
        "vehicle_velocity": {
            "x": -0.06508073955774307,
            "y": 3.527031183242798,
            "z": 0.00011200427979929373
        },
        "vehicle_throttle": 0.75,
        "unique_collisions": 0,
        "solid_lane_crosses": 9,
        "double_solid_lane_crosses": 1
    },
    {
        "game_time": 111.04254310112447,
        "vehicle_location": {
            "x": -148.97216796875,
            "y": 21.694293975830078,
            "z": -0.167876198887825
        },
        "vehicle_velocity": {
            "x": -0.04684694483876228,
            "y": 4.82778263092041,
            "z": 0.00018559455929789692
        },
        "vehicle_throttle": 0.0,
        "unique_collisions": 0,
        "solid_lane_crosses": 9,
        "double_solid_lane_crosses": 1
    },
    {
        "game_time": 112.08592630270869,
        "vehicle_location": {
            "x": -148.9958038330078,
            "y": 25.771583557128906,
            "z": -0.15591579675674438
        },
        "vehicle_velocity": {
            "x": -0.015407874248921871,
            "y": 3.3671133518218994,
            "z": 0.00014823913807049394
        },
        "vehicle_throttle": 0.75,
        "unique_collisions": 0,
        "solid_lane_crosses": 9,
        "double_solid_lane_crosses": 1
    },
    {
        "game_time": 113.13957746233791,
        "vehicle_location": {
            "x": -149.0115203857422,
            "y": 29.804821014404297,
            "z": -0.16448532044887543
        },
        "vehicle_velocity": {
            "x": -0.012634026817977428,
            "y": 4.406980991363525,
            "z": 0.00019049167167395353
        },
        "vehicle_throttle": 0.0,
        "unique_collisions": 0,
        "solid_lane_crosses": 9,
        "double_solid_lane_crosses": 1
    },
    {
        "game_time": 114.15526389051229,
        "vehicle_location": {
            "x": -149.0194091796875,
            "y": 33.68088912963867,
            "z": -0.15450668334960938
        },
        "vehicle_velocity": {
            "x": -0.005757040344178677,
            "y": 3.244584798812866,
            "z": 0.00018798827659338713
        },
        "vehicle_throttle": 0.75,
        "unique_collisions": 0,
        "solid_lane_crosses": 9,
        "double_solid_lane_crosses": 1
    },
    {
        "game_time": 115.21712218876928,
        "vehicle_location": {
            "x": -149.02468872070312,
            "y": 37.61537551879883,
            "z": -0.16497942805290222
        },
        "vehicle_velocity": {
            "x": -0.004619196522980928,
            "y": 4.13826847076416,
            "z": 0.00019619941303972155
        },
        "vehicle_throttle": 0.75,
        "unique_collisions": 0,
        "solid_lane_crosses": 9,
        "double_solid_lane_crosses": 1
    },
    {
        "game_time": 116.23415095638484,
        "vehicle_location": {
            "x": -149.02865600585938,
            "y": 42.068904876708984,
            "z": -0.1647210270166397
        },
        "vehicle_velocity": {
            "x": -0.0031436248682439327,
            "y": 4.7391791343688965,
            "z": 0.00020332336134742945
        },
        "vehicle_throttle": 0.75,
        "unique_collisions": 0,
        "solid_lane_crosses": 9,
        "double_solid_lane_crosses": 1
    },
    {
        "game_time": 117.26375520508736,
        "vehicle_location": {
            "x": -149.0324249267578,
            "y": 47.50044250488281,
            "z": -0.1610892117023468
        },
        "vehicle_velocity": {
            "x": -0.0028292606584727764,
            "y": 5.385709762573242,
            "z": -9.6368785307277e-06
        },
        "vehicle_throttle": 0.376481294631958,
        "unique_collisions": 0,
        "solid_lane_crosses": 9,
        "double_solid_lane_crosses": 1
    },
    {
        "game_time": 118.29885924328119,
        "vehicle_location": {
            "x": -149.03558349609375,
            "y": 53.09431076049805,
            "z": -0.16217967867851257
        },
        "vehicle_velocity": {
            "x": -0.003115073312073946,
            "y": 5.35438871383667,
            "z": -6.995201147219632e-06
        },
        "vehicle_throttle": 0.7445884346961975,
        "unique_collisions": 0,
        "solid_lane_crosses": 9,
        "double_solid_lane_crosses": 1
    },
    {
        "game_time": 119.36286922637373,
        "vehicle_location": {
            "x": -149.03875732421875,
            "y": 58.87205123901367,
            "z": -0.16147178411483765
        },
        "vehicle_velocity": {
            "x": -0.003011873923242092,
            "y": 5.471602439880371,
            "z": -3.337860050578456e-07
        },
        "vehicle_throttle": 0.38340020179748535,
        "unique_collisions": 0,
        "solid_lane_crosses": 9,
        "double_solid_lane_crosses": 1
    },
    {
        "game_time": 120.40830996725708,
        "vehicle_location": {
            "x": -149.04183959960938,
            "y": 64.55580139160156,
            "z": -0.1616818606853485
        },
        "vehicle_velocity": {
            "x": -0.0028367438353598118,
            "y": 5.422904014587402,
            "z": 2.384185791015625e-07
        },
        "vehicle_throttle": 0.44359123706817627,
        "unique_collisions": 0,
        "solid_lane_crosses": 9,
        "double_solid_lane_crosses": 1
    },
    {
        "game_time": 121.43063921201974,
        "vehicle_location": {
            "x": -149.04473876953125,
            "y": 70.1034927368164,
            "z": -0.16140155494213104
        },
        "vehicle_velocity": {
            "x": -0.0029205214232206345,
            "y": 5.424444675445557,
            "z": 1.950263822436682e-06
        },
        "vehicle_throttle": 0.5025572776794434,
        "unique_collisions": 0,
        "solid_lane_crosses": 9,
        "double_solid_lane_crosses": 1
    }
]