[
    {
        "game_time": 8.898890137206763,
        "vehicle_location": {
            "x": -32.990482330322266,
            "y": 193.69573974609375,
            "z": -0.007276077289134264
        },
        "vehicle_velocity": {
            "x": 0.6599371433258057,
            "y": 0.5315911173820496,
            "z": -6.5040585468523204e-06
        },
        "vehicle_throttle": 0.75,
        "unique_collisions": 0,
        "solid_lane_crosses": 0,
        "double_solid_lane_crosses": 0
    },
    {
        "game_time": 9.960653936024755,
        "vehicle_location": {
            "x": -31.675262451171875,
            "y": 194.85617065429688,
            "z": -0.003938217181712389
        },
        "vehicle_velocity": {
            "x": 1.074033260345459,
            "y": 2.636320114135742,
            "z": -5.54132457182277e-05
        },
        "vehicle_throttle": 0.75,
        "unique_collisions": 0,
        "solid_lane_crosses": 0,
        "double_solid_lane_crosses": 0
    },
    {
        "game_time": 11.00567122688517,
        "vehicle_location": {
            "x": -31.350421905517578,
            "y": 198.07052612304688,
            "z": 0.002146835206076503
        },
        "vehicle_velocity": {
            "x": -2.351113796234131,
            "y": 3.500122308731079,
            "z": -0.00016528129344806075
        },
        "vehicle_throttle": 0.75,
        "unique_collisions": 0,
        "solid_lane_crosses": 0,
        "double_solid_lane_crosses": 0
    },
    {
        "game_time": 12.01633032830432,
        "vehicle_location": {
            "x": -34.7491455078125,
            "y": 200.22642517089844,
            "z": 0.0070494841784238815
        },
        "vehicle_velocity": {
            "x": -4.896506309509277,
            "y": -1.2803045511245728,
            "z": -0.0003002500452566892
        },
        "vehicle_throttle": 0.75,
        "unique_collisions": 0,
        "solid_lane_crosses": 0,
        "double_solid_lane_crosses": 0
    },
    {
        "game_time": 13.112545295152813,
        "vehicle_location": {
            "x": -38.429893493652344,
            "y": 196.76744079589844,
            "z": 0.008438263088464737
        },
        "vehicle_velocity": {
            "x": -0.9954688549041748,
            "y": -5.045925617218018,
            "z": 0.0014737319434061646
        },
        "vehicle_throttle": 0.75,
        "unique_collisions": 0,
        "solid_lane_crosses": 0,
        "double_solid_lane_crosses": 0
    },
    {
        "game_time": 14.179956244770437,
        "vehicle_location": {
            "x": -40.47444152832031,
            "y": 191.658203125,
            "z": 0.0009211729047819972
        },
        "vehicle_velocity": {
            "x": -4.075036525726318,
            "y": -3.321295976638794,
            "z": -0.0016492032445967197
        },
        "vehicle_throttle": 0.75,
        "unique_collisions": 0,
        "solid_lane_crosses": 0,
        "double_solid_lane_crosses": 0
    },
    {
        "game_time": 15.200568286236376,
        "vehicle_location": {
            "x": -45.12651443481445,
            "y": 191.0283966064453,
            "z": 0.007550353650003672
        },
        "vehicle_velocity": {
            "x": -4.310381889343262,
            "y": 2.601573944091797,
            "z": 0.0013463877839967608
        },
        "vehicle_throttle": 0.0,
        "unique_collisions": 0,
        "solid_lane_crosses": 0,
        "double_solid_lane_crosses": 0
    },
    {
        "game_time": 16.266957804095,
        "vehicle_location": {
            "x": -50.07210922241211,
            "y": 192.24688720703125,
            "z": 0.0034706112928688526
        },
        "vehicle_velocity": {
            "x": -4.657607078552246,
            "y": -2.139547348022461,
            "z": 0.0005312538123689592
        },
        "vehicle_throttle": 0.75,
        "unique_collisions": 0,
        "solid_lane_crosses": 0,
        "double_solid_lane_crosses": 0
    },
    {
        "game_time": 17.331723558250815,
        "vehicle_location": {
            "x": -55.30152893066406,
            "y": 190.04603576660156,
            "z": -0.0039666746743023396
        },
        "vehicle_velocity": {
            "x": -4.79383659362793,
            "y": -2.5385167598724365,
            "z": -0.00028641699464060366
        },
        "vehicle_throttle": 0.6341243386268616,
        "unique_collisions": 0,
        "solid_lane_crosses": 0,
        "double_solid_lane_crosses": 0
    },
    {
        "game_time": 18.35789042385295,
        "vehicle_location": {
            "x": -60.01988220214844,
            "y": 187.07131958007812,
            "z": -0.0011349486885592341
        },
        "vehicle_velocity": {
            "x": -4.4443182945251465,
            "y": -3.3061046600341797,
            "z": 4.770278974319808e-05
        },
        "vehicle_throttle": 0.4757351875305176,
        "unique_collisions": 0,
        "solid_lane_crosses": 0,
        "double_solid_lane_crosses": 0
    },
    {
        "game_time": 19.370621126610786,
        "vehicle_location": {
            "x": -64.11178588867188,
            "y": 183.40415954589844,
            "z": -0.0026246642228215933
        },
        "vehicle_velocity": {
            "x": -3.6689083576202393,
            "y": -4.136449337005615,
            "z": 3.91483299608808e-05
        },
        "vehicle_throttle": 0.02852335385978222,
        "unique_collisions": 0,
        "solid_lane_crosses": 0,
        "double_solid_lane_crosses": 0
    },
    {
        "game_time": 20.375202388036996,
        "vehicle_location": {
            "x": -67.1322250366211,
            "y": 179.7377166748047,
            "z": 0.02338302507996559
        },
        "vehicle_velocity": {
            "x": -1.7338531017303467,
            "y": -2.3701841831207275,
            "z": -0.001617593690752983
        },
        "vehicle_throttle": 0.75,
        "unique_collisions": 0,
        "solid_lane_crosses": 0,
        "double_solid_lane_crosses": 0
    },
    {
        "game_time": 21.44668539101258,
        "vehicle_location": {
            "x": -68.43302917480469,
            "y": 177.81602478027344,
            "z": 0.008502501994371414
        },
        "vehicle_velocity": {
            "x": -0.7487625479698181,
            "y": -1.1695480346679688,
            "z": -2.192497231590096e-05
        },
        "vehicle_throttle": 0.75,
        "unique_collisions": 0,
        "solid_lane_crosses": 0,
        "double_solid_lane_crosses": 0
    },
    {
        "game_time": 22.54282018588856,
        "vehicle_location": {
            "x": -69.73741149902344,
            "y": 175.5984344482422,
            "z": 0.004356002900749445
        },
        "vehicle_velocity": {
            "x": -0.7388312220573425,
            "y": -1.4270191192626953,
            "z": 0.00019186973804607987
        },
        "vehicle_throttle": 0.0,
        "unique_collisions": 0,
        "solid_lane_crosses": 0,
        "double_solid_lane_crosses": 0
    },
    {
        "game_time": 23.607360292691737,
        "vehicle_location": {
            "x": -70.04368591308594,
            "y": 175.019287109375,
            "z": -0.019685210660099983
        },
        "vehicle_velocity": {
            "x": -0.24042443931102753,
            "y": -0.48690077662467957,
            "z": -0.0005154847749508917
        },
        "vehicle_throttle": 0.0,
        "unique_collisions": 0,
        "solid_lane_crosses": 0,
        "double_solid_lane_crosses": 0
    },
    {
        "game_time": 24.655863203573972,
        "vehicle_location": {
            "x": -70.2015609741211,
            "y": 174.71920776367188,
            "z": -0.004068298265337944
        },
        "vehicle_velocity": {
            "x": -0.3267468512058258,
            "y": -0.6377065181732178,
            "z": 0.00028353690868243575
        },
        "vehicle_throttle": 0.75,
        "unique_collisions": 0,
        "solid_lane_crosses": 0,
        "double_solid_lane_crosses": 0
    },
    {
        "game_time": 25.755328231025487,
        "vehicle_location": {
            "x": -70.30079650878906,
            "y": 174.53079223632812,
            "z": -0.0006647491245530546
        },
        "vehicle_velocity": {
            "x": 0.000657710072118789,
            "y": -0.002751006744801998,
            "z": 7.581233512610197e-05
        },
        "vehicle_throttle": 0.0,
        "unique_collisions": 0,
        "solid_lane_crosses": 0,
        "double_solid_lane_crosses": 0
    },
    {
        "game_time": 26.80594808468595,
        "vehicle_location": {
            "x": -70.36009216308594,
            "y": 174.41653442382812,
            "z": -0.0030487822368741035
        },
        "vehicle_velocity": {
            "x": -0.00021892139920964837,
            "y": -0.004195514600723982,
            "z": 0.0004458856419660151
        },
        "vehicle_throttle": 0.0,
        "unique_collisions": 0,
        "solid_lane_crosses": 0,
        "double_solid_lane_crosses": 0
    },
    {
        "game_time": 27.88411629619077,
        "vehicle_location": {
            "x": -70.39972686767578,
            "y": 174.34158325195312,
            "z": -0.001619796734303236
        },
        "vehicle_velocity": {
            "x": -0.018090173602104187,
            "y": -0.0360930897295475,
            "z": -5.4912565246922895e-05
        },
        "vehicle_throttle": 0.75,
        "unique_collisions": 0,
        "solid_lane_crosses": 0,
        "double_solid_lane_crosses": 0
    },
    {
        "game_time": 28.93265834869817,
        "vehicle_location": {
            "x": -70.42818450927734,
            "y": 174.287109375,
            "z": -0.0007756042177788913
        },
        "vehicle_velocity": {
            "x": -0.015441559255123138,
            "y": -0.030656781047582626,
            "z": 0.00014552116044797003
        },
        "vehicle_throttle": 0.75,
        "unique_collisions": 0,
        "solid_lane_crosses": 0,
        "double_solid_lane_crosses": 0
    },
    {
        "game_time": 30.006756412331015,
        "vehicle_location": {
            "x": -70.43547058105469,
            "y": 174.27330017089844,
            "z": -0.0015499114524573088
        },
        "vehicle_velocity": {
            "x": -0.014378905296325684,
            "y": -0.028276795521378517,
            "z": 0.00018664359231479466
        },
        "vehicle_throttle": 0.75,
        "unique_collisions": 0,
        "solid_lane_crosses": 0,
        "double_solid_lane_crosses": 0
    },
    {
        "game_time": 31.049971817526966,
        "vehicle_location": {
            "x": -70.43974304199219,
            "y": 174.26519775390625,
            "z": -0.0016403960762545466
        },
        "vehicle_velocity": {
            "x": -0.010119808837771416,
            "y": -0.020241128280758858,
            "z": -3.408431803109124e-05
        },
        "vehicle_throttle": 0.75,
        "unique_collisions": 0,
        "solid_lane_crosses": 0,
        "double_solid_lane_crosses": 0
    },
    {
        "game_time": 32.089496665168554,
        "vehicle_location": {
            "x": -70.4427490234375,
            "y": 174.25958251953125,
            "z": -0.0017765044467523694
        },
        "vehicle_velocity": {
            "x": 4.84011843582266e-06,
            "y": -0.00022083730436861515,
            "z": -0.00012862205039709806
        },
        "vehicle_throttle": 0.0,
        "unique_collisions": 0,
        "solid_lane_crosses": 0,
        "double_solid_lane_crosses": 0
    },
    {
        "game_time": 33.146808807272464,
        "vehicle_location": {
            "x": -70.44552612304688,
            "y": 174.25436401367188,
            "z": -0.0016683196881785989
        },
        "vehicle_velocity": {
            "x": 1.1893095688719768e-05,
            "y": -6.933174154255539e-05,
            "z": 0.00044603823334909976
        },
        "vehicle_throttle": 0.0,
        "unique_collisions": 0,
        "solid_lane_crosses": 0,
        "double_solid_lane_crosses": 0
    },
    {
        "game_time": 34.24187684664503,
        "vehicle_location": {
            "x": -70.44551849365234,
            "y": 174.25439453125,
            "z": -0.0016151427989825606
        },
        "vehicle_velocity": {
            "x": 9.76790374807024e-07,
            "y": 1.6430872165074106e-06,
            "z": -0.00046739575918763876
        },
        "vehicle_throttle": 0.0,
        "unique_collisions": 0,
        "solid_lane_crosses": 0,
        "double_solid_lane_crosses": 0
    },
    {
        "game_time": 35.26367550017312,
        "vehicle_location": {
            "x": -70.44551849365234,
            "y": 174.25439453125,
            "z": -0.0016432189149782062
        },
        "vehicle_velocity": {
            "x": 2.0628094787866758e-09,
            "y": 1.175722630364362e-08,
            "z": -0.0002694892755243927
        },
        "vehicle_throttle": 0.0,
        "unique_collisions": 0,
        "solid_lane_crosses": 0,
        "double_solid_lane_crosses": 0
    },
    {
        "game_time": 36.34231482865289,
        "vehicle_location": {
            "x": -70.44551849365234,
            "y": 174.25439453125,
            "z": -0.001626892015337944
        },
        "vehicle_velocity": {
            "x": 1.913666203279263e-08,
            "y": -1.619437206556995e-08,
            "z": 0.00013780116569250822
        },
        "vehicle_throttle": 0.0,
        "unique_collisions": 0,
        "solid_lane_crosses": 0,
        "double_solid_lane_crosses": 0
    },
    {
        "game_time": 37.36228861892596,
        "vehicle_location": {
            "x": -70.44551849365234,
            "y": 174.25439453125,
            "z": -0.0016408538212999701
        },
        "vehicle_velocity": {
            "x": 4.3987292031033576e-08,
            "y": -2.980643998284904e-08,
            "z": -0.0001251792855327949
        },
        "vehicle_throttle": 0.0,
        "unique_collisions": 0,
        "solid_lane_crosses": 0,
        "double_solid_lane_crosses": 0
    },
    {
        "game_time": 38.38266938040033,
        "vehicle_location": {
            "x": -70.44551849365234,
            "y": 174.25439453125,
            "z": -0.0016284179873764515
        },
        "vehicle_velocity": {
            "x": 5.375143885544276e-08,
            "y": -2.8725857248446118e-08,
            "z": 0.0001426267554052174
        },
        "vehicle_throttle": 0.0,
        "unique_collisions": 0,
        "solid_lane_crosses": 0,
        "double_solid_lane_crosses": 0
    },
    {
        "game_time": 39.41216979036108,
        "vehicle_location": {
            "x": -70.44551849365234,
            "y": 174.25439453125,
            "z": -0.0016200256068259478
        },
        "vehicle_velocity": {
            "x": -5.345362197317627e-08,
            "y": 2.2283888512220074e-08,
            "z": 0.00023591994249727577
        },
        "vehicle_throttle": 0.0,
        "unique_collisions": 0,
        "solid_lane_crosses": 0,
        "double_solid_lane_crosses": 0
    },
    {
        "game_time": 40.4518101667054,
        "vehicle_location": {
            "x": -70.44551849365234,
            "y": 174.25439453125,
            "z": -0.0016398620791733265
        },
        "vehicle_velocity": {
            "x": 5.404787728480187e-08,
            "y": -2.8750946512445807e-08,
            "z": 0.00016589641745667905
        },
        "vehicle_throttle": 0.0,
        "unique_collisions": 0,
        "solid_lane_crosses": 0,
        "double_solid_lane_crosses": 0
    },
    {
        "game_time": 41.4526332472451,
        "vehicle_location": {
            "x": -70.44551849365234,
            "y": 174.25439453125,
            "z": -0.0015727233840152621
        },
        "vehicle_velocity": {
            "x": 3.7881331849121125e-08,
            "y": -1.0317073417809297e-08,
            "z": 0.0003126716474071145
        },
        "vehicle_throttle": 0.0,
        "unique_collisions": 0,
        "solid_lane_crosses": 0,
        "double_solid_lane_crosses": 0
    },
    {
        "game_time": 42.558833269868046,
        "vehicle_location": {
            "x": -70.44551849365234,
            "y": 174.25439453125,
            "z": -0.0016156005440279841
        },
        "vehicle_velocity": {
            "x": -1.7964504328560338e-09,
            "y": 1.0843194120369049e-09,
            "z": -7.028579602774698e-06
        },
        "vehicle_throttle": 0.0,
        "unique_collisions": 0,
        "solid_lane_crosses": 0,
        "double_solid_lane_crosses": 0
    },
    {
        "game_time": 43.65197032364085,
        "vehicle_location": {
            "x": -70.44551849365234,
            "y": 174.25439453125,
            "z": -0.0016322326846420765
        },
        "vehicle_velocity": {
            "x": 3.94096595357496e-08,
            "y": -9.791778943224472e-09,
            "z": -3.705024573719129e-05
        },
        "vehicle_throttle": 0.0,
        "unique_collisions": 0,
        "solid_lane_crosses": 0,
        "double_solid_lane_crosses": 0
    },
    {
        "game_time": 44.74469182314351,
        "vehicle_location": {
            "x": -70.44551849365234,
            "y": 174.25439453125,
            "z": -0.0016348266508430243
        },
        "vehicle_velocity": {
            "x": 2.310654423354208e-08,
            "y": -1.3657079023232654e-08,
            "z": 0.00038131236215122044
        },
        "vehicle_throttle": 0.0,
        "unique_collisions": 0,
        "solid_lane_crosses": 0,
        "double_solid_lane_crosses": 0
    },
    {
        "game_time": 45.81736972229555,
        "vehicle_location": {
            "x": -70.44551849365234,
            "y": 174.25439453125,
            "z": -0.0016270446358248591
        },
        "vehicle_velocity": {
            "x": -2.604507187697891e-08,
            "y": 7.29090254836251e-09,
            "z": -8.574485400458798e-05
        },
        "vehicle_throttle": 0.0,
        "unique_collisions": 0,
        "solid_lane_crosses": 0,
        "double_solid_lane_crosses": 0
    },
    {
        "game_time": 46.85150995710865,
        "vehicle_location": {
            "x": -70.44551849365234,
            "y": 174.25439453125,
            "z": -0.0016188048757612705
        },
        "vehicle_velocity": {
            "x": -3.9945316387957064e-08,
            "y": 1.2010629824033003e-08,
            "z": 0.00026686189812608063
        },
        "vehicle_throttle": 0.0,
        "unique_collisions": 0,
        "solid_lane_crosses": 0,
        "double_solid_lane_crosses": 0
    },
    {
        "game_time": 47.95653248811141,
        "vehicle_location": {
            "x": -70.44551849365234,
            "y": 174.25439453125,
            "z": -0.0016155242919921875
        },
        "vehicle_velocity": {
            "x": -7.844396243683605e-09,
            "y": 4.408891030038831e-09,
            "z": -0.0005859470111317933
        },
        "vehicle_throttle": 0.0,
        "unique_collisions": 0,
        "solid_lane_crosses": 0,
        "double_solid_lane_crosses": 0
    },
    {
        "game_time": 49.03324518771842,
        "vehicle_location": {
            "x": -70.44551849365234,
            "y": 174.25439453125,
            "z": -0.0016176605131477118
        },
        "vehicle_velocity": {
            "x": -5.531672897518547e-08,
            "y": 3.260946712657642e-08,
            "z": -6.037711864337325e-05
        },
        "vehicle_throttle": 0.0,
        "unique_collisions": 0,
        "solid_lane_crosses": 0,
        "double_solid_lane_crosses": 0
    },
    {
        "game_time": 50.10269220592454,
        "vehicle_location": {
            "x": -70.44551849365234,
            "y": 174.25439453125,
            "z": -0.0016090392600744963
        },
        "vehicle_velocity": {
            "x": 3.153790117949029e-08,
            "y": -1.3638005391669594e-08,
            "z": 8.838176290737465e-05
        },
        "vehicle_throttle": 0.0,
        "unique_collisions": 0,
        "solid_lane_crosses": 0,
        "double_solid_lane_crosses": 0
    },
    {
        "game_time": 51.127003595698625,
        "vehicle_location": {
            "x": -70.44551849365234,
            "y": 174.25439453125,
            "z": -0.001642532297410071
        },
        "vehicle_velocity": {
            "x": -4.12613871958456e-08,
            "y": 2.0030016756322766e-08,
            "z": 0.00019346237240824848
        },
        "vehicle_throttle": 0.0,
        "unique_collisions": 0,
        "solid_lane_crosses": 0,
        "double_solid_lane_crosses": 0
    },
    {
        "game_time": 52.1504609179683,
        "vehicle_location": {
            "x": -70.44541931152344,
            "y": 174.2545928955078,
            "z": -0.0015906523913145065
        },
        "vehicle_velocity": {
            "x": 0.002083467086777091,
            "y": 0.004758893512189388,
            "z": 0.00022378920402843505
        },
        "vehicle_throttle": 0.75,
        "unique_collisions": 0,
        "solid_lane_crosses": 0,
        "double_solid_lane_crosses": 0
    },
    {
        "game_time": 53.18136669555679,
        "vehicle_location": {
            "x": -70.65630340576172,
            "y": 173.81332397460938,
            "z": -0.010532302781939507
        },
        "vehicle_velocity": {
            "x": -0.5257686376571655,
            "y": -1.198710322380066,
            "z": 3.115653817076236e-05
        },
        "vehicle_throttle": 0.75,
        "unique_collisions": 0,
        "solid_lane_crosses": 0,
        "double_solid_lane_crosses": 0
    },
    {
        "game_time": 54.20130212465301,
        "vehicle_location": {
            "x": -71.56636810302734,
            "y": 171.711181640625,
            "z": 0.0017679595621302724
        },
        "vehicle_velocity": {
            "x": -0.8096584677696228,
            "y": -2.366236686706543,
            "z": -9.348869207315147e-05
        },
        "vehicle_throttle": 0.75,
        "unique_collisions": 0,
        "solid_lane_crosses": 0,
        "double_solid_lane_crosses": 0
    },
    {
        "game_time": 55.2470520385541,
        "vehicle_location": {
            "x": -72.61721801757812,
            "y": 168.6759490966797,
            "z": -0.00033432006603106856
        },
        "vehicle_velocity": {
            "x": -0.8307980895042419,
            "y": -3.2032246589660645,
            "z": 0.0004216146480757743
        },
        "vehicle_throttle": 0.75,
        "unique_collisions": 0,
        "solid_lane_crosses": 0,
        "double_solid_lane_crosses": 0
    },
    {
        "game_time": 56.26659362250939,
        "vehicle_location": {
            "x": -73.49795532226562,
            "y": 165.18882751464844,
            "z": -0.002922439482063055
        },
        "vehicle_velocity": {
            "x": -0.7641590237617493,
            "y": -3.7911555767059326,
            "z": 0.0017543983412906528
        },
        "vehicle_throttle": 0.75,
        "unique_collisions": 0,
        "solid_lane_crosses": 0,
        "double_solid_lane_crosses": 0
    },
    {
        "game_time": 57.342502462211996,
        "vehicle_location": {
            "x": -74.08904266357422,
            "y": 161.46800231933594,
            "z": -0.007565765175968409
        },
        "vehicle_velocity": {
            "x": -0.433422714471817,
            "y": -3.9181292057037354,
            "z": 0.00025249479222111404
        },
        "vehicle_throttle": 0.75,
        "unique_collisions": 0,
        "solid_lane_crosses": 0,
        "double_solid_lane_crosses": 0
    },
    {
        "game_time": 58.4248670511879,
        "vehicle_location": {
            "x": -74.38131713867188,
            "y": 157.6109161376953,
            "z": -0.006431808229535818
        },
        "vehicle_velocity": {
            "x": -0.2224808782339096,
            "y": -3.9926464557647705,
            "z": 0.0003570938133634627
        },
        "vehicle_throttle": 0.75,
        "unique_collisions": 0,
        "solid_lane_crosses": 0,
        "double_solid_lane_crosses": 0
    },
    {
        "game_time": 59.505474413279444,
        "vehicle_location": {
            "x": -74.5301742553711,
            "y": 152.5347137451172,
            "z": -0.0013368987711146474
        },
        "vehicle_velocity": {
            "x": -0.15971584618091583,
            "y": -5.161806583404541,
            "z": -6.074905286368448e-06
        },
        "vehicle_throttle": 0.75,
        "unique_collisions": 0,
        "solid_lane_crosses": 0,
        "double_solid_lane_crosses": 0
    },
    {
        "game_time": 60.5862620533444,
        "vehicle_location": {
            "x": -74.60755920410156,
            "y": 147.05381774902344,
            "z": 0.00019523620721884072
        },
        "vehicle_velocity": {
            "x": -0.00587651738896966,
            "y": -5.109236240386963,
            "z": 0.009853772819042206
        },
        "vehicle_throttle": 0.75,
        "unique_collisions": 0,
        "solid_lane_crosses": 0,
        "double_solid_lane_crosses": 0
    },
    {
        "game_time": 61.62523399153724,
        "vehicle_location": {
            "x": -74.61785888671875,
            "y": 144.3083038330078,
            "z": -0.0018404388101771474
        },
        "vehicle_velocity": {
            "x": 0.004885427188128233,
            "y": -2.3083128929138184,
            "z": 0.007082128431648016
        },
        "vehicle_throttle": 0.75,
        "unique_collisions": 0,
        "solid_lane_crosses": 0,
        "double_solid_lane_crosses": 0
    },
    {
        "game_time": 62.639303736854345,
        "vehicle_location": {
            "x": -74.5653305053711,
            "y": 140.89784240722656,
            "z": 0.008717804215848446
        },
        "vehicle_velocity": {
            "x": 0.17510278522968292,
            "y": -4.241206169128418,
            "z": 0.005776099860668182
        },
        "vehicle_throttle": 0.75,
        "unique_collisions": 0,
        "solid_lane_crosses": 0,
        "double_solid_lane_crosses": 0
    },
    {
        "game_time": 63.67693570861593,
        "vehicle_location": {
            "x": -74.37332153320312,
            "y": 135.8926544189453,
            "z": 0.017723312601447105
        },
        "vehicle_velocity": {
            "x": 0.18121230602264404,
            "y": -5.069425106048584,
            "z": 0.012532205320894718
        },
        "vehicle_throttle": 0.75,
        "unique_collisions": 0,
        "solid_lane_crosses": 0,
        "double_solid_lane_crosses": 0
    },
    {
        "game_time": 64.71457748347893,
        "vehicle_location": {
            "x": -74.18212127685547,
            "y": 130.58892822265625,
            "z": 0.03631271421909332
        },
        "vehicle_velocity": {
            "x": 0.1927836388349533,
            "y": -5.050773620605469,
            "z": 0.01369584072381258
        },
        "vehicle_throttle": 0.75,
        "unique_collisions": 0,
        "solid_lane_crosses": 0,
        "double_solid_lane_crosses": 0
    },
    {
        "game_time": 65.81945465737954,
        "vehicle_location": {
            "x": -74.14347839355469,
            "y": 124.69503784179688,
            "z": 0.05007133260369301
        },
        "vehicle_velocity": {
            "x": -0.60957270860672,
            "y": -5.263271331787109,
            "z": 0.012990913353860378
        },
        "vehicle_throttle": 0.7227997779846191,
        "unique_collisions": 0,
        "solid_lane_crosses": 0,
        "double_solid_lane_crosses": 0
    },
    {
        "game_time": 66.82346976036206,
        "vehicle_location": {
            "x": -75.1017837524414,
            "y": 119.35445404052734,
            "z": 0.0779971331357956
        },
        "vehicle_velocity": {
            "x": -1.14906907081604,
            "y": -5.258305072784424,
            "z": 0.07551339268684387
        },
        "vehicle_throttle": 0.632140576839447,
        "unique_collisions": 0,
        "solid_lane_crosses": 0,
        "double_solid_lane_crosses": 0
    },
    {
        "game_time": 67.83562809461728,
        "vehicle_location": {
            "x": -76.29879760742188,
            "y": 113.99222564697266,
            "z": 0.1528852880001068
        },
        "vehicle_velocity": {
            "x": -1.2172417640686035,
            "y": -5.36775016784668,
            "z": 0.06886541098356247
        },
        "vehicle_throttle": 0.452349990606308,
        "unique_collisions": 0,
        "solid_lane_crosses": 0,
        "double_solid_lane_crosses": 0
    },
    {
        "game_time": 68.92686286987737,
        "vehicle_location": {
            "x": -77.1544189453125,
            "y": 108.1466293334961,
            "z": 0.22569473087787628
        },
        "vehicle_velocity": {
            "x": -0.4194934070110321,
            "y": -5.373304843902588,
            "z": 0.08075704425573349
        },
        "vehicle_throttle": 0.472557008266449,
        "unique_collisions": 0,
        "solid_lane_crosses": 0,
        "double_solid_lane_crosses": 0
    },
    {
        "game_time": 69.9710820899345,
        "vehicle_location": {
            "x": -77.43919372558594,
            "y": 102.48501586914062,
            "z": 0.31779196858406067
        },
        "vehicle_velocity": {
            "x": -0.15491685271263123,
            "y": -5.4167985916137695,
            "z": 0.09600772708654404
        },
        "vehicle_throttle": 0.40764591097831726,
        "unique_collisions": 0,
        "solid_lane_crosses": 0,
        "double_solid_lane_crosses": 0
    },
    {
        "game_time": 70.9851956279017,
        "vehicle_location": {
            "x": -77.54200744628906,
            "y": 96.99221801757812,
            "z": 0.4162296950817108
        },
        "vehicle_velocity": {
            "x": -0.04295937344431877,
            "y": -5.378720760345459,
            "z": 0.0950876995921135
        },
        "vehicle_throttle": 0.7307274341583252,
        "unique_collisions": 0,
        "solid_lane_crosses": 0,
        "double_solid_lane_crosses": 0
    },
    {
        "game_time": 72.02989256801084,
        "vehicle_location": {
            "x": -77.59339904785156,
            "y": 91.32858276367188,
            "z": 0.5154888033866882
        },
        "vehicle_velocity": {
            "x": -0.020528240129351616,
            "y": -5.417539119720459,
            "z": 0.09574264287948608
        },
        "vehicle_throttle": 0.3258097171783447,
        "unique_collisions": 0,
        "solid_lane_crosses": 0,
        "double_solid_lane_crosses": 0
    },
    {
        "game_time": 73.04476263793185,
        "vehicle_location": {
            "x": -77.62256622314453,
            "y": 85.83464050292969,
            "z": 0.6127055883407593
        },
        "vehicle_velocity": {
            "x": -0.028710974380373955,
            "y": -5.467338562011719,
            "z": 0.09661746770143509
        },
        "vehicle_throttle": 0.42818644642829895,
        "unique_collisions": 0,
        "solid_lane_crosses": 0,
        "double_solid_lane_crosses": 0
    },
    {
        "game_time": 74.07260095560923,
        "vehicle_location": {
            "x": -77.64289093017578,
            "y": 80.26663208007812,
            "z": 0.7110655307769775
        },
        "vehicle_velocity": {
            "x": -0.020167574286460876,
            "y": -5.3661417961120605,
            "z": 0.09257963299751282
        },
        "vehicle_throttle": 0.5851477384567261,
        "unique_collisions": 0,
        "solid_lane_crosses": 0,
        "double_solid_lane_crosses": 0
    },
    {
        "game_time": 75.10271415533498,
        "vehicle_location": {
            "x": -77.65994262695312,
            "y": 74.69417572021484,
            "z": 0.7919293642044067
        },
        "vehicle_velocity": {
            "x": -0.016163066029548645,
            "y": -5.536862850189209,
            "z": 0.04858994483947754
        },
        "vehicle_throttle": 0.38404446840286255,
        "unique_collisions": 0,
        "solid_lane_crosses": 0,
        "double_solid_lane_crosses": 0
    },
    {
        "game_time": 76.14908234821633,
        "vehicle_location": {
            "x": -77.67420959472656,
            "y": 69.74539947509766,
            "z": 0.818376362323761
        },
        "vehicle_velocity": {
            "x": -0.014403162524104118,
            "y": -5.054244041442871,
            "z": 0.015903161838650703
        },
        "vehicle_throttle": 0.75,
        "unique_collisions": 0,
        "solid_lane_crosses": 0,
        "double_solid_lane_crosses": 0
    },
    {
        "game_time": 77.1787988008,
        "vehicle_location": {
            "x": -77.68339538574219,
            "y": 64.41492462158203,
            "z": 0.8285950422286987
        },
        "vehicle_velocity": {
            "x": -0.01873686909675598,
            "y": -5.050255298614502,
            "z": -0.03793299198150635
        },
        "vehicle_throttle": 0.75,
        "unique_collisions": 0,
        "solid_lane_crosses": 0,
        "double_solid_lane_crosses": 0
    },
    {
        "game_time": 78.2602052805014,
        "vehicle_location": {
            "x": -77.70561981201172,
            "y": 58.62429428100586,
            "z": 0.7644893527030945
        },
        "vehicle_velocity": {
            "x": -0.020342011004686356,
            "y": -5.4586920738220215,
            "z": -0.08177360147237778
        },
        "vehicle_throttle": 0.2732568681240082,
        "unique_collisions": 0,
        "solid_lane_crosses": 0,
        "double_solid_lane_crosses": 0
    },
    {
        "game_time": 79.32487766863778,
        "vehicle_location": {
            "x": -77.721923828125,
            "y": 52.82792663574219,
            "z": 0.6548190712928772
        },
        "vehicle_velocity": {
            "x": -0.013731041923165321,
            "y": -5.391992092132568,
            "z": -0.140675887465477
        },
        "vehicle_throttle": 0.7492664456367493,
        "unique_collisions": 0,
        "solid_lane_crosses": 0,
        "double_solid_lane_crosses": 0
    },
    {
        "game_time": 80.3620263976045,
        "vehicle_location": {
            "x": -77.73786163330078,
            "y": 47.17630386352539,
            "z": 0.5018711090087891
        },
        "vehicle_velocity": {
            "x": -0.015089639462530613,
            "y": -5.485482215881348,
            "z": -0.16237983107566833
        },
        "vehicle_throttle": 0.3296342194080353,
        "unique_collisions": 0,
        "solid_lane_crosses": 0,
        "double_solid_lane_crosses": 0
    },
    {
        "game_time": 81.43990016216412,
        "vehicle_location": {
            "x": -77.75233459472656,
            "y": 42.38551712036133,
            "z": 0.3745555281639099
        },
        "vehicle_velocity": {
            "x": -0.008099449798464775,
            "y": -3.27213978767395,
            "z": -0.08811303228139877
        },
        "vehicle_throttle": 0.0,
        "unique_collisions": 0,
        "solid_lane_crosses": 0,
        "double_solid_lane_crosses": 0
    },
    {
        "game_time": 82.4890139666386,
        "vehicle_location": {
            "x": -77.75566864013672,
            "y": 40.78367233276367,
            "z": 0.3122768998146057
        },
        "vehicle_velocity": {
            "x": -0.004273579455912113,
            "y": -1.888325810432434,
            "z": -0.04672132804989815
        },
        "vehicle_throttle": 0.75,
        "unique_collisions": 0,
        "solid_lane_crosses": 0,
        "double_solid_lane_crosses": 0
    },
    {
        "game_time": 83.59232295909896,
        "vehicle_location": {
            "x": -77.76433563232422,
            "y": 37.28156280517578,
            "z": 0.239277184009552
        },
        "vehicle_velocity": {
            "x": -0.01082290057092905,
            "y": -4.275764465332031,
            "z": -0.07811275869607925
        },
        "vehicle_throttle": 0.75,
        "unique_collisions": 0,
        "solid_lane_crosses": 0,
        "double_solid_lane_crosses": 0
    },
    {
        "game_time": 84.67120362306014,
        "vehicle_location": {
            "x": -77.7774887084961,
            "y": 32.0186767578125,
            "z": 0.14736831188201904
        },
        "vehicle_velocity": {
            "x": -0.012737814337015152,
            "y": -5.207574367523193,
            "z": -0.09238093346357346
        },
        "vehicle_throttle": 0.75,
        "unique_collisions": 0,
        "solid_lane_crosses": 0,
        "double_solid_lane_crosses": 0
    },
    {
        "game_time": 85.68054768675938,
        "vehicle_location": {
            "x": -77.76227569580078,
            "y": 27.053855895996094,
            "z": 0.1025906354188919
        },
        "vehicle_velocity": {
            "x": 0.026853591203689575,
            "y": -1.6243773698806763,
            "z": -0.0048993537202477455
        },
        "vehicle_throttle": 0.0,
        "unique_collisions": 0,
        "solid_lane_crosses": 0,
        "double_solid_lane_crosses": 0
    },
    {
        "game_time": 86.68211987288669,
        "vehicle_location": {
            "x": -77.77252960205078,
            "y": 25.512880325317383,
            "z": 0.046362150460481644
        },
        "vehicle_velocity": {
            "x": -0.014509094879031181,
            "y": -2.4674274921417236,
            "z": -0.013855819590389729
        },
        "vehicle_throttle": 0.75,
        "unique_collisions": 0,
        "solid_lane_crosses": 0,
        "double_solid_lane_crosses": 0
    },
    {
        "game_time": 87.75444097770378,
        "vehicle_location": {
            "x": -77.7957992553711,
            "y": 21.66090965270996,
            "z": 0.04822792112827301
        },
        "vehicle_velocity": {
            "x": -0.022107955068349838,
            "y": -4.437209129333496,
            "z": -0.022883161902427673
        },
        "vehicle_throttle": 0.0,
        "unique_collisions": 0,
        "solid_lane_crosses": 0,
        "double_solid_lane_crosses": 0
    },
    {
        "game_time": 88.80695470003411,
        "vehicle_location": {
            "x": -77.81348419189453,
            "y": 17.408824920654297,
            "z": 0.021303100511431694
        },
        "vehicle_velocity": {
            "x": -0.012952175922691822,
            "y": -3.980194568634033,
            "z": -0.034726619720458984
        },
        "vehicle_throttle": 0.0,
        "unique_collisions": 0,
        "solid_lane_crosses": 0,
        "double_solid_lane_crosses": 0
    },
    {
        "game_time": 89.84687655372545,
        "vehicle_location": {
            "x": -78.02476501464844,
            "y": 13.059267044067383,
            "z": -0.004231033381074667
        },
        "vehicle_velocity": {
            "x": -0.46445709466934204,
            "y": -4.841701030731201,
            "z": -0.010656404308974743
        },
        "vehicle_throttle": 0.75,
        "unique_collisions": 0,
        "solid_lane_crosses": 0,
        "double_solid_lane_crosses": 0
    },
    {
        "game_time": 90.89430421544239,
        "vehicle_location": {
            "x": -79.29872131347656,
            "y": 7.8695244789123535,
            "z": -0.0019679260440170765
        },
        "vehicle_velocity": {
            "x": -2.529782772064209,
            "y": -5.06264066696167,
            "z": -0.0006633233861066401
        },
        "vehicle_throttle": 0.36144015192985535,
        "unique_collisions": 0,
        "solid_lane_crosses": 0,
        "double_solid_lane_crosses": 0
    },
    {
        "game_time": 91.89765817997977,
        "vehicle_location": {
            "x": -81.90082550048828,
            "y": 3.619311809539795,
            "z": -0.008441009558737278
        },
        "vehicle_velocity": {
            "x": -3.4800703525543213,
            "y": -3.956366539001465,
            "z": -0.008983511477708817
        },
        "vehicle_throttle": 0.75,
        "unique_collisions": 0,
        "solid_lane_crosses": 0,
        "double_solid_lane_crosses": 0
    },
    {
        "game_time": 92.96598166180775,
        "vehicle_location": {
            "x": -86.35498809814453,
            "y": -0.002024159301072359,
            "z": -0.010721816681325436
        },
        "vehicle_velocity": {
            "x": -4.804507732391357,
            "y": -2.4612019062042236,
            "z": -0.00561880087479949
        },
        "vehicle_throttle": 0.6730770468711853,
        "unique_collisions": 0,
        "solid_lane_crosses": 0,
        "double_solid_lane_crosses": 0
    },
    {
        "game_time": 94.00982817588374,
        "vehicle_location": {
            "x": -91.61612701416016,
            "y": -2.0005757808685303,
            "z": -0.017692413181066513
        },
        "vehicle_velocity": {
            "x": -5.460122108459473,
            "y": -1.0545307397842407,
            "z": -0.0014453649055212736
        },
        "vehicle_throttle": 0.0716804638504982,
        "unique_collisions": 0,
        "solid_lane_crosses": 0,
        "double_solid_lane_crosses": 0
    },
    {
        "game_time": 95.08534831786528,
        "vehicle_location": {
            "x": -97.388671875,
            "y": -2.7581288814544678,
            "z": -0.00334587087854743
        },
        "vehicle_velocity": {
            "x": -5.400938034057617,
            "y": -0.3354276716709137,
            "z": -0.001980037661269307
        },
        "vehicle_throttle": 0.5325570106506348,
        "unique_collisions": 0,
        "solid_lane_crosses": 0,
        "double_solid_lane_crosses": 0
    },
    {
        "game_time": 96.146925796289,
        "vehicle_location": {
            "x": -100.69707489013672,
            "y": -2.9490902423858643,
            "z": -0.010275039821863174
        },
        "vehicle_velocity": {
            "x": -2.94431209564209,
            "y": -0.12052363157272339,
            "z": 0.0019550896249711514
        },
        "vehicle_throttle": 0.75,
        "unique_collisions": 0,
        "solid_lane_crosses": 0,
        "double_solid_lane_crosses": 0
    },
    {
        "game_time": 97.1491858814843,
        "vehicle_location": {
            "x": -104.54331970214844,
            "y": -3.063683032989502,
            "z": -0.0015985106583684683
        },
        "vehicle_velocity": {
            "x": -4.625972270965576,
            "y": -0.10304338485002518,
            "z": 0.0005850839661434293
        },
        "vehicle_throttle": 0.75,
        "unique_collisions": 0,
        "solid_lane_crosses": 0,
        "double_solid_lane_crosses": 0
    },
    {
        "game_time": 98.22020397381857,
        "vehicle_location": {
            "x": -109.02335357666016,
            "y": -3.1354191303253174,
            "z": 0.00048347472329623997
        },
        "vehicle_velocity": {
            "x": -4.099361896514893,
            "y": -0.02206834964454174,
            "z": 0.0006562519120052457
        },
        "vehicle_throttle": 0.75,
        "unique_collisions": 0,
        "solid_lane_crosses": 0,
        "double_solid_lane_crosses": 0
    },
    {
        "game_time": 99.26480499887839,
        "vehicle_location": {
            "x": -112.77439880371094,
            "y": -3.175510883331299,
            "z": 0.013422622345387936
        },
        "vehicle_velocity": {
            "x": -2.808403491973877,
            "y": -0.026743806898593903,
            "z": -0.0002456521906424314
        },
        "vehicle_throttle": 0.75,
        "unique_collisions": 0,
        "solid_lane_crosses": 0,
        "double_solid_lane_crosses": 0
    },
    {
        "game_time": 100.3159696883522,
        "vehicle_location": {
            "x": -116.55540466308594,
            "y": -3.2055249214172363,
            "z": -0.0035703277681022882
        },
        "vehicle_velocity": {
            "x": -4.037695407867432,
            "y": -0.029311342164874077,
            "z": 0.0005298280739225447
        },
        "vehicle_throttle": 0.75,
        "unique_collisions": 0,
        "solid_lane_crosses": 0,
        "double_solid_lane_crosses": 0
    },
    {
        "game_time": 101.38613219046965,
        "vehicle_location": {
            "x": -120.80562591552734,
            "y": -3.2333199977874756,
            "z": -0.007911300286650658
        },
        "vehicle_velocity": {
            "x": -4.363482475280762,
            "y": -0.026938753202557564,
            "z": 0.0002560758439358324
        },
        "vehicle_throttle": 0.75,
        "unique_collisions": 0,
        "solid_lane_crosses": 0,
        "double_solid_lane_crosses": 0
    },
    {
        "game_time": 102.43891095137224,
        "vehicle_location": {
            "x": -125.1100082397461,
            "y": -3.2582290172576904,
            "z": -0.0030989074148237705
        },
        "vehicle_velocity": {
            "x": -4.349823951721191,
            "y": -0.02256562002003193,
            "z": 0.00033676624298095703
        },
        "vehicle_throttle": 0.75,
        "unique_collisions": 0,
        "solid_lane_crosses": 0,
        "double_solid_lane_crosses": 0
    },
    {
        "game_time": 103.4658704358153,
        "vehicle_location": {
            "x": -130.13629150390625,
            "y": -3.2851316928863525,
            "z": 7.347107020905241e-05
        },
        "vehicle_velocity": {
            "x": -5.152616500854492,
            "y": -0.026149803772568703,
            "z": -0.00010335445404052734
        },
        "vehicle_throttle": 0.75,
        "unique_collisions": 0,
        "solid_lane_crosses": 0,
        "double_solid_lane_crosses": 0
    },
    {
        "game_time": 104.51860020356253,
        "vehicle_location": {
            "x": -135.67958068847656,
            "y": -3.196214437484741,
            "z": 0.0011848449939861894
        },
        "vehicle_velocity": {
            "x": -5.308315753936768,
            "y": 0.30902671813964844,
            "z": 8.386134868487716e-05
        },
        "vehicle_throttle": 0.75,
        "unique_collisions": 0,
        "solid_lane_crosses": 0,
        "double_solid_lane_crosses": 0
    },
    {
        "game_time": 105.57933750329539,
        "vehicle_location": {
            "x": -141.310546875,
            "y": -2.19728946685791,
            "z": -7.446296513080597e-05
        },
        "vehicle_velocity": {
            "x": -4.911810398101807,
            "y": 2.183515787124634,
            "z": -0.0008716487791389227
        },
        "vehicle_throttle": 0.5215342044830322,
        "unique_collisions": 0,
        "solid_lane_crosses": 0,
        "double_solid_lane_crosses": 0
    },
    {
        "game_time": 106.58293580682948,
        "vehicle_location": {
            "x": -145.75181579589844,
            "y": 0.6548399329185486,
            "z": 0.0007336424896493554
        },
        "vehicle_velocity": {
            "x": -2.9393696784973145,
            "y": 4.384504795074463,
            "z": -0.0009871578076854348
        },
        "vehicle_throttle": 0.75,
        "unique_collisions": 0,
        "solid_lane_crosses": 0,
        "double_solid_lane_crosses": 0
    },
    {
        "game_time": 107.6149229905568,
        "vehicle_location": {
            "x": -147.95999145507812,
            "y": 5.6562042236328125,
            "z": -0.0007276153191924095
        },
        "vehicle_velocity": {
            "x": -1.047605276107788,
            "y": 5.370536804199219,
            "z": -0.00016087054973468184
        },
        "vehicle_throttle": 0.6107287406921387,
        "unique_collisions": 0,
        "solid_lane_crosses": 0,
        "double_solid_lane_crosses": 0
    },
    {
        "game_time": 108.63045068504289,
        "vehicle_location": {
            "x": -148.67393493652344,
            "y": 11.11740493774414,
            "z": -0.0016010283725336194
        },
        "vehicle_velocity": {
            "x": -0.3217581808567047,
            "y": 5.462034702301025,
            "z": -1.7251968529308215e-05
        },
        "vehicle_throttle": 0.29305270314216614,
        "unique_collisions": 0,
        "solid_lane_crosses": 0,
        "double_solid_lane_crosses": 0
    },
    {
        "game_time": 109.6359140551649,
        "vehicle_location": {
            "x": -148.89602661132812,
            "y": 16.567169189453125,
            "z": -0.0014685058267787099
        },
        "vehicle_velocity": {
            "x": -0.04559522494673729,
            "y": 5.356466770172119,
            "z": 2.5367735361214727e-06
        },
        "vehicle_throttle": 0.5268741250038147,
        "unique_collisions": 0,
        "solid_lane_crosses": 0,
        "double_solid_lane_crosses": 1
    },
    {
        "game_time": 110.64534691115841,
        "vehicle_location": {
            "x": -148.97547912597656,
            "y": 22.02302360534668,
            "z": -0.0003769683826249093
        },
        "vehicle_velocity": {
            "x": -0.05196050927042961,
            "y": 5.426767349243164,
            "z": -2.8896331514260964e-06
        },
        "vehicle_throttle": 0.6721419095993042,
        "unique_collisions": 0,
        "solid_lane_crosses": 0,
        "double_solid_lane_crosses": 1
    },
    {
        "game_time": 111.64644060051069,
        "vehicle_location": {
            "x": -149.00433349609375,
            "y": 27.475534439086914,
            "z": -0.0022683716379106045
        },
        "vehicle_velocity": {
            "x": -0.024498917162418365,
            "y": 5.537026405334473,
            "z": 2.3365021206700476e-06
        },
        "vehicle_throttle": 0.12047211080789566,
        "unique_collisions": 0,
        "solid_lane_crosses": 0,
        "double_solid_lane_crosses": 1
    },
    {
        "game_time": 112.69332944927737,
        "vehicle_location": {
            "x": -149.0121612548828,
            "y": 33.16943359375,
            "z": -0.001810531597584486
        },
        "vehicle_velocity": {
            "x": -0.003231367329135537,
            "y": 5.431198596954346,
            "z": -3.814697265625e-06
        },
        "vehicle_throttle": 0.34415942430496216,
        "unique_collisions": 0,
        "solid_lane_crosses": 0,
        "double_solid_lane_crosses": 1
    },
    {
        "game_time": 113.71088746516034,
        "vehicle_location": {
            "x": -149.02566528320312,
            "y": 38.69152069091797,
            "z": -0.0015203857328742743
        },
        "vehicle_velocity": {
            "x": -0.005080809351056814,
            "y": 5.419025897979736,
            "z": 1.3160705520931515e-06
        },
        "vehicle_throttle": 0.44680431485176086,
        "unique_collisions": 0,
        "solid_lane_crosses": 0,
        "double_solid_lane_crosses": 1
    },
    {
        "game_time": 114.77204082394019,
        "vehicle_location": {
            "x": -149.0303497314453,
            "y": 44.449134826660156,
            "z": -0.0019118499476462603
        },
        "vehicle_velocity": {
            "x": -0.005050990264862776,
            "y": 5.442115783691406,
            "z": 1.926422100950731e-06
        },
        "vehicle_throttle": 0.3747061491012573,
        "unique_collisions": 0,
        "solid_lane_crosses": 0,
        "double_solid_lane_crosses": 1
    },
    {
        "game_time": 115.83662260742858,
        "vehicle_location": {
            "x": -149.04266357421875,
            "y": 50.232391357421875,
            "z": -0.0009652709704823792
        },
        "vehicle_velocity": {
            "x": -0.008953436277806759,
            "y": 5.477377414703369,
            "z": -1.5830993334020604e-06
        },
        "vehicle_throttle": 0.34280768036842346,
        "unique_collisions": 0,
        "solid_lane_crosses": 0,
        "double_solid_lane_crosses": 1
    },
    {
        "game_time": 116.89314828487113,
        "vehicle_location": {
            "x": -149.03738403320312,
            "y": 55.96665573120117,
            "z": -0.0025178526993840933
        },
        "vehicle_velocity": {
            "x": -0.0039010390173643827,
            "y": 5.4472174644470215,
            "z": -7.534026735811494e-07
        },
        "vehicle_throttle": 0.2085987627506256,
        "unique_collisions": 0,
        "solid_lane_crosses": 0,
        "double_solid_lane_crosses": 1
    },
    {
        "game_time": 117.9439721624367,
        "vehicle_location": {
            "x": -149.04042053222656,
            "y": 61.67947769165039,
            "z": -0.001247406005859375
        },
        "vehicle_velocity": {
            "x": -0.00289135635830462,
            "y": 5.396562576293945,
            "z": 2.0980834847250662e-07
        },
        "vehicle_throttle": 0.6128265261650085,
        "unique_collisions": 0,
        "solid_lane_crosses": 0,
        "double_solid_lane_crosses": 1
    },
    {
        "game_time": 119.01764507731423,
        "vehicle_location": {
            "x": -149.04335021972656,
            "y": 67.52184295654297,
            "z": -0.00124359130859375
        },
        "vehicle_velocity": {
            "x": -0.0029068030416965485,
            "y": 5.398313045501709,
            "z": 8.48770127959142e-07
        },
        "vehicle_throttle": 0.5720460414886475,
        "unique_collisions": 0,
        "solid_lane_crosses": 0,
        "double_solid_lane_crosses": 1
    }
]