[
    {
        "game_time": 5.748849604278803,
        "vehicle_location": {
            "x": -143.53622436523438,
            "y": -89.65249633789062,
            "z": -0.03997649997472763
        },
        "vehicle_velocity": {
            "x": 0.9167675375938416,
            "y": -0.7882800698280334,
            "z": -0.0003904533223249018
        },
        "vehicle_throttle": 0.75,
        "unique_collisions": 0,
        "solid_lane_crosses": 0,
        "double_solid_lane_crosses": 0
    },
    {
        "game_time": 6.805165335536003,
        "vehicle_location": {
            "x": -142.29966735839844,
            "y": -91.00990295410156,
            "z": -0.03476142883300781
        },
        "vehicle_velocity": {
            "x": 0.3457043468952179,
            "y": -0.8532799482345581,
            "z": -0.000997838913463056
        },
        "vehicle_throttle": 0.0,
        "unique_collisions": 0,
        "solid_lane_crosses": 1,
        "double_solid_lane_crosses": 0
    },
    {
        "game_time": 7.81799023039639,
        "vehicle_location": {
            "x": -141.5853271484375,
            "y": -92.26023864746094,
            "z": -0.03807056322693825
        },
        "vehicle_velocity": {
            "x": 0.9204326272010803,
            "y": -1.6976068019866943,
            "z": 0.0004091787268407643
        },
        "vehicle_throttle": 0.0,
        "unique_collisions": 0,
        "solid_lane_crosses": 1,
        "double_solid_lane_crosses": 0
    },
    {
        "game_time": 8.82292162720114,
        "vehicle_location": {
            "x": -140.9691925048828,
            "y": -93.20230865478516,
            "z": -0.039318617433309555
        },
        "vehicle_velocity": {
            "x": 1.0642279386520386,
            "y": -1.3155893087387085,
            "z": 0.0003584480145946145
        },
        "vehicle_throttle": 0.75,
        "unique_collisions": 0,
        "solid_lane_crosses": 1,
        "double_solid_lane_crosses": 0
    },
    {
        "game_time": 9.881002145819366,
        "vehicle_location": {
            "x": -138.80126953125,
            "y": -94.78243255615234,
            "z": -0.03885410353541374
        },
        "vehicle_velocity": {
            "x": 3.3213870525360107,
            "y": -1.2606796026229858,
            "z": 0.0010792827233672142
        },
        "vehicle_throttle": 0.75,
        "unique_collisions": 0,
        "solid_lane_crosses": 1,
        "double_solid_lane_crosses": 0
    },
    {
        "game_time": 10.888057488016784,
        "vehicle_location": {
            "x": -134.54278564453125,
            "y": -96.190673828125,
            "z": -0.03843116760253906
        },
        "vehicle_velocity": {
            "x": 5.061130046844482,
            "y": -0.8916635513305664,
            "z": -0.00011404036922613159
        },
        "vehicle_throttle": 0.0,
        "unique_collisions": 0,
        "solid_lane_crosses": 2,
        "double_solid_lane_crosses": 0
    },
    {
        "game_time": 11.897918899543583,
        "vehicle_location": {
            "x": -131.5323944091797,
            "y": -96.82207489013672,
            "z": -0.038022689521312714
        },
        "vehicle_velocity": {
            "x": 2.1828651428222656,
            "y": -0.2139422744512558,
            "z": -0.00041217324906028807
        },
        "vehicle_throttle": 0.75,
        "unique_collisions": 0,
        "solid_lane_crosses": 3,
        "double_solid_lane_crosses": 0
    },
    {
        "game_time": 12.898511958308518,
        "vehicle_location": {
            "x": -128.42564392089844,
            "y": -97.15026092529297,
            "z": -0.039421845227479935
        },
        "vehicle_velocity": {
            "x": 4.068120002746582,
            "y": -0.2632288634777069,
            "z": 2.0389556084410287e-05
        },
        "vehicle_throttle": 0.75,
        "unique_collisions": 0,
        "solid_lane_crosses": 3,
        "double_solid_lane_crosses": 0
    },
    {
        "game_time": 13.90439032856375,
        "vehicle_location": {
            "x": -124.35003662109375,
            "y": -97.47019958496094,
            "z": -0.038119126111269
        },
        "vehicle_velocity": {
            "x": 3.8385841846466064,
            "y": -0.20693331956863403,
            "z": 0.0002991056244354695
        },
        "vehicle_throttle": 0.75,
        "unique_collisions": 0,
        "solid_lane_crosses": 3,
        "double_solid_lane_crosses": 0
    },
    {
        "game_time": 14.927570809610188,
        "vehicle_location": {
            "x": -120.31704711914062,
            "y": -97.73057556152344,
            "z": -0.03780486807227135
        },
        "vehicle_velocity": {
            "x": 3.6508028507232666,
            "y": -0.1949738711118698,
            "z": 0.0002966594765894115
        },
        "vehicle_throttle": 0.0,
        "unique_collisions": 0,
        "solid_lane_crosses": 3,
        "double_solid_lane_crosses": 0
    },
    {
        "game_time": 15.942694679833949,
        "vehicle_location": {
            "x": -118.1731185913086,
            "y": -97.85831451416016,
            "z": -0.036209676414728165
        },
        "vehicle_velocity": {
            "x": 1.1519988775253296,
            "y": -0.06767763197422028,
            "z": -0.00019156932830810547
        },
        "vehicle_throttle": 0.75,
        "unique_collisions": 0,
        "solid_lane_crosses": 3,
        "double_solid_lane_crosses": 0
    },
    {
        "game_time": 16.9794426811859,
        "vehicle_location": {
            "x": -117.34610748291016,
            "y": -97.90670013427734,
            "z": -0.037149276584386826
        },
        "vehicle_velocity": {
            "x": 0.35563045740127563,
            "y": -0.01705104671418667,
            "z": 0.00016810416127555072
        },
        "vehicle_throttle": 0.0,
        "unique_collisions": 0,
        "solid_lane_crosses": 3,
        "double_solid_lane_crosses": 0
    },
    {
        "game_time": 17.998185018077493,
        "vehicle_location": {
            "x": -117.0964126586914,
            "y": -97.9193115234375,
            "z": -0.038488540798425674
        },
        "vehicle_velocity": {
            "x": 0.39059242606163025,
            "y": -0.022808635607361794,
            "z": 0.000146141042932868
        },
        "vehicle_throttle": 0.0,
        "unique_collisions": 0,
        "solid_lane_crosses": 3,
        "double_solid_lane_crosses": 0
    },
    {
        "game_time": 19.033940481953323,
        "vehicle_location": {
            "x": -116.99510192871094,
            "y": -97.92466735839844,
            "z": -0.03757331892848015
        },
        "vehicle_velocity": {
            "x": 0.13502287864685059,
            "y": -0.0070867654867470264,
            "z": 0.0003372669161763042
        },
        "vehicle_throttle": 0.75,
        "unique_collisions": 0,
        "solid_lane_crosses": 3,
        "double_solid_lane_crosses": 0
    },
    {
        "game_time": 20.05055548530072,
        "vehicle_location": {
            "x": -116.8678970336914,
            "y": -97.93073272705078,
            "z": -0.038233984261751175
        },
        "vehicle_velocity": {
            "x": 0.34935271739959717,
            "y": -0.018416916951537132,
            "z": -0.0013158607762306929
        },
        "vehicle_throttle": 0.75,
        "unique_collisions": 0,
        "solid_lane_crosses": 3,
        "double_solid_lane_crosses": 0
    },
    {
        "game_time": 21.14194763544947,
        "vehicle_location": {
            "x": -115.81963348388672,
            "y": -97.98838806152344,
            "z": -0.039373092353343964
        },
        "vehicle_velocity": {
            "x": 1.9070500135421753,
            "y": -0.10635186731815338,
            "z": 0.000988330808468163
        },
        "vehicle_throttle": 0.75,
        "unique_collisions": 0,
        "solid_lane_crosses": 3,
        "double_solid_lane_crosses": 0
    },
    {
        "game_time": 22.14352748543024,
        "vehicle_location": {
            "x": -112.99498748779297,
            "y": -97.97215270996094,
            "z": -0.03940749913454056
        },
        "vehicle_velocity": {
            "x": 3.7744710445404053,
            "y": 0.27841001749038696,
            "z": 0.0011828088900074363
        },
        "vehicle_throttle": 0.75,
        "unique_collisions": 0,
        "solid_lane_crosses": 3,
        "double_solid_lane_crosses": 0
    },
    {
        "game_time": 23.17721764650196,
        "vehicle_location": {
            "x": -108.37759399414062,
            "y": -96.71744537353516,
            "z": -0.0395064540207386
        },
        "vehicle_velocity": {
            "x": 4.957223892211914,
            "y": 2.893035888671875,
            "z": -0.00045488355681300163
        },
        "vehicle_throttle": 0.0,
        "unique_collisions": 0,
        "solid_lane_crosses": 3,
        "double_solid_lane_crosses": 0
    },
    {
        "game_time": 24.183816905133426,
        "vehicle_location": {
            "x": -104.84099578857422,
            "y": -93.54438018798828,
            "z": -0.03566505387425423
        },
        "vehicle_velocity": {
            "x": 1.9946109056472778,
            "y": 3.8627007007598877,
            "z": 0.0034717940725386143
        },
        "vehicle_throttle": 0.75,
        "unique_collisions": 0,
        "solid_lane_crosses": 3,
        "double_solid_lane_crosses": 0
    },
    {
        "game_time": 25.255299729295075,
        "vehicle_location": {
            "x": -103.2027816772461,
            "y": -88.34090423583984,
            "z": -0.03640228137373924
        },
        "vehicle_velocity": {
            "x": 0.8220617771148682,
            "y": 5.32954740524292,
            "z": -0.0036131476517766714
        },
        "vehicle_throttle": 0.0,
        "unique_collisions": 0,
        "solid_lane_crosses": 3,
        "double_solid_lane_crosses": 0
    },
    {
        "game_time": 26.33881653752178,
        "vehicle_location": {
            "x": -102.65950012207031,
            "y": -83.53145599365234,
            "z": -0.03892970830202103
        },
        "vehicle_velocity": {
            "x": 0.33042198419570923,
            "y": 4.68375825881958,
            "z": 0.00017662048048805445
        },
        "vehicle_throttle": 0.75,
        "unique_collisions": 0,
        "solid_lane_crosses": 3,
        "double_solid_lane_crosses": 0
    },
    {
        "game_time": 27.39028582442552,
        "vehicle_location": {
            "x": -102.4757080078125,
            "y": -77.95890045166016,
            "z": -0.03597503527998924
        },
        "vehicle_velocity": {
            "x": 0.14449699223041534,
            "y": 4.923129558563232,
            "z": -0.0027096127159893513
        },
        "vehicle_throttle": 0.75,
        "unique_collisions": 0,
        "solid_lane_crosses": 3,
        "double_solid_lane_crosses": 0
    },
    {
        "game_time": 28.471038813702762,
        "vehicle_location": {
            "x": -102.43146514892578,
            "y": -73.17919921875,
            "z": -0.039090994745492935
        },
        "vehicle_velocity": {
            "x": -0.03167339414358139,
            "y": 5.030459403991699,
            "z": 0.0030448532197624445
        },
        "vehicle_throttle": 0.75,
        "unique_collisions": 0,
        "solid_lane_crosses": 3,
        "double_solid_lane_crosses": 0
    },
    {
        "game_time": 29.529013524763286,
        "vehicle_location": {
            "x": -102.4259033203125,
            "y": -67.69603729248047,
            "z": -0.035194966942071915
        },
        "vehicle_velocity": {
            "x": -0.011638740077614784,
            "y": 4.066498756408691,
            "z": 0.0004695987736340612
        },
        "vehicle_throttle": 0.75,
        "unique_collisions": 0,
        "solid_lane_crosses": 3,
        "double_solid_lane_crosses": 0
    },
    {
        "game_time": 30.61886044871062,
        "vehicle_location": {
            "x": -102.44061279296875,
            "y": -62.89927673339844,
            "z": -0.03851676732301712
        },
        "vehicle_velocity": {
            "x": -0.03350675106048584,
            "y": 5.084509372711182,
            "z": 9.40513564273715e-05
        },
        "vehicle_throttle": 0.75,
        "unique_collisions": 0,
        "solid_lane_crosses": 3,
        "double_solid_lane_crosses": 0
    },
    {
        "game_time": 31.681639506481588,
        "vehicle_location": {
            "x": -102.46389770507812,
            "y": -57.537845611572266,
            "z": -0.0358160026371479
        },
        "vehicle_velocity": {
            "x": -0.021250171586871147,
            "y": 3.9353506565093994,
            "z": -0.00015866279136389494
        },
        "vehicle_throttle": 0.75,
        "unique_collisions": 0,
        "solid_lane_crosses": 3,
        "double_solid_lane_crosses": 0
    },
    {
        "game_time": 32.72104687709361,
        "vehicle_location": {
            "x": -102.48728942871094,
            "y": -52.76138687133789,
            "z": -0.03912166506052017
        },
        "vehicle_velocity": {
            "x": -0.027384379878640175,
            "y": 5.508126735687256,
            "z": -0.0004158449009992182
        },
        "vehicle_throttle": 0.75,
        "unique_collisions": 0,
        "solid_lane_crosses": 3,
        "double_solid_lane_crosses": 0
    },
    {
        "game_time": 33.76247168611735,
        "vehicle_location": {
            "x": -102.51382446289062,
            "y": -47.59946060180664,
            "z": -0.03671146184206009
        },
        "vehicle_velocity": {
            "x": -0.02190728858113289,
            "y": 4.066834926605225,
            "z": 0.0006416940595954657
        },
        "vehicle_throttle": 0.75,
        "unique_collisions": 0,
        "solid_lane_crosses": 3,
        "double_solid_lane_crosses": 0
    },
    {
        "game_time": 34.82269403617829,
        "vehicle_location": {
            "x": -102.74197387695312,
            "y": -42.4783935546875,
            "z": -0.03936660662293434
        },
        "vehicle_velocity": {
            "x": -1.265566110610962,
            "y": 5.650029182434082,
            "z": -0.0004707717744167894
        },
        "vehicle_throttle": 0.0,
        "unique_collisions": 0,
        "solid_lane_crosses": 3,
        "double_solid_lane_crosses": 0
    },
    {
        "game_time": 35.826818694360554,
        "vehicle_location": {
            "x": -105.09288024902344,
            "y": -38.68281936645508,
            "z": -0.03739677369594574
        },
        "vehicle_velocity": {
            "x": -3.672661542892456,
            "y": 2.0689921379089355,
            "z": -0.005461330059915781
        },
        "vehicle_throttle": 0.75,
        "unique_collisions": 0,
        "solid_lane_crosses": 3,
        "double_solid_lane_crosses": 0
    },
    {
        "game_time": 36.88369054812938,
        "vehicle_location": {
            "x": -110.11286163330078,
            "y": -37.13308334350586,
            "z": -0.03802642598748207
        },
        "vehicle_velocity": {
            "x": -5.56619930267334,
            "y": 0.734512209892273,
            "z": 0.0006579256150871515
        },
        "vehicle_throttle": 0.0,
        "unique_collisions": 0,
        "solid_lane_crosses": 4,
        "double_solid_lane_crosses": 0
    },
    {
        "game_time": 37.95571653265506,
        "vehicle_location": {
            "x": -114.9349594116211,
            "y": -36.61429977416992,
            "z": -0.03874034807085991
        },
        "vehicle_velocity": {
            "x": -4.558425426483154,
            "y": 0.2570406198501587,
            "z": 0.00045598027645610273
        },
        "vehicle_throttle": 0.75,
        "unique_collisions": 0,
        "solid_lane_crosses": 4,
        "double_solid_lane_crosses": 0
    },
    {
        "game_time": 38.95788075495511,
        "vehicle_location": {
            "x": -120.18170928955078,
            "y": -36.45504379272461,
            "z": -0.03357513248920441
        },
        "vehicle_velocity": {
            "x": -4.883551597595215,
            "y": 0.09932044893503189,
            "z": 0.003938212525099516
        },
        "vehicle_throttle": 0.75,
        "unique_collisions": 0,
        "solid_lane_crosses": 4,
        "double_solid_lane_crosses": 0
    },
    {
        "game_time": 40.001900061033666,
        "vehicle_location": {
            "x": -124.767578125,
            "y": -36.41819763183594,
            "z": -0.030133360996842384
        },
        "vehicle_velocity": {
            "x": -4.807636737823486,
            "y": 0.019751625135540962,
            "z": 0.016766371205449104
        },
        "vehicle_throttle": 0.75,
        "unique_collisions": 0,
        "solid_lane_crosses": 4,
        "double_solid_lane_crosses": 0
    },
    {
        "game_time": 41.01005518157035,
        "vehicle_location": {
            "x": -128.80010986328125,
            "y": -36.41736602783203,
            "z": -0.014605864882469177
        },
        "vehicle_velocity": {
            "x": -3.2996745109558105,
            "y": -0.017063768580555916,
            "z": 0.012621831148862839
        },
        "vehicle_throttle": 0.75,
        "unique_collisions": 0,
        "solid_lane_crosses": 4,
        "double_solid_lane_crosses": 0
    },
    {
        "game_time": 42.064188360236585,
        "vehicle_location": {
            "x": -132.6084747314453,
            "y": -36.4332275390625,
            "z": 0.00401649484410882
        },
        "vehicle_velocity": {
            "x": -3.568995475769043,
            "y": -0.017741918563842773,
            "z": 0.022704819217324257
        },
        "vehicle_throttle": 0.0,
        "unique_collisions": 0,
        "solid_lane_crosses": 4,
        "double_solid_lane_crosses": 0
    },
    {
        "game_time": 43.09984964784235,
        "vehicle_location": {
            "x": -136.38034057617188,
            "y": -36.45550537109375,
            "z": 0.027429809793829918
        },
        "vehicle_velocity": {
            "x": -4.4681077003479,
            "y": -0.028299544006586075,
            "z": 0.031524933874607086
        },
        "vehicle_throttle": 0.75,
        "unique_collisions": 0,
        "solid_lane_crosses": 4,
        "double_solid_lane_crosses": 0
    },
    {
        "game_time": 44.12050916906446,
        "vehicle_location": {
            "x": -140.0990447998047,
            "y": -36.59650421142578,
            "z": 0.06066322326660156
        },
        "vehicle_velocity": {
            "x": -2.3295133113861084,
            "y": -0.19936628639698029,
            "z": 0.022131966426968575
        },
        "vehicle_throttle": 0.75,
        "unique_collisions": 0,
        "solid_lane_crosses": 4,
        "double_solid_lane_crosses": 0
    },
    {
        "game_time": 45.1578108696267,
        "vehicle_location": {
            "x": -143.27371215820312,
            "y": -37.34498596191406,
            "z": 0.088144950568676
        },
        "vehicle_velocity": {
            "x": -3.6369755268096924,
            "y": -1.8092576265335083,
            "z": 0.03388938680291176
        },
        "vehicle_throttle": 0.75,
        "unique_collisions": 0,
        "solid_lane_crosses": 4,
        "double_solid_lane_crosses": 0
    },
    {
        "game_time": 46.161340286023915,
        "vehicle_location": {
            "x": -144.45094299316406,
            "y": -37.687339782714844,
            "z": 0.09507686644792557
        },
        "vehicle_velocity": {
            "x": -0.0018683683592826128,
            "y": 0.0005434584454633296,
            "z": -0.0015741711249575019
        },
        "vehicle_throttle": 0.75,
        "unique_collisions": 1,
        "solid_lane_crosses": 4,
        "double_solid_lane_crosses": 0
    },
    {
        "game_time": 47.216416540555656,
        "vehicle_location": {
            "x": -144.45315551757812,
            "y": -37.68547821044922,
            "z": 0.09558406472206116
        },
        "vehicle_velocity": {
            "x": -0.001732631935738027,
            "y": 0.0010715627577155828,
            "z": 7.752358942525461e-05
        },
        "vehicle_throttle": 0.75,
        "unique_collisions": 1,
        "solid_lane_crosses": 4,
        "double_solid_lane_crosses": 0
    },
    {
        "game_time": 48.21820363495499,
        "vehicle_location": {
            "x": -144.4552764892578,
            "y": -37.683921813964844,
            "z": 0.0955614447593689
        },
        "vehicle_velocity": {
            "x": -0.001847003703005612,
            "y": 0.0009453773382119834,
            "z": -0.0005160025903023779
        },
        "vehicle_throttle": 0.75,
        "unique_collisions": 1,
        "solid_lane_crosses": 4,
        "double_solid_lane_crosses": 0
    },
    {
        "game_time": 49.23297715280205,
        "vehicle_location": {
            "x": -144.4574432373047,
            "y": -37.682281494140625,
            "z": 0.0956340804696083
        },
        "vehicle_velocity": {
            "x": -0.001838050433434546,
            "y": 0.0009375190711580217,
            "z": 0.0007661486743018031
        },
        "vehicle_throttle": 0.75,
        "unique_collisions": 1,
        "solid_lane_crosses": 4,
        "double_solid_lane_crosses": 0
    },
    {
        "game_time": 50.27530386950821,
        "vehicle_location": {
            "x": -144.45977783203125,
            "y": -37.6805305480957,
            "z": 0.09574566036462784
        },
        "vehicle_velocity": {
            "x": -0.0019673926290124655,
            "y": 0.0010475063463672996,
            "z": 0.0002106031752191484
        },
        "vehicle_throttle": 0.75,
        "unique_collisions": 1,
        "solid_lane_crosses": 4,
        "double_solid_lane_crosses": 0
    },
    {
        "game_time": 51.277755559422076,
        "vehicle_location": {
            "x": -144.46205139160156,
            "y": -37.67885971069336,
            "z": 0.09569476544857025
        },
        "vehicle_velocity": {
            "x": -0.002006540773436427,
            "y": 0.0010093473829329014,
            "z": 0.00015492438978981227
        },
        "vehicle_throttle": 0.75,
        "unique_collisions": 1,
        "solid_lane_crosses": 4,
        "double_solid_lane_crosses": 0
    },
    {
        "game_time": 52.33305849228054,
        "vehicle_location": {
            "x": -144.4644775390625,
            "y": -37.67707824707031,
            "z": 0.09571586549282074
        },
        "vehicle_velocity": {
            "x": -0.0017917620716616511,
            "y": 0.001141672139056027,
            "z": 0.0008897988009266555
        },
        "vehicle_throttle": 0.75,
        "unique_collisions": 1,
        "solid_lane_crosses": 4,
        "double_solid_lane_crosses": 0
    },
    {
        "game_time": 53.39250112045556,
        "vehicle_location": {
            "x": -144.4669647216797,
            "y": -37.67525100708008,
            "z": 0.09573879092931747
        },
        "vehicle_velocity": {
            "x": -0.001907295547425747,
            "y": 0.0012119578896090388,
            "z": 0.00036237461608834565
        },
        "vehicle_throttle": 0.75,
        "unique_collisions": 1,
        "solid_lane_crosses": 4,
        "double_solid_lane_crosses": 0
    },
    {
        "game_time": 54.43813250120729,
        "vehicle_location": {
            "x": -144.46942138671875,
            "y": -37.673431396484375,
            "z": 0.09582454711198807
        },
        "vehicle_velocity": {
            "x": -0.001944976975210011,
            "y": 0.001120600732974708,
            "z": 0.0003712470643222332
        },
        "vehicle_throttle": 0.75,
        "unique_collisions": 1,
        "solid_lane_crosses": 4,
        "double_solid_lane_crosses": 0
    },
    {
        "game_time": 55.44771584775299,
        "vehicle_location": {
            "x": -144.47190856933594,
            "y": -37.6716423034668,
            "z": 0.09578827023506165
        },
        "vehicle_velocity": {
            "x": -0.0020783639047294855,
            "y": 0.0008994340896606445,
            "z": 0.0008703891653567553
        },
        "vehicle_throttle": 0.75,
        "unique_collisions": 1,
        "solid_lane_crosses": 4,
        "double_solid_lane_crosses": 0
    },
    {
        "game_time": 56.46454168763012,
        "vehicle_location": {
            "x": -144.47439575195312,
            "y": -37.66984558105469,
            "z": 0.0957896038889885
        },
        "vehicle_velocity": {
            "x": -0.002035383600741625,
            "y": 0.0011473321355879307,
            "z": 0.0005157579435035586
        },
        "vehicle_throttle": 0.75,
        "unique_collisions": 1,
        "solid_lane_crosses": 4,
        "double_solid_lane_crosses": 0
    },
    {
        "game_time": 57.51320702023804,
        "vehicle_location": {
            "x": -144.47705078125,
            "y": -37.66790008544922,
            "z": 0.09583194553852081
        },
        "vehicle_velocity": {
            "x": -0.002325332025066018,
            "y": 0.0008612656383775175,
            "z": 8.062526467256248e-05
        },
        "vehicle_throttle": 0.75,
        "unique_collisions": 1,
        "solid_lane_crosses": 4,
        "double_solid_lane_crosses": 0
    },
    {
        "game_time": 58.54632311221212,
        "vehicle_location": {
            "x": -144.479736328125,
            "y": -37.66598129272461,
            "z": 0.09584956616163254
        },
        "vehicle_velocity": {
            "x": -0.0020559567492455244,
            "y": 0.0012636375613510609,
            "z": 0.00031506508821621537
        },
        "vehicle_throttle": 0.75,
        "unique_collisions": 1,
        "solid_lane_crosses": 4,
        "double_solid_lane_crosses": 0
    },
    {
        "game_time": 59.5797555167228,
        "vehicle_location": {
            "x": -144.48248291015625,
            "y": -37.66400146484375,
            "z": 0.09587020426988602
        },
        "vehicle_velocity": {
            "x": -0.0021225374657660723,
            "y": 0.0012290787417441607,
            "z": 0.00017863333050627261
        },
        "vehicle_throttle": 0.75,
        "unique_collisions": 1,
        "solid_lane_crosses": 4,
        "double_solid_lane_crosses": 0
    },
    {
        "game_time": 60.62353925779462,
        "vehicle_location": {
            "x": -144.48529052734375,
            "y": -37.662017822265625,
            "z": 0.09583091735839844
        },
        "vehicle_velocity": {
            "x": -0.002240985631942749,
            "y": 0.0013133668107911944,
            "z": -0.0008580422145314515
        },
        "vehicle_throttle": 0.75,
        "unique_collisions": 1,
        "solid_lane_crosses": 4,
        "double_solid_lane_crosses": 0
    },
    {
        "game_time": 61.65825823415071,
        "vehicle_location": {
            "x": -144.48806762695312,
            "y": -37.65999984741211,
            "z": 0.09593166410923004
        },
        "vehicle_velocity": {
            "x": -0.0017486310098320246,
            "y": 0.0011583375744521618,
            "z": 0.0005234950804151595
        },
        "vehicle_throttle": 0.75,
        "unique_collisions": 1,
        "solid_lane_crosses": 4,
        "double_solid_lane_crosses": 0
    },
    {
        "game_time": 62.690788473933935,
        "vehicle_location": {
            "x": -144.490966796875,
            "y": -37.65795135498047,
            "z": 0.09594020992517471
        },
        "vehicle_velocity": {
            "x": -0.0023007248528301716,
            "y": 0.0013345432234928012,
            "z": 5.213096665102057e-05
        },
        "vehicle_throttle": 0.75,
        "unique_collisions": 1,
        "solid_lane_crosses": 4,
        "double_solid_lane_crosses": 0
    }
]