[
    {
        "scenario_num": 0,
        "weather": "Rain",
        "vehicle": "Van",
        "traffic": "Light",
        "emergency": "No",
        "timeOfDay": "Dawn",
        "location": "Urban",
        "intersections": 8,
        "pedestrians": false,
        "pedestrian_cross": false,
        "start_x": -33.171356201171875,
        "start_y": 193.61383056640625,
        "end_x": -33.16262435913086,
        "end_y": 197.1138153076172,
        "rounded_route_length": 200,
        "route_length": 230.24243074655533,
        "total_difficulty_rating": 285.2424307465553,
        "predicted_score": 15.929893746654129
    },
    {
        "scenario_num": 1,
        "weather": "Thunderstorm",
        "vehicle": "Van",
        "traffic": "Heavy",
        "emergency": "No",
        "timeOfDay": "Night",
        "location": "Urban",
        "intersections": 8,
        "pedestrians": true,
        "pedestrian_cross": false,
        "start_x": -33.171356201171875,
        "start_y": 193.61383056640625,
        "end_x": -33.16262435913086,
        "end_y": 197.1138153076172,
        "rounded_route_length": 250,
        "route_length": 230.24243074655533,
        "total_difficulty_rating": 296.7424307465553,
        "predicted_score": 24.017314839546145
    },
    {
        "scenario_num": 2,
        "weather": "Thunderstorm",
        "vehicle": "Small",
        "traffic": "Light",
        "emergency": "Yes",
        "timeOfDay": "Night",
        "location": "Country",
        "intersections": 6,
        "pedestrians": false,
        "pedestrian_cross": true,
        "start_x": -143.68228149414062,
        "start_y": -89.5584487915039,
        "end_x": -57.83522033691406,
        "end_y": -105.57418823242188,
        "rounded_route_length": 100,
        "route_length": 98.34948848187923,
        "total_difficulty_rating": 164.34948848187923,
        "predicted_score": 22.67208734239791
    },
    {
        "scenario_num": 3,
        "weather": "Rain",
        "vehicle": "Van",
        "traffic": "Medium",
        "emergency": "No",
        "timeOfDay": "Night",
        "location": "Urban",
        "intersections": 6,
        "pedestrians": true,
        "pedestrian_cross": true,
        "start_x": -33.171356201171875,
        "start_y": 193.61383056640625,
        "end_x": -149.047607421875,
        "end_y": 75.5287094116211,
        "rounded_route_length": 400,
        "route_length": 359.94037771224976,
        "total_difficulty_rating": 420.44037771224976,
        "predicted_score": 21.13067063740143
    },
    {
        "scenario_num": 4,
        "weather": "Thunderstorm",
        "vehicle": "Truck",
        "traffic": "Light",
        "emergency": "Yes",
        "timeOfDay": "Dawn",
        "location": "Country",
        "intersections": 7,
        "pedestrians": true,
        "pedestrian_cross": false,
        "start_x": -143.68228149414062,
        "start_y": -89.5584487915039,
        "end_x": -145.2318572998047,
        "end_y": -88.40408325195312,
        "rounded_route_length": 200,
        "route_length": 196.5948088169098,
        "total_difficulty_rating": 256.0948088169098,
        "predicted_score": -7.178952851564942
    },
    {
        "scenario_num": 5,
        "weather": "Rain",
        "vehicle": "Van",
        "traffic": "Light",
        "emergency": "Yes",
        "timeOfDay": "Dawn",
        "location": "Country",
        "intersections": 6,
        "pedestrians": false,
        "pedestrian_cross": false,
        "start_x": -143.68228149414062,
        "start_y": -89.5584487915039,
        "end_x": -57.83522033691406,
        "end_y": -105.57418823242188,
        "rounded_route_length": 100,
        "route_length": 98.34948848187923,
        "total_difficulty_rating": 150.34948848187923,
        "predicted_score": 16.46656802213473
    },
    {
        "scenario_num": 6,
        "weather": "Rain",
        "vehicle": "Van",
        "traffic": "Light",
        "emergency": "No",
        "timeOfDay": "Dawn",
        "location": "Urban",
        "intersections": 8,
        "pedestrians": false,
        "pedestrian_cross": false,
        "start_x": -33.171356201171875,
        "start_y": 193.61383056640625,
        "end_x": -33.16262435913086,
        "end_y": 197.1138153076172,
        "rounded_route_length": 250,
        "route_length": 230.24243074655533,
        "total_difficulty_rating": 285.2424307465553,
        "predicted_score": 10.696436194787061
    },
    {
        "scenario_num": 7,
        "weather": "Thunderstorm",
        "vehicle": "Small",
        "traffic": "Medium",
        "emergency": "No",
        "timeOfDay": "Dawn",
        "location": "Country",
        "intersections": 7,
        "pedestrians": true,
        "pedestrian_cross": false,
        "start_x": -143.68228149414062,
        "start_y": -89.5584487915039,
        "end_x": -145.2318572998047,
        "end_y": -88.40408325195312,
        "rounded_route_length": 200,
        "route_length": 196.5948088169098,
        "total_difficulty_rating": 247.0948088169098,
        "predicted_score": 19.67187467653127
    },
    {
        "scenario_num": 8,
        "weather": "Sunny",
        "vehicle": "Van",
        "traffic": "Heavy",
        "emergency": "Yes",
        "timeOfDay": "Dawn",
        "location": "Urban",
        "intersections": 6,
        "pedestrians": false,
        "pedestrian_cross": true,
        "start_x": -33.171356201171875,
        "start_y": 193.61383056640625,
        "end_x": -149.047607421875,
        "end_y": 75.5287094116211,
        "rounded_route_length": 400,
        "route_length": 359.94037771224976,
        "total_difficulty_rating": 425.94037771224976,
        "predicted_score": 14.920919531591888
    },
    {
        "scenario_num": 9,
        "weather": "Rain",
        "vehicle": "Truck",
        "traffic": "Light",
        "emergency": "Yes",
        "timeOfDay": "Dawn",
        "location": "Country",
        "intersections": 7,
        "pedestrians": false,
        "pedestrian_cross": false,
        "start_x": -143.68228149414062,
        "start_y": -89.5584487915039,
        "end_x": -158.83045959472656,
        "end_y": -36.62215042114258,
        "rounded_route_length": 150,
        "route_length": 155.83429431915283,
        "total_difficulty_rating": 211.83429431915283,
        "predicted_score": 21.624944393076905
    },
    {
        "scenario_num": 10,
        "weather": "Rain",
        "vehicle": "Van",
        "traffic": "Light",
        "emergency": "Yes",
        "timeOfDay": "Dusk",
        "location": "Urban",
        "intersections": 8,
        "pedestrians": false,
        "pedestrian_cross": true,
        "start_x": -33.171356201171875,
        "start_y": 193.61383056640625,
        "end_x": -46.42341232299805,
        "end_y": 196.82229614257812,
        "rounded_route_length": 300,
        "route_length": 240.0510179400444,
        "total_difficulty_rating": 315.0510179400444,
        "predicted_score": -9.490346549075035
    },
    {
        "scenario_num": 11,
        "weather": "Rain",
        "vehicle": "Truck",
        "traffic": "Light",
        "emergency": "Yes",
        "timeOfDay": "Night",
        "location": "Urban",
        "intersections": 8,
        "pedestrians": false,
        "pedestrian_cross": true,
        "start_x": -33.171356201171875,
        "start_y": 193.61383056640625,
        "end_x": -46.42341232299805,
        "end_y": 196.82229614257812,
        "rounded_route_length": 300,
        "route_length": 240.0510179400444,
        "total_difficulty_rating": 317.0510179400444,
        "predicted_score": -4.8949660478387855
    },
    {
        "scenario_num": 12,
        "weather": "Thunderstorm",
        "vehicle": "Van",
        "traffic": "Medium",
        "emergency": "No",
        "timeOfDay": "Dusk",
        "location": "Urban",
        "intersections": 8,
        "pedestrians": true,
        "pedestrian_cross": false,
        "start_x": -33.171356201171875,
        "start_y": 193.61383056640625,
        "end_x": -33.16262435913086,
        "end_y": 197.1138153076172,
        "rounded_route_length": 250,
        "route_length": 230.24243074655533,
        "total_difficulty_rating": 290.7424307465553,
        "predicted_score": 16.914225437092217
    },
    {
        "scenario_num": 13,
        "weather": "Rain",
        "vehicle": "Small",
        "traffic": "Light",
        "emergency": "Yes",
        "timeOfDay": "Dawn",
        "location": "Country",
        "intersections": 7,
        "pedestrians": true,
        "pedestrian_cross": true,
        "start_x": -143.68228149414062,
        "start_y": -89.5584487915039,
        "end_x": -145.2318572998047,
        "end_y": -88.40408325195312,
        "rounded_route_length": 200,
        "route_length": 196.5948088169098,
        "total_difficulty_rating": 262.0948088169098,
        "predicted_score": -16.12996130702868
    },
    {
        "scenario_num": 14,
        "weather": "Rain",
        "vehicle": "Van",
        "traffic": "Heavy",
        "emergency": "Yes",
        "timeOfDay": "Night",
        "location": "Urban",
        "intersections": 8,
        "pedestrians": true,
        "pedestrian_cross": false,
        "start_x": -33.171356201171875,
        "start_y": 193.61383056640625,
        "end_x": -33.16262435913086,
        "end_y": 197.1138153076172,
        "rounded_route_length": 200,
        "route_length": 230.24243074655533,
        "total_difficulty_rating": 303.7424307465553,
        "predicted_score": 24.2939527421385
    },
    {
        "scenario_num": 15,
        "weather": "Thunderstorm",
        "vehicle": "Truck",
        "traffic": "Light",
        "emergency": "Yes",
        "timeOfDay": "Night",
        "location": "Urban",
        "intersections": 8,
        "pedestrians": true,
        "pedestrian_cross": true,
        "start_x": -33.171356201171875,
        "start_y": 193.61383056640625,
        "end_x": -33.16262435913086,
        "end_y": 197.1138153076172,
        "rounded_route_length": 250,
        "route_length": 230.24243074655533,
        "total_difficulty_rating": 310.7424307465553,
        "predicted_score": 13.08405146800975
    },
    {
        "scenario_num": 16,
        "weather": "Thunderstorm",
        "vehicle": "Truck",
        "traffic": "Heavy",
        "emergency": "Yes",
        "timeOfDay": "Night",
        "location": "Urban",
        "intersections": 8,
        "pedestrians": false,
        "pedestrian_cross": false,
        "start_x": -33.171356201171875,
        "start_y": 193.61383056640625,
        "end_x": -33.16262435913086,
        "end_y": 197.1138153076172,
        "rounded_route_length": 250,
        "route_length": 230.24243074655533,
        "total_difficulty_rating": 305.2424307465553,
        "predicted_score": 17.417897609053487
    },
    {
        "scenario_num": 17,
        "weather": "Sunny",
        "vehicle": "Van",
        "traffic": "Medium",
        "emergency": "Yes",
        "timeOfDay": "Dawn",
        "location": "Country",
        "intersections": 6,
        "pedestrians": true,
        "pedestrian_cross": true,
        "start_x": -143.68228149414062,
        "start_y": -89.5584487915039,
        "end_x": -57.83522033691406,
        "end_y": -105.57418823242188,
        "rounded_route_length": 100,
        "route_length": 98.34948848187923,
        "total_difficulty_rating": 158.84948848187923,
        "predicted_score": 17.519506730513605
    },
    {
        "scenario_num": 18,
        "weather": "Rain",
        "vehicle": "Truck",
        "traffic": "Heavy",
        "emergency": "Yes",
        "timeOfDay": "Night",
        "location": "Country",
        "intersections": 6,
        "pedestrians": false,
        "pedestrian_cross": true,
        "start_x": -143.68228149414062,
        "start_y": -89.5584487915039,
        "end_x": -57.83522033691406,
        "end_y": -105.57418823242188,
        "rounded_route_length": 100,
        "route_length": 98.34948848187923,
        "total_difficulty_rating": 167.34948848187923,
        "predicted_score": 19.290598730485016
    },
    {
        "scenario_num": 19,
        "weather": "Thunderstorm",
        "vehicle": "Van",
        "traffic": "Medium",
        "emergency": "Yes",
        "timeOfDay": "Dusk",
        "location": "Country",
        "intersections": 7,
        "pedestrians": false,
        "pedestrian_cross": false,
        "start_x": -143.68228149414062,
        "start_y": -89.5584487915039,
        "end_x": -145.2318572998047,
        "end_y": -88.40408325195312,
        "rounded_route_length": 200,
        "route_length": 196.5948088169098,
        "total_difficulty_rating": 258.5948088169098,
        "predicted_score": 17.073049791402536
    }
]