[
    {
        "game_time": 9.750143790617585,
        "vehicle_location": {
            "x": -32.63938522338867,
            "y": 193.87960815429688,
            "z": -0.2388913631439209
        },
        "vehicle_velocity": {
            "x": 2.0883421897888184,
            "y": 1.461465835571289,
            "z": -0.0007161712273955345
        },
        "vehicle_throttle": 0.75,
        "unique_collisions": 0,
        "solid_lane_crosses": 0,
        "double_solid_lane_crosses": 0
    },
    {
        "game_time": 10.816981125622988,
        "vehicle_location": {
            "x": -29.79052734375,
            "y": 197.6372833251953,
            "z": -0.2375239133834839
        },
        "vehicle_velocity": {
            "x": 1.066575050354004,
            "y": 5.555943012237549,
            "z": -0.00029714105767197907
        },
        "vehicle_throttle": 0.0,
        "unique_collisions": 0,
        "solid_lane_crosses": 0,
        "double_solid_lane_crosses": 0
    },
    {
        "game_time": 11.85349194239825,
        "vehicle_location": {
            "x": -30.92327117919922,
            "y": 202.3787384033203,
            "z": -0.23797465860843658
        },
        "vehicle_velocity": {
            "x": -3.8904941082000732,
            "y": 2.7448205947875977,
            "z": -0.0003596878086682409
        },
        "vehicle_throttle": 0.75,
        "unique_collisions": 0,
        "solid_lane_crosses": 0,
        "double_solid_lane_crosses": 0
    },
    {
        "game_time": 12.853918771259487,
        "vehicle_location": {
            "x": -35.3441162109375,
            "y": 202.89260864257812,
            "z": -0.23830710351467133
        },
        "vehicle_velocity": {
            "x": -3.1196627616882324,
            "y": -2.617098569869995,
            "z": 0.00017872809257823974
        },
        "vehicle_throttle": 0.75,
        "unique_collisions": 0,
        "solid_lane_crosses": 0,
        "double_solid_lane_crosses": 0
    },
    {
        "game_time": 13.858352951705456,
        "vehicle_location": {
            "x": -36.356300354003906,
            "y": 198.85047912597656,
            "z": -0.23870627582073212
        },
        "vehicle_velocity": {
            "x": 2.0145537853240967,
            "y": -4.314540863037109,
            "z": 0.0003266525163780898
        },
        "vehicle_throttle": 0.75,
        "unique_collisions": 0,
        "solid_lane_crosses": 0,
        "double_solid_lane_crosses": 0
    },
    {
        "game_time": 14.902612689882517,
        "vehicle_location": {
            "x": -33.12718963623047,
            "y": 194.01718139648438,
            "z": -0.23622867465019226
        },
        "vehicle_velocity": {
            "x": 1.6510441303253174,
            "y": -4.739875316619873,
            "z": -0.0015293025644496083
        },
        "vehicle_throttle": 0.75,
        "unique_collisions": 0,
        "solid_lane_crosses": 1,
        "double_solid_lane_crosses": 0
    },
    {
        "game_time": 16.017164450138807,
        "vehicle_location": {
            "x": -33.74110794067383,
            "y": 188.45950317382812,
            "z": -0.1537574678659439
        },
        "vehicle_velocity": {
            "x": -2.905306339263916,
            "y": -3.8716464042663574,
            "z": -0.03871653601527214
        },
        "vehicle_throttle": 0.75,
        "unique_collisions": 0,
        "solid_lane_crosses": 3,
        "double_solid_lane_crosses": 0
    },
    {
        "game_time": 17.08389071933925,
        "vehicle_location": {
            "x": -38.34457015991211,
            "y": 185.77520751953125,
            "z": -0.166860431432724
        },
        "vehicle_velocity": {
            "x": -4.847552299499512,
            "y": 0.25080251693725586,
            "z": -0.05180481821298599
        },
        "vehicle_throttle": 0.75,
        "unique_collisions": 0,
        "solid_lane_crosses": 3,
        "double_solid_lane_crosses": 0
    },
    {
        "game_time": 18.13315254729241,
        "vehicle_location": {
            "x": -43.08086013793945,
            "y": 188.0716552734375,
            "z": -0.2351297289133072
        },
        "vehicle_velocity": {
            "x": -2.634373426437378,
            "y": 4.37522554397583,
            "z": 0.002495398512110114
        },
        "vehicle_throttle": 0.75,
        "unique_collisions": 0,
        "solid_lane_crosses": 3,
        "double_solid_lane_crosses": 0
    },
    {
        "game_time": 19.195224375464022,
        "vehicle_location": {
            "x": -44.92021560668945,
            "y": 193.5158233642578,
            "z": -0.23792189359664917
        },
        "vehicle_velocity": {
            "x": -2.3090837001800537,
            "y": 5.23846960067749,
            "z": -0.0002165222103940323
        },
        "vehicle_throttle": 0.0,
        "unique_collisions": 0,
        "solid_lane_crosses": 3,
        "double_solid_lane_crosses": 0
    },
    {
        "game_time": 20.249323052354157,
        "vehicle_location": {
            "x": -48.74612045288086,
            "y": 197.3282928466797,
            "z": -0.23649531602859497
        },
        "vehicle_velocity": {
            "x": -4.8163557052612305,
            "y": 1.4680143594741821,
            "z": -0.0007900428608991206
        },
        "vehicle_throttle": 0.75,
        "unique_collisions": 0,
        "solid_lane_crosses": 3,
        "double_solid_lane_crosses": 0
    },
    {
        "game_time": 21.2613542759791,
        "vehicle_location": {
            "x": -53.83425521850586,
            "y": 196.9116973876953,
            "z": -0.2372359037399292
        },
        "vehicle_velocity": {
            "x": -4.400832653045654,
            "y": -2.9344253540039062,
            "z": 0.0004171562031842768
        },
        "vehicle_throttle": 0.75,
        "unique_collisions": 0,
        "solid_lane_crosses": 3,
        "double_solid_lane_crosses": 0
    },
    {
        "game_time": 22.360440684482455,
        "vehicle_location": {
            "x": -56.90071105957031,
            "y": 192.13450622558594,
            "z": -0.23799556493759155
        },
        "vehicle_velocity": {
            "x": -0.6757778525352478,
            "y": -6.061926364898682,
            "z": 0.0001285076141357422
        },
        "vehicle_throttle": 0.0,
        "unique_collisions": 0,
        "solid_lane_crosses": 3,
        "double_solid_lane_crosses": 0
    },
    {
        "game_time": 23.467939419671893,
        "vehicle_location": {
            "x": -57.79383087158203,
            "y": 186.09580993652344,
            "z": -0.23734214901924133
        },
        "vehicle_velocity": {
            "x": -1.9585775136947632,
            "y": -5.282235622406006,
            "z": -0.0002584981848485768
        },
        "vehicle_throttle": 0.0,
        "unique_collisions": 0,
        "solid_lane_crosses": 3,
        "double_solid_lane_crosses": 0
    },
    {
        "game_time": 24.573566429316998,
        "vehicle_location": {
            "x": -61.54628372192383,
            "y": 182.18994140625,
            "z": -0.24220892786979675
        },
        "vehicle_velocity": {
            "x": -5.586994647979736,
            "y": -1.9276231527328491,
            "z": -0.07870695739984512
        },
        "vehicle_throttle": 0.0,
        "unique_collisions": 0,
        "solid_lane_crosses": 4,
        "double_solid_lane_crosses": 0
    },
    {
        "game_time": 25.66307605896145,
        "vehicle_location": {
            "x": -67.13488006591797,
            "y": 180.5135955810547,
            "z": -0.23675502836704254
        },
        "vehicle_velocity": {
            "x": -4.270403861999512,
            "y": -2.4707834720611572,
            "z": -0.002289209282025695
        },
        "vehicle_throttle": 0.75,
        "unique_collisions": 0,
        "solid_lane_crosses": 6,
        "double_solid_lane_crosses": 0
    },
    {
        "game_time": 26.679499256424606,
        "vehicle_location": {
            "x": -70.29329681396484,
            "y": 176.4808807373047,
            "z": -0.23674194514751434
        },
        "vehicle_velocity": {
            "x": -1.1713334321975708,
            "y": -4.916889667510986,
            "z": -9.161471825791523e-05
        },
        "vehicle_throttle": 0.75,
        "unique_collisions": 0,
        "solid_lane_crosses": 7,
        "double_solid_lane_crosses": 0
    },
    {
        "game_time": 27.805480512790382,
        "vehicle_location": {
            "x": -71.58633422851562,
            "y": 171.5575714111328,
            "z": -0.23598593473434448
        },
        "vehicle_velocity": {
            "x": -0.6821212768554688,
            "y": -1.865160346031189,
            "z": 0.0005316686583682895
        },
        "vehicle_throttle": 0.0,
        "unique_collisions": 0,
        "solid_lane_crosses": 7,
        "double_solid_lane_crosses": 0
    },
    {
        "game_time": 28.806714293546975,
        "vehicle_location": {
            "x": -72.0130386352539,
            "y": 170.41297912597656,
            "z": -0.23614108562469482
        },
        "vehicle_velocity": {
            "x": -0.031952064484357834,
            "y": -0.07953602075576782,
            "z": -9.858130943030119e-05
        },
        "vehicle_throttle": 0.0,
        "unique_collisions": 0,
        "solid_lane_crosses": 7,
        "double_solid_lane_crosses": 0
    },
    {
        "game_time": 29.936964227817953,
        "vehicle_location": {
            "x": -72.1326675415039,
            "y": 170.1029052734375,
            "z": -0.23763857781887054
        },
        "vehicle_velocity": {
            "x": 0.00014210812514647841,
            "y": 0.00022522256767842919,
            "z": 0.00018900871509686112
        },
        "vehicle_throttle": 0.0,
        "unique_collisions": 0,
        "solid_lane_crosses": 7,
        "double_solid_lane_crosses": 0
    },
    {
        "game_time": 31.039717403240502,
        "vehicle_location": {
            "x": -72.13262176513672,
            "y": 170.10299682617188,
            "z": -0.23761272430419922
        },
        "vehicle_velocity": {
            "x": -9.500320174993249e-08,
            "y": -3.413143190300616e-07,
            "z": -8.23211667011492e-05
        },
        "vehicle_throttle": 0.0,
        "unique_collisions": 0,
        "solid_lane_crosses": 7,
        "double_solid_lane_crosses": 0
    },
    {
        "game_time": 32.18967383634299,
        "vehicle_location": {
            "x": -72.13262176513672,
            "y": 170.10299682617188,
            "z": -0.2375999391078949
        },
        "vehicle_velocity": {
            "x": 1.4665858749651761e-08,
            "y": -1.0256662186236554e-08,
            "z": 2.1858215404790826e-05
        },
        "vehicle_throttle": 0.0,
        "unique_collisions": 0,
        "solid_lane_crosses": 7,
        "double_solid_lane_crosses": 0
    },
    {
        "game_time": 33.211048810742795,
        "vehicle_location": {
            "x": -72.13262176513672,
            "y": 170.10299682617188,
            "z": -0.23758800327777863
        },
        "vehicle_velocity": {
            "x": 6.83961609571071e-10,
            "y": -2.8297437726365615e-09,
            "z": -0.00013657569070346653
        },
        "vehicle_throttle": 0.0,
        "unique_collisions": 0,
        "solid_lane_crosses": 7,
        "double_solid_lane_crosses": 0
    },
    {
        "game_time": 34.26656935643405,
        "vehicle_location": {
            "x": -72.13262176513672,
            "y": 170.10299682617188,
            "z": -0.2375689297914505
        },
        "vehicle_velocity": {
            "x": 0.0,
            "y": 0.0,
            "z": 0.0
        },
        "vehicle_throttle": 0.0,
        "unique_collisions": 0,
        "solid_lane_crosses": 7,
        "double_solid_lane_crosses": 0
    },
    {
        "game_time": 35.33806878235191,
        "vehicle_location": {
            "x": -72.13262176513672,
            "y": 170.10299682617188,
            "z": -0.23761947453022003
        },
        "vehicle_velocity": {
            "x": -2.4093363748534102e-08,
            "y": -6.0236491350451615e-09,
            "z": -0.0002821922244038433
        },
        "vehicle_throttle": 0.0,
        "unique_collisions": 0,
        "solid_lane_crosses": 7,
        "double_solid_lane_crosses": 0
    },
    {
        "game_time": 36.416269361041486,
        "vehicle_location": {
            "x": -72.13262176513672,
            "y": 170.10299682617188,
            "z": -0.237618550658226
        },
        "vehicle_velocity": {
            "x": -2.5841426776196386e-09,
            "y": -1.0426439711608282e-09,
            "z": 0.00010824203491210938
        },
        "vehicle_throttle": 0.0,
        "unique_collisions": 0,
        "solid_lane_crosses": 7,
        "double_solid_lane_crosses": 0
    },
    {
        "game_time": 37.50922094937414,
        "vehicle_location": {
            "x": -72.13262176513672,
            "y": 170.10299682617188,
            "z": -0.23759989440441132
        },
        "vehicle_velocity": {
            "x": -2.281613653565273e-08,
            "y": -1.2586028219629952e-08,
            "z": -0.00032497404026798904
        },
        "vehicle_throttle": 0.0,
        "unique_collisions": 0,
        "solid_lane_crosses": 7,
        "double_solid_lane_crosses": 0
    },
    {
        "game_time": 38.572336374782026,
        "vehicle_location": {
            "x": -72.13262176513672,
            "y": 170.10299682617188,
            "z": -0.23763228952884674
        },
        "vehicle_velocity": {
            "x": -3.4046947483545864e-09,
            "y": 3.552685090557617e-10,
            "z": 0.00020915984350722283
        },
        "vehicle_throttle": 0.0,
        "unique_collisions": 0,
        "solid_lane_crosses": 7,
        "double_solid_lane_crosses": 0
    },
    {
        "game_time": 39.671908180229366,
        "vehicle_location": {
            "x": -72.13262176513672,
            "y": 170.10299682617188,
            "z": -0.237619549036026
        },
        "vehicle_velocity": {
            "x": -2.1145950768186594e-08,
            "y": 2.180088287673243e-08,
            "z": 8.78334049048135e-06
        },
        "vehicle_throttle": 0.0,
        "unique_collisions": 0,
        "solid_lane_crosses": 7,
        "double_solid_lane_crosses": 0
    },
    {
        "game_time": 40.75729096215218,
        "vehicle_location": {
            "x": -72.13262176513672,
            "y": 170.10299682617188,
            "z": -0.23757807910442352
        },
        "vehicle_velocity": {
            "x": -1.6285353510170353e-08,
            "y": 1.3981659385819967e-08,
            "z": 0.00039126872434280813
        },
        "vehicle_throttle": 0.0,
        "unique_collisions": 0,
        "solid_lane_crosses": 7,
        "double_solid_lane_crosses": 0
    },
    {
        "game_time": 41.83383298572153,
        "vehicle_location": {
            "x": -72.13262176513672,
            "y": 170.10299682617188,
            "z": -0.2375897616147995
        },
        "vehicle_velocity": {
            "x": 8.020248465356872e-09,
            "y": -4.791736341047681e-09,
            "z": 6.160736120364163e-06
        },
        "vehicle_throttle": 0.0,
        "unique_collisions": 0,
        "solid_lane_crosses": 7,
        "double_solid_lane_crosses": 0
    },
    {
        "game_time": 42.919787059538066,
        "vehicle_location": {
            "x": -72.13262176513672,
            "y": 170.10299682617188,
            "z": -0.23759284615516663
        },
        "vehicle_velocity": {
            "x": 9.967582315084655e-09,
            "y": -7.399340695712908e-09,
            "z": 5.767822221969254e-05
        },
        "vehicle_throttle": 0.0,
        "unique_collisions": 0,
        "solid_lane_crosses": 7,
        "double_solid_lane_crosses": 0
    },
    {
        "game_time": 43.96561916079372,
        "vehicle_location": {
            "x": -72.13262176513672,
            "y": 170.10299682617188,
            "z": -0.23762057721614838
        },
        "vehicle_velocity": {
            "x": -1.487369161168317e-08,
            "y": 2.1276893136246144e-08,
            "z": 0.00032185553573071957
        },
        "vehicle_throttle": 0.0,
        "unique_collisions": 0,
        "solid_lane_crosses": 7,
        "double_solid_lane_crosses": 0
    },
    {
        "game_time": 45.02218029927462,
        "vehicle_location": {
            "x": -72.13262176513672,
            "y": 170.10299682617188,
            "z": -0.23759585618972778
        },
        "vehicle_velocity": {
            "x": -1.171173114045132e-08,
            "y": -2.4270828902217545e-08,
            "z": -2.9926299248472787e-05
        },
        "vehicle_throttle": 0.0,
        "unique_collisions": 0,
        "solid_lane_crosses": 7,
        "double_solid_lane_crosses": 0
    },
    {
        "game_time": 46.07385143917054,
        "vehicle_location": {
            "x": -72.13262176513672,
            "y": 170.10299682617188,
            "z": -0.23760206997394562
        },
        "vehicle_velocity": {
            "x": -2.97987465813776e-08,
            "y": -7.56454543449081e-09,
            "z": 4.610061660059728e-05
        },
        "vehicle_throttle": 0.0,
        "unique_collisions": 0,
        "solid_lane_crosses": 7,
        "double_solid_lane_crosses": 0
    },
    {
        "game_time": 47.13655367959291,
        "vehicle_location": {
            "x": -72.13262176513672,
            "y": 170.10299682617188,
            "z": -0.23759883642196655
        },
        "vehicle_velocity": {
            "x": 1.1650161724219288e-08,
            "y": -5.618755682945675e-09,
            "z": 0.00012953758414369076
        },
        "vehicle_throttle": 0.0,
        "unique_collisions": 0,
        "solid_lane_crosses": 7,
        "double_solid_lane_crosses": 0
    },
    {
        "game_time": 48.21276163402945,
        "vehicle_location": {
            "x": -72.13262176513672,
            "y": 170.10299682617188,
            "z": -0.2376178652048111
        },
        "vehicle_velocity": {
            "x": 1.4936306635959795e-09,
            "y": -3.1985192272543372e-09,
            "z": 0.00021977424330543727
        },
        "vehicle_throttle": 0.0,
        "unique_collisions": 0,
        "solid_lane_crosses": 7,
        "double_solid_lane_crosses": 0
    },
    {
        "game_time": 49.29755138698965,
        "vehicle_location": {
            "x": -72.13262176513672,
            "y": 170.10299682617188,
            "z": -0.2376071810722351
        },
        "vehicle_velocity": {
            "x": -2.340865634664624e-08,
            "y": -1.041520758526815e-09,
            "z": -0.00019523620721884072
        },
        "vehicle_throttle": 0.0,
        "unique_collisions": 0,
        "solid_lane_crosses": 7,
        "double_solid_lane_crosses": 0
    },
    {
        "game_time": 50.36517963651568,
        "vehicle_location": {
            "x": -72.13262176513672,
            "y": 170.10299682617188,
            "z": -0.2376144677400589
        },
        "vehicle_velocity": {
            "x": -2.341315763487728e-08,
            "y": 1.4286809957297919e-08,
            "z": 0.00018146514776162803
        },
        "vehicle_throttle": 0.0,
        "unique_collisions": 0,
        "solid_lane_crosses": 7,
        "double_solid_lane_crosses": 0
    },
    {
        "game_time": 51.46493188012391,
        "vehicle_location": {
            "x": -72.13262176513672,
            "y": 170.10299682617188,
            "z": -0.23762495815753937
        },
        "vehicle_velocity": {
            "x": -2.4905396855956496e-08,
            "y": -1.0104892922413455e-08,
            "z": -0.00013363837206270546
        },
        "vehicle_throttle": 0.0,
        "unique_collisions": 0,
        "solid_lane_crosses": 7,
        "double_solid_lane_crosses": 0
    },
    {
        "game_time": 52.54939297307283,
        "vehicle_location": {
            "x": -72.39092254638672,
            "y": 169.36875915527344,
            "z": -0.23886889219284058
        },
        "vehicle_velocity": {
            "x": -0.5615111589431763,
            "y": -1.7180829048156738,
            "z": 0.0002783012459985912
        },
        "vehicle_throttle": 0.75,
        "unique_collisions": 0,
        "solid_lane_crosses": 7,
        "double_solid_lane_crosses": 0
    },
    {
        "game_time": 53.66873871628195,
        "vehicle_location": {
            "x": -73.102783203125,
            "y": 166.96519470214844,
            "z": -0.23770706355571747
        },
        "vehicle_velocity": {
            "x": -0.5576545000076294,
            "y": -2.571828842163086,
            "z": 0.0017422675155103207
        },
        "vehicle_throttle": 0.0,
        "unique_collisions": 0,
        "solid_lane_crosses": 7,
        "double_solid_lane_crosses": 0
    },
    {
        "game_time": 54.81452909205109,
        "vehicle_location": {
            "x": -73.71015930175781,
            "y": 163.82582092285156,
            "z": -0.2382655292749405
        },
        "vehicle_velocity": {
            "x": -0.493904173374176,
            "y": -4.722229957580566,
            "z": -0.00277087208814919
        },
        "vehicle_throttle": 0.0,
        "unique_collisions": 0,
        "solid_lane_crosses": 7,
        "double_solid_lane_crosses": 0
    },
    {
        "game_time": 55.98005444649607,
        "vehicle_location": {
            "x": -74.2089614868164,
            "y": 159.35240173339844,
            "z": -0.23880404233932495
        },
        "vehicle_velocity": {
            "x": -0.654850423336029,
            "y": -5.229055881500244,
            "z": 0.0014390468131750822
        },
        "vehicle_throttle": 0.75,
        "unique_collisions": 0,
        "solid_lane_crosses": 7,
        "double_solid_lane_crosses": 0
    },
    {
        "game_time": 57.10193919856101,
        "vehicle_location": {
            "x": -74.48546600341797,
            "y": 153.36764526367188,
            "z": -0.23823733627796173
        },
        "vehicle_velocity": {
            "x": -0.052761510014534,
            "y": -5.247323513031006,
            "z": 0.0018967055948451161
        },
        "vehicle_throttle": 0.75,
        "unique_collisions": 0,
        "solid_lane_crosses": 7,
        "double_solid_lane_crosses": 0
    },
    {
        "game_time": 58.25106164161116,
        "vehicle_location": {
            "x": -74.59848022460938,
            "y": 147.2943572998047,
            "z": -0.2369033694267273
        },
        "vehicle_velocity": {
            "x": -0.05675964057445526,
            "y": -5.301177024841309,
            "z": 0.01030821818858385
        },
        "vehicle_throttle": 0.75,
        "unique_collisions": 0,
        "solid_lane_crosses": 7,
        "double_solid_lane_crosses": 0
    },
    {
        "game_time": 59.39843285921961,
        "vehicle_location": {
            "x": -74.56544494628906,
            "y": 140.97024536132812,
            "z": -0.22679755091667175
        },
        "vehicle_velocity": {
            "x": 0.24252662062644958,
            "y": -5.515188694000244,
            "z": 0.010830555111169815
        },
        "vehicle_throttle": 0.75,
        "unique_collisions": 0,
        "solid_lane_crosses": 7,
        "double_solid_lane_crosses": 0
    },
    {
        "game_time": 60.39969021175057,
        "vehicle_location": {
            "x": -74.3509521484375,
            "y": 135.60316467285156,
            "z": -0.21652530133724213
        },
        "vehicle_velocity": {
            "x": 0.21675843000411987,
            "y": -5.434027671813965,
            "z": 0.014739302918314934
        },
        "vehicle_throttle": 0.75,
        "unique_collisions": 0,
        "solid_lane_crosses": 7,
        "double_solid_lane_crosses": 0
    },
    {
        "game_time": 61.55417513567954,
        "vehicle_location": {
            "x": -74.1687240600586,
            "y": 129.38165283203125,
            "z": -0.20103099942207336
        },
        "vehicle_velocity": {
            "x": 0.14817389845848083,
            "y": -5.66999626159668,
            "z": 0.014794968999922276
        },
        "vehicle_throttle": 0.75,
        "unique_collisions": 0,
        "solid_lane_crosses": 7,
        "double_solid_lane_crosses": 0
    },
    {
        "game_time": 62.56374723929912,
        "vehicle_location": {
            "x": -74.12060546875,
            "y": 124.12298583984375,
            "z": -0.18790332973003387
        },
        "vehicle_velocity": {
            "x": -0.3091345727443695,
            "y": -5.251055717468262,
            "z": 0.015039586462080479
        },
        "vehicle_throttle": 0.75,
        "unique_collisions": 0,
        "solid_lane_crosses": 7,
        "double_solid_lane_crosses": 0
    },
    {
        "game_time": 63.58510440308601,
        "vehicle_location": {
            "x": -75.09074401855469,
            "y": 118.76566314697266,
            "z": -0.14801761507987976
        },
        "vehicle_velocity": {
            "x": -1.1449477672576904,
            "y": -4.799563407897949,
            "z": 0.0588470920920372
        },
        "vehicle_throttle": 0.75,
        "unique_collisions": 0,
        "solid_lane_crosses": 7,
        "double_solid_lane_crosses": 0
    },
    {
        "game_time": 64.60085317958146,
        "vehicle_location": {
            "x": -76.31047821044922,
            "y": 113.51573181152344,
            "z": -0.07809196412563324
        },
        "vehicle_velocity": {
            "x": -1.1090717315673828,
            "y": -4.603943347930908,
            "z": 0.057443179190158844
        },
        "vehicle_throttle": 0.75,
        "unique_collisions": 0,
        "solid_lane_crosses": 7,
        "double_solid_lane_crosses": 0
    },
    {
        "game_time": 65.66429165098816,
        "vehicle_location": {
            "x": -77.08931732177734,
            "y": 107.72817993164062,
            "z": -0.0018647765973582864
        },
        "vehicle_velocity": {
            "x": -0.44927096366882324,
            "y": -4.911978721618652,
            "z": 0.07186950743198395
        },
        "vehicle_throttle": 0.75,
        "unique_collisions": 0,
        "solid_lane_crosses": 7,
        "double_solid_lane_crosses": 0
    },
    {
        "game_time": 66.74500714894384,
        "vehicle_location": {
            "x": -77.41551208496094,
            "y": 101.908935546875,
            "z": 0.09254875034093857
        },
        "vehicle_velocity": {
            "x": -0.23249466717243195,
            "y": -5.654599666595459,
            "z": 0.10135301202535629
        },
        "vehicle_throttle": 0.75,
        "unique_collisions": 0,
        "solid_lane_crosses": 7,
        "double_solid_lane_crosses": 0
    },
    {
        "game_time": 67.75711011234671,
        "vehicle_location": {
            "x": -77.53448486328125,
            "y": 96.41481018066406,
            "z": 0.1894807368516922
        },
        "vehicle_velocity": {
            "x": -0.08716632425785065,
            "y": -5.933849334716797,
            "z": 0.10487264394760132
        },
        "vehicle_throttle": 0.0,
        "unique_collisions": 0,
        "solid_lane_crosses": 7,
        "double_solid_lane_crosses": 0
    },
    {
        "game_time": 68.77587859053165,
        "vehicle_location": {
            "x": -77.59144592285156,
            "y": 90.8102798461914,
            "z": 0.28934967517852783
        },
        "vehicle_velocity": {
            "x": -0.03384758532047272,
            "y": -5.727600574493408,
            "z": 0.10099481046199799
        },
        "vehicle_throttle": 0.0,
        "unique_collisions": 0,
        "solid_lane_crosses": 7,
        "double_solid_lane_crosses": 0
    },
    {
        "game_time": 69.85496778879315,
        "vehicle_location": {
            "x": -77.62345886230469,
            "y": 85.0523681640625,
            "z": 0.39217254519462585
        },
        "vehicle_velocity": {
            "x": -0.019731830805540085,
            "y": -4.928061485290527,
            "z": 0.08563623577356339
        },
        "vehicle_throttle": 0.75,
        "unique_collisions": 0,
        "solid_lane_crosses": 7,
        "double_solid_lane_crosses": 0
    },
    {
        "game_time": 70.9355269568041,
        "vehicle_location": {
            "x": -77.64517974853516,
            "y": 79.3668212890625,
            "z": 0.48916831612586975
        },
        "vehicle_velocity": {
            "x": -0.015377521514892578,
            "y": -5.424775123596191,
            "z": 0.08495338261127472
        },
        "vehicle_throttle": 0.75,
        "unique_collisions": 0,
        "solid_lane_crosses": 7,
        "double_solid_lane_crosses": 0
    },
    {
        "game_time": 71.99998981039971,
        "vehicle_location": {
            "x": -77.6631088256836,
            "y": 73.54878997802734,
            "z": 0.5665472149848938
        },
        "vehicle_velocity": {
            "x": -0.016345137730240822,
            "y": -5.910594463348389,
            "z": 0.06489165127277374
        },
        "vehicle_throttle": 0.0,
        "unique_collisions": 0,
        "solid_lane_crosses": 7,
        "double_solid_lane_crosses": 0
    },
    {
        "game_time": 73.05634253006428,
        "vehicle_location": {
            "x": -77.67947387695312,
            "y": 67.8353042602539,
            "z": 0.5926302671432495
        },
        "vehicle_velocity": {
            "x": -0.015107978135347366,
            "y": -5.353793621063232,
            "z": -0.01207232940942049
        },
        "vehicle_throttle": 0.0,
        "unique_collisions": 0,
        "solid_lane_crosses": 7,
        "double_solid_lane_crosses": 0
    },
    {
        "game_time": 74.12781530339271,
        "vehicle_location": {
            "x": -77.69529724121094,
            "y": 62.13983154296875,
            "z": 0.5689025521278381
        },
        "vehicle_velocity": {
            "x": -0.013528263196349144,
            "y": -4.895834922790527,
            "z": -0.0386287197470665
        },
        "vehicle_throttle": 0.75,
        "unique_collisions": 0,
        "solid_lane_crosses": 7,
        "double_solid_lane_crosses": 0
    },
    {
        "game_time": 75.17409661319107,
        "vehicle_location": {
            "x": -77.70945739746094,
            "y": 56.97999954223633,
            "z": 0.5007129311561584
        },
        "vehicle_velocity": {
            "x": -0.008171209134161472,
            "y": -2.984135150909424,
            "z": -0.060877054929733276
        },
        "vehicle_throttle": 0.0,
        "unique_collisions": 0,
        "solid_lane_crosses": 7,
        "double_solid_lane_crosses": 0
    },
    {
        "game_time": 76.25803247001022,
        "vehicle_location": {
            "x": -77.71270751953125,
            "y": 55.79152297973633,
            "z": 0.4778026342391968
        },
        "vehicle_velocity": {
            "x": -0.0017250105738639832,
            "y": -0.6248162388801575,
            "z": -0.012060861103236675
        },
        "vehicle_throttle": 0.75,
        "unique_collisions": 0,
        "solid_lane_crosses": 7,
        "double_solid_lane_crosses": 0
    },
    {
        "game_time": 77.33665854204446,
        "vehicle_location": {
            "x": -77.71387481689453,
            "y": 55.37168884277344,
            "z": 0.4697199761867523
        },
        "vehicle_velocity": {
            "x": -0.0017864122055470943,
            "y": -0.6521778106689453,
            "z": -0.011314687319099903
        },
        "vehicle_throttle": 0.0,
        "unique_collisions": 0,
        "solid_lane_crosses": 7,
        "double_solid_lane_crosses": 0
    },
    {
        "game_time": 78.38983261864632,
        "vehicle_location": {
            "x": -77.71405029296875,
            "y": 55.30423355102539,
            "z": 0.4689643085002899
        },
        "vehicle_velocity": {
            "x": -1.5769438732604613e-06,
            "y": -7.173269841587171e-05,
            "z": 0.0002845760027412325
        },
        "vehicle_throttle": 0.0,
        "unique_collisions": 0,
        "solid_lane_crosses": 7,
        "double_solid_lane_crosses": 0
    },
    {
        "game_time": 79.42343764659017,
        "vehicle_location": {
            "x": -77.71405029296875,
            "y": 55.304237365722656,
            "z": 0.46899551153182983
        },
        "vehicle_velocity": {
            "x": -1.1436600289016496e-06,
            "y": -3.2813251891639084e-05,
            "z": -0.00018788636953104287
        },
        "vehicle_throttle": 0.0,
        "unique_collisions": 0,
        "solid_lane_crosses": 7,
        "double_solid_lane_crosses": 0
    },
    {
        "game_time": 80.48873369488865,
        "vehicle_location": {
            "x": -77.71405029296875,
            "y": 55.304237365722656,
            "z": 0.4689374566078186
        },
        "vehicle_velocity": {
            "x": -1.164390937447024e-06,
            "y": -4.242062641424127e-05,
            "z": 0.0003099950263276696
        },
        "vehicle_throttle": 0.0,
        "unique_collisions": 0,
        "solid_lane_crosses": 7,
        "double_solid_lane_crosses": 0
    },
    {
        "game_time": 81.54196611884981,
        "vehicle_location": {
            "x": -77.71405029296875,
            "y": 55.304237365722656,
            "z": 0.4689306616783142
        },
        "vehicle_velocity": {
            "x": -1.0248783155475394e-06,
            "y": -4.973210161551833e-05,
            "z": 0.00048051023622974753
        },
        "vehicle_throttle": 0.0,
        "unique_collisions": 0,
        "solid_lane_crosses": 7,
        "double_solid_lane_crosses": 0
    },
    {
        "game_time": 82.56205422151834,
        "vehicle_location": {
            "x": -77.71405029296875,
            "y": 55.304237365722656,
            "z": 0.46899381279945374
        },
        "vehicle_velocity": {
            "x": -1.0313149232388241e-06,
            "y": -4.6656132326461375e-05,
            "z": 0.00023919963859952986
        },
        "vehicle_throttle": 0.0,
        "unique_collisions": 0,
        "solid_lane_crosses": 7,
        "double_solid_lane_crosses": 0
    },
    {
        "game_time": 83.56807956192642,
        "vehicle_location": {
            "x": -77.71405029296875,
            "y": 55.304237365722656,
            "z": 0.46892279386520386
        },
        "vehicle_velocity": {
            "x": -1.0057628969661891e-06,
            "y": -2.2203474145499058e-05,
            "z": -0.0006123311468400061
        },
        "vehicle_throttle": 0.0,
        "unique_collisions": 0,
        "solid_lane_crosses": 7,
        "double_solid_lane_crosses": 0
    },
    {
        "game_time": 84.58003762271255,
        "vehicle_location": {
            "x": -77.71438598632812,
            "y": 55.17758560180664,
            "z": 0.4669351875782013
        },
        "vehicle_velocity": {
            "x": -0.0008496228256262839,
            "y": -0.3096545934677124,
            "z": -0.005192727781832218
        },
        "vehicle_throttle": 0.75,
        "unique_collisions": 0,
        "solid_lane_crosses": 7,
        "double_solid_lane_crosses": 0
    },
    {
        "game_time": 85.64013696834445,
        "vehicle_location": {
            "x": -77.7183609008789,
            "y": 53.71784973144531,
            "z": 0.4346882402896881
        },
        "vehicle_velocity": {
            "x": -0.005890451371669769,
            "y": -2.1381871700286865,
            "z": -0.051900241523981094
        },
        "vehicle_throttle": 0.75,
        "unique_collisions": 0,
        "solid_lane_crosses": 7,
        "double_solid_lane_crosses": 0
    },
    {
        "game_time": 86.65769516117871,
        "vehicle_location": {
            "x": -77.72628021240234,
            "y": 50.83253479003906,
            "z": 0.3678155541419983
        },
        "vehicle_velocity": {
            "x": -0.005078557413071394,
            "y": -1.85830557346344,
            "z": -0.04871368780732155
        },
        "vehicle_throttle": 0.75,
        "unique_collisions": 0,
        "solid_lane_crosses": 7,
        "double_solid_lane_crosses": 0
    },
    {
        "game_time": 87.71962971612811,
        "vehicle_location": {
            "x": -77.73487854003906,
            "y": 47.681312561035156,
            "z": 0.27756401896476746
        },
        "vehicle_velocity": {
            "x": -0.01006141398102045,
            "y": -3.671966075897217,
            "z": -0.10318320244550705
        },
        "vehicle_throttle": 0.75,
        "unique_collisions": 0,
        "solid_lane_crosses": 7,
        "double_solid_lane_crosses": 0
    },
    {
        "game_time": 88.74989275541157,
        "vehicle_location": {
            "x": -77.74394226074219,
            "y": 44.35686492919922,
            "z": 0.18292823433876038
        },
        "vehicle_velocity": {
            "x": -0.009386207908391953,
            "y": -3.445009708404541,
            "z": -0.09784790873527527
        },
        "vehicle_throttle": 0.0,
        "unique_collisions": 0,
        "solid_lane_crosses": 7,
        "double_solid_lane_crosses": 0
    },
    {
        "game_time": 89.77163415495306,
        "vehicle_location": {
            "x": -77.75312042236328,
            "y": 40.99297332763672,
            "z": 0.09598541259765625
        },
        "vehicle_velocity": {
            "x": -0.006772953551262617,
            "y": -2.479001522064209,
            "z": -0.06116846576333046
        },
        "vehicle_throttle": 0.0,
        "unique_collisions": 0,
        "solid_lane_crosses": 7,
        "double_solid_lane_crosses": 0
    },
    {
        "game_time": 90.80214964970946,
        "vehicle_location": {
            "x": -77.76358795166016,
            "y": 37.161582946777344,
            "z": 0.004277496132999659
        },
        "vehicle_velocity": {
            "x": -0.016098503023386,
            "y": -5.9083123207092285,
            "z": -0.1108415499329567
        },
        "vehicle_throttle": 0.4115285277366638,
        "unique_collisions": 0,
        "solid_lane_crosses": 7,
        "double_solid_lane_crosses": 0
    },
    {
        "game_time": 91.85973292123526,
        "vehicle_location": {
            "x": -77.7798843383789,
            "y": 31.22112464904785,
            "z": -0.103271484375
        },
        "vehicle_velocity": {
            "x": -0.014507459476590157,
            "y": -5.392153739929199,
            "z": -0.09234108775854111
        },
        "vehicle_throttle": 0.0,
        "unique_collisions": 0,
        "solid_lane_crosses": 7,
        "double_solid_lane_crosses": 0
    },
    {
        "game_time": 92.89435862284154,
        "vehicle_location": {
            "x": -77.79009246826172,
            "y": 27.199655532836914,
            "z": -0.15788257122039795
        },
        "vehicle_velocity": {
            "x": -6.257191125769168e-05,
            "y": -0.021996406838297844,
            "z": -0.037654608488082886
        },
        "vehicle_throttle": 0.0,
        "unique_collisions": 1,
        "solid_lane_crosses": 7,
        "double_solid_lane_crosses": 0
    },
    {
        "game_time": 93.97257813531905,
        "vehicle_location": {
            "x": -77.79002380371094,
            "y": 27.214139938354492,
            "z": -0.15255461633205414
        },
        "vehicle_velocity": {
            "x": -2.4129708435793873e-06,
            "y": -0.00012816414528060704,
            "z": -0.0006631434662267566
        },
        "vehicle_throttle": 0.0,
        "unique_collisions": 1,
        "solid_lane_crosses": 7,
        "double_solid_lane_crosses": 0
    },
    {
        "game_time": 94.97711533028632,
        "vehicle_location": {
            "x": -77.79002380371094,
            "y": 27.214216232299805,
            "z": -0.15274283289909363
        },
        "vehicle_velocity": {
            "x": -5.216932663643092e-07,
            "y": -2.3777633032295853e-05,
            "z": 0.00012790814798790962
        },
        "vehicle_throttle": 0.0,
        "unique_collisions": 1,
        "solid_lane_crosses": 7,
        "double_solid_lane_crosses": 0
    },
    {
        "game_time": 96.00267198495567,
        "vehicle_location": {
            "x": -77.79002380371094,
            "y": 27.214216232299805,
            "z": -0.15281039476394653
        },
        "vehicle_velocity": {
            "x": -5.252010168987908e-07,
            "y": -2.4364813725696877e-05,
            "z": 0.0001424199581379071
        },
        "vehicle_throttle": 0.0,
        "unique_collisions": 1,
        "solid_lane_crosses": 7,
        "double_solid_lane_crosses": 0
    },
    {
        "game_time": 97.03528524190187,
        "vehicle_location": {
            "x": -77.79002380371094,
            "y": 27.214216232299805,
            "z": -0.1527472287416458
        },
        "vehicle_velocity": {
            "x": -5.65157790788362e-07,
            "y": -2.330362804059405e-05,
            "z": 0.00012363630230538547
        },
        "vehicle_throttle": 0.0,
        "unique_collisions": 1,
        "solid_lane_crosses": 7,
        "double_solid_lane_crosses": 0
    },
    {
        "game_time": 98.09242171049118,
        "vehicle_location": {
            "x": -77.79002380371094,
            "y": 27.214216232299805,
            "z": -0.1527639776468277
        },
        "vehicle_velocity": {
            "x": -6.048174441275478e-07,
            "y": -1.7293839846388437e-05,
            "z": -0.00017273107368964702
        },
        "vehicle_throttle": 0.0,
        "unique_collisions": 1,
        "solid_lane_crosses": 7,
        "double_solid_lane_crosses": 0
    },
    {
        "game_time": 99.13783548679203,
        "vehicle_location": {
            "x": -77.79002380371094,
            "y": 27.214216232299805,
            "z": -0.15276023745536804
        },
        "vehicle_velocity": {
            "x": -6.39323957329907e-07,
            "y": -2.7539579605218023e-05,
            "z": 0.00041929809958674014
        },
        "vehicle_throttle": 0.0,
        "unique_collisions": 1,
        "solid_lane_crosses": 7,
        "double_solid_lane_crosses": 0
    },
    {
        "game_time": 100.21920365933329,
        "vehicle_location": {
            "x": -77.79002380371094,
            "y": 27.214216232299805,
            "z": -0.15278632938861847
        },
        "vehicle_velocity": {
            "x": -5.878990805285866e-07,
            "y": -2.596139893284999e-05,
            "z": 0.00029820017516613007
        },
        "vehicle_throttle": 0.0,
        "unique_collisions": 1,
        "solid_lane_crosses": 7,
        "double_solid_lane_crosses": 0
    },
    {
        "game_time": 101.2827732283622,
        "vehicle_location": {
            "x": -77.79002380371094,
            "y": 27.214216232299805,
            "z": -0.15277332067489624
        },
        "vehicle_velocity": {
            "x": -5.322886522662884e-07,
            "y": -1.0770782864710782e-05,
            "z": -0.0006018614512868226
        },
        "vehicle_throttle": 0.0,
        "unique_collisions": 1,
        "solid_lane_crosses": 7,
        "double_solid_lane_crosses": 0
    },
    {
        "game_time": 102.33401814941317,
        "vehicle_location": {
            "x": -77.79002380371094,
            "y": 27.214216232299805,
            "z": -0.15274326503276825
        },
        "vehicle_velocity": {
            "x": -5.754316134698456e-07,
            "y": -2.2667123630526476e-05,
            "z": 7.092158193700016e-05
        },
        "vehicle_throttle": 0.0,
        "unique_collisions": 1,
        "solid_lane_crosses": 7,
        "double_solid_lane_crosses": 0
    },
    {
        "game_time": 103.37425808794796,
        "vehicle_location": {
            "x": -77.79002380371094,
            "y": 27.214216232299805,
            "z": -0.1527600884437561
        },
        "vehicle_velocity": {
            "x": -4.5778418211739336e-07,
            "y": -2.294868136232253e-05,
            "z": 2.418047733954154e-05
        },
        "vehicle_throttle": 0.0,
        "unique_collisions": 1,
        "solid_lane_crosses": 7,
        "double_solid_lane_crosses": 0
    },
    {
        "game_time": 104.4160549454391,
        "vehicle_location": {
            "x": -77.79002380371094,
            "y": 27.214216232299805,
            "z": -0.15279337763786316
        },
        "vehicle_velocity": {
            "x": -6.149736577754084e-07,
            "y": -2.0340383343864232e-05,
            "z": -2.093464536301326e-05
        },
        "vehicle_throttle": 0.0,
        "unique_collisions": 1,
        "solid_lane_crosses": 7,
        "double_solid_lane_crosses": 0
    },
    {
        "game_time": 105.44853462930769,
        "vehicle_location": {
            "x": -77.79002380371094,
            "y": 27.214216232299805,
            "z": -0.15276207029819489
        },
        "vehicle_velocity": {
            "x": -5.932774911343586e-07,
            "y": -1.7968564861803316e-05,
            "z": -9.197031613439322e-05
        },
        "vehicle_throttle": 0.0,
        "unique_collisions": 1,
        "solid_lane_crosses": 7,
        "double_solid_lane_crosses": 0
    },
    {
        "game_time": 106.51637053955346,
        "vehicle_location": {
            "x": -77.79002380371094,
            "y": 27.214216232299805,
            "z": -0.15278422832489014
        },
        "vehicle_velocity": {
            "x": -5.896980042052746e-07,
            "y": -1.896522917377297e-05,
            "z": -7.11599423084408e-05
        },
        "vehicle_throttle": 0.0,
        "unique_collisions": 1,
        "solid_lane_crosses": 7,
        "double_solid_lane_crosses": 0
    },
    {
        "game_time": 107.5607767989859,
        "vehicle_location": {
            "x": -77.79002380371094,
            "y": 27.214216232299805,
            "z": -0.15273062884807587
        },
        "vehicle_velocity": {
            "x": -6.139000561233843e-07,
            "y": -2.7335881895851344e-05,
            "z": 0.0003220951766707003
        },
        "vehicle_throttle": 0.0,
        "unique_collisions": 1,
        "solid_lane_crosses": 7,
        "double_solid_lane_crosses": 0
    },
    {
        "game_time": 108.62761944532394,
        "vehicle_location": {
            "x": -77.79002380371094,
            "y": 27.214216232299805,
            "z": -0.152780219912529
        },
        "vehicle_velocity": {
            "x": -5.415087684923492e-07,
            "y": -2.2552459995495155e-05,
            "z": 9.497501014266163e-05
        },
        "vehicle_throttle": 0.0,
        "unique_collisions": 1,
        "solid_lane_crosses": 7,
        "double_solid_lane_crosses": 0
    },
    {
        "game_time": 109.67115326598287,
        "vehicle_location": {
            "x": -77.79002380371094,
            "y": 27.214216232299805,
            "z": -0.15274187922477722
        },
        "vehicle_velocity": {
            "x": -5.375634373194771e-07,
            "y": -2.1210164049989544e-05,
            "z": -1.5132919543248136e-05
        },
        "vehicle_throttle": 0.0,
        "unique_collisions": 1,
        "solid_lane_crosses": 7,
        "double_solid_lane_crosses": 0
    },
    {
        "game_time": 110.69793099910021,
        "vehicle_location": {
            "x": -77.79002380371094,
            "y": 27.214216232299805,
            "z": -0.15271903574466705
        },
        "vehicle_velocity": {
            "x": -5.596443770627957e-07,
            "y": -2.7815922294394113e-05,
            "z": 0.0003358619869686663
        },
        "vehicle_throttle": 0.0,
        "unique_collisions": 1,
        "solid_lane_crosses": 7,
        "double_solid_lane_crosses": 0
    },
    {
        "game_time": 111.74451788142323,
        "vehicle_location": {
            "x": -77.79002380371094,
            "y": 27.214216232299805,
            "z": -0.15276043117046356
        },
        "vehicle_velocity": {
            "x": -5.369095106289024e-07,
            "y": -1.713640995149035e-05,
            "z": -0.00027485049213282764
        },
        "vehicle_throttle": 0.0,
        "unique_collisions": 1,
        "solid_lane_crosses": 7,
        "double_solid_lane_crosses": 0
    },
    {
        "game_time": 112.79384867008775,
        "vehicle_location": {
            "x": -77.79002380371094,
            "y": 27.214216232299805,
            "z": -0.15275554358959198
        },
        "vehicle_velocity": {
            "x": -6.141563062556088e-07,
            "y": -2.2507085304823704e-05,
            "z": 5.5102613259805366e-05
        },
        "vehicle_throttle": 0.0,
        "unique_collisions": 1,
        "solid_lane_crosses": 7,
        "double_solid_lane_crosses": 0
    },
    {
        "game_time": 113.80819540843368,
        "vehicle_location": {
            "x": -77.79002380371094,
            "y": 27.214216232299805,
            "z": -0.15275615453720093
        },
        "vehicle_velocity": {
            "x": -5.804039915346948e-07,
            "y": -2.4839117031660862e-05,
            "z": 0.0001434573350707069
        },
        "vehicle_throttle": 0.0,
        "unique_collisions": 1,
        "solid_lane_crosses": 7,
        "double_solid_lane_crosses": 0
    },
    {
        "game_time": 114.81099343765527,
        "vehicle_location": {
            "x": -77.79002380371094,
            "y": 27.214216232299805,
            "z": -0.15272238850593567
        },
        "vehicle_velocity": {
            "x": -5.229654220784141e-07,
            "y": -2.3190230422187597e-05,
            "z": 6.957122241146863e-05
        },
        "vehicle_throttle": 0.0,
        "unique_collisions": 1,
        "solid_lane_crosses": 7,
        "double_solid_lane_crosses": 0
    },
    {
        "game_time": 115.87249729968607,
        "vehicle_location": {
            "x": -77.79002380371094,
            "y": 27.214216232299805,
            "z": -0.15276283025741577
        },
        "vehicle_velocity": {
            "x": -5.124896347297181e-07,
            "y": -1.8169655959354714e-05,
            "z": -0.00022289469779934734
        },
        "vehicle_throttle": 0.0,
        "unique_collisions": 1,
        "solid_lane_crosses": 7,
        "double_solid_lane_crosses": 0
    },
    {
        "game_time": 116.93014928512275,
        "vehicle_location": {
            "x": -77.79002380371094,
            "y": 27.214216232299805,
            "z": -0.15275996923446655
        },
        "vehicle_velocity": {
            "x": -5.485370593305561e-07,
            "y": -1.845888800744433e-05,
            "z": -0.00019022948981728405
        },
        "vehicle_throttle": 0.0,
        "unique_collisions": 1,
        "solid_lane_crosses": 7,
        "double_solid_lane_crosses": 0
    },
    {
        "game_time": 117.97841778863221,
        "vehicle_location": {
            "x": -77.79002380371094,
            "y": 27.214216232299805,
            "z": -0.15277114510536194
        },
        "vehicle_velocity": {
            "x": -5.62008779070311e-07,
            "y": -2.7652829885482788e-05,
            "z": 0.0003546362277120352
        },
        "vehicle_throttle": 0.0,
        "unique_collisions": 1,
        "solid_lane_crosses": 7,
        "double_solid_lane_crosses": 0
    },
    {
        "game_time": 119.03134661819786,
        "vehicle_location": {
            "x": -77.79002380371094,
            "y": 27.214216232299805,
            "z": -0.15274402499198914
        },
        "vehicle_velocity": {
            "x": -6.109214041316591e-07,
            "y": -2.4802460757200606e-05,
            "z": 0.0002444687415845692
        },
        "vehicle_throttle": 0.0,
        "unique_collisions": 1,
        "solid_lane_crosses": 7,
        "double_solid_lane_crosses": 0
    },
    {
        "game_time": 120.05536914430559,
        "vehicle_location": {
            "x": -77.79002380371094,
            "y": 27.214216232299805,
            "z": -0.1527596265077591
        },
        "vehicle_velocity": {
            "x": -5.846777639817446e-07,
            "y": -1.932866871356964e-05,
            "z": -0.00014293113781604916
        },
        "vehicle_throttle": 0.0,
        "unique_collisions": 1,
        "solid_lane_crosses": 7,
        "double_solid_lane_crosses": 0
    },
    {
        "game_time": 121.0569757623598,
        "vehicle_location": {
            "x": -77.79002380371094,
            "y": 27.214216232299805,
            "z": -0.15273788571357727
        },
        "vehicle_velocity": {
            "x": -6.184359904182202e-07,
            "y": -2.562336521805264e-05,
            "z": 0.00022635477944277227
        },
        "vehicle_throttle": 0.0,
        "unique_collisions": 1,
        "solid_lane_crosses": 7,
        "double_solid_lane_crosses": 0
    },
    {
        "game_time": 122.07992336433381,
        "vehicle_location": {
            "x": -77.79002380371094,
            "y": 27.214216232299805,
            "z": -0.15277381241321564
        },
        "vehicle_velocity": {
            "x": -5.900141104575596e-07,
            "y": -1.8103495676768944e-05,
            "z": -0.00015103697660379112
        },
        "vehicle_throttle": 0.0,
        "unique_collisions": 1,
        "solid_lane_crosses": 7,
        "double_solid_lane_crosses": 0
    },
    {
        "game_time": 123.08546411897987,
        "vehicle_location": {
            "x": -77.79002380371094,
            "y": 27.214216232299805,
            "z": -0.15274162590503693
        },
        "vehicle_velocity": {
            "x": -6.348918759613298e-07,
            "y": -2.6339515898143873e-05,
            "z": 0.000274544523563236
        },
        "vehicle_throttle": 0.0,
        "unique_collisions": 1,
        "solid_lane_crosses": 7,
        "double_solid_lane_crosses": 0
    },
    {
        "game_time": 124.12989045400172,
        "vehicle_location": {
            "x": -77.79002380371094,
            "y": 27.214216232299805,
            "z": -0.1527862548828125
        },
        "vehicle_velocity": {
            "x": -6.96036693170754e-07,
            "y": -3.10151262965519e-05,
            "z": 0.0006143469945527613
        },
        "vehicle_throttle": 0.0,
        "unique_collisions": 1,
        "solid_lane_crosses": 7,
        "double_solid_lane_crosses": 0
    },
    {
        "game_time": 125.18205702863634,
        "vehicle_location": {
            "x": -77.79002380371094,
            "y": 27.214216232299805,
            "z": -0.15277671813964844
        },
        "vehicle_velocity": {
            "x": -6.146347573121602e-07,
            "y": -1.7099380784202367e-05,
            "z": -0.00020396207401063293
        },
        "vehicle_throttle": 0.0,
        "unique_collisions": 1,
        "solid_lane_crosses": 7,
        "double_solid_lane_crosses": 0
    },
    {
        "game_time": 126.2445032633841,
        "vehicle_location": {
            "x": -77.79002380371094,
            "y": 27.214216232299805,
            "z": -0.15274760127067566
        },
        "vehicle_velocity": {
            "x": -5.923071739744046e-07,
            "y": -2.091541864501778e-05,
            "z": -8.100804552668706e-05
        },
        "vehicle_throttle": 0.0,
        "unique_collisions": 1,
        "solid_lane_crosses": 7,
        "double_solid_lane_crosses": 0
    },
    {
        "game_time": 127.31715144217014,
        "vehicle_location": {
            "x": -77.79002380371094,
            "y": 27.214216232299805,
            "z": -0.1527467668056488
        },
        "vehicle_velocity": {
            "x": -5.964230354038591e-07,
            "y": -2.2453292331192642e-05,
            "z": -4.8744859668659046e-05
        },
        "vehicle_throttle": 0.0,
        "unique_collisions": 1,
        "solid_lane_crosses": 7,
        "double_solid_lane_crosses": 0
    },
    {
        "game_time": 128.3730995580554,
        "vehicle_location": {
            "x": -77.79002380371094,
            "y": 27.214216232299805,
            "z": -0.15276183187961578
        },
        "vehicle_velocity": {
            "x": -6.499124083347851e-07,
            "y": -2.6155932573601604e-05,
            "z": 0.00025964603992179036
        },
        "vehicle_throttle": 0.0,
        "unique_collisions": 1,
        "solid_lane_crosses": 7,
        "double_solid_lane_crosses": 0
    },
    {
        "game_time": 129.43120876234025,
        "vehicle_location": {
            "x": -77.79002380371094,
            "y": 27.214216232299805,
            "z": -0.1527627855539322
        },
        "vehicle_velocity": {
            "x": -4.865485152549809e-07,
            "y": -1.8591359548736364e-05,
            "z": -0.0002017636434175074
        },
        "vehicle_throttle": 0.0,
        "unique_collisions": 1,
        "solid_lane_crosses": 7,
        "double_solid_lane_crosses": 0
    },
    {
        "game_time": 130.4883106397465,
        "vehicle_location": {
            "x": -77.79002380371094,
            "y": 27.214216232299805,
            "z": -0.15274283289909363
        },
        "vehicle_velocity": {
            "x": -5.794329354102956e-07,
            "y": -2.5841593014774844e-05,
            "z": 0.00018016996909864247
        },
        "vehicle_throttle": 0.0,
        "unique_collisions": 1,
        "solid_lane_crosses": 7,
        "double_solid_lane_crosses": 0
    },
    {
        "game_time": 131.52102432399988,
        "vehicle_location": {
            "x": -77.79002380371094,
            "y": 27.214216232299805,
            "z": -0.15276706218719482
        },
        "vehicle_velocity": {
            "x": -6.322393915070279e-07,
            "y": -2.6734844141174108e-05,
            "z": 0.00038231522194109857
        },
        "vehicle_throttle": 0.0,
        "unique_collisions": 1,
        "solid_lane_crosses": 7,
        "double_solid_lane_crosses": 0
    },
    {
        "game_time": 132.54785669222474,
        "vehicle_location": {
            "x": -77.79002380371094,
            "y": 27.214216232299805,
            "z": -0.15275855362415314
        },
        "vehicle_velocity": {
            "x": -6.2718561366637e-07,
            "y": -2.5462730263825506e-05,
            "z": 0.00024578612647019327
        },
        "vehicle_throttle": 0.0,
        "unique_collisions": 1,
        "solid_lane_crosses": 7,
        "double_solid_lane_crosses": 0
    },
    {
        "game_time": 133.585403367877,
        "vehicle_location": {
            "x": -77.79002380371094,
            "y": 27.214216232299805,
            "z": -0.15275263786315918
        },
        "vehicle_velocity": {
            "x": -5.736184220950236e-07,
            "y": -2.648085319378879e-05,
            "z": 0.0002742524666246027
        },
        "vehicle_throttle": 0.0,
        "unique_collisions": 1,
        "solid_lane_crosses": 7,
        "double_solid_lane_crosses": 0
    },
    {
        "game_time": 134.58597399294376,
        "vehicle_location": {
            "x": -77.79002380371094,
            "y": 27.214216232299805,
            "z": -0.15275253355503082
        },
        "vehicle_velocity": {
            "x": -5.672484917340626e-07,
            "y": -2.9049067961750552e-05,
            "z": 0.00043904848280362785
        },
        "vehicle_throttle": 0.0,
        "unique_collisions": 1,
        "solid_lane_crosses": 7,
        "double_solid_lane_crosses": 0
    },
    {
        "game_time": 135.623544966802,
        "vehicle_location": {
            "x": -77.79002380371094,
            "y": 27.214216232299805,
            "z": -0.1527511179447174
        },
        "vehicle_velocity": {
            "x": -6.021049898663478e-07,
            "y": -2.3116394004318863e-05,
            "z": 4.1038023482542485e-05
        },
        "vehicle_throttle": 0.0,
        "unique_collisions": 1,
        "solid_lane_crosses": 7,
        "double_solid_lane_crosses": 0
    },
    {
        "game_time": 136.68019346613437,
        "vehicle_location": {
            "x": -77.79002380371094,
            "y": 27.214216232299805,
            "z": -0.15274715423583984
        },
        "vehicle_velocity": {
            "x": -6.014393534314877e-07,
            "y": -2.4439841581624933e-05,
            "z": 0.00014454171468969434
        },
        "vehicle_throttle": 0.0,
        "unique_collisions": 1,
        "solid_lane_crosses": 7,
        "double_solid_lane_crosses": 0
    },
    {
        "game_time": 137.72107659559697,
        "vehicle_location": {
            "x": -77.79002380371094,
            "y": 27.214216232299805,
            "z": -0.1527378410100937
        },
        "vehicle_velocity": {
            "x": -6.421006446544197e-07,
            "y": -2.4784356355667114e-05,
            "z": 0.00017397628107573837
        },
        "vehicle_throttle": 0.0,
        "unique_collisions": 1,
        "solid_lane_crosses": 7,
        "double_solid_lane_crosses": 0
    },
    {
        "game_time": 138.75923431757838,
        "vehicle_location": {
            "x": -77.79002380371094,
            "y": 27.214216232299805,
            "z": -0.1527223140001297
        },
        "vehicle_velocity": {
            "x": -5.658741883962648e-07,
            "y": -2.020724059548229e-05,
            "z": -0.0001430815609637648
        },
        "vehicle_throttle": 0.0,
        "unique_collisions": 1,
        "solid_lane_crosses": 7,
        "double_solid_lane_crosses": 0
    },
    {
        "game_time": 139.80375456623733,
        "vehicle_location": {
            "x": -77.79002380371094,
            "y": 27.214216232299805,
            "z": -0.15274935960769653
        },
        "vehicle_velocity": {
            "x": -5.336395361155155e-07,
            "y": -2.225086063845083e-05,
            "z": 1.2356303159322124e-05
        },
        "vehicle_throttle": 0.0,
        "unique_collisions": 1,
        "solid_lane_crosses": 7,
        "double_solid_lane_crosses": 0
    },
    {
        "game_time": 140.86739285383373,
        "vehicle_location": {
            "x": -77.79002380371094,
            "y": 27.214216232299805,
            "z": -0.15274891257286072
        },
        "vehicle_velocity": {
            "x": -5.409985988080734e-07,
            "y": -2.520516500226222e-05,
            "z": 0.00031343253795057535
        },
        "vehicle_throttle": 0.0,
        "unique_collisions": 1,
        "solid_lane_crosses": 7,
        "double_solid_lane_crosses": 0
    },
    {
        "game_time": 141.89774405770004,
        "vehicle_location": {
            "x": -77.79386138916016,
            "y": 25.84833526611328,
            "z": -0.16548244655132294
        },
        "vehicle_velocity": {
            "x": -0.008969034068286419,
            "y": -3.14605975151062,
            "z": -0.01262107864022255
        },
        "vehicle_throttle": 0.0,
        "unique_collisions": 1,
        "solid_lane_crosses": 7,
        "double_solid_lane_crosses": 0
    },
    {
        "game_time": 142.95384572446346,
        "vehicle_location": {
            "x": -77.80262756347656,
            "y": 22.728519439697266,
            "z": -0.1789158135652542
        },
        "vehicle_velocity": {
            "x": -0.007839628495275974,
            "y": -2.78303861618042,
            "z": -0.01396658830344677
        },
        "vehicle_throttle": 0.75,
        "unique_collisions": 1,
        "solid_lane_crosses": 7,
        "double_solid_lane_crosses": 0
    },
    {
        "game_time": 143.98400958441198,
        "vehicle_location": {
            "x": -77.81257629394531,
            "y": 19.03585433959961,
            "z": -0.20027156174182892
        },
        "vehicle_velocity": {
            "x": -0.018029537051916122,
            "y": -4.276059627532959,
            "z": -0.032117828726768494
        },
        "vehicle_throttle": 0.0,
        "unique_collisions": 1,
        "solid_lane_crosses": 7,
        "double_solid_lane_crosses": 0
    },
    {
        "game_time": 145.02869585435838,
        "vehicle_location": {
            "x": -78.0540771484375,
            "y": 14.872611045837402,
            "z": -0.22263507544994354
        },
        "vehicle_velocity": {
            "x": -0.9003634452819824,
            "y": -5.590452194213867,
            "z": -0.028167881071567535
        },
        "vehicle_throttle": 0.75,
        "unique_collisions": 1,
        "solid_lane_crosses": 7,
        "double_solid_lane_crosses": 0
    },
    {
        "game_time": 146.0520991384983,
        "vehicle_location": {
            "x": -80.38258361816406,
            "y": 10.068070411682129,
            "z": -0.23526820540428162
        },
        "vehicle_velocity": {
            "x": -4.412601947784424,
            "y": -3.5195465087890625,
            "z": -0.004332180134952068
        },
        "vehicle_throttle": 0.4542522728443146,
        "unique_collisions": 1,
        "solid_lane_crosses": 7,
        "double_solid_lane_crosses": 0
    },
    {
        "game_time": 147.12620183359832,
        "vehicle_location": {
            "x": -85.74638366699219,
            "y": 8.60611343383789,
            "z": -0.23552817106246948
        },
        "vehicle_velocity": {
            "x": -5.293001651763916,
            "y": 1.3324551582336426,
            "z": 0.0021353005431592464
        },
        "vehicle_throttle": 0.0,
        "unique_collisions": 1,
        "solid_lane_crosses": 7,
        "double_solid_lane_crosses": 0
    },
    {
        "game_time": 148.1562679046765,
        "vehicle_location": {
            "x": -90.2987060546875,
            "y": 11.503116607666016,
            "z": -0.22738498449325562
        },
        "vehicle_velocity": {
            "x": -3.7203052043914795,
            "y": 3.343397378921509,
            "z": 0.00745515339076519
        },
        "vehicle_throttle": 0.75,
        "unique_collisions": 1,
        "solid_lane_crosses": 7,
        "double_solid_lane_crosses": 0
    },
    {
        "game_time": 149.2380911698565,
        "vehicle_location": {
            "x": -94.60020446777344,
            "y": 15.493938446044922,
            "z": -0.2249823659658432
        },
        "vehicle_velocity": {
            "x": -4.216158866882324,
            "y": 4.090704441070557,
            "z": -0.0035899446811527014
        },
        "vehicle_throttle": 0.0,
        "unique_collisions": 1,
        "solid_lane_crosses": 7,
        "double_solid_lane_crosses": 0
    },
    {
        "game_time": 150.29659253172576,
        "vehicle_location": {
            "x": -98.73438262939453,
            "y": 19.555294036865234,
            "z": -0.2333609014749527
        },
        "vehicle_velocity": {
            "x": -3.6499722003936768,
            "y": 3.6286299228668213,
            "z": -0.0025287913158535957
        },
        "vehicle_throttle": 0.75,
        "unique_collisions": 1,
        "solid_lane_crosses": 7,
        "double_solid_lane_crosses": 0
    },
    {
        "game_time": 151.2966316146776,
        "vehicle_location": {
            "x": -102.54928588867188,
            "y": 23.376062393188477,
            "z": -0.23802290856838226
        },
        "vehicle_velocity": {
            "x": -4.066586971282959,
            "y": 4.082790374755859,
            "z": 0.0006987094529904425
        },
        "vehicle_throttle": 0.13499657809734344,
        "unique_collisions": 1,
        "solid_lane_crosses": 7,
        "double_solid_lane_crosses": 0
    },
    {
        "game_time": 152.29768065921962,
        "vehicle_location": {
            "x": -106.42790985107422,
            "y": 27.2833251953125,
            "z": -0.2373725026845932
        },
        "vehicle_velocity": {
            "x": -3.789091110229492,
            "y": 3.823850631713867,
            "z": -2.9630660719703883e-05
        },
        "vehicle_throttle": 0.0,
        "unique_collisions": 1,
        "solid_lane_crosses": 7,
        "double_solid_lane_crosses": 0
    },
    {
        "game_time": 153.3120518187061,
        "vehicle_location": {
            "x": -110.23490142822266,
            "y": 31.12699317932129,
            "z": -0.23714317381381989
        },
        "vehicle_velocity": {
            "x": -3.745520830154419,
            "y": 3.783276081085205,
            "z": -3.1266212317859754e-05
        },
        "vehicle_throttle": 0.75,
        "unique_collisions": 1,
        "solid_lane_crosses": 7,
        "double_solid_lane_crosses": 0
    },
    {
        "game_time": 154.386805344373,
        "vehicle_location": {
            "x": -114.38255310058594,
            "y": 35.31892395019531,
            "z": -0.23707984387874603
        },
        "vehicle_velocity": {
            "x": -3.648216485977173,
            "y": 3.6879522800445557,
            "z": 2.527236802052357e-07
        },
        "vehicle_throttle": 0.6310623288154602,
        "unique_collisions": 1,
        "solid_lane_crosses": 7,
        "double_solid_lane_crosses": 0
    },
    {
        "game_time": 155.43555050808936,
        "vehicle_location": {
            "x": -118.36625671386719,
            "y": 39.34679412841797,
            "z": -0.2381925880908966
        },
        "vehicle_velocity": {
            "x": -4.127223014831543,
            "y": 4.173335075378418,
            "z": -4.210472070553806e-06
        },
        "vehicle_throttle": 0.0,
        "unique_collisions": 1,
        "solid_lane_crosses": 7,
        "double_solid_lane_crosses": 0
    },
    {
        "game_time": 156.47935890685767,
        "vehicle_location": {
            "x": -122.37525177001953,
            "y": 43.400848388671875,
            "z": -0.23694750666618347
        },
        "vehicle_velocity": {
            "x": -3.6196444034576416,
            "y": 3.6604232788085938,
            "z": -5.107402830617502e-05
        },
        "vehicle_throttle": 0.75,
        "unique_collisions": 1,
        "solid_lane_crosses": 7,
        "double_solid_lane_crosses": 0
    },
    {
        "game_time": 157.50405339337885,
        "vehicle_location": {
            "x": -126.21698760986328,
            "y": 47.258182525634766,
            "z": -0.23776832222938538
        },
        "vehicle_velocity": {
            "x": -3.9068965911865234,
            "y": 3.8828818798065186,
            "z": 0.0002544689050409943
        },
        "vehicle_throttle": 0.75,
        "unique_collisions": 1,
        "solid_lane_crosses": 7,
        "double_solid_lane_crosses": 0
    },
    {
        "game_time": 158.578720821999,
        "vehicle_location": {
            "x": -130.47097778320312,
            "y": 51.405086517333984,
            "z": -0.2371079921722412
        },
        "vehicle_velocity": {
            "x": -3.7410190105438232,
            "y": 3.639108419418335,
            "z": 4.95910626341356e-06
        },
        "vehicle_throttle": 0.30709460377693176,
        "unique_collisions": 1,
        "solid_lane_crosses": 7,
        "double_solid_lane_crosses": 0
    }
]