[
    {
        "game_time": 7.474162029568106,
        "vehicle_location": {
            "x": -143.05841064453125,
            "y": -89.77197265625,
            "z": -0.21550704538822174
        },
        "vehicle_velocity": {
            "x": 2.326690196990967,
            "y": -1.3189116716384888,
            "z": 0.11787831783294678
        },
        "vehicle_throttle": 0.75,
        "unique_collisions": 0,
        "solid_lane_crosses": 0,
        "double_solid_lane_crosses": 0
    },
    {
        "game_time": 8.537533259484917,
        "vehicle_location": {
            "x": -141.93812561035156,
            "y": -90.51876831054688,
            "z": -0.23334170877933502
        },
        "vehicle_velocity": {
            "x": 0.8611161708831787,
            "y": -0.932826817035675,
            "z": -0.062400396913290024
        },
        "vehicle_throttle": 0.75,
        "unique_collisions": 2,
        "solid_lane_crosses": 0,
        "double_solid_lane_crosses": 0
    },
    {
        "game_time": 9.591458773706108,
        "vehicle_location": {
            "x": -139.90585327148438,
            "y": -92.5677719116211,
            "z": -0.22623062133789062
        },
        "vehicle_velocity": {
            "x": 1.958006501197815,
            "y": -2.750779867172241,
            "z": 0.14974136650562286
        },
        "vehicle_throttle": 0.75,
        "unique_collisions": 2,
        "solid_lane_crosses": 0,
        "double_solid_lane_crosses": 0
    },
    {
        "game_time": 10.652489101979882,
        "vehicle_location": {
            "x": -137.12518310546875,
            "y": -95.20955657958984,
            "z": -0.1987597942352295
        },
        "vehicle_velocity": {
            "x": 1.9435352087020874,
            "y": -0.6896728277206421,
            "z": 0.20567893981933594
        },
        "vehicle_throttle": 0.0,
        "unique_collisions": 2,
        "solid_lane_crosses": 1,
        "double_solid_lane_crosses": 0
    },
    {
        "game_time": 11.667779073584825,
        "vehicle_location": {
            "x": -136.7431640625,
            "y": -95.36621856689453,
            "z": -0.2369752824306488
        },
        "vehicle_velocity": {
            "x": 0.000282496795989573,
            "y": -5.235572825768031e-05,
            "z": 0.011957020498812199
        },
        "vehicle_throttle": 0.0,
        "unique_collisions": 2,
        "solid_lane_crosses": 1,
        "double_solid_lane_crosses": 0
    },
    {
        "game_time": 12.711123547051102,
        "vehicle_location": {
            "x": -136.72470092773438,
            "y": -95.37281799316406,
            "z": -0.23779632151126862
        },
        "vehicle_velocity": {
            "x": 0.3482183516025543,
            "y": -0.10856404900550842,
            "z": 0.00020979404507670552
        },
        "vehicle_throttle": 0.75,
        "unique_collisions": 2,
        "solid_lane_crosses": 1,
        "double_solid_lane_crosses": 0
    },
    {
        "game_time": 13.735294607002288,
        "vehicle_location": {
            "x": -134.9049835205078,
            "y": -96.01375579833984,
            "z": -0.23838989436626434
        },
        "vehicle_velocity": {
            "x": 2.7893714904785156,
            "y": -0.6701222658157349,
            "z": -0.00042407988803461194
        },
        "vehicle_throttle": 0.0,
        "unique_collisions": 2,
        "solid_lane_crosses": 1,
        "double_solid_lane_crosses": 0
    },
    {
        "game_time": 14.805216808337718,
        "vehicle_location": {
            "x": -131.89752197265625,
            "y": -96.68888092041016,
            "z": -0.2361007183790207
        },
        "vehicle_velocity": {
            "x": 2.112029790878296,
            "y": -0.25722581148147583,
            "z": -0.00010457992175361142
        },
        "vehicle_throttle": 0.0,
        "unique_collisions": 2,
        "solid_lane_crosses": 1,
        "double_solid_lane_crosses": 0
    },
    {
        "game_time": 15.91302508348599,
        "vehicle_location": {
            "x": -128.61155700683594,
            "y": -97.11075592041016,
            "z": -0.23642902076244354
        },
        "vehicle_velocity": {
            "x": 3.0085673332214355,
            "y": -0.31537389755249023,
            "z": -0.0001111316669266671
        },
        "vehicle_throttle": 0.75,
        "unique_collisions": 2,
        "solid_lane_crosses": 2,
        "double_solid_lane_crosses": 0
    },
    {
        "game_time": 16.984626083169132,
        "vehicle_location": {
            "x": -125.07454681396484,
            "y": -97.41182708740234,
            "z": -0.23744510114192963
        },
        "vehicle_velocity": {
            "x": 2.905704975128174,
            "y": -0.21294941008090973,
            "z": 0.00017240524175576866
        },
        "vehicle_throttle": 0.75,
        "unique_collisions": 2,
        "solid_lane_crosses": 2,
        "double_solid_lane_crosses": 0
    },
    {
        "game_time": 18.01750696124509,
        "vehicle_location": {
            "x": -122.04835510253906,
            "y": -97.6243667602539,
            "z": -0.236692875623703
        },
        "vehicle_velocity": {
            "x": 1.590192198753357,
            "y": -0.10515813529491425,
            "z": 0.0003592920256778598
        },
        "vehicle_throttle": 0.75,
        "unique_collisions": 2,
        "solid_lane_crosses": 2,
        "double_solid_lane_crosses": 0
    },
    {
        "game_time": 19.026575938332826,
        "vehicle_location": {
            "x": -120.76165008544922,
            "y": -97.70358276367188,
            "z": -0.2379269301891327
        },
        "vehicle_velocity": {
            "x": 0.5733404755592346,
            "y": -0.03483942523598671,
            "z": -8.738040924072266e-05
        },
        "vehicle_throttle": 0.0,
        "unique_collisions": 2,
        "solid_lane_crosses": 2,
        "double_solid_lane_crosses": 0
    },
    {
        "game_time": 20.042540535796434,
        "vehicle_location": {
            "x": -120.33250427246094,
            "y": -97.730224609375,
            "z": -0.23774081468582153
        },
        "vehicle_velocity": {
            "x": 0.5511531233787537,
            "y": -0.033753808587789536,
            "z": 3.069877493544482e-05
        },
        "vehicle_throttle": 0.0,
        "unique_collisions": 2,
        "solid_lane_crosses": 2,
        "double_solid_lane_crosses": 0
    },
    {
        "game_time": 21.04422498913482,
        "vehicle_location": {
            "x": -120.28433990478516,
            "y": -97.73319244384766,
            "z": -0.2375994771718979
        },
        "vehicle_velocity": {
            "x": 1.868258777903975e-06,
            "y": -9.61094102081006e-08,
            "z": -0.0009532356052659452
        },
        "vehicle_throttle": 0.0,
        "unique_collisions": 2,
        "solid_lane_crosses": 2,
        "double_solid_lane_crosses": 0
    },
    {
        "game_time": 22.057499748189002,
        "vehicle_location": {
            "x": -120.28433990478516,
            "y": -97.73319244384766,
            "z": -0.2375810146331787
        },
        "vehicle_velocity": {
            "x": 2.5938911463185832e-08,
            "y": 4.7577533024423246e-08,
            "z": -4.6820638090139255e-05
        },
        "vehicle_throttle": 0.0,
        "unique_collisions": 2,
        "solid_lane_crosses": 2,
        "double_solid_lane_crosses": 0
    },
    {
        "game_time": 23.098583205137402,
        "vehicle_location": {
            "x": -120.28433990478516,
            "y": -97.73319244384766,
            "z": -0.23758292198181152
        },
        "vehicle_velocity": {
            "x": -1.0188053733983793e-09,
            "y": -1.8949330993223157e-09,
            "z": -9.240150393452495e-05
        },
        "vehicle_throttle": 0.0,
        "unique_collisions": 2,
        "solid_lane_crosses": 2,
        "double_solid_lane_crosses": 0
    },
    {
        "game_time": 24.160544604528695,
        "vehicle_location": {
            "x": -120.28433990478516,
            "y": -97.73319244384766,
            "z": -0.23757942020893097
        },
        "vehicle_velocity": {
            "x": 1.6299528837748767e-08,
            "y": -1.6938606961502956e-08,
            "z": 0.0001651239290367812
        },
        "vehicle_throttle": 0.0,
        "unique_collisions": 2,
        "solid_lane_crosses": 2,
        "double_solid_lane_crosses": 0
    },
    {
        "game_time": 25.223325288388878,
        "vehicle_location": {
            "x": -119.59197235107422,
            "y": -97.77632904052734,
            "z": -0.23870711028575897
        },
        "vehicle_velocity": {
            "x": 1.547192931175232,
            "y": -0.09560766816139221,
            "z": 0.00031146049150265753
        },
        "vehicle_throttle": 0.75,
        "unique_collisions": 2,
        "solid_lane_crosses": 2,
        "double_solid_lane_crosses": 0
    },
    {
        "game_time": 26.24000470014289,
        "vehicle_location": {
            "x": -115.94705200195312,
            "y": -97.95752716064453,
            "z": -0.2384791076183319
        },
        "vehicle_velocity": {
            "x": 5.198718070983887,
            "y": -0.157996267080307,
            "z": 0.0014620971633121371
        },
        "vehicle_throttle": 0.75,
        "unique_collisions": 2,
        "solid_lane_crosses": 2,
        "double_solid_lane_crosses": 0
    },
    {
        "game_time": 27.25946992309764,
        "vehicle_location": {
            "x": -110.41532135009766,
            "y": -97.4927978515625,
            "z": -0.23826690018177032
        },
        "vehicle_velocity": {
            "x": 5.655617713928223,
            "y": 1.6297509670257568,
            "z": 4.2614934500306845e-05
        },
        "vehicle_throttle": 0.0,
        "unique_collisions": 2,
        "solid_lane_crosses": 2,
        "double_solid_lane_crosses": 0
    },
    {
        "game_time": 28.287052151281387,
        "vehicle_location": {
            "x": -105.70742797851562,
            "y": -94.72783660888672,
            "z": -0.23567843437194824
        },
        "vehicle_velocity": {
            "x": 3.6461427211761475,
            "y": 4.516254901885986,
            "z": -0.00167138094548136
        },
        "vehicle_throttle": 0.0,
        "unique_collisions": 2,
        "solid_lane_crosses": 3,
        "double_solid_lane_crosses": 0
    },
    {
        "game_time": 29.335312862414867,
        "vehicle_location": {
            "x": -103.68251037597656,
            "y": -89.51531219482422,
            "z": -0.258493572473526
        },
        "vehicle_velocity": {
            "x": 0.9671209454536438,
            "y": 5.143728733062744,
            "z": 0.10201268643140793
        },
        "vehicle_throttle": 0.11411218345165253,
        "unique_collisions": 2,
        "solid_lane_crosses": 3,
        "double_solid_lane_crosses": 0
    },
    {
        "game_time": 30.338200046215206,
        "vehicle_location": {
            "x": -102.89356231689453,
            "y": -84.45413970947266,
            "z": -0.2364662140607834
        },
        "vehicle_velocity": {
            "x": 0.3432373106479645,
            "y": 3.614838123321533,
            "z": 0.0024991987738758326
        },
        "vehicle_throttle": 0.0,
        "unique_collisions": 2,
        "solid_lane_crosses": 3,
        "double_solid_lane_crosses": 0
    },
    {
        "game_time": 31.37824994372204,
        "vehicle_location": {
            "x": -102.78900146484375,
            "y": -83.36962890625,
            "z": -0.23768649995326996
        },
        "vehicle_velocity": {
            "x": -1.3241442502476275e-06,
            "y": -0.000207525139558129,
            "z": 0.00015726566198281944
        },
        "vehicle_throttle": 0.0,
        "unique_collisions": 2,
        "solid_lane_crosses": 3,
        "double_solid_lane_crosses": 0
    },
    {
        "game_time": 32.38830387080088,
        "vehicle_location": {
            "x": -102.78900909423828,
            "y": -83.36984252929688,
            "z": -0.23757213354110718
        },
        "vehicle_velocity": {
            "x": 0.0,
            "y": 0.0,
            "z": 0.0
        },
        "vehicle_throttle": 0.0,
        "unique_collisions": 2,
        "solid_lane_crosses": 3,
        "double_solid_lane_crosses": 0
    },
    {
        "game_time": 33.39772906573489,
        "vehicle_location": {
            "x": -102.78900909423828,
            "y": -83.36984252929688,
            "z": -0.23751144111156464
        },
        "vehicle_velocity": {
            "x": 2.966173262564098e-08,
            "y": -6.727918777649222e-10,
            "z": 0.00043802260188385844
        },
        "vehicle_throttle": 0.0,
        "unique_collisions": 2,
        "solid_lane_crosses": 3,
        "double_solid_lane_crosses": 0
    },
    {
        "game_time": 34.49080787645653,
        "vehicle_location": {
            "x": -102.78900909423828,
            "y": -83.36984252929688,
            "z": -0.23759856820106506
        },
        "vehicle_velocity": {
            "x": 5.370072830856998e-09,
            "y": -1.73811715020733e-10,
            "z": -0.00013298988051246852
        },
        "vehicle_throttle": 0.0,
        "unique_collisions": 2,
        "solid_lane_crosses": 3,
        "double_solid_lane_crosses": 0
    },
    {
        "game_time": 35.50665920646861,
        "vehicle_location": {
            "x": -102.78900909423828,
            "y": -83.36984252929688,
            "z": -0.23758529126644135
        },
        "vehicle_velocity": {
            "x": 2.3647723779163243e-08,
            "y": 7.774900723234168e-10,
            "z": 0.0003765964356716722
        },
        "vehicle_throttle": 0.0,
        "unique_collisions": 2,
        "solid_lane_crosses": 3,
        "double_solid_lane_crosses": 0
    },
    {
        "game_time": 36.549377302173525,
        "vehicle_location": {
            "x": -102.78749084472656,
            "y": -83.35186004638672,
            "z": -0.23783354461193085
        },
        "vehicle_velocity": {
            "x": 0.027863819152116776,
            "y": 0.35067832469940186,
            "z": 0.00048431873437948525
        },
        "vehicle_throttle": 0.75,
        "unique_collisions": 2,
        "solid_lane_crosses": 3,
        "double_solid_lane_crosses": 0
    },
    {
        "game_time": 37.63476539449766,
        "vehicle_location": {
            "x": -102.59442138671875,
            "y": -80.61687469482422,
            "z": -0.2362496554851532
        },
        "vehicle_velocity": {
            "x": 0.12838226556777954,
            "y": 2.3981692790985107,
            "z": -5.316734313964844e-05
        },
        "vehicle_throttle": 0.0,
        "unique_collisions": 2,
        "solid_lane_crosses": 4,
        "double_solid_lane_crosses": 0
    },
    {
        "game_time": 38.6385250412859,
        "vehicle_location": {
            "x": -102.50595092773438,
            "y": -78.2403793334961,
            "z": -0.23691295087337494
        },
        "vehicle_velocity": {
            "x": -0.03569512441754341,
            "y": 2.5414717197418213,
            "z": 0.0001655387895880267
        },
        "vehicle_throttle": 0.75,
        "unique_collisions": 2,
        "solid_lane_crosses": 4,
        "double_solid_lane_crosses": 0
    },
    {
        "game_time": 39.71148433210328,
        "vehicle_location": {
            "x": -102.4208755493164,
            "y": -74.22599792480469,
            "z": -0.23582980036735535
        },
        "vehicle_velocity": {
            "x": 0.0841546431183815,
            "y": 2.5265004634857178,
            "z": -0.0005780791980214417
        },
        "vehicle_throttle": 0.75,
        "unique_collisions": 2,
        "solid_lane_crosses": 4,
        "double_solid_lane_crosses": 0
    },
    {
        "game_time": 40.75726721296087,
        "vehicle_location": {
            "x": -102.15880584716797,
            "y": -70.78096771240234,
            "z": -0.23878012597560883
        },
        "vehicle_velocity": {
            "x": 0.9483950734138489,
            "y": 4.602535724639893,
            "z": 0.0004779243317898363
        },
        "vehicle_throttle": 0.75,
        "unique_collisions": 2,
        "solid_lane_crosses": 4,
        "double_solid_lane_crosses": 0
    },
    {
        "game_time": 41.81197806680575,
        "vehicle_location": {
            "x": -99.93667602539062,
            "y": -65.9029769897461,
            "z": -0.2379997968673706
        },
        "vehicle_velocity": {
            "x": 3.4652929306030273,
            "y": 3.8509891033172607,
            "z": 0.0020399284549057484
        },
        "vehicle_throttle": 0.75,
        "unique_collisions": 2,
        "solid_lane_crosses": 4,
        "double_solid_lane_crosses": 0
    },
    {
        "game_time": 42.860523383598775,
        "vehicle_location": {
            "x": -95.95084381103516,
            "y": -63.56564712524414,
            "z": -0.23686949908733368
        },
        "vehicle_velocity": {
            "x": 3.4120378494262695,
            "y": 1.2220938205718994,
            "z": -8.141517173498869e-05
        },
        "vehicle_throttle": 0.0,
        "unique_collisions": 2,
        "solid_lane_crosses": 4,
        "double_solid_lane_crosses": 0
    },
    {
        "game_time": 43.89288346609101,
        "vehicle_location": {
            "x": -92.27854919433594,
            "y": -62.634613037109375,
            "z": -0.23825301229953766
        },
        "vehicle_velocity": {
            "x": 5.024285316467285,
            "y": 0.6041548848152161,
            "z": 0.0007050609565339983
        },
        "vehicle_throttle": 0.0,
        "unique_collisions": 2,
        "solid_lane_crosses": 4,
        "double_solid_lane_crosses": 0
    },
    {
        "game_time": 44.9175218208693,
        "vehicle_location": {
            "x": -89.41085052490234,
            "y": -62.31224060058594,
            "z": -0.23688869178295135
        },
        "vehicle_velocity": {
            "x": 1.3218797445297241,
            "y": 0.08121716231107712,
            "z": -0.0002994441892951727
        },
        "vehicle_throttle": 0.75,
        "unique_collisions": 2,
        "solid_lane_crosses": 4,
        "double_solid_lane_crosses": 0
    },
    {
        "game_time": 45.939728864934295,
        "vehicle_location": {
            "x": -86.8331298828125,
            "y": -62.16267776489258,
            "z": -0.23847529292106628
        },
        "vehicle_velocity": {
            "x": 3.372551441192627,
            "y": 0.14664794504642487,
            "z": 0.00061513896798715
        },
        "vehicle_throttle": 0.75,
        "unique_collisions": 2,
        "solid_lane_crosses": 4,
        "double_solid_lane_crosses": 0
    },
    {
        "game_time": 47.033045233692974,
        "vehicle_location": {
            "x": -82.94522094726562,
            "y": -62.074462890625,
            "z": -0.23852375149726868
        },
        "vehicle_velocity": {
            "x": 4.010806560516357,
            "y": -0.032235149294137955,
            "z": 0.00017775535525288433
        },
        "vehicle_throttle": 0.0,
        "unique_collisions": 2,
        "solid_lane_crosses": 4,
        "double_solid_lane_crosses": 0
    },
    {
        "game_time": 48.102134191896766,
        "vehicle_location": {
            "x": -78.7200698852539,
            "y": -62.05398178100586,
            "z": -0.2364596128463745
        },
        "vehicle_velocity": {
            "x": 3.538712739944458,
            "y": -0.007419403642416,
            "z": -0.00016619681264273822
        },
        "vehicle_throttle": 0.0,
        "unique_collisions": 2,
        "solid_lane_crosses": 4,
        "double_solid_lane_crosses": 0
    },
    {
        "game_time": 49.17478522611782,
        "vehicle_location": {
            "x": -74.72876739501953,
            "y": -62.06266784667969,
            "z": -0.23677809536457062
        },
        "vehicle_velocity": {
            "x": 3.481109619140625,
            "y": -0.012764977291226387,
            "z": -0.00019707679166458547
        },
        "vehicle_throttle": 0.75,
        "unique_collisions": 2,
        "solid_lane_crosses": 4,
        "double_solid_lane_crosses": 0
    },
    {
        "game_time": 50.19647700479254,
        "vehicle_location": {
            "x": -71.04841613769531,
            "y": -62.08513641357422,
            "z": -0.23859325051307678
        },
        "vehicle_velocity": {
            "x": 3.9378249645233154,
            "y": -0.025550520047545433,
            "z": -0.00022820472077000886
        },
        "vehicle_throttle": 0.75,
        "unique_collisions": 2,
        "solid_lane_crosses": 4,
        "double_solid_lane_crosses": 0
    },
    {
        "game_time": 51.21859494736418,
        "vehicle_location": {
            "x": -66.76620483398438,
            "y": -62.11802291870117,
            "z": -0.23841826617717743
        },
        "vehicle_velocity": {
            "x": 4.312516212463379,
            "y": -0.03905812278389931,
            "z": -0.0004924488021060824
        },
        "vehicle_throttle": 0.0,
        "unique_collisions": 2,
        "solid_lane_crosses": 4,
        "double_solid_lane_crosses": 0
    },
    {
        "game_time": 52.24683792376891,
        "vehicle_location": {
            "x": -62.7600212097168,
            "y": -62.15188980102539,
            "z": -0.23648566007614136
        },
        "vehicle_velocity": {
            "x": 3.2074825763702393,
            "y": -0.027545733377337456,
            "z": -0.00017070770263671875
        },
        "vehicle_throttle": 0.75,
        "unique_collisions": 2,
        "solid_lane_crosses": 4,
        "double_solid_lane_crosses": 0
    },
    {
        "game_time": 53.32393111055717,
        "vehicle_location": {
            "x": -58.43557357788086,
            "y": -62.19044876098633,
            "z": -0.2380422204732895
        },
        "vehicle_velocity": {
            "x": 4.226124286651611,
            "y": -0.038217172026634216,
            "z": -0.0006149005494080484
        },
        "vehicle_throttle": 0.0,
        "unique_collisions": 2,
        "solid_lane_crosses": 4,
        "double_solid_lane_crosses": 0
    },
    {
        "game_time": 54.33688570326194,
        "vehicle_location": {
            "x": -54.56298828125,
            "y": -62.22562026977539,
            "z": -0.2374701201915741
        },
        "vehicle_velocity": {
            "x": 3.9543139934539795,
            "y": -0.036124154925346375,
            "z": 0.000173864362295717
        },
        "vehicle_throttle": 0.0,
        "unique_collisions": 2,
        "solid_lane_crosses": 4,
        "double_solid_lane_crosses": 0
    },
    {
        "game_time": 55.35989415599033,
        "vehicle_location": {
            "x": -50.72471237182617,
            "y": -62.26082992553711,
            "z": -0.23734290897846222
        },
        "vehicle_velocity": {
            "x": 3.5849688053131104,
            "y": -0.03321286290884018,
            "z": 0.00032761573675088584
        },
        "vehicle_throttle": 0.75,
        "unique_collisions": 2,
        "solid_lane_crosses": 4,
        "double_solid_lane_crosses": 0
    },
    {
        "game_time": 56.36469475226477,
        "vehicle_location": {
            "x": -46.75326156616211,
            "y": -62.29745101928711,
            "z": -0.23816928267478943
        },
        "vehicle_velocity": {
            "x": 4.0242743492126465,
            "y": -0.037282731384038925,
            "z": -0.0010332107776775956
        },
        "vehicle_throttle": 0.75,
        "unique_collisions": 2,
        "solid_lane_crosses": 4,
        "double_solid_lane_crosses": 0
    },
    {
        "game_time": 57.389872120227665,
        "vehicle_location": {
            "x": -42.6024169921875,
            "y": -62.335819244384766,
            "z": -0.23864954710006714
        },
        "vehicle_velocity": {
            "x": 4.411792755126953,
            "y": -0.04088576138019562,
            "z": 0.00018507956701796502
        },
        "vehicle_throttle": 0.75,
        "unique_collisions": 2,
        "solid_lane_crosses": 4,
        "double_solid_lane_crosses": 0
    },
    {
        "game_time": 58.41832876810804,
        "vehicle_location": {
            "x": -38.3197021484375,
            "y": -62.3754768371582,
            "z": -0.23712757229804993
        },
        "vehicle_velocity": {
            "x": 3.688647747039795,
            "y": -0.03415745869278908,
            "z": 0.00018021583673544228
        },
        "vehicle_throttle": 0.75,
        "unique_collisions": 2,
        "solid_lane_crosses": 4,
        "double_solid_lane_crosses": 0
    },
    {
        "game_time": 59.44422033941373,
        "vehicle_location": {
            "x": -34.36388397216797,
            "y": -62.412132263183594,
            "z": -0.23802471160888672
        },
        "vehicle_velocity": {
            "x": 4.074605464935303,
            "y": -0.03774486109614372,
            "z": -0.00010013580322265625
        },
        "vehicle_throttle": 0.75,
        "unique_collisions": 2,
        "solid_lane_crosses": 4,
        "double_solid_lane_crosses": 0
    },
    {
        "game_time": 60.48727585701272,
        "vehicle_location": {
            "x": -30.694122314453125,
            "y": -62.446136474609375,
            "z": -0.23718981444835663
        },
        "vehicle_velocity": {
            "x": 2.885113477706909,
            "y": -0.026734312996268272,
            "z": 7.20739335520193e-05
        },
        "vehicle_throttle": 0.0,
        "unique_collisions": 2,
        "solid_lane_crosses": 4,
        "double_solid_lane_crosses": 0
    },
    {
        "game_time": 61.51611864613369,
        "vehicle_location": {
            "x": -28.897789001464844,
            "y": -62.46278762817383,
            "z": -0.23757857084274292
        },
        "vehicle_velocity": {
            "x": 1.0646517276763916,
            "y": -0.009867552667856216,
            "z": 0.00041238783160224557
        },
        "vehicle_throttle": 0.0,
        "unique_collisions": 2,
        "solid_lane_crosses": 4,
        "double_solid_lane_crosses": 0
    },
    {
        "game_time": 62.53733103489503,
        "vehicle_location": {
            "x": -27.694042205810547,
            "y": -62.47393035888672,
            "z": -0.23724600672721863
        },
        "vehicle_velocity": {
            "x": 1.168129563331604,
            "y": -0.010830791667103767,
            "z": -0.0003378915716893971
        },
        "vehicle_throttle": 0.75,
        "unique_collisions": 2,
        "solid_lane_crosses": 4,
        "double_solid_lane_crosses": 0
    },
    {
        "game_time": 63.589294872712344,
        "vehicle_location": {
            "x": -25.294113159179688,
            "y": -62.496185302734375,
            "z": -0.23733516037464142
        },
        "vehicle_velocity": {
            "x": 2.3242509365081787,
            "y": -0.021540040150284767,
            "z": 0.0002893018536269665
        },
        "vehicle_throttle": 0.0,
        "unique_collisions": 2,
        "solid_lane_crosses": 4,
        "double_solid_lane_crosses": 0
    },
    {
        "game_time": 64.63389690825716,
        "vehicle_location": {
            "x": -23.892621994018555,
            "y": -62.50919723510742,
            "z": -0.2379317432641983
        },
        "vehicle_velocity": {
            "x": 1.0022083520889282,
            "y": -0.009282290004193783,
            "z": -0.00017118453979492188
        },
        "vehicle_throttle": 0.0,
        "unique_collisions": 2,
        "solid_lane_crosses": 4,
        "double_solid_lane_crosses": 0
    },
    {
        "game_time": 65.68514717137441,
        "vehicle_location": {
            "x": -22.50994300842285,
            "y": -62.52199935913086,
            "z": -0.23905982077121735
        },
        "vehicle_velocity": {
            "x": 3.2675089836120605,
            "y": -0.030290991067886353,
            "z": -8.15057719592005e-05
        },
        "vehicle_throttle": 0.75,
        "unique_collisions": 2,
        "solid_lane_crosses": 4,
        "double_solid_lane_crosses": 0
    },
    {
        "game_time": 66.72934039728716,
        "vehicle_location": {
            "x": -18.172481536865234,
            "y": -62.560516357421875,
            "z": -0.2415384203195572
        },
        "vehicle_velocity": {
            "x": 0.02201102115213871,
            "y": 0.008354810066521168,
            "z": 0.0032478426583111286
        },
        "vehicle_throttle": 0.75,
        "unique_collisions": 3,
        "solid_lane_crosses": 4,
        "double_solid_lane_crosses": 0
    },
    {
        "game_time": 67.79350518388674,
        "vehicle_location": {
            "x": -18.094066619873047,
            "y": -62.56003952026367,
            "z": -0.24216368794441223
        },
        "vehicle_velocity": {
            "x": 0.1401410847902298,
            "y": -0.0007267813198268414,
            "z": -0.0038030892610549927
        },
        "vehicle_throttle": 0.75,
        "unique_collisions": 3,
        "solid_lane_crosses": 4,
        "double_solid_lane_crosses": 0
    },
    {
        "game_time": 68.85207194043323,
        "vehicle_location": {
            "x": -16.29334831237793,
            "y": -62.567405700683594,
            "z": -0.24274080991744995
        },
        "vehicle_velocity": {
            "x": 3.49151349067688,
            "y": 0.05470127612352371,
            "z": -0.001259178970940411
        },
        "vehicle_throttle": 0.75,
        "unique_collisions": 3,
        "solid_lane_crosses": 4,
        "double_solid_lane_crosses": 0
    },
    {
        "game_time": 69.9211544697173,
        "vehicle_location": {
            "x": -11.247353553771973,
            "y": -62.10696029663086,
            "z": -0.23791667819023132
        },
        "vehicle_velocity": {
            "x": 4.621140480041504,
            "y": 1.319712519645691,
            "z": -0.006012091413140297
        },
        "vehicle_throttle": 0.0,
        "unique_collisions": 3,
        "solid_lane_crosses": 4,
        "double_solid_lane_crosses": 0
    },
    {
        "game_time": 70.95341572957113,
        "vehicle_location": {
            "x": -8.350946426391602,
            "y": -60.357391357421875,
            "z": -0.23843863606452942
        },
        "vehicle_velocity": {
            "x": 2.3152310848236084,
            "y": 3.22861909866333,
            "z": -0.0003814315714407712
        },
        "vehicle_throttle": 0.75,
        "unique_collisions": 3,
        "solid_lane_crosses": 4,
        "double_solid_lane_crosses": 0
    },
    {
        "game_time": 71.97475044475868,
        "vehicle_location": {
            "x": -6.150418758392334,
            "y": -55.55588912963867,
            "z": -0.23570846021175385
        },
        "vehicle_velocity": {
            "x": 0.8554672598838806,
            "y": 4.796647071838379,
            "z": 0.0009935855632647872
        },
        "vehicle_throttle": 0.75,
        "unique_collisions": 3,
        "solid_lane_crosses": 4,
        "double_solid_lane_crosses": 0
    },
    {
        "game_time": 73.06548445811495,
        "vehicle_location": {
            "x": -5.421740531921387,
            "y": -49.69529342651367,
            "z": -0.23821406066417694
        },
        "vehicle_velocity": {
            "x": 0.24212254583835602,
            "y": 5.793080806732178,
            "z": 6.021022636559792e-05
        },
        "vehicle_throttle": 0.0,
        "unique_collisions": 3,
        "solid_lane_crosses": 4,
        "double_solid_lane_crosses": 0
    },
    {
        "game_time": 74.12239555409178,
        "vehicle_location": {
            "x": -5.238549709320068,
            "y": -44.00399398803711,
            "z": -0.23710601031780243
        },
        "vehicle_velocity": {
            "x": 0.043358564376831055,
            "y": 5.270417213439941,
            "z": 3.0803680601820815e-06
        },
        "vehicle_throttle": 0.75,
        "unique_collisions": 3,
        "solid_lane_crosses": 5,
        "double_solid_lane_crosses": 0
    },
    {
        "game_time": 75.14216254232451,
        "vehicle_location": {
            "x": -5.207484245300293,
            "y": -38.37335968017578,
            "z": -0.23781363666057587
        },
        "vehicle_velocity": {
            "x": -0.013847408816218376,
            "y": 5.59155797958374,
            "z": -2.288818308215923e-07
        },
        "vehicle_throttle": 0.0,
        "unique_collisions": 3,
        "solid_lane_crosses": 5,
        "double_solid_lane_crosses": 0
    },
    {
        "game_time": 76.18922926997766,
        "vehicle_location": {
            "x": -5.224428653717041,
            "y": -32.79008102416992,
            "z": -0.23701529204845428
        },
        "vehicle_velocity": {
            "x": -0.025245539844036102,
            "y": 5.197509765625,
            "z": -1.2569426871777978e-05
        },
        "vehicle_throttle": 0.75,
        "unique_collisions": 3,
        "solid_lane_crosses": 5,
        "double_solid_lane_crosses": 0
    },
    {
        "game_time": 77.24614993995056,
        "vehicle_location": {
            "x": -5.252140998840332,
            "y": -28.242206573486328,
            "z": -0.2361263930797577
        },
        "vehicle_velocity": {
            "x": -0.013024446554481983,
            "y": 1.9839553833007812,
            "z": 0.00029387950780801475
        },
        "vehicle_throttle": 0.75,
        "unique_collisions": 3,
        "solid_lane_crosses": 5,
        "double_solid_lane_crosses": 0
    },
    {
        "game_time": 78.27449214877561,
        "vehicle_location": {
            "x": -5.2621026039123535,
            "y": -26.748069763183594,
            "z": -0.23681357502937317
        },
        "vehicle_velocity": {
            "x": -0.003701609093695879,
            "y": 0.49590373039245605,
            "z": 0.0003166103269904852
        },
        "vehicle_throttle": 0.75,
        "unique_collisions": 3,
        "solid_lane_crosses": 5,
        "double_solid_lane_crosses": 0
    },
    {
        "game_time": 79.28838677657768,
        "vehicle_location": {
            "x": -5.265786170959473,
            "y": -26.235763549804688,
            "z": -0.23701374232769012
        },
        "vehicle_velocity": {
            "x": -1.7083491911762394e-05,
            "y": 0.0011519885156303644,
            "z": 4.333019023761153e-05
        },
        "vehicle_throttle": 0.75,
        "unique_collisions": 3,
        "solid_lane_crosses": 5,
        "double_solid_lane_crosses": 0
    },
    {
        "game_time": 80.30429273145273,
        "vehicle_location": {
            "x": -5.267063617706299,
            "y": -26.057567596435547,
            "z": -0.23735888302326202
        },
        "vehicle_velocity": {
            "x": -4.36805476056179e-06,
            "y": 0.00029596121748909354,
            "z": 0.00010310649668099359
        },
        "vehicle_throttle": 0.75,
        "unique_collisions": 3,
        "solid_lane_crosses": 5,
        "double_solid_lane_crosses": 0
    },
    {
        "game_time": 81.32292256737128,
        "vehicle_location": {
            "x": -5.267635345458984,
            "y": -25.977663040161133,
            "z": -0.23749907314777374
        },
        "vehicle_velocity": {
            "x": 4.409118048442906e-07,
            "y": -3.530610410962254e-05,
            "z": 0.0007913970621302724
        },
        "vehicle_throttle": 0.0,
        "unique_collisions": 3,
        "solid_lane_crosses": 5,
        "double_solid_lane_crosses": 0
    },
    {
        "game_time": 82.32294931588694,
        "vehicle_location": {
            "x": -5.267635822296143,
            "y": -25.97758674621582,
            "z": -0.2375517636537552
        },
        "vehicle_velocity": {
            "x": -2.229023365885041e-08,
            "y": -3.2415840678368113e-07,
            "z": 0.0002653693954925984
        },
        "vehicle_throttle": 0.0,
        "unique_collisions": 3,
        "solid_lane_crosses": 5,
        "double_solid_lane_crosses": 0
    },
    {
        "game_time": 83.32298381021246,
        "vehicle_location": {
            "x": -5.267635822296143,
            "y": -25.97758674621582,
            "z": -0.23760028183460236
        },
        "vehicle_velocity": {
            "x": 2.077277727607907e-08,
            "y": -2.9808151502663804e-09,
            "z": 0.00019716739188879728
        },
        "vehicle_throttle": 0.0,
        "unique_collisions": 3,
        "solid_lane_crosses": 5,
        "double_solid_lane_crosses": 0
    },
    {
        "game_time": 84.38391338149086,
        "vehicle_location": {
            "x": -5.267635822296143,
            "y": -25.97758674621582,
            "z": -0.23762103915214539
        },
        "vehicle_velocity": {
            "x": 1.0629400470918426e-08,
            "y": 1.2906368682119584e-11,
            "z": 0.0005762147484347224
        },
        "vehicle_throttle": 0.0,
        "unique_collisions": 3,
        "solid_lane_crosses": 5,
        "double_solid_lane_crosses": 0
    },
    {
        "game_time": 85.41251746146008,
        "vehicle_location": {
            "x": -5.267635822296143,
            "y": -25.97758674621582,
            "z": -0.2375660240650177
        },
        "vehicle_velocity": {
            "x": 0.0,
            "y": 0.0,
            "z": 0.0
        },
        "vehicle_throttle": 0.0,
        "unique_collisions": 3,
        "solid_lane_crosses": 5,
        "double_solid_lane_crosses": 0
    },
    {
        "game_time": 86.41439811093733,
        "vehicle_location": {
            "x": -5.267635822296143,
            "y": -25.97758674621582,
            "z": -0.23752325773239136
        },
        "vehicle_velocity": {
            "x": 1.038489205740234e-08,
            "y": -1.3645206742296523e-08,
            "z": 0.00046188829583115876
        },
        "vehicle_throttle": 0.0,
        "unique_collisions": 3,
        "solid_lane_crosses": 5,
        "double_solid_lane_crosses": 0
    },
    {
        "game_time": 87.43284654105082,
        "vehicle_location": {
            "x": -5.267635822296143,
            "y": -25.97758674621582,
            "z": -0.23755663633346558
        },
        "vehicle_velocity": {
            "x": 1.1421830592439619e-08,
            "y": -1.8711816540673e-09,
            "z": 0.0005213117692619562
        },
        "vehicle_throttle": 0.0,
        "unique_collisions": 3,
        "solid_lane_crosses": 5,
        "double_solid_lane_crosses": 0
    },
    {
        "game_time": 88.48679817793891,
        "vehicle_location": {
            "x": -5.267635822296143,
            "y": -25.97758674621582,
            "z": -0.23757120966911316
        },
        "vehicle_velocity": {
            "x": -5.123961255293352e-09,
            "y": -7.3780177523019574e-09,
            "z": 0.00021708011627197266
        },
        "vehicle_throttle": 0.0,
        "unique_collisions": 3,
        "solid_lane_crosses": 5,
        "double_solid_lane_crosses": 0
    },
    {
        "game_time": 89.54997950280085,
        "vehicle_location": {
            "x": -5.267635822296143,
            "y": -25.97758674621582,
            "z": -0.23754259943962097
        },
        "vehicle_velocity": {
            "x": 1.312584596568911e-09,
            "y": 2.5936969905160367e-08,
            "z": 5.4736137826694176e-05
        },
        "vehicle_throttle": 0.0,
        "unique_collisions": 3,
        "solid_lane_crosses": 5,
        "double_solid_lane_crosses": 0
    },
    {
        "game_time": 90.61464200122282,
        "vehicle_location": {
            "x": -5.267635822296143,
            "y": -25.97758674621582,
            "z": -0.2375340610742569
        },
        "vehicle_velocity": {
            "x": 1.81916224306633e-08,
            "y": 2.261773268674716e-10,
            "z": 0.00028263567946851254
        },
        "vehicle_throttle": 0.0,
        "unique_collisions": 3,
        "solid_lane_crosses": 5,
        "double_solid_lane_crosses": 0
    },
    {
        "game_time": 91.65840601315722,
        "vehicle_location": {
            "x": -5.267635822296143,
            "y": -25.97758674621582,
            "z": -0.23757770657539368
        },
        "vehicle_velocity": {
            "x": -1.166762952919953e-08,
            "y": -9.258483979479593e-10,
            "z": -0.00013316153490450233
        },
        "vehicle_throttle": 0.0,
        "unique_collisions": 3,
        "solid_lane_crosses": 5,
        "double_solid_lane_crosses": 0
    },
    {
        "game_time": 92.66483257943764,
        "vehicle_location": {
            "x": -5.267635822296143,
            "y": -25.97758674621582,
            "z": -0.23753470182418823
        },
        "vehicle_velocity": {
            "x": 1.8836500359498132e-08,
            "y": 1.1832147761570155e-10,
            "z": 0.00033444404834881425
        },
        "vehicle_throttle": 0.0,
        "unique_collisions": 3,
        "solid_lane_crosses": 5,
        "double_solid_lane_crosses": 0
    },
    {
        "game_time": 93.700749814976,
        "vehicle_location": {
            "x": -5.267635822296143,
            "y": -25.97758674621582,
            "z": -0.2375507652759552
        },
        "vehicle_velocity": {
            "x": 4.658163632598189e-09,
            "y": 1.9958257269081514e-09,
            "z": 7.275104144355282e-05
        },
        "vehicle_throttle": 0.0,
        "unique_collisions": 3,
        "solid_lane_crosses": 5,
        "double_solid_lane_crosses": 0
    },
    {
        "game_time": 94.77548724366352,
        "vehicle_location": {
            "x": -5.267635822296143,
            "y": -25.97758674621582,
            "z": -0.2375684231519699
        },
        "vehicle_velocity": {
            "x": 2.0725273941479827e-08,
            "y": -3.568839113121669e-10,
            "z": 0.00017470835882704705
        },
        "vehicle_throttle": 0.0,
        "unique_collisions": 3,
        "solid_lane_crosses": 5,
        "double_solid_lane_crosses": 0
    },
    {
        "game_time": 95.81177889509127,
        "vehicle_location": {
            "x": -5.267635822296143,
            "y": -25.97758674621582,
            "z": -0.2375458925962448
        },
        "vehicle_velocity": {
            "x": 5.3735387695041936e-08,
            "y": -1.552385026082348e-10,
            "z": -8.861541573423892e-05
        },
        "vehicle_throttle": 0.0,
        "unique_collisions": 3,
        "solid_lane_crosses": 5,
        "double_solid_lane_crosses": 0
    },
    {
        "game_time": 96.8616150370799,
        "vehicle_location": {
            "x": -5.267635822296143,
            "y": -25.97758674621582,
            "z": -0.2375437170267105
        },
        "vehicle_velocity": {
            "x": -4.403861098012385e-08,
            "y": -2.2090387297168945e-09,
            "z": 0.0003108596720267087
        },
        "vehicle_throttle": 0.0,
        "unique_collisions": 3,
        "solid_lane_crosses": 5,
        "double_solid_lane_crosses": 0
    },
    {
        "game_time": 97.86543388990685,
        "vehicle_location": {
            "x": -5.267635822296143,
            "y": -25.97758674621582,
            "z": -0.23751044273376465
        },
        "vehicle_velocity": {
            "x": -3.739203080499465e-08,
            "y": -9.746370821517303e-09,
            "z": 0.0005378913483582437
        },
        "vehicle_throttle": 0.0,
        "unique_collisions": 3,
        "solid_lane_crosses": 5,
        "double_solid_lane_crosses": 0
    },
    {
        "game_time": 98.88306371448562,
        "vehicle_location": {
            "x": -5.267635822296143,
            "y": -25.97758674621582,
            "z": -0.2375568300485611
        },
        "vehicle_velocity": {
            "x": 2.301266199822294e-08,
            "y": -2.5327573371924927e-09,
            "z": -0.00011940002150367945
        },
        "vehicle_throttle": 0.0,
        "unique_collisions": 3,
        "solid_lane_crosses": 5,
        "double_solid_lane_crosses": 0
    },
    {
        "game_time": 99.94212232669815,
        "vehicle_location": {
            "x": -5.267635822296143,
            "y": -25.97758674621582,
            "z": -0.23756511509418488
        },
        "vehicle_velocity": {
            "x": 1.9176427556999442e-08,
            "y": -2.1088111257228093e-09,
            "z": 0.00036691187415272
        },
        "vehicle_throttle": 0.0,
        "unique_collisions": 3,
        "solid_lane_crosses": 5,
        "double_solid_lane_crosses": 0
    },
    {
        "game_time": 100.96822399506345,
        "vehicle_location": {
            "x": -5.267635822296143,
            "y": -25.97758674621582,
            "z": -0.23756656050682068
        },
        "vehicle_velocity": {
            "x": 1.5832593902587178e-08,
            "y": 1.1378058495381538e-09,
            "z": 0.0004085540713276714
        },
        "vehicle_throttle": 0.0,
        "unique_collisions": 3,
        "solid_lane_crosses": 5,
        "double_solid_lane_crosses": 0
    },
    {
        "game_time": 101.99041464040056,
        "vehicle_location": {
            "x": -5.267635822296143,
            "y": -25.97758674621582,
            "z": -0.23757018148899078
        },
        "vehicle_velocity": {
            "x": 3.135268045184603e-08,
            "y": -8.263341122471957e-09,
            "z": -0.00035431384458206594
        },
        "vehicle_throttle": 0.0,
        "unique_collisions": 3,
        "solid_lane_crosses": 5,
        "double_solid_lane_crosses": 0
    },
    {
        "game_time": 103.02077481569722,
        "vehicle_location": {
            "x": -5.267635822296143,
            "y": -25.97758674621582,
            "z": -0.23757407069206238
        },
        "vehicle_velocity": {
            "x": 1.7323261047863525e-08,
            "y": 2.262329656943507e-09,
            "z": 0.0002829694713000208
        },
        "vehicle_throttle": 0.0,
        "unique_collisions": 3,
        "solid_lane_crosses": 5,
        "double_solid_lane_crosses": 0
    },
    {
        "game_time": 104.03759699361399,
        "vehicle_location": {
            "x": -5.267635822296143,
            "y": -25.97758674621582,
            "z": -0.2375909686088562
        },
        "vehicle_velocity": {
            "x": -4.4396088583198434e-08,
            "y": -6.589236711818103e-09,
            "z": 0.0001699638378340751
        },
        "vehicle_throttle": 0.0,
        "unique_collisions": 3,
        "solid_lane_crosses": 5,
        "double_solid_lane_crosses": 0
    },
    {
        "game_time": 105.07215979741886,
        "vehicle_location": {
            "x": -5.267635822296143,
            "y": -25.97758674621582,
            "z": -0.23758022487163544
        },
        "vehicle_velocity": {
            "x": -3.5321775726515625e-08,
            "y": -2.3926816083985614e-09,
            "z": 0.0005348348640836775
        },
        "vehicle_throttle": 0.0,
        "unique_collisions": 3,
        "solid_lane_crosses": 5,
        "double_solid_lane_crosses": 0
    },
    {
        "game_time": 106.10739575093612,
        "vehicle_location": {
            "x": -5.267635822296143,
            "y": -25.97758674621582,
            "z": -0.2375977635383606
        },
        "vehicle_velocity": {
            "x": -6.550627063006687e-08,
            "y": 1.0687599250047697e-08,
            "z": 0.00037738322862423956
        },
        "vehicle_throttle": 0.0,
        "unique_collisions": 3,
        "solid_lane_crosses": 5,
        "double_solid_lane_crosses": 0
    },
    {
        "game_time": 107.11234583659098,
        "vehicle_location": {
            "x": -5.267635822296143,
            "y": -25.97758674621582,
            "z": -0.23757900297641754
        },
        "vehicle_velocity": {
            "x": 1.969300811310859e-08,
            "y": -2.1235988523216065e-09,
            "z": 0.00039224623469635844
        },
        "vehicle_throttle": 0.0,
        "unique_collisions": 3,
        "solid_lane_crosses": 5,
        "double_solid_lane_crosses": 0
    },
    {
        "game_time": 108.14936124486849,
        "vehicle_location": {
            "x": -5.267635822296143,
            "y": -25.97758674621582,
            "z": -0.23751895129680634
        },
        "vehicle_velocity": {
            "x": -1.0482004597633932e-08,
            "y": 1.4193020370090181e-10,
            "z": 0.00035538672818802297
        },
        "vehicle_throttle": 0.0,
        "unique_collisions": 3,
        "solid_lane_crosses": 5,
        "double_solid_lane_crosses": 0
    },
    {
        "game_time": 109.1939442246221,
        "vehicle_location": {
            "x": -5.267635822296143,
            "y": -25.97758674621582,
            "z": -0.23758742213249207
        },
        "vehicle_velocity": {
            "x": 1.3703092882622059e-08,
            "y": -1.3301215684435874e-09,
            "z": 0.0004799556627403945
        },
        "vehicle_throttle": 0.0,
        "unique_collisions": 3,
        "solid_lane_crosses": 5,
        "double_solid_lane_crosses": 0
    },
    {
        "game_time": 110.21222518803552,
        "vehicle_location": {
            "x": -5.267635822296143,
            "y": -25.97758674621582,
            "z": -0.2375352829694748
        },
        "vehicle_velocity": {
            "x": 1.8328774942233395e-08,
            "y": 6.176212874464682e-09,
            "z": 0.00021154402929823846
        },
        "vehicle_throttle": 0.0,
        "unique_collisions": 3,
        "solid_lane_crosses": 5,
        "double_solid_lane_crosses": 0
    },
    {
        "game_time": 111.26075395895168,
        "vehicle_location": {
            "x": -5.267635822296143,
            "y": -25.97758674621582,
            "z": -0.2375728189945221
        },
        "vehicle_velocity": {
            "x": -5.3615085704450394e-08,
            "y": 1.5283649901220997e-09,
            "z": -0.0004897213075309992
        },
        "vehicle_throttle": 0.0,
        "unique_collisions": 3,
        "solid_lane_crosses": 5,
        "double_solid_lane_crosses": 0
    },
    {
        "game_time": 112.28409289149567,
        "vehicle_location": {
            "x": -5.267635822296143,
            "y": -25.97758674621582,
            "z": -0.23754344880580902
        },
        "vehicle_velocity": {
            "x": 6.407364416816108e-09,
            "y": -1.2652360270593022e-09,
            "z": 2.333164229639806e-05
        },
        "vehicle_throttle": 0.0,
        "unique_collisions": 3,
        "solid_lane_crosses": 5,
        "double_solid_lane_crosses": 0
    },
    {
        "game_time": 113.3389853737317,
        "vehicle_location": {
            "x": -5.267635822296143,
            "y": -25.97758674621582,
            "z": -0.237542986869812
        },
        "vehicle_velocity": {
            "x": -5.0789047634225426e-08,
            "y": -4.123616170748079e-10,
            "z": 9.762763511389494e-05
        },
        "vehicle_throttle": 0.0,
        "unique_collisions": 3,
        "solid_lane_crosses": 5,
        "double_solid_lane_crosses": 0
    },
    {
        "game_time": 114.3646766426973,
        "vehicle_location": {
            "x": -5.267635822296143,
            "y": -25.97758674621582,
            "z": -0.2375684678554535
        },
        "vehicle_velocity": {
            "x": 1.7943579067036808e-08,
            "y": -1.856855291748616e-08,
            "z": -1.3251304153527599e-05
        },
        "vehicle_throttle": 0.0,
        "unique_collisions": 3,
        "solid_lane_crosses": 5,
        "double_solid_lane_crosses": 0
    },
    {
        "game_time": 115.37472311547026,
        "vehicle_location": {
            "x": -5.267635822296143,
            "y": -25.97758674621582,
            "z": -0.23757575452327728
        },
        "vehicle_velocity": {
            "x": 1.6503211242024918e-08,
            "y": -1.0046288106968504e-10,
            "z": -8.425235864706337e-05
        },
        "vehicle_throttle": 0.0,
        "unique_collisions": 3,
        "solid_lane_crosses": 5,
        "double_solid_lane_crosses": 0
    },
    {
        "game_time": 116.40949758747593,
        "vehicle_location": {
            "x": -5.267635822296143,
            "y": -25.97758674621582,
            "z": -0.23750106990337372
        },
        "vehicle_velocity": {
            "x": 7.52242890200705e-09,
            "y": 8.936353879107628e-10,
            "z": 0.00025174618349410594
        },
        "vehicle_throttle": 0.0,
        "unique_collisions": 3,
        "solid_lane_crosses": 5,
        "double_solid_lane_crosses": 0
    },
    {
        "game_time": 117.47402208624408,
        "vehicle_location": {
            "x": -5.267635822296143,
            "y": -25.97758674621582,
            "z": -0.23756003379821777
        },
        "vehicle_velocity": {
            "x": 9.995059224721103e-10,
            "y": -2.548771327326449e-08,
            "z": -1.4209746950655244e-05
        },
        "vehicle_throttle": 0.0,
        "unique_collisions": 3,
        "solid_lane_crosses": 5,
        "double_solid_lane_crosses": 0
    },
    {
        "game_time": 118.53273156704381,
        "vehicle_location": {
            "x": -5.267635822296143,
            "y": -25.97758674621582,
            "z": -0.23756232857704163
        },
        "vehicle_velocity": {
            "x": -5.494389654359111e-08,
            "y": -2.151435030128823e-09,
            "z": -0.000603532767854631
        },
        "vehicle_throttle": 0.0,
        "unique_collisions": 3,
        "solid_lane_crosses": 5,
        "double_solid_lane_crosses": 0
    },
    {
        "game_time": 119.54753529047593,
        "vehicle_location": {
            "x": -5.267635822296143,
            "y": -25.97758674621582,
            "z": -0.23756976425647736
        },
        "vehicle_velocity": {
            "x": 1.835637974956228e-09,
            "y": -6.038022304366564e-10,
            "z": -3.873824971378781e-05
        },
        "vehicle_throttle": 0.0,
        "unique_collisions": 3,
        "solid_lane_crosses": 5,
        "double_solid_lane_crosses": 0
    },
    {
        "game_time": 120.55718150967732,
        "vehicle_location": {
            "x": -5.267635822296143,
            "y": -25.97758674621582,
            "z": -0.23755966126918793
        },
        "vehicle_velocity": {
            "x": -1.533070737025355e-08,
            "y": 8.740379975336054e-09,
            "z": 0.0001020860654534772
        },
        "vehicle_throttle": 0.0,
        "unique_collisions": 3,
        "solid_lane_crosses": 5,
        "double_solid_lane_crosses": 0
    },
    {
        "game_time": 121.56822149129584,
        "vehicle_location": {
            "x": -5.267635822296143,
            "y": -25.97758674621582,
            "z": -0.23759548366069794
        },
        "vehicle_velocity": {
            "x": 1.8112615407517296e-08,
            "y": -4.699563516119554e-10,
            "z": 0.0005572366644628346
        },
        "vehicle_throttle": 0.0,
        "unique_collisions": 3,
        "solid_lane_crosses": 5,
        "double_solid_lane_crosses": 0
    },
    {
        "game_time": 122.58338088868186,
        "vehicle_location": {
            "x": -5.267635822296143,
            "y": -25.97758674621582,
            "z": -0.2375698834657669
        },
        "vehicle_velocity": {
            "x": -8.332522227760819e-09,
            "y": 4.76209160993335e-09,
            "z": -2.2797583369538188e-05
        },
        "vehicle_throttle": 0.0,
        "unique_collisions": 3,
        "solid_lane_crosses": 5,
        "double_solid_lane_crosses": 0
    },
    {
        "game_time": 123.61238600825891,
        "vehicle_location": {
            "x": -5.267671585083008,
            "y": -25.97273826599121,
            "z": -0.23765185475349426
        },
        "vehicle_velocity": {
            "x": -0.001059346366673708,
            "y": 0.1464727222919464,
            "z": -8.538246038369834e-05
        },
        "vehicle_throttle": 0.75,
        "unique_collisions": 3,
        "solid_lane_crosses": 5,
        "double_solid_lane_crosses": 0
    },
    {
        "game_time": 124.66809568135068,
        "vehicle_location": {
            "x": -5.2733893394470215,
            "y": -25.173095703125,
            "z": -0.23862841725349426
        },
        "vehicle_velocity": {
            "x": -0.013898756355047226,
            "y": 1.9391405582427979,
            "z": 0.00021646021923515946
        },
        "vehicle_throttle": 0.0,
        "unique_collisions": 3,
        "solid_lane_crosses": 5,
        "double_solid_lane_crosses": 0
    },
    {
        "game_time": 125.68743792036548,
        "vehicle_location": {
            "x": -5.298579216003418,
            "y": -21.92359733581543,
            "z": -0.23880641162395477
        },
        "vehicle_velocity": {
            "x": -0.043500494211912155,
            "y": 5.375020503997803,
            "z": 0.001102399779483676
        },
        "vehicle_throttle": 0.75,
        "unique_collisions": 3,
        "solid_lane_crosses": 5,
        "double_solid_lane_crosses": 0
    },
    {
        "game_time": 126.71966283442453,
        "vehicle_location": {
            "x": -5.3456926345825195,
            "y": -16.190580368041992,
            "z": -0.23819324374198914
        },
        "vehicle_velocity": {
            "x": -0.04816892370581627,
            "y": 5.768945693969727,
            "z": 7.295608156709932e-06
        },
        "vehicle_throttle": 0.0,
        "unique_collisions": 3,
        "solid_lane_crosses": 5,
        "double_solid_lane_crosses": 0
    },
    {
        "game_time": 127.75399684207514,
        "vehicle_location": {
            "x": -5.801538944244385,
            "y": -10.654431343078613,
            "z": -0.23548293113708496
        },
        "vehicle_velocity": {
            "x": -1.226933240890503,
            "y": 5.456319332122803,
            "z": 0.0010508442064747214
        },
        "vehicle_throttle": 0.46262863278388977,
        "unique_collisions": 3,
        "solid_lane_crosses": 5,
        "double_solid_lane_crosses": 0
    },
    {
        "game_time": 128.77530808886513,
        "vehicle_location": {
            "x": -8.412575721740723,
            "y": -5.9341654777526855,
            "z": -0.22044165432453156
        },
        "vehicle_velocity": {
            "x": -4.1523613929748535,
            "y": 2.969633102416992,
            "z": 0.008534092456102371
        },
        "vehicle_throttle": 0.6183182597160339,
        "unique_collisions": 3,
        "solid_lane_crosses": 5,
        "double_solid_lane_crosses": 0
    },
    {
        "game_time": 129.8620049371384,
        "vehicle_location": {
            "x": -13.80146598815918,
            "y": -4.25045108795166,
            "z": -0.20968928933143616
        },
        "vehicle_velocity": {
            "x": -5.315737247467041,
            "y": 0.9857507944107056,
            "z": -0.0036796950735151768
        },
        "vehicle_throttle": 0.75,
        "unique_collisions": 3,
        "solid_lane_crosses": 5,
        "double_solid_lane_crosses": 0
    },
    {
        "game_time": 130.88022908521816,
        "vehicle_location": {
            "x": -19.36656379699707,
            "y": -3.5308918952941895,
            "z": -0.2006804198026657
        },
        "vehicle_velocity": {
            "x": -5.686042308807373,
            "y": 0.501388430595398,
            "z": 0.012336182408034801
        },
        "vehicle_throttle": 0.0,
        "unique_collisions": 3,
        "solid_lane_crosses": 5,
        "double_solid_lane_crosses": 0
    },
    {
        "game_time": 131.95275890035555,
        "vehicle_location": {
            "x": -25.116064071655273,
            "y": -3.239016532897949,
            "z": -0.200118288397789
        },
        "vehicle_velocity": {
            "x": -4.913524627685547,
            "y": 0.18452951312065125,
            "z": 0.004016599617898464
        },
        "vehicle_throttle": 0.75,
        "unique_collisions": 3,
        "solid_lane_crosses": 5,
        "double_solid_lane_crosses": 0
    },
    {
        "game_time": 133.009625507053,
        "vehicle_location": {
            "x": -30.744489669799805,
            "y": -3.0975794792175293,
            "z": -0.2115480750799179
        },
        "vehicle_velocity": {
            "x": -5.489512920379639,
            "y": 0.11672960221767426,
            "z": 0.008034019730985165
        },
        "vehicle_throttle": 0.75,
        "unique_collisions": 3,
        "solid_lane_crosses": 5,
        "double_solid_lane_crosses": 0
    },
    {
        "game_time": 134.04397582961246,
        "vehicle_location": {
            "x": -36.42584991455078,
            "y": -3.0093374252319336,
            "z": -0.21116161346435547
        },
        "vehicle_velocity": {
            "x": -5.719080448150635,
            "y": 0.07433056086301804,
            "z": 1.471519408369204e-05
        },
        "vehicle_throttle": 0.0,
        "unique_collisions": 3,
        "solid_lane_crosses": 5,
        "double_solid_lane_crosses": 0
    },
    {
        "game_time": 135.12553344434127,
        "vehicle_location": {
            "x": -42.22428512573242,
            "y": -2.9384124279022217,
            "z": -0.1814342886209488
        },
        "vehicle_velocity": {
            "x": -5.09037446975708,
            "y": 0.04448385536670685,
            "z": 0.037839375436306
        },
        "vehicle_throttle": 0.75,
        "unique_collisions": 3,
        "solid_lane_crosses": 5,
        "double_solid_lane_crosses": 0
    },
    {
        "game_time": 136.1925683277659,
        "vehicle_location": {
            "x": -48.06035614013672,
            "y": -2.8732151985168457,
            "z": -0.1590188890695572
        },
        "vehicle_velocity": {
            "x": -5.910579681396484,
            "y": 0.046489860862493515,
            "z": -0.06662935763597488
        },
        "vehicle_throttle": 0.0,
        "unique_collisions": 3,
        "solid_lane_crosses": 5,
        "double_solid_lane_crosses": 0
    },
    {
        "game_time": 137.20085621951148,
        "vehicle_location": {
            "x": -53.52238464355469,
            "y": -2.8152389526367188,
            "z": -0.1985107809305191
        },
        "vehicle_velocity": {
            "x": -5.139723777770996,
            "y": 0.04187572002410889,
            "z": 0.011730575002729893
        },
        "vehicle_throttle": 0.46952077746391296,
        "unique_collisions": 3,
        "solid_lane_crosses": 5,
        "double_solid_lane_crosses": 0
    },
    {
        "game_time": 138.24168613320217,
        "vehicle_location": {
            "x": -59.11772918701172,
            "y": -2.763376474380493,
            "z": -0.21072402596473694
        },
        "vehicle_velocity": {
            "x": -5.693039894104004,
            "y": 0.053032033145427704,
            "z": 0.0008962535648606718
        },
        "vehicle_throttle": 0.7319272756576538,
        "unique_collisions": 3,
        "solid_lane_crosses": 5,
        "double_solid_lane_crosses": 0
    },
    {
        "game_time": 139.274222524371,
        "vehicle_location": {
            "x": -64.87089538574219,
            "y": -2.708876609802246,
            "z": -0.21072077751159668
        },
        "vehicle_velocity": {
            "x": -5.455907344818115,
            "y": 0.0519678071141243,
            "z": 2.0484923879848793e-05
        },
        "vehicle_throttle": 0.0,
        "unique_collisions": 3,
        "solid_lane_crosses": 5,
        "double_solid_lane_crosses": 0
    },
    {
        "game_time": 140.2770440238528,
        "vehicle_location": {
            "x": -70.23961639404297,
            "y": -2.6571567058563232,
            "z": -0.21017810702323914
        },
        "vehicle_velocity": {
            "x": -5.079156875610352,
            "y": 0.049126580357551575,
            "z": 0.0007756328559480608
        },
        "vehicle_throttle": 0.75,
        "unique_collisions": 3,
        "solid_lane_crosses": 5,
        "double_solid_lane_crosses": 0
    },
    {
        "game_time": 141.35046177124605,
        "vehicle_location": {
            "x": -76.15167236328125,
            "y": -2.599809169769287,
            "z": -0.21155139803886414
        },
        "vehicle_velocity": {
            "x": -5.897951126098633,
            "y": 0.05733897536993027,
            "z": 1.070022517524194e-05
        },
        "vehicle_throttle": 0.0,
        "unique_collisions": 3,
        "solid_lane_crosses": 5,
        "double_solid_lane_crosses": 0
    },
    {
        "game_time": 142.37670292099938,
        "vehicle_location": {
            "x": -81.7383804321289,
            "y": -2.5454578399658203,
            "z": -0.2098289430141449
        },
        "vehicle_velocity": {
            "x": -4.970699787139893,
            "y": 0.048434726893901825,
            "z": -0.0022789572831243277
        },
        "vehicle_throttle": 0.75,
        "unique_collisions": 3,
        "solid_lane_crosses": 5,
        "double_solid_lane_crosses": 0
    },
    {
        "game_time": 143.43878446845338,
        "vehicle_location": {
            "x": -87.42721557617188,
            "y": -2.5136122703552246,
            "z": -0.21071860194206238
        },
        "vehicle_velocity": {
            "x": -5.348316669464111,
            "y": -0.11340568959712982,
            "z": 0.0003469276416581124
        },
        "vehicle_throttle": 0.75,
        "unique_collisions": 3,
        "solid_lane_crosses": 5,
        "double_solid_lane_crosses": 0
    },
    {
        "game_time": 144.46761602861807,
        "vehicle_location": {
            "x": -92.90465545654297,
            "y": -3.302442789077759,
            "z": -0.21272341907024384
        },
        "vehicle_velocity": {
            "x": -5.400983810424805,
            "y": -2.3366990089416504,
            "z": -0.016416234895586967
        },
        "vehicle_throttle": 0.0,
        "unique_collisions": 3,
        "solid_lane_crosses": 5,
        "double_solid_lane_crosses": 0
    },
    {
        "game_time": 145.51742055593058,
        "vehicle_location": {
            "x": -96.89185333251953,
            "y": -7.134407997131348,
            "z": -0.22570177912712097
        },
        "vehicle_velocity": {
            "x": -2.2065954208374023,
            "y": -4.848928928375244,
            "z": -0.013674425892531872
        },
        "vehicle_throttle": 0.0,
        "unique_collisions": 3,
        "solid_lane_crosses": 5,
        "double_solid_lane_crosses": 0
    },
    {
        "game_time": 146.56875848351046,
        "vehicle_location": {
            "x": -98.44828033447266,
            "y": -12.431300163269043,
            "z": -0.24198661744594574
        },
        "vehicle_velocity": {
            "x": -0.7410899996757507,
            "y": -5.046084403991699,
            "z": 0.0031710052862763405
        },
        "vehicle_throttle": 0.75,
        "unique_collisions": 3,
        "solid_lane_crosses": 5,
        "double_solid_lane_crosses": 0
    },
    {
        "game_time": 147.6046605645679,
        "vehicle_location": {
            "x": -98.92145538330078,
            "y": -18.084440231323242,
            "z": -0.2384798377752304
        },
        "vehicle_velocity": {
            "x": -0.27338483929634094,
            "y": -5.923316478729248,
            "z": 0.00012951850658282638
        },
        "vehicle_throttle": 0.0,
        "unique_collisions": 3,
        "solid_lane_crosses": 6,
        "double_solid_lane_crosses": 0
    },
    {
        "game_time": 148.64091323083267,
        "vehicle_location": {
            "x": -99.04865264892578,
            "y": -23.713329315185547,
            "z": -0.23677119612693787
        },
        "vehicle_velocity": {
            "x": -0.06332676857709885,
            "y": -5.071078777313232,
            "z": 3.5047530673182337e-06
        },
        "vehicle_throttle": 0.75,
        "unique_collisions": 3,
        "solid_lane_crosses": 6,
        "double_solid_lane_crosses": 0
    },
    {
        "game_time": 149.6571760759689,
        "vehicle_location": {
            "x": -99.7821273803711,
            "y": -29.152334213256836,
            "z": -0.23808971047401428
        },
        "vehicle_velocity": {
            "x": -1.6366958618164062,
            "y": -5.539865493774414,
            "z": 0.00023727893130853772
        },
        "vehicle_throttle": 0.059856172651052475,
        "unique_collisions": 3,
        "solid_lane_crosses": 6,
        "double_solid_lane_crosses": 0
    },
    {
        "game_time": 150.67170265084133,
        "vehicle_location": {
            "x": -102.26708984375,
            "y": -34.08257293701172,
            "z": -0.2369116097688675
        },
        "vehicle_velocity": {
            "x": -2.674678325653076,
            "y": -4.3939948081970215,
            "z": -0.00017765045049600303
        },
        "vehicle_throttle": 0.5878423452377319,
        "unique_collisions": 3,
        "solid_lane_crosses": 6,
        "double_solid_lane_crosses": 0
    }
]