[
    {
        "game_time": 8.831161244772375,
        "vehicle_location": {
            "x": 15.3566255569458,
            "y": 201.60707092285156,
            "z": -0.04055721312761307
        },
        "vehicle_velocity": {
            "x": 1.168000340461731,
            "y": -0.2515769600868225,
            "z": 0.00033123017055913806
        },
        "vehicle_throttle": 0.75,
        "unique_collisions": 0,
        "solid_lane_crosses": 0,
        "double_solid_lane_crosses": 0
    },
    {
        "game_time": 9.844949248246849,
        "vehicle_location": {
            "x": 17.863616943359375,
            "y": 201.03253173828125,
            "z": -0.03919082507491112
        },
        "vehicle_velocity": {
            "x": 3.339869260787964,
            "y": -1.3134510517120361,
            "z": -0.000581340747885406
        },
        "vehicle_throttle": 0.75,
        "unique_collisions": 0,
        "solid_lane_crosses": 0,
        "double_solid_lane_crosses": 0
    },
    {
        "game_time": 10.851140138693154,
        "vehicle_location": {
            "x": 21.971269607543945,
            "y": 199.13050842285156,
            "z": -0.03938949480652809
        },
        "vehicle_velocity": {
            "x": 4.545658588409424,
            "y": -3.2029707431793213,
            "z": 0.00010374545672675595
        },
        "vehicle_throttle": 0.75,
        "unique_collisions": 0,
        "solid_lane_crosses": 0,
        "double_solid_lane_crosses": 0
    },
    {
        "game_time": 11.91108933556825,
        "vehicle_location": {
            "x": 25.861888885498047,
            "y": 195.72084045410156,
            "z": -0.03726654127240181
        },
        "vehicle_velocity": {
            "x": 2.639815330505371,
            "y": -3.2843105792999268,
            "z": 0.00021736144844908267
        },
        "vehicle_throttle": 0.75,
        "unique_collisions": 0,
        "solid_lane_crosses": 0,
        "double_solid_lane_crosses": 0
    },
    {
        "game_time": 12.932483191601932,
        "vehicle_location": {
            "x": 28.52031898498535,
            "y": 191.4032440185547,
            "z": -0.0390048585832119
        },
        "vehicle_velocity": {
            "x": 2.3188414573669434,
            "y": -5.325047969818115,
            "z": -0.0003310298779979348
        },
        "vehicle_throttle": 0.0,
        "unique_collisions": 0,
        "solid_lane_crosses": 0,
        "double_solid_lane_crosses": 0
    },
    {
        "game_time": 13.985186624340713,
        "vehicle_location": {
            "x": 30.160165786743164,
            "y": 186.9043731689453,
            "z": -0.03842907026410103
        },
        "vehicle_velocity": {
            "x": 1.0764840841293335,
            "y": -4.194527626037598,
            "z": 0.0002874564961530268
        },
        "vehicle_throttle": 0.75,
        "unique_collisions": 0,
        "solid_lane_crosses": 0,
        "double_solid_lane_crosses": 0
    },
    {
        "game_time": 15.030901390127838,
        "vehicle_location": {
            "x": 31.041221618652344,
            "y": 181.5905303955078,
            "z": -0.03684306889772415
        },
        "vehicle_velocity": {
            "x": 0.5768579840660095,
            "y": -5.365710735321045,
            "z": 7.969856233103201e-05
        },
        "vehicle_throttle": 0.0,
        "unique_collisions": 0,
        "solid_lane_crosses": 0,
        "double_solid_lane_crosses": 0
    },
    {
        "game_time": 16.094524984247983,
        "vehicle_location": {
            "x": 31.34088706970215,
            "y": 176.9437255859375,
            "z": -0.038922347128391266
        },
        "vehicle_velocity": {
            "x": 0.1844809353351593,
            "y": -4.532498836517334,
            "z": -0.0004998683580197394
        },
        "vehicle_throttle": 0.75,
        "unique_collisions": 0,
        "solid_lane_crosses": 0,
        "double_solid_lane_crosses": 0
    },
    {
        "game_time": 17.137622830457985,
        "vehicle_location": {
            "x": 31.462589263916016,
            "y": 171.45175170898438,
            "z": -0.035442009568214417
        },
        "vehicle_velocity": {
            "x": 0.10854741185903549,
            "y": -4.977960586547852,
            "z": -0.003334111999720335
        },
        "vehicle_throttle": 0.75,
        "unique_collisions": 0,
        "solid_lane_crosses": 0,
        "double_solid_lane_crosses": 0
    },
    {
        "game_time": 18.155268638394773,
        "vehicle_location": {
            "x": 31.506898880004883,
            "y": 167.0076904296875,
            "z": -0.03904731571674347
        },
        "vehicle_velocity": {
            "x": 0.03635915368795395,
            "y": -4.71726131439209,
            "z": -0.0008317852043546736
        },
        "vehicle_throttle": 0.75,
        "unique_collisions": 0,
        "solid_lane_crosses": 0,
        "double_solid_lane_crosses": 0
    },
    {
        "game_time": 19.20829923916608,
        "vehicle_location": {
            "x": 31.53160858154297,
            "y": 161.46182250976562,
            "z": -0.0361444465816021
        },
        "vehicle_velocity": {
            "x": 0.014612921513617039,
            "y": -4.815005779266357,
            "z": -3.129959077341482e-05
        },
        "vehicle_throttle": 0.75,
        "unique_collisions": 0,
        "solid_lane_crosses": 0,
        "double_solid_lane_crosses": 0
    },
    {
        "game_time": 20.237896027974784,
        "vehicle_location": {
            "x": 31.541994094848633,
            "y": 156.9244842529297,
            "z": -0.03916381672024727
        },
        "vehicle_velocity": {
            "x": 0.007688803598284721,
            "y": -5.005685806274414,
            "z": -0.0008452606271021068
        },
        "vehicle_throttle": 0.75,
        "unique_collisions": 0,
        "solid_lane_crosses": 0,
        "double_solid_lane_crosses": 0
    },
    {
        "game_time": 21.289911563508213,
        "vehicle_location": {
            "x": 31.548513412475586,
            "y": 151.4303741455078,
            "z": -0.03558933362364769
        },
        "vehicle_velocity": {
            "x": 0.003574009984731674,
            "y": -4.302143573760986,
            "z": 0.0002571010554675013
        },
        "vehicle_throttle": 0.75,
        "unique_collisions": 0,
        "solid_lane_crosses": 0,
        "double_solid_lane_crosses": 0
    },
    {
        "game_time": 22.324381940998137,
        "vehicle_location": {
            "x": 31.55203628540039,
            "y": 146.77450561523438,
            "z": -0.038488805294036865
        },
        "vehicle_velocity": {
            "x": 0.0019171166932210326,
            "y": -5.097828388214111,
            "z": 2.3345946829067543e-05
        },
        "vehicle_throttle": 0.75,
        "unique_collisions": 0,
        "solid_lane_crosses": 0,
        "double_solid_lane_crosses": 0
    },
    {
        "game_time": 23.33444285672158,
        "vehicle_location": {
            "x": 31.55490493774414,
            "y": 141.57852172851562,
            "z": -0.03571391850709915
        },
        "vehicle_velocity": {
            "x": 0.002058854326605797,
            "y": -4.153229713439941,
            "z": 0.00018064021423924714
        },
        "vehicle_throttle": 0.75,
        "unique_collisions": 0,
        "solid_lane_crosses": 0,
        "double_solid_lane_crosses": 0
    },
    {
        "game_time": 24.338487741537392,
        "vehicle_location": {
            "x": 31.557111740112305,
            "y": 136.84359741210938,
            "z": -0.039352379739284515
        },
        "vehicle_velocity": {
            "x": 0.0024748577270656824,
            "y": -5.628664016723633,
            "z": -0.00033732413430698216
        },
        "vehicle_throttle": 0.7315418720245361,
        "unique_collisions": 0,
        "solid_lane_crosses": 0,
        "double_solid_lane_crosses": 0
    },
    {
        "game_time": 25.401947702281177,
        "vehicle_location": {
            "x": 31.559343338012695,
            "y": 131.6866912841797,
            "z": -0.0371343232691288
        },
        "vehicle_velocity": {
            "x": 0.001704102847725153,
            "y": -4.021613597869873,
            "z": -0.001108999247662723
        },
        "vehicle_throttle": 0.75,
        "unique_collisions": 0,
        "solid_lane_crosses": 0,
        "double_solid_lane_crosses": 0
    },
    {
        "game_time": 26.471960606984794,
        "vehicle_location": {
            "x": 31.561481475830078,
            "y": 126.4577407836914,
            "z": -0.03954154998064041
        },
        "vehicle_velocity": {
            "x": 0.002396420342847705,
            "y": -5.8880205154418945,
            "z": -0.00013763426977675408
        },
        "vehicle_throttle": 0.0,
        "unique_collisions": 0,
        "solid_lane_crosses": 0,
        "double_solid_lane_crosses": 0
    },
    {
        "game_time": 27.52121862117201,
        "vehicle_location": {
            "x": 31.5634765625,
            "y": 121.51536560058594,
            "z": -0.0381336584687233
        },
        "vehicle_velocity": {
            "x": 0.0017328077228739858,
            "y": -4.338026523590088,
            "z": 0.0005078220274299383
        },
        "vehicle_throttle": 0.75,
        "unique_collisions": 0,
        "solid_lane_crosses": 0,
        "double_solid_lane_crosses": 0
    },
    {
        "game_time": 28.537024582736194,
        "vehicle_location": {
            "x": 31.565582275390625,
            "y": 116.27790069580078,
            "z": -0.03703372925519943
        },
        "vehicle_velocity": {
            "x": 0.00216370215639472,
            "y": -5.4054975509643555,
            "z": 8.41140717966482e-06
        },
        "vehicle_throttle": 0.0,
        "unique_collisions": 0,
        "solid_lane_crosses": 0,
        "double_solid_lane_crosses": 0
    },
    {
        "game_time": 29.55047599505633,
        "vehicle_location": {
            "x": 31.567420959472656,
            "y": 111.70256805419922,
            "z": -0.03876754641532898
        },
        "vehicle_velocity": {
            "x": 0.0018259432399645448,
            "y": -4.591400146484375,
            "z": -0.0005206298665143549
        },
        "vehicle_throttle": 0.75,
        "unique_collisions": 0,
        "solid_lane_crosses": 0,
        "double_solid_lane_crosses": 0
    },
    {
        "game_time": 30.55862366501242,
        "vehicle_location": {
            "x": 31.55939292907715,
            "y": 106.39070892333984,
            "z": -0.035340920090675354
        },
        "vehicle_velocity": {
            "x": -0.04900062084197998,
            "y": -4.8933587074279785,
            "z": -0.003416795749217272
        },
        "vehicle_throttle": 0.75,
        "unique_collisions": 0,
        "solid_lane_crosses": 0,
        "double_solid_lane_crosses": 0
    },
    {
        "game_time": 31.587067659012973,
        "vehicle_location": {
            "x": 31.245004653930664,
            "y": 101.85735321044922,
            "z": -0.038897477090358734
        },
        "vehicle_velocity": {
            "x": -0.6922258734703064,
            "y": -4.720112323760986,
            "z": 0.00013288020272739232
        },
        "vehicle_throttle": 0.75,
        "unique_collisions": 0,
        "solid_lane_crosses": 0,
        "double_solid_lane_crosses": 0
    },
    {
        "game_time": 32.65039937291294,
        "vehicle_location": {
            "x": 29.703834533691406,
            "y": 96.53282928466797,
            "z": -0.036139946430921555
        },
        "vehicle_velocity": {
            "x": -1.994443416595459,
            "y": -4.228927135467529,
            "z": -0.0006712818285450339
        },
        "vehicle_throttle": 0.75,
        "unique_collisions": 0,
        "solid_lane_crosses": 0,
        "double_solid_lane_crosses": 0
    },
    {
        "game_time": 33.67737503256649,
        "vehicle_location": {
            "x": 27.080724716186523,
            "y": 92.85614776611328,
            "z": -0.038794975727796555
        },
        "vehicle_velocity": {
            "x": -3.6970837116241455,
            "y": -3.2976930141448975,
            "z": -0.00016047476674430072
        },
        "vehicle_throttle": 0.75,
        "unique_collisions": 0,
        "solid_lane_crosses": 0,
        "double_solid_lane_crosses": 0
    },
    {
        "game_time": 34.7392742196098,
        "vehicle_location": {
            "x": 22.583881378173828,
            "y": 89.9312515258789,
            "z": -0.03558490797877312
        },
        "vehicle_velocity": {
            "x": -3.9548802375793457,
            "y": -1.3203750848770142,
            "z": -0.00028714179643429816
        },
        "vehicle_throttle": 0.75,
        "unique_collisions": 0,
        "solid_lane_crosses": 0,
        "double_solid_lane_crosses": 0
    },
    {
        "game_time": 35.78141880314797,
        "vehicle_location": {
            "x": 17.88599395751953,
            "y": 88.8119125366211,
            "z": -0.039376601576805115
        },
        "vehicle_velocity": {
            "x": -5.540585994720459,
            "y": -0.6110601425170898,
            "z": -0.00015512466779910028
        },
        "vehicle_throttle": 0.75,
        "unique_collisions": 0,
        "solid_lane_crosses": 0,
        "double_solid_lane_crosses": 0
    },
    {
        "game_time": 36.83072210568935,
        "vehicle_location": {
            "x": 12.691080093383789,
            "y": 88.33354949951172,
            "z": -0.03706054762005806
        },
        "vehicle_velocity": {
            "x": -4.199544906616211,
            "y": -0.18596982955932617,
            "z": 0.0003196096222382039
        },
        "vehicle_throttle": 0.75,
        "unique_collisions": 0,
        "solid_lane_crosses": 0,
        "double_solid_lane_crosses": 0
    },
    {
        "game_time": 37.8708084365353,
        "vehicle_location": {
            "x": 7.483887672424316,
            "y": 88.17961120605469,
            "z": -0.0393613800406456
        },
        "vehicle_velocity": {
            "x": -5.905795574188232,
            "y": -0.1386830061674118,
            "z": -6.889819633215666e-05
        },
        "vehicle_throttle": 0.0,
        "unique_collisions": 0,
        "solid_lane_crosses": 0,
        "double_solid_lane_crosses": 0
    },
    {
        "game_time": 38.91782932449132,
        "vehicle_location": {
            "x": 2.677884817123413,
            "y": 88.11351013183594,
            "z": -0.03838161379098892
        },
        "vehicle_velocity": {
            "x": -4.309947490692139,
            "y": -0.035027503967285156,
            "z": -3.135204315185547e-05
        },
        "vehicle_throttle": 0.75,
        "unique_collisions": 0,
        "solid_lane_crosses": 0,
        "double_solid_lane_crosses": 0
    },
    {
        "game_time": 39.951819638721645,
        "vehicle_location": {
            "x": -2.6568663120269775,
            "y": 88.08182525634766,
            "z": -0.036945417523384094
        },
        "vehicle_velocity": {
            "x": -5.4018096923828125,
            "y": -0.02923121117055416,
            "z": 1.3914107512391638e-05
        },
        "vehicle_throttle": 0.0,
        "unique_collisions": 0,
        "solid_lane_crosses": 0,
        "double_solid_lane_crosses": 0
    },
    {
        "game_time": 40.96337846014649,
        "vehicle_location": {
            "x": -7.1791558265686035,
            "y": 88.0669937133789,
            "z": -0.038764990866184235
        },
        "vehicle_velocity": {
            "x": -4.555351257324219,
            "y": -0.012590691447257996,
            "z": 0.00024751186720095575
        },
        "vehicle_throttle": 0.75,
        "unique_collisions": 0,
        "solid_lane_crosses": 0,
        "double_solid_lane_crosses": 0
    },
    {
        "game_time": 42.01199867669493,
        "vehicle_location": {
            "x": -12.679142951965332,
            "y": 88.05574798583984,
            "z": -0.03531890735030174
        },
        "vehicle_velocity": {
            "x": -4.8662238121032715,
            "y": -0.009441232308745384,
            "z": -0.0010805130004882812
        },
        "vehicle_throttle": 0.75,
        "unique_collisions": 0,
        "solid_lane_crosses": 0,
        "double_solid_lane_crosses": 0
    },
    {
        "game_time": 43.10411030706018,
        "vehicle_location": {
            "x": -17.478899002075195,
            "y": 88.04823303222656,
            "z": -0.03914913162589073
        },
        "vehicle_velocity": {
            "x": -4.912503719329834,
            "y": -0.006833930034190416,
            "z": -3.6835670471191406e-05
        },
        "vehicle_throttle": 0.75,
        "unique_collisions": 0,
        "solid_lane_crosses": 0,
        "double_solid_lane_crosses": 0
    },
    {
        "game_time": 44.12633697781712,
        "vehicle_location": {
            "x": -22.864627838134766,
            "y": 88.04108428955078,
            "z": -0.03599780797958374
        },
        "vehicle_velocity": {
            "x": -4.559948921203613,
            "y": -0.0055579738691449165,
            "z": 0.0008482551202178001
        },
        "vehicle_throttle": 0.75,
        "unique_collisions": 0,
        "solid_lane_crosses": 0,
        "double_solid_lane_crosses": 0
    },
    {
        "game_time": 45.13434588816017,
        "vehicle_location": {
            "x": -27.40667152404785,
            "y": 88.0356216430664,
            "z": -0.03884322941303253
        },
        "vehicle_velocity": {
            "x": -5.114711284637451,
            "y": -0.006180484779179096,
            "z": 0.0005157756968401372
        },
        "vehicle_throttle": 0.75,
        "unique_collisions": 0,
        "solid_lane_crosses": 0,
        "double_solid_lane_crosses": 0
    },
    {
        "game_time": 46.16766446363181,
        "vehicle_location": {
            "x": -32.30543518066406,
            "y": 88.04169464111328,
            "z": -0.03271159902215004
        },
        "vehicle_velocity": {
            "x": -2.4215731620788574,
            "y": 0.037320639938116074,
            "z": 0.0004373788833618164
        },
        "vehicle_throttle": 0.0,
        "unique_collisions": 0,
        "solid_lane_crosses": 0,
        "double_solid_lane_crosses": 0
    },
    {
        "game_time": 47.197664600797,
        "vehicle_location": {
            "x": -32.799560546875,
            "y": 88.04527282714844,
            "z": -0.037731170654296875
        },
        "vehicle_velocity": {
            "x": 0.00010626611765474081,
            "y": -4.26557971877628e-06,
            "z": -0.0005074977525509894
        },
        "vehicle_throttle": 0.0,
        "unique_collisions": 0,
        "solid_lane_crosses": 0,
        "double_solid_lane_crosses": 0
    },
    {
        "game_time": 48.242670877836645,
        "vehicle_location": {
            "x": -32.79957580566406,
            "y": 88.04528045654297,
            "z": -0.03773315250873566
        },
        "vehicle_velocity": {
            "x": 6.811787045535311e-08,
            "y": 1.3516660146706272e-07,
            "z": 2.6326179067837074e-05
        },
        "vehicle_throttle": 0.0,
        "unique_collisions": 0,
        "solid_lane_crosses": 0,
        "double_solid_lane_crosses": 0
    },
    {
        "game_time": 49.26989987771958,
        "vehicle_location": {
            "x": -32.79957580566406,
            "y": 88.04528045654297,
            "z": -0.03772582858800888
        },
        "vehicle_velocity": {
            "x": 2.462102166589375e-08,
            "y": 1.9352359004187747e-07,
            "z": -0.000375022878870368
        },
        "vehicle_throttle": 0.0,
        "unique_collisions": 0,
        "solid_lane_crosses": 0,
        "double_solid_lane_crosses": 0
    },
    {
        "game_time": 50.32016940694302,
        "vehicle_location": {
            "x": -32.79957580566406,
            "y": 88.04528045654297,
            "z": -0.03771175444126129
        },
        "vehicle_velocity": {
            "x": 7.394842072017127e-09,
            "y": -8.268720108617345e-08,
            "z": 6.078719889046624e-05
        },
        "vehicle_throttle": 0.0,
        "unique_collisions": 0,
        "solid_lane_crosses": 0,
        "double_solid_lane_crosses": 0
    },
    {
        "game_time": 51.32342106383294,
        "vehicle_location": {
            "x": -32.79957580566406,
            "y": 88.04528045654297,
            "z": -0.037699662148952484
        },
        "vehicle_velocity": {
            "x": 2.554247702235557e-09,
            "y": -7.651970435063049e-08,
            "z": 0.00020512103219516575
        },
        "vehicle_throttle": 0.0,
        "unique_collisions": 0,
        "solid_lane_crosses": 0,
        "double_solid_lane_crosses": 0
    },
    {
        "game_time": 52.37032168265432,
        "vehicle_location": {
            "x": -32.79957580566406,
            "y": 88.04528045654297,
            "z": -0.03773406893014908
        },
        "vehicle_velocity": {
            "x": -6.001840091585109e-08,
            "y": 2.442870439267608e-08,
            "z": -0.0002725696540437639
        },
        "vehicle_throttle": 0.0,
        "unique_collisions": 0,
        "solid_lane_crosses": 0,
        "double_solid_lane_crosses": 0
    },
    {
        "game_time": 53.432414126582444,
        "vehicle_location": {
            "x": -32.79957580566406,
            "y": 88.04528045654297,
            "z": -0.03769000992178917
        },
        "vehicle_velocity": {
            "x": -5.670892733178334e-08,
            "y": 9.357743380178363e-08,
            "z": -9.399413829669356e-05
        },
        "vehicle_throttle": 0.0,
        "unique_collisions": 0,
        "solid_lane_crosses": 0,
        "double_solid_lane_crosses": 0
    },
    {
        "game_time": 54.49535575788468,
        "vehicle_location": {
            "x": -32.79957580566406,
            "y": 88.04528045654297,
            "z": -0.03771262988448143
        },
        "vehicle_velocity": {
            "x": 2.5957433424927956e-10,
            "y": -1.5691573196363606e-07,
            "z": 0.0004142331890761852
        },
        "vehicle_throttle": 0.0,
        "unique_collisions": 0,
        "solid_lane_crosses": 0,
        "double_solid_lane_crosses": 0
    },
    {
        "game_time": 55.56073833908886,
        "vehicle_location": {
            "x": -32.79957580566406,
            "y": 88.04528045654297,
            "z": -0.03770061582326889
        },
        "vehicle_velocity": {
            "x": 3.1204807626750153e-09,
            "y": -1.3474880233843578e-07,
            "z": -0.00014468669542111456
        },
        "vehicle_throttle": 0.0,
        "unique_collisions": 0,
        "solid_lane_crosses": 0,
        "double_solid_lane_crosses": 0
    },
    {
        "game_time": 56.57684217300266,
        "vehicle_location": {
            "x": -32.79957580566406,
            "y": 88.04528045654297,
            "z": -0.03770995885133743
        },
        "vehicle_velocity": {
            "x": -7.277957081441855e-08,
            "y": -1.273548999591867e-08,
            "z": -0.00039691445999778807
        },
        "vehicle_throttle": 0.0,
        "unique_collisions": 0,
        "solid_lane_crosses": 0,
        "double_solid_lane_crosses": 0
    },
    {
        "game_time": 57.630838255397975,
        "vehicle_location": {
            "x": -32.79957580566406,
            "y": 88.04528045654297,
            "z": -0.03774959594011307
        },
        "vehicle_velocity": {
            "x": 6.107345740247183e-08,
            "y": 1.6065006036569685e-07,
            "z": 0.0003410148492548615
        },
        "vehicle_throttle": 0.0,
        "unique_collisions": 0,
        "solid_lane_crosses": 0,
        "double_solid_lane_crosses": 0
    },
    {
        "game_time": 58.71352393459529,
        "vehicle_location": {
            "x": -32.79957580566406,
            "y": 88.04528045654297,
            "z": -0.03771297261118889
        },
        "vehicle_velocity": {
            "x": -3.712655427534628e-08,
            "y": -3.292202510607467e-09,
            "z": 0.0005750989657826722
        },
        "vehicle_throttle": 0.0,
        "unique_collisions": 0,
        "solid_lane_crosses": 0,
        "double_solid_lane_crosses": 0
    },
    {
        "game_time": 59.723185640759766,
        "vehicle_location": {
            "x": -32.79957580566406,
            "y": 88.04528045654297,
            "z": -0.037747420370578766
        },
        "vehicle_velocity": {
            "x": 4.883322191062689e-08,
            "y": 2.5901726985466667e-08,
            "z": 0.00014079092943575233
        },
        "vehicle_throttle": 0.0,
        "unique_collisions": 0,
        "solid_lane_crosses": 0,
        "double_solid_lane_crosses": 0
    },
    {
        "game_time": 60.77630814816803,
        "vehicle_location": {
            "x": -32.79957580566406,
            "y": 88.04528045654297,
            "z": -0.03775913268327713
        },
        "vehicle_velocity": {
            "x": -9.060273242766925e-08,
            "y": -1.0434632713440806e-08,
            "z": -0.000914726231712848
        },
        "vehicle_throttle": 0.0,
        "unique_collisions": 0,
        "solid_lane_crosses": 0,
        "double_solid_lane_crosses": 0
    },
    {
        "game_time": 61.792307450436056,
        "vehicle_location": {
            "x": -32.79957580566406,
            "y": 88.04528045654297,
            "z": -0.03761913254857063
        },
        "vehicle_velocity": {
            "x": 6.014786890773394e-08,
            "y": 1.5253596075126552e-07,
            "z": -0.000321455008815974
        },
        "vehicle_throttle": 0.0,
        "unique_collisions": 0,
        "solid_lane_crosses": 0,
        "double_solid_lane_crosses": 0
    },
    {
        "game_time": 62.81366242561489,
        "vehicle_location": {
            "x": -32.79957580566406,
            "y": 88.04528045654297,
            "z": -0.03771720826625824
        },
        "vehicle_velocity": {
            "x": -1.2087819811767986e-07,
            "y": 1.012990669124747e-08,
            "z": -0.0016982078086584806
        },
        "vehicle_throttle": 0.0,
        "unique_collisions": 0,
        "solid_lane_crosses": 0,
        "double_solid_lane_crosses": 0
    },
    {
        "game_time": 63.82763865124434,
        "vehicle_location": {
            "x": -32.79957580566406,
            "y": 88.04528045654297,
            "z": -0.037715375423431396
        },
        "vehicle_velocity": {
            "x": -7.645311939086241e-09,
            "y": -1.4568198203335214e-08,
            "z": -0.000554475758690387
        },
        "vehicle_throttle": 0.0,
        "unique_collisions": 0,
        "solid_lane_crosses": 0,
        "double_solid_lane_crosses": 0
    },
    {
        "game_time": 64.84273262042552,
        "vehicle_location": {
            "x": -32.79957580566406,
            "y": 88.04528045654297,
            "z": -0.03772849962115288
        },
        "vehicle_velocity": {
            "x": 9.578043247415735e-09,
            "y": -9.759148866805845e-08,
            "z": 0.00033112047822214663
        },
        "vehicle_throttle": 0.0,
        "unique_collisions": 0,
        "solid_lane_crosses": 0,
        "double_solid_lane_crosses": 0
    },
    {
        "game_time": 65.90835839044303,
        "vehicle_location": {
            "x": -32.79957580566406,
            "y": 88.04528045654297,
            "z": -0.03765464574098587
        },
        "vehicle_velocity": {
            "x": 2.2584778491818724e-08,
            "y": -2.8002226315493317e-08,
            "z": -0.0005020236712880433
        },
        "vehicle_throttle": 0.0,
        "unique_collisions": 0,
        "solid_lane_crosses": 0,
        "double_solid_lane_crosses": 0
    },
    {
        "game_time": 66.92930903006345,
        "vehicle_location": {
            "x": -32.79957580566406,
            "y": 88.04528045654297,
            "z": -0.03773975372314453
        },
        "vehicle_velocity": {
            "x": 4.2609180184172146e-08,
            "y": -3.8801218238404545e-08,
            "z": 3.957748333505151e-07
        },
        "vehicle_throttle": 0.0,
        "unique_collisions": 0,
        "solid_lane_crosses": 0,
        "double_solid_lane_crosses": 0
    },
    {
        "game_time": 67.95409394707531,
        "vehicle_location": {
            "x": -32.79957580566406,
            "y": 88.04528045654297,
            "z": -0.03769657015800476
        },
        "vehicle_velocity": {
            "x": 2.660429743173154e-08,
            "y": -1.5877629877536492e-08,
            "z": 8.31270226626657e-05
        },
        "vehicle_throttle": 0.0,
        "unique_collisions": 0,
        "solid_lane_crosses": 0,
        "double_solid_lane_crosses": 0
    },
    {
        "game_time": 69.0420101666823,
        "vehicle_location": {
            "x": -32.79957580566406,
            "y": 88.04528045654297,
            "z": -0.03777233138680458
        },
        "vehicle_velocity": {
            "x": 6.899828708384348e-09,
            "y": 1.6638395106127746e-09,
            "z": 0.00014975070371292531
        },
        "vehicle_throttle": 0.0,
        "unique_collisions": 0,
        "solid_lane_crosses": 0,
        "double_solid_lane_crosses": 0
    },
    {
        "game_time": 70.04831473063678,
        "vehicle_location": {
            "x": -32.79957580566406,
            "y": 88.04528045654297,
            "z": -0.03770751878619194
        },
        "vehicle_velocity": {
            "x": 7.287157899327212e-08,
            "y": 1.170348014056799e-07,
            "z": -2.1495818145922385e-05
        },
        "vehicle_throttle": 0.0,
        "unique_collisions": 0,
        "solid_lane_crosses": 0,
        "double_solid_lane_crosses": 0
    },
    {
        "game_time": 71.11043226066977,
        "vehicle_location": {
            "x": -32.79957580566406,
            "y": 88.04528045654297,
            "z": -0.037698324769735336
        },
        "vehicle_velocity": {
            "x": 1.0731800337282493e-08,
            "y": 2.096899098802396e-09,
            "z": 0.0004309320356696844
        },
        "vehicle_throttle": 0.0,
        "unique_collisions": 0,
        "solid_lane_crosses": 0,
        "double_solid_lane_crosses": 0
    },
    {
        "game_time": 72.18214823771268,
        "vehicle_location": {
            "x": -32.79957580566406,
            "y": 88.04528045654297,
            "z": -0.037764012813568115
        },
        "vehicle_velocity": {
            "x": -3.242633184186161e-08,
            "y": -6.83177674432045e-08,
            "z": 0.00023828506527934223
        },
        "vehicle_throttle": 0.0,
        "unique_collisions": 0,
        "solid_lane_crosses": 0,
        "double_solid_lane_crosses": 0
    },
    {
        "game_time": 73.1865516519174,
        "vehicle_location": {
            "x": -32.79957580566406,
            "y": 88.04528045654297,
            "z": -0.03771907836198807
        },
        "vehicle_velocity": {
            "x": -4.083465654503016e-08,
            "y": 6.507967498237122e-08,
            "z": 0.0003946924116462469
        },
        "vehicle_throttle": 0.0,
        "unique_collisions": 0,
        "solid_lane_crosses": 0,
        "double_solid_lane_crosses": 0
    },
    {
        "game_time": 74.23533128108829,
        "vehicle_location": {
            "x": -32.79957580566406,
            "y": 88.04528045654297,
            "z": -0.037718161940574646
        },
        "vehicle_velocity": {
            "x": -5.250636547771137e-08,
            "y": 2.4547873067604087e-08,
            "z": -9.383201540913433e-05
        },
        "vehicle_throttle": 0.0,
        "unique_collisions": 0,
        "solid_lane_crosses": 0,
        "double_solid_lane_crosses": 0
    },
    {
        "game_time": 75.27129035908729,
        "vehicle_location": {
            "x": -32.79957580566406,
            "y": 88.04528045654297,
            "z": -0.03769847750663757
        },
        "vehicle_velocity": {
            "x": -2.0534070444000463e-08,
            "y": -9.516965882028217e-09,
            "z": -0.00015465258911717683
        },
        "vehicle_throttle": 0.0,
        "unique_collisions": 0,
        "solid_lane_crosses": 0,
        "double_solid_lane_crosses": 0
    },
    {
        "game_time": 76.32277649734169,
        "vehicle_location": {
            "x": -32.79957580566406,
            "y": 88.04528045654297,
            "z": -0.03768005222082138
        },
        "vehicle_velocity": {
            "x": 3.09243048945973e-08,
            "y": -8.313127075609827e-09,
            "z": -0.00016906738164834678
        },
        "vehicle_throttle": 0.0,
        "unique_collisions": 0,
        "solid_lane_crosses": 0,
        "double_solid_lane_crosses": 0
    },
    {
        "game_time": 77.36486583668739,
        "vehicle_location": {
            "x": -32.79957580566406,
            "y": 88.04528045654297,
            "z": -0.03771156072616577
        },
        "vehicle_velocity": {
            "x": -4.633574945955843e-08,
            "y": -7.008210900494305e-08,
            "z": -0.00031146049150265753
        },
        "vehicle_throttle": 0.0,
        "unique_collisions": 0,
        "solid_lane_crosses": 0,
        "double_solid_lane_crosses": 0
    },
    {
        "game_time": 78.36689686123282,
        "vehicle_location": {
            "x": -32.79957580566406,
            "y": 88.04528045654297,
            "z": -0.0377073660492897
        },
        "vehicle_velocity": {
            "x": -7.115894362641484e-08,
            "y": -2.42159945429421e-08,
            "z": -0.0002582931483630091
        },
        "vehicle_throttle": 0.0,
        "unique_collisions": 0,
        "solid_lane_crosses": 0,
        "double_solid_lane_crosses": 0
    },
    {
        "game_time": 79.43351676594466,
        "vehicle_location": {
            "x": -32.79957580566406,
            "y": 88.04528045654297,
            "z": -0.037755392491817474
        },
        "vehicle_velocity": {
            "x": -2.7214376530082518e-08,
            "y": -1.481371327827219e-07,
            "z": 0.00026141165290027857
        },
        "vehicle_throttle": 0.0,
        "unique_collisions": 0,
        "solid_lane_crosses": 0,
        "double_solid_lane_crosses": 0
    },
    {
        "game_time": 80.4966100146994,
        "vehicle_location": {
            "x": -32.79957580566406,
            "y": 88.04528045654297,
            "z": -0.037788085639476776
        },
        "vehicle_velocity": {
            "x": 1.1284464473959588e-09,
            "y": 1.8772772136799176e-07,
            "z": -0.0013056945754215121
        },
        "vehicle_throttle": 0.0,
        "unique_collisions": 0,
        "solid_lane_crosses": 0,
        "double_solid_lane_crosses": 0
    },
    {
        "game_time": 81.52607070934027,
        "vehicle_location": {
            "x": -32.79957580566406,
            "y": 88.04528045654297,
            "z": -0.037752874195575714
        },
        "vehicle_velocity": {
            "x": -3.096825906823142e-08,
            "y": -1.8058725004266307e-07,
            "z": -0.0002506255987100303
        },
        "vehicle_throttle": 0.0,
        "unique_collisions": 0,
        "solid_lane_crosses": 0,
        "double_solid_lane_crosses": 0
    },
    {
        "game_time": 82.58056141529232,
        "vehicle_location": {
            "x": -32.79957580566406,
            "y": 88.04528045654297,
            "z": -0.03770732879638672
        },
        "vehicle_velocity": {
            "x": -5.1838423331673766e-08,
            "y": -8.298989051525041e-09,
            "z": 1.3937949915998615e-05
        },
        "vehicle_throttle": 0.0,
        "unique_collisions": 0,
        "solid_lane_crosses": 0,
        "double_solid_lane_crosses": 0
    },
    {
        "game_time": 83.59746580850333,
        "vehicle_location": {
            "x": -32.79957580566406,
            "y": 88.04528045654297,
            "z": -0.037692755460739136
        },
        "vehicle_velocity": {
            "x": 1.954373018975275e-08,
            "y": -1.1157490042990048e-08,
            "z": 6.8154331529513e-05
        },
        "vehicle_throttle": 0.0,
        "unique_collisions": 0,
        "solid_lane_crosses": 0,
        "double_solid_lane_crosses": 0
    },
    {
        "game_time": 84.6217612894252,
        "vehicle_location": {
            "x": -32.79957580566406,
            "y": 88.04528045654297,
            "z": -0.037701644003391266
        },
        "vehicle_velocity": {
            "x": 5.0311900423594125e-08,
            "y": 1.796043420654314e-07,
            "z": 0.0002628231013659388
        },
        "vehicle_throttle": 0.0,
        "unique_collisions": 0,
        "solid_lane_crosses": 0,
        "double_solid_lane_crosses": 0
    },
    {
        "game_time": 85.63255237881094,
        "vehicle_location": {
            "x": -32.79957580566406,
            "y": 88.04528045654297,
            "z": -0.03772762045264244
        },
        "vehicle_velocity": {
            "x": 3.6046060358785326e-08,
            "y": 1.8821214098352357e-07,
            "z": 0.00029167174943722785
        },
        "vehicle_throttle": 0.0,
        "unique_collisions": 0,
        "solid_lane_crosses": 0,
        "double_solid_lane_crosses": 0
    },
    {
        "game_time": 86.65375832375139,
        "vehicle_location": {
            "x": -32.79957580566406,
            "y": 88.04528045654297,
            "z": -0.03773444890975952
        },
        "vehicle_velocity": {
            "x": 1.9711423604462652e-08,
            "y": 1.882024669441762e-08,
            "z": 0.00046120642218738794
        },
        "vehicle_throttle": 0.0,
        "unique_collisions": 0,
        "solid_lane_crosses": 0,
        "double_solid_lane_crosses": 0
    },
    {
        "game_time": 87.67722560372204,
        "vehicle_location": {
            "x": -32.79957580566406,
            "y": 88.04528045654297,
            "z": -0.037700116634368896
        },
        "vehicle_velocity": {
            "x": -1.596290566396874e-08,
            "y": -3.0688404706324945e-08,
            "z": 5.963802323094569e-05
        },
        "vehicle_throttle": 0.0,
        "unique_collisions": 0,
        "solid_lane_crosses": 0,
        "double_solid_lane_crosses": 0
    },
    {
        "game_time": 88.67842781823128,
        "vehicle_location": {
            "x": -32.79957580566406,
            "y": 88.04528045654297,
            "z": -0.037736549973487854
        },
        "vehicle_velocity": {
            "x": 1.1487954587607874e-08,
            "y": 3.6826059979233605e-09,
            "z": -0.001684484421275556
        },
        "vehicle_throttle": 0.0,
        "unique_collisions": 0,
        "solid_lane_crosses": 0,
        "double_solid_lane_crosses": 0
    },
    {
        "game_time": 89.73040419165045,
        "vehicle_location": {
            "x": -32.79957580566406,
            "y": 88.04528045654297,
            "z": -0.037639692425727844
        },
        "vehicle_velocity": {
            "x": 1.4118918478800424e-08,
            "y": 6.698811461092191e-08,
            "z": 4.687309228756931e-06
        },
        "vehicle_throttle": 0.0,
        "unique_collisions": 0,
        "solid_lane_crosses": 0,
        "double_solid_lane_crosses": 0
    },
    {
        "game_time": 90.79749136324972,
        "vehicle_location": {
            "x": -32.79957580566406,
            "y": 88.04528045654297,
            "z": -0.037752799689769745
        },
        "vehicle_velocity": {
            "x": -2.2379875730393906e-08,
            "y": -1.0042140274890698e-07,
            "z": -0.0006404590676538646
        },
        "vehicle_throttle": 0.0,
        "unique_collisions": 0,
        "solid_lane_crosses": 0,
        "double_solid_lane_crosses": 0
    },
    {
        "game_time": 91.80190878268331,
        "vehicle_location": {
            "x": -32.79957580566406,
            "y": 88.04528045654297,
            "z": -0.037660710513591766
        },
        "vehicle_velocity": {
            "x": -2.1007748429724415e-08,
            "y": -1.3371743534662528e-07,
            "z": 0.000258970248978585
        },
        "vehicle_throttle": 0.0,
        "unique_collisions": 0,
        "solid_lane_crosses": 0,
        "double_solid_lane_crosses": 0
    },
    {
        "game_time": 92.84710183832794,
        "vehicle_location": {
            "x": -32.800819396972656,
            "y": 88.0453109741211,
            "z": -0.037789344787597656
        },
        "vehicle_velocity": {
            "x": -0.042604684829711914,
            "y": 0.0010867394739761949,
            "z": 0.00018512725364416838
        },
        "vehicle_throttle": 0.75,
        "unique_collisions": 0,
        "solid_lane_crosses": 0,
        "double_solid_lane_crosses": 0
    },
    {
        "game_time": 93.87255790550262,
        "vehicle_location": {
            "x": -33.991783142089844,
            "y": 88.06700897216797,
            "z": -0.03926452621817589
        },
        "vehicle_velocity": {
            "x": -2.1546664237976074,
            "y": 0.0398564450442791,
            "z": -0.00024556159041821957
        },
        "vehicle_throttle": 0.75,
        "unique_collisions": 0,
        "solid_lane_crosses": 0,
        "double_solid_lane_crosses": 0
    },
    {
        "game_time": 94.93086221907288,
        "vehicle_location": {
            "x": -37.293113708496094,
            "y": 88.3801040649414,
            "z": -0.035504262894392014
        },
        "vehicle_velocity": {
            "x": -4.043179512023926,
            "y": 0.8016263246536255,
            "z": 0.01709241420030594
        },
        "vehicle_throttle": 0.75,
        "unique_collisions": 0,
        "solid_lane_crosses": 0,
        "double_solid_lane_crosses": 0
    },
    {
        "game_time": 95.98590458463877,
        "vehicle_location": {
            "x": -42.32622146606445,
            "y": 89.9964599609375,
            "z": -0.009731292724609375
        },
        "vehicle_velocity": {
            "x": -4.683927536010742,
            "y": 2.8242924213409424,
            "z": -0.005149149801582098
        },
        "vehicle_throttle": 0.0,
        "unique_collisions": 0,
        "solid_lane_crosses": 0,
        "double_solid_lane_crosses": 0
    },
    {
        "game_time": 97.02527837175876,
        "vehicle_location": {
            "x": -46.117523193359375,
            "y": 92.692138671875,
            "z": -0.01767623797059059
        },
        "vehicle_velocity": {
            "x": -3.092087984085083,
            "y": 3.3332555294036865,
            "z": 0.0024357223883271217
        },
        "vehicle_throttle": 0.75,
        "unique_collisions": 0,
        "solid_lane_crosses": 0,
        "double_solid_lane_crosses": 0
    },
    {
        "game_time": 98.06830868590623,
        "vehicle_location": {
            "x": -49.11172866821289,
            "y": 97.1652603149414,
            "z": -0.011913527734577656
        },
        "vehicle_velocity": {
            "x": -2.072300434112549,
            "y": 4.5861496925354,
            "z": 0.0018953847466036677
        },
        "vehicle_throttle": 0.75,
        "unique_collisions": 0,
        "solid_lane_crosses": 0,
        "double_solid_lane_crosses": 0
    },
    {
        "game_time": 99.07599710766226,
        "vehicle_location": {
            "x": -50.45759963989258,
            "y": 101.48435974121094,
            "z": 0.017767028883099556
        },
        "vehicle_velocity": {
            "x": -1.4904495477676392,
            "y": 4.700554370880127,
            "z": 0.005729637108743191
        },
        "vehicle_throttle": 0.75,
        "unique_collisions": 0,
        "solid_lane_crosses": 0,
        "double_solid_lane_crosses": 0
    },
    {
        "game_time": 100.07697789091617,
        "vehicle_location": {
            "x": -52.05579376220703,
            "y": 106.53524780273438,
            "z": 0.01962100900709629
        },
        "vehicle_velocity": {
            "x": -1.375112771987915,
            "y": 4.333613872528076,
            "z": 0.0005692672566510737
        },
        "vehicle_throttle": 0.75,
        "unique_collisions": 0,
        "solid_lane_crosses": 0,
        "double_solid_lane_crosses": 0
    },
    {
        "game_time": 101.11050663981587,
        "vehicle_location": {
            "x": -53.44270706176758,
            "y": 110.92861938476562,
            "z": 0.016583174467086792
        },
        "vehicle_velocity": {
            "x": -1.325910210609436,
            "y": 4.909670352935791,
            "z": 0.000986289931461215
        },
        "vehicle_throttle": 0.75,
        "unique_collisions": 0,
        "solid_lane_crosses": 0,
        "double_solid_lane_crosses": 0
    },
    {
        "game_time": 102.14379211794585,
        "vehicle_location": {
            "x": -54.9102783203125,
            "y": 116.2651596069336,
            "z": 0.017131689935922623
        },
        "vehicle_velocity": {
            "x": -1.4522072076797485,
            "y": 5.215785503387451,
            "z": -2.346038854739163e-06
        },
        "vehicle_throttle": 0.75,
        "unique_collisions": 0,
        "solid_lane_crosses": 0,
        "double_solid_lane_crosses": 0
    },
    {
        "game_time": 103.19844526890665,
        "vehicle_location": {
            "x": -56.51444625854492,
            "y": 121.23390197753906,
            "z": 0.017217978835105896
        },
        "vehicle_velocity": {
            "x": -1.722246527671814,
            "y": 4.354832172393799,
            "z": -0.00023224830511026084
        },
        "vehicle_throttle": 0.75,
        "unique_collisions": 0,
        "solid_lane_crosses": 0,
        "double_solid_lane_crosses": 0
    },
    {
        "game_time": 104.2511237571016,
        "vehicle_location": {
            "x": -58.772239685058594,
            "y": 126.23114013671875,
            "z": 0.018797529861330986
        },
        "vehicle_velocity": {
            "x": -2.4249491691589355,
            "y": 4.381430149078369,
            "z": 0.003932523541152477
        },
        "vehicle_throttle": 0.75,
        "unique_collisions": 0,
        "solid_lane_crosses": 0,
        "double_solid_lane_crosses": 0
    },
    {
        "game_time": 105.26755207125098,
        "vehicle_location": {
            "x": -61.6470947265625,
            "y": 130.658203125,
            "z": 0.020038222894072533
        },
        "vehicle_velocity": {
            "x": -2.680461883544922,
            "y": 3.48034405708313,
            "z": 0.00023402213992085308
        },
        "vehicle_throttle": 0.75,
        "unique_collisions": 0,
        "solid_lane_crosses": 0,
        "double_solid_lane_crosses": 0
    },
    {
        "game_time": 106.30865521822125,
        "vehicle_location": {
            "x": -64.92578887939453,
            "y": 134.40185546875,
            "z": 0.015874633565545082
        },
        "vehicle_velocity": {
            "x": -4.1180572509765625,
            "y": 3.948148488998413,
            "z": -0.00032255650148727
        },
        "vehicle_throttle": 0.0,
        "unique_collisions": 0,
        "solid_lane_crosses": 0,
        "double_solid_lane_crosses": 0
    },
    {
        "game_time": 107.33295095805079,
        "vehicle_location": {
            "x": -68.72242736816406,
            "y": 137.61680603027344,
            "z": 0.018088264390826225
        },
        "vehicle_velocity": {
            "x": -3.4982762336730957,
            "y": 2.3913087844848633,
            "z": -0.00014752388233318925
        },
        "vehicle_throttle": 0.75,
        "unique_collisions": 0,
        "solid_lane_crosses": 0,
        "double_solid_lane_crosses": 0
    },
    {
        "game_time": 108.35386399831623,
        "vehicle_location": {
            "x": -73.11727905273438,
            "y": 140.27420043945312,
            "z": 0.01658012345433235
        },
        "vehicle_velocity": {
            "x": -5.181564807891846,
            "y": 2.6104040145874023,
            "z": -4.5304295781534165e-05
        },
        "vehicle_throttle": 0.0,
        "unique_collisions": 0,
        "solid_lane_crosses": 0,
        "double_solid_lane_crosses": 0
    },
    {
        "game_time": 109.36964895483106,
        "vehicle_location": {
            "x": -77.44430541992188,
            "y": 142.113037109375,
            "z": 0.017215728759765625
        },
        "vehicle_velocity": {
            "x": -4.147085189819336,
            "y": 1.3591763973236084,
            "z": -0.00010859488975256681
        },
        "vehicle_throttle": 0.75,
        "unique_collisions": 0,
        "solid_lane_crosses": 0,
        "double_solid_lane_crosses": 0
    },
    {
        "game_time": 110.39056957606226,
        "vehicle_location": {
            "x": -82.54995727539062,
            "y": 143.3930206298828,
            "z": 0.018439751118421555
        },
        "vehicle_velocity": {
            "x": -5.33597993850708,
            "y": 0.9613254070281982,
            "z": 0.00010141372331418097
        },
        "vehicle_throttle": 0.0,
        "unique_collisions": 0,
        "solid_lane_crosses": 0,
        "double_solid_lane_crosses": 0
    },
    {
        "game_time": 111.47102354001254,
        "vehicle_location": {
            "x": -87.27703857421875,
            "y": 143.93017578125,
            "z": 0.016496313735842705
        },
        "vehicle_velocity": {
            "x": -4.569511413574219,
            "y": 0.266536682844162,
            "z": -0.0006903266767039895
        },
        "vehicle_throttle": 0.75,
        "unique_collisions": 0,
        "solid_lane_crosses": 0,
        "double_solid_lane_crosses": 0
    },
    {
        "game_time": 112.48094285372645,
        "vehicle_location": {
            "x": -92.5421142578125,
            "y": 144.12588500976562,
            "z": 0.019515113905072212
        },
        "vehicle_velocity": {
            "x": -4.9994306564331055,
            "y": 0.10046368092298508,
            "z": -0.004150114022195339
        },
        "vehicle_throttle": 0.75,
        "unique_collisions": 0,
        "solid_lane_crosses": 0,
        "double_solid_lane_crosses": 0
    },
    {
        "game_time": 113.48356244061142,
        "vehicle_location": {
            "x": -97.09892272949219,
            "y": 144.18455505371094,
            "z": 0.016423415392637253
        },
        "vehicle_velocity": {
            "x": -4.937897682189941,
            "y": 0.03417631983757019,
            "z": -0.0015458487905561924
        },
        "vehicle_throttle": 0.75,
        "unique_collisions": 0,
        "solid_lane_crosses": 0,
        "double_solid_lane_crosses": 0
    },
    {
        "game_time": 114.49490611162037,
        "vehicle_location": {
            "x": -102.42194366455078,
            "y": 144.20098876953125,
            "z": 0.019156035035848618
        },
        "vehicle_velocity": {
            "x": -4.6037983894348145,
            "y": 0.000544345413800329,
            "z": -0.0005204582121223211
        },
        "vehicle_throttle": 0.75,
        "unique_collisions": 0,
        "solid_lane_crosses": 0,
        "double_solid_lane_crosses": 0
    },
    {
        "game_time": 115.52304495032877,
        "vehicle_location": {
            "x": -107.11680603027344,
            "y": 144.20303344726562,
            "z": 0.016871681436896324
        },
        "vehicle_velocity": {
            "x": -5.125787734985352,
            "y": 0.002492698607966304,
            "z": 8.496284135617316e-05
        },
        "vehicle_throttle": 0.75,
        "unique_collisions": 0,
        "solid_lane_crosses": 0,
        "double_solid_lane_crosses": 0
    }
]