[
    {
        "game_time": 5.627972058486193,
        "vehicle_location": {
            "x": 15.31899642944336,
            "y": 201.61355590820312,
            "z": -0.040246620774269104
        },
        "vehicle_velocity": {
            "x": 1.0486270189285278,
            "y": -0.22860530018806458,
            "z": -0.0004235076776240021
        },
        "vehicle_throttle": 0.75,
        "unique_collisions": 0,
        "solid_lane_crosses": 0,
        "double_solid_lane_crosses": 0
    },
    {
        "game_time": 6.642787686083466,
        "vehicle_location": {
            "x": 17.77027130126953,
            "y": 201.08380126953125,
            "z": -0.039280738681554794
        },
        "vehicle_velocity": {
            "x": 3.338672399520874,
            "y": -1.1894195079803467,
            "z": -0.0015977858565747738
        },
        "vehicle_throttle": 0.75,
        "unique_collisions": 0,
        "solid_lane_crosses": 0,
        "double_solid_lane_crosses": 0
    },
    {
        "game_time": 7.664154137019068,
        "vehicle_location": {
            "x": 21.91980743408203,
            "y": 199.16259765625,
            "z": -0.03936630114912987
        },
        "vehicle_velocity": {
            "x": 4.532304286956787,
            "y": -3.203794240951538,
            "z": 6.937980651855469e-05
        },
        "vehicle_throttle": 0.75,
        "unique_collisions": 0,
        "solid_lane_crosses": 0,
        "double_solid_lane_crosses": 0
    },
    {
        "game_time": 8.691477320622653,
        "vehicle_location": {
            "x": 25.704784393310547,
            "y": 195.849365234375,
            "z": -0.037098005414009094
        },
        "vehicle_velocity": {
            "x": 2.6663355827331543,
            "y": -3.2300026416778564,
            "z": 0.0001861953642219305
        },
        "vehicle_throttle": 0.75,
        "unique_collisions": 0,
        "solid_lane_crosses": 0,
        "double_solid_lane_crosses": 0
    },
    {
        "game_time": 9.705724445637316,
        "vehicle_location": {
            "x": 28.352542877197266,
            "y": 191.69168090820312,
            "z": -0.03819087892770767
        },
        "vehicle_velocity": {
            "x": 2.2303903102874756,
            "y": -4.943600654602051,
            "z": -0.00036440847907215357
        },
        "vehicle_throttle": 0.0,
        "unique_collisions": 0,
        "solid_lane_crosses": 0,
        "double_solid_lane_crosses": 0
    },
    {
        "game_time": 10.737536719534546,
        "vehicle_location": {
            "x": 29.80255699157715,
            "y": 188.27490234375,
            "z": -0.03766494616866112
        },
        "vehicle_velocity": {
            "x": 0.8529137372970581,
            "y": -2.671382188796997,
            "z": 0.00018095970153808594
        },
        "vehicle_throttle": 0.75,
        "unique_collisions": 0,
        "solid_lane_crosses": 0,
        "double_solid_lane_crosses": 0
    },
    {
        "game_time": 11.782933291513473,
        "vehicle_location": {
            "x": 30.538217544555664,
            "y": 185.6101531982422,
            "z": -0.03582214191555977
        },
        "vehicle_velocity": {
            "x": 0.34421461820602417,
            "y": -1.4936730861663818,
            "z": 0.000674505194183439
        },
        "vehicle_throttle": 0.75,
        "unique_collisions": 0,
        "solid_lane_crosses": 0,
        "double_solid_lane_crosses": 0
    },
    {
        "game_time": 12.827982197050005,
        "vehicle_location": {
            "x": 30.939809799194336,
            "y": 183.11634826660156,
            "z": -0.039137303829193115
        },
        "vehicle_velocity": {
            "x": 0.32865259051322937,
            "y": -3.2544169425964355,
            "z": 0.0001912212319439277
        },
        "vehicle_throttle": 0.0,
        "unique_collisions": 0,
        "solid_lane_crosses": 0,
        "double_solid_lane_crosses": 0
    },
    {
        "game_time": 13.83737056562677,
        "vehicle_location": {
            "x": 31.21111488342285,
            "y": 180.19834899902344,
            "z": -0.03560001403093338
        },
        "vehicle_velocity": {
            "x": 0.15434737503528595,
            "y": -2.370218515396118,
            "z": 0.0005096197128295898
        },
        "vehicle_throttle": 0.75,
        "unique_collisions": 0,
        "solid_lane_crosses": 0,
        "double_solid_lane_crosses": 0
    },
    {
        "game_time": 14.875588080380112,
        "vehicle_location": {
            "x": 31.35798454284668,
            "y": 177.18833923339844,
            "z": -0.03557426482439041
        },
        "vehicle_velocity": {
            "x": 0.1332675963640213,
            "y": -2.5591092109680176,
            "z": -0.0007129764417186379
        },
        "vehicle_throttle": 0.75,
        "unique_collisions": 0,
        "solid_lane_crosses": 0,
        "double_solid_lane_crosses": 0
    },
    {
        "game_time": 15.91939242510125,
        "vehicle_location": {
            "x": 31.427494049072266,
            "y": 174.836181640625,
            "z": -0.03498012572526932
        },
        "vehicle_velocity": {
            "x": 0.022927772253751755,
            "y": -1.095634937286377,
            "z": -0.0001576900394866243
        },
        "vehicle_throttle": 0.75,
        "unique_collisions": 0,
        "solid_lane_crosses": 0,
        "double_solid_lane_crosses": 0
    },
    {
        "game_time": 16.947348702233285,
        "vehicle_location": {
            "x": 31.443803787231445,
            "y": 174.11993408203125,
            "z": -0.03694305196404457
        },
        "vehicle_velocity": {
            "x": 0.008129945024847984,
            "y": -0.3571580946445465,
            "z": 0.00041121005779132247
        },
        "vehicle_throttle": 0.75,
        "unique_collisions": 0,
        "solid_lane_crosses": 0,
        "double_solid_lane_crosses": 0
    },
    {
        "game_time": 18.014588612597436,
        "vehicle_location": {
            "x": 31.453197479248047,
            "y": 173.80007934570312,
            "z": -0.03721565008163452
        },
        "vehicle_velocity": {
            "x": 0.00015622115461155772,
            "y": -0.0023782323114573956,
            "z": 0.0008203506004065275
        },
        "vehicle_throttle": 0.0,
        "unique_collisions": 0,
        "solid_lane_crosses": 0,
        "double_solid_lane_crosses": 0
    },
    {
        "game_time": 19.035049208905548,
        "vehicle_location": {
            "x": 31.456687927246094,
            "y": 173.66497802734375,
            "z": -0.037521056830883026
        },
        "vehicle_velocity": {
            "x": 0.00010209728498011827,
            "y": -0.004385561216622591,
            "z": -0.0004713725938927382
        },
        "vehicle_throttle": 0.0,
        "unique_collisions": 0,
        "solid_lane_crosses": 0,
        "double_solid_lane_crosses": 0
    },
    {
        "game_time": 20.05697581684217,
        "vehicle_location": {
            "x": 31.456960678100586,
            "y": 173.641845703125,
            "z": -0.03767997771501541
        },
        "vehicle_velocity": {
            "x": 0.0012653011362999678,
            "y": -0.05706826224923134,
            "z": 0.0003492498362902552
        },
        "vehicle_throttle": 0.75,
        "unique_collisions": 0,
        "solid_lane_crosses": 0,
        "double_solid_lane_crosses": 0
    },
    {
        "game_time": 21.10766607662663,
        "vehicle_location": {
            "x": 31.457294464111328,
            "y": 173.62167358398438,
            "z": -0.03770610690116882
        },
        "vehicle_velocity": {
            "x": 0.00098181061912328,
            "y": -0.04492535442113876,
            "z": -0.0005899524549022317
        },
        "vehicle_throttle": 0.75,
        "unique_collisions": 0,
        "solid_lane_crosses": 0,
        "double_solid_lane_crosses": 0
    },
    {
        "game_time": 22.116018374916166,
        "vehicle_location": {
            "x": 31.457481384277344,
            "y": 173.6136474609375,
            "z": -0.03768131136894226
        },
        "vehicle_velocity": {
            "x": -1.9658482415252365e-06,
            "y": 2.2909336621523835e-05,
            "z": 0.00045659541501663625
        },
        "vehicle_throttle": 0.0,
        "unique_collisions": 0,
        "solid_lane_crosses": 0,
        "double_solid_lane_crosses": 0
    },
    {
        "game_time": 23.172821601387113,
        "vehicle_location": {
            "x": 31.45787811279297,
            "y": 173.5703125,
            "z": -0.03854312747716904
        },
        "vehicle_velocity": {
            "x": 0.0012837706599384546,
            "y": -0.21701005101203918,
            "z": -0.0006186294485814869
        },
        "vehicle_throttle": 0.0,
        "unique_collisions": 0,
        "solid_lane_crosses": 0,
        "double_solid_lane_crosses": 0
    },
    {
        "game_time": 24.25232202326879,
        "vehicle_location": {
            "x": 31.4616641998291,
            "y": 173.3410186767578,
            "z": -0.03792877122759819
        },
        "vehicle_velocity": {
            "x": 0.010777082294225693,
            "y": -0.2985396981239319,
            "z": -4.6448705688817427e-05
        },
        "vehicle_throttle": 0.0,
        "unique_collisions": 0,
        "solid_lane_crosses": 0,
        "double_solid_lane_crosses": 0
    },
    {
        "game_time": 25.31107138423249,
        "vehicle_location": {
            "x": 31.47691535949707,
            "y": 172.40257263183594,
            "z": -0.03902576491236687
        },
        "vehicle_velocity": {
            "x": 0.019792217761278152,
            "y": -1.6002908945083618,
            "z": -0.0009828758193179965
        },
        "vehicle_throttle": 0.75,
        "unique_collisions": 0,
        "solid_lane_crosses": 0,
        "double_solid_lane_crosses": 0
    },
    {
        "game_time": 26.323004874866456,
        "vehicle_location": {
            "x": 31.49924659729004,
            "y": 170.43934631347656,
            "z": -0.0390431210398674
        },
        "vehicle_velocity": {
            "x": 0.020440902560949326,
            "y": -2.544548988342285,
            "z": -0.0009260272490791976
        },
        "vehicle_throttle": 0.0,
        "unique_collisions": 0,
        "solid_lane_crosses": 0,
        "double_solid_lane_crosses": 0
    },
    {
        "game_time": 27.329577933531255,
        "vehicle_location": {
            "x": 31.518157958984375,
            "y": 167.8629608154297,
            "z": -0.03932788595557213
        },
        "vehicle_velocity": {
            "x": 0.021047329530119896,
            "y": -3.350947856903076,
            "z": 0.0006401776918210089
        },
        "vehicle_throttle": 0.75,
        "unique_collisions": 0,
        "solid_lane_crosses": 0,
        "double_solid_lane_crosses": 0
    },
    {
        "game_time": 28.405968136619776,
        "vehicle_location": {
            "x": 31.531112670898438,
            "y": 164.6488494873047,
            "z": -0.038645628839731216
        },
        "vehicle_velocity": {
            "x": 0.008304071612656116,
            "y": -2.8168928623199463,
            "z": -0.001227741246111691
        },
        "vehicle_throttle": 0.75,
        "unique_collisions": 0,
        "solid_lane_crosses": 0,
        "double_solid_lane_crosses": 0
    },
    {
        "game_time": 29.468492110725492,
        "vehicle_location": {
            "x": 31.538225173950195,
            "y": 161.45217895507812,
            "z": -0.03806411474943161
        },
        "vehicle_velocity": {
            "x": 0.005736707244068384,
            "y": -2.8262834548950195,
            "z": -0.0017011070158332586
        },
        "vehicle_throttle": 0.75,
        "unique_collisions": 0,
        "solid_lane_crosses": 0,
        "double_solid_lane_crosses": 0
    },
    {
        "game_time": 30.48983896197751,
        "vehicle_location": {
            "x": 31.542430877685547,
            "y": 159.19496154785156,
            "z": -0.03653961047530174
        },
        "vehicle_velocity": {
            "x": 0.0025839891750365496,
            "y": -1.8216266632080078,
            "z": -0.0003287792205810547
        },
        "vehicle_throttle": 0.75,
        "unique_collisions": 0,
        "solid_lane_crosses": 0,
        "double_solid_lane_crosses": 0
    },
    {
        "game_time": 31.54382278257981,
        "vehicle_location": {
            "x": 31.545743942260742,
            "y": 156.68309020996094,
            "z": -0.03872566297650337
        },
        "vehicle_velocity": {
            "x": 0.0032348965760320425,
            "y": -2.885857582092285,
            "z": 0.0013596677454188466
        },
        "vehicle_throttle": 0.75,
        "unique_collisions": 0,
        "solid_lane_crosses": 0,
        "double_solid_lane_crosses": 0
    },
    {
        "game_time": 32.56542680086568,
        "vehicle_location": {
            "x": 31.548248291015625,
            "y": 154.15432739257812,
            "z": -0.03921012952923775
        },
        "vehicle_velocity": {
            "x": 0.002597733633592725,
            "y": -2.9586431980133057,
            "z": -0.00042235373985022306
        },
        "vehicle_throttle": 0.75,
        "unique_collisions": 0,
        "solid_lane_crosses": 0,
        "double_solid_lane_crosses": 0
    },
    {
        "game_time": 33.596504053566605,
        "vehicle_location": {
            "x": 31.550495147705078,
            "y": 150.9786376953125,
            "z": -0.038905296474695206
        },
        "vehicle_velocity": {
            "x": 0.002446018159389496,
            "y": -3.3454623222351074,
            "z": -0.0012643813388422132
        },
        "vehicle_throttle": 0.0,
        "unique_collisions": 0,
        "solid_lane_crosses": 0,
        "double_solid_lane_crosses": 0
    },
    {
        "game_time": 34.61564765544608,
        "vehicle_location": {
            "x": 31.552352905273438,
            "y": 147.7137451171875,
            "z": -0.038536183536052704
        },
        "vehicle_velocity": {
            "x": 0.0018435308011248708,
            "y": -3.639692544937134,
            "z": 0.0004140949167776853
        },
        "vehicle_throttle": 0.0,
        "unique_collisions": 0,
        "solid_lane_crosses": 0,
        "double_solid_lane_crosses": 0
    },
    {
        "game_time": 35.65297757694498,
        "vehicle_location": {
            "x": 31.55387306213379,
            "y": 144.721435546875,
            "z": -0.039287298917770386
        },
        "vehicle_velocity": {
            "x": 0.0016103893285617232,
            "y": -3.453148365020752,
            "z": -0.0014489650493487716
        },
        "vehicle_throttle": 0.75,
        "unique_collisions": 0,
        "solid_lane_crosses": 0,
        "double_solid_lane_crosses": 0
    },
    {
        "game_time": 36.71083419909701,
        "vehicle_location": {
            "x": 31.55511474609375,
            "y": 141.97950744628906,
            "z": -0.037508122622966766
        },
        "vehicle_velocity": {
            "x": 0.0007060669013299048,
            "y": -1.5729166269302368,
            "z": 0.0015743684489279985
        },
        "vehicle_throttle": 0.0,
        "unique_collisions": 0,
        "solid_lane_crosses": 0,
        "double_solid_lane_crosses": 0
    },
    {
        "game_time": 37.764578049536794,
        "vehicle_location": {
            "x": 31.55636978149414,
            "y": 141.111572265625,
            "z": -0.03839503973722458
        },
        "vehicle_velocity": {
            "x": 0.0004288892960175872,
            "y": -0.6451836824417114,
            "z": -0.0008419418008998036
        },
        "vehicle_throttle": 0.75,
        "unique_collisions": 0,
        "solid_lane_crosses": 0,
        "double_solid_lane_crosses": 0
    },
    {
        "game_time": 38.77712824428454,
        "vehicle_location": {
            "x": 31.55741310119629,
            "y": 140.81919860839844,
            "z": -0.03699436038732529
        },
        "vehicle_velocity": {
            "x": -0.00022956823522690684,
            "y": -0.02464761771261692,
            "z": -0.00039114951505325735
        },
        "vehicle_throttle": 0.75,
        "unique_collisions": 0,
        "solid_lane_crosses": 0,
        "double_solid_lane_crosses": 0
    },
    {
        "game_time": 39.8370860167779,
        "vehicle_location": {
            "x": 31.556110382080078,
            "y": 140.68551635742188,
            "z": -0.0379742793738842
        },
        "vehicle_velocity": {
            "x": -0.0004233366053085774,
            "y": -0.21217820048332214,
            "z": -0.0013749884674325585
        },
        "vehicle_throttle": 0.75,
        "unique_collisions": 0,
        "solid_lane_crosses": 0,
        "double_solid_lane_crosses": 0
    },
    {
        "game_time": 40.868976306635886,
        "vehicle_location": {
            "x": 31.556468963623047,
            "y": 140.60391235351562,
            "z": -0.03762626647949219
        },
        "vehicle_velocity": {
            "x": 9.27472569856036e-07,
            "y": -0.019917605444788933,
            "z": -0.00014503479178529233
        },
        "vehicle_throttle": 0.75,
        "unique_collisions": 0,
        "solid_lane_crosses": 0,
        "double_solid_lane_crosses": 0
    },
    {
        "game_time": 41.88677872205153,
        "vehicle_location": {
            "x": 31.55646324157715,
            "y": 140.57925415039062,
            "z": -0.0376654788851738
        },
        "vehicle_velocity": {
            "x": -3.8633282883893116e-07,
            "y": 6.585328083019704e-05,
            "z": -0.00017684936756268144
        },
        "vehicle_throttle": 0.0,
        "unique_collisions": 0,
        "solid_lane_crosses": 0,
        "double_solid_lane_crosses": 0
    },
    {
        "game_time": 42.90320743853226,
        "vehicle_location": {
            "x": 31.55646324157715,
            "y": 140.57923889160156,
            "z": -0.037767522037029266
        },
        "vehicle_velocity": {
            "x": 7.404181445735958e-08,
            "y": 3.494442424312183e-08,
            "z": -0.0007821559556759894
        },
        "vehicle_throttle": 0.0,
        "unique_collisions": 0,
        "solid_lane_crosses": 0,
        "double_solid_lane_crosses": 0
    },
    {
        "game_time": 43.93025670433417,
        "vehicle_location": {
            "x": 31.55646324157715,
            "y": 140.57923889160156,
            "z": -0.03772136569023132
        },
        "vehicle_velocity": {
            "x": 3.473478393800633e-09,
            "y": 2.6031315769614594e-08,
            "z": 0.00025534152518957853
        },
        "vehicle_throttle": 0.0,
        "unique_collisions": 0,
        "solid_lane_crosses": 0,
        "double_solid_lane_crosses": 0
    },
    {
        "game_time": 44.990838408935815,
        "vehicle_location": {
            "x": 31.55646324157715,
            "y": 140.57923889160156,
            "z": -0.03771171346306801
        },
        "vehicle_velocity": {
            "x": 5.384819701248489e-08,
            "y": -7.249784061968967e-08,
            "z": -0.0015241336077451706
        },
        "vehicle_throttle": 0.0,
        "unique_collisions": 0,
        "solid_lane_crosses": 0,
        "double_solid_lane_crosses": 0
    },
    {
        "game_time": 46.01438762387261,
        "vehicle_location": {
            "x": 31.55646324157715,
            "y": 140.57923889160156,
            "z": -0.03772769868373871
        },
        "vehicle_velocity": {
            "x": -1.488423606588185e-08,
            "y": 6.334583968481411e-09,
            "z": 0.0007210969924926758
        },
        "vehicle_throttle": 0.0,
        "unique_collisions": 0,
        "solid_lane_crosses": 0,
        "double_solid_lane_crosses": 0
    },
    {
        "game_time": 47.082740569952875,
        "vehicle_location": {
            "x": 31.55646324157715,
            "y": 140.57923889160156,
            "z": -0.037763211876153946
        },
        "vehicle_velocity": {
            "x": -3.834747985820286e-08,
            "y": -3.620242594593037e-08,
            "z": -0.0006124877836555243
        },
        "vehicle_throttle": 0.0,
        "unique_collisions": 0,
        "solid_lane_crosses": 0,
        "double_solid_lane_crosses": 0
    },
    {
        "game_time": 48.106147529091686,
        "vehicle_location": {
            "x": 31.55646324157715,
            "y": 140.57923889160156,
            "z": -0.037737999111413956
        },
        "vehicle_velocity": {
            "x": -6.749466763267264e-08,
            "y": -1.9180189880785292e-08,
            "z": 0.0001683330483501777
        },
        "vehicle_throttle": 0.0,
        "unique_collisions": 0,
        "solid_lane_crosses": 0,
        "double_solid_lane_crosses": 0
    },
    {
        "game_time": 49.19141526101157,
        "vehicle_location": {
            "x": 31.55646324157715,
            "y": 140.57923889160156,
            "z": -0.037782780826091766
        },
        "vehicle_velocity": {
            "x": 6.283646314386715e-08,
            "y": -1.9223080072183762e-10,
            "z": -0.0009311294415965676
        },
        "vehicle_throttle": 0.0,
        "unique_collisions": 0,
        "solid_lane_crosses": 0,
        "double_solid_lane_crosses": 0
    },
    {
        "game_time": 50.195998911280185,
        "vehicle_location": {
            "x": 31.55646324157715,
            "y": 140.57923889160156,
            "z": -0.037748754024505615
        },
        "vehicle_velocity": {
            "x": -4.739906955819606e-08,
            "y": 2.4844593937700665e-08,
            "z": 0.0017451238818466663
        },
        "vehicle_throttle": 0.0,
        "unique_collisions": 0,
        "solid_lane_crosses": 0,
        "double_solid_lane_crosses": 0
    },
    {
        "game_time": 51.21095786290243,
        "vehicle_location": {
            "x": 31.55646324157715,
            "y": 140.57923889160156,
            "z": -0.03772499039769173
        },
        "vehicle_velocity": {
            "x": -1.9479957202861442e-08,
            "y": 6.806417474081172e-08,
            "z": 0.0009210347780026495
        },
        "vehicle_throttle": 0.0,
        "unique_collisions": 0,
        "solid_lane_crosses": 0,
        "double_solid_lane_crosses": 0
    },
    {
        "game_time": 52.31554628023878,
        "vehicle_location": {
            "x": 31.55646324157715,
            "y": 140.57923889160156,
            "z": -0.03777759522199631
        },
        "vehicle_velocity": {
            "x": -5.545795644934515e-08,
            "y": 4.991543889332206e-08,
            "z": -1.814842107705772e-05
        },
        "vehicle_throttle": 0.0,
        "unique_collisions": 0,
        "solid_lane_crosses": 0,
        "double_solid_lane_crosses": 0
    },
    {
        "game_time": 53.358514674473554,
        "vehicle_location": {
            "x": 31.55646324157715,
            "y": 140.57923889160156,
            "z": -0.037686653435230255
        },
        "vehicle_velocity": {
            "x": -1.65633167625856e-07,
            "y": -9.579961712802287e-09,
            "z": -0.00048210142995230854
        },
        "vehicle_throttle": 0.0,
        "unique_collisions": 0,
        "solid_lane_crosses": 0,
        "double_solid_lane_crosses": 0
    },
    {
        "game_time": 54.40699862735346,
        "vehicle_location": {
            "x": 31.55646324157715,
            "y": 140.57923889160156,
            "z": -0.037699852138757706
        },
        "vehicle_velocity": {
            "x": -1.4886681753978337e-07,
            "y": -1.5929099816958114e-08,
            "z": 0.0008024978451430798
        },
        "vehicle_throttle": 0.0,
        "unique_collisions": 0,
        "solid_lane_crosses": 0,
        "double_solid_lane_crosses": 0
    },
    {
        "game_time": 55.422352828551084,
        "vehicle_location": {
            "x": 31.55646324157715,
            "y": 140.57923889160156,
            "z": -0.03771506994962692
        },
        "vehicle_velocity": {
            "x": 1.0917037940316732e-08,
            "y": -4.392594021851437e-08,
            "z": -0.0004674816154874861
        },
        "vehicle_throttle": 0.0,
        "unique_collisions": 0,
        "solid_lane_crosses": 0,
        "double_solid_lane_crosses": 0
    },
    {
        "game_time": 56.434662526939064,
        "vehicle_location": {
            "x": 31.55646324157715,
            "y": 140.57923889160156,
            "z": -0.03770938888192177
        },
        "vehicle_velocity": {
            "x": 1.5411842468893155e-08,
            "y": -1.0660291316355597e-08,
            "z": -0.00035406587994657457
        },
        "vehicle_throttle": 0.0,
        "unique_collisions": 0,
        "solid_lane_crosses": 0,
        "double_solid_lane_crosses": 0
    },
    {
        "game_time": 57.48383615585044,
        "vehicle_location": {
            "x": 31.55646324157715,
            "y": 140.57923889160156,
            "z": -0.03770843520760536
        },
        "vehicle_velocity": {
            "x": 1.0118472459907935e-07,
            "y": 5.7534411013193676e-08,
            "z": 0.0007047223625704646
        },
        "vehicle_throttle": 0.0,
        "unique_collisions": 0,
        "solid_lane_crosses": 0,
        "double_solid_lane_crosses": 0
    },
    {
        "game_time": 58.48631734447554,
        "vehicle_location": {
            "x": 31.55646324157715,
            "y": 140.57923889160156,
            "z": -0.037727583199739456
        },
        "vehicle_velocity": {
            "x": -1.5057129587603413e-07,
            "y": 4.300948575064467e-08,
            "z": -0.0002119064301950857
        },
        "vehicle_throttle": 0.0,
        "unique_collisions": 0,
        "solid_lane_crosses": 0,
        "double_solid_lane_crosses": 0
    },
    {
        "game_time": 59.558727162424475,
        "vehicle_location": {
            "x": 31.55646324157715,
            "y": 140.57923889160156,
            "z": -0.03771694004535675
        },
        "vehicle_velocity": {
            "x": -3.347026833466771e-08,
            "y": 8.007386753661194e-09,
            "z": 0.0006685638218186796
        },
        "vehicle_throttle": 0.0,
        "unique_collisions": 0,
        "solid_lane_crosses": 0,
        "double_solid_lane_crosses": 0
    },
    {
        "game_time": 60.57936463924125,
        "vehicle_location": {
            "x": 31.55646324157715,
            "y": 140.57923889160156,
            "z": -0.03768337145447731
        },
        "vehicle_velocity": {
            "x": 1.461506968780668e-07,
            "y": 4.938340580906697e-08,
            "z": 9.388446778757498e-05
        },
        "vehicle_throttle": 0.0,
        "unique_collisions": 0,
        "solid_lane_crosses": 0,
        "double_solid_lane_crosses": 0
    },
    {
        "game_time": 61.59693435067311,
        "vehicle_location": {
            "x": 31.55646324157715,
            "y": 140.57923889160156,
            "z": -0.03766075149178505
        },
        "vehicle_velocity": {
            "x": -2.5955468885285882e-08,
            "y": -5.833753480288806e-09,
            "z": 0.00042111871880479157
        },
        "vehicle_throttle": 0.0,
        "unique_collisions": 0,
        "solid_lane_crosses": 0,
        "double_solid_lane_crosses": 0
    },
    {
        "game_time": 62.65897939959541,
        "vehicle_location": {
            "x": 31.55646324157715,
            "y": 140.57923889160156,
            "z": -0.037705764174461365
        },
        "vehicle_velocity": {
            "x": -6.439486277542983e-09,
            "y": 2.516286201625917e-08,
            "z": 0.0009297084761783481
        },
        "vehicle_throttle": 0.0,
        "unique_collisions": 0,
        "solid_lane_crosses": 0,
        "double_solid_lane_crosses": 0
    },
    {
        "game_time": 63.6866678618826,
        "vehicle_location": {
            "x": 31.55646324157715,
            "y": 140.57923889160156,
            "z": -0.037763822823762894
        },
        "vehicle_velocity": {
            "x": -5.748042930520114e-09,
            "y": 5.8270459568632305e-09,
            "z": -0.0008499908144585788
        },
        "vehicle_throttle": 0.0,
        "unique_collisions": 0,
        "solid_lane_crosses": 0,
        "double_solid_lane_crosses": 0
    },
    {
        "game_time": 64.68674024613574,
        "vehicle_location": {
            "x": 31.55646324157715,
            "y": 140.57923889160156,
            "z": -0.037722550332546234
        },
        "vehicle_velocity": {
            "x": 1.4955854510390054e-07,
            "y": 7.275278335328039e-08,
            "z": 0.0006266880081966519
        },
        "vehicle_throttle": 0.0,
        "unique_collisions": 0,
        "solid_lane_crosses": 0,
        "double_solid_lane_crosses": 0
    },
    {
        "game_time": 65.72838400164619,
        "vehicle_location": {
            "x": 31.55646324157715,
            "y": 140.57923889160156,
            "z": -0.037700116634368896
        },
        "vehicle_velocity": {
            "x": -2.1948282835637656e-07,
            "y": -1.0766002311868306e-08,
            "z": 0.0004636859812308103
        },
        "vehicle_throttle": 0.0,
        "unique_collisions": 0,
        "solid_lane_crosses": 0,
        "double_solid_lane_crosses": 0
    },
    {
        "game_time": 66.76612627552822,
        "vehicle_location": {
            "x": 31.55646324157715,
            "y": 140.57923889160156,
            "z": -0.03776458650827408
        },
        "vehicle_velocity": {
            "x": -1.2862473752761616e-08,
            "y": -4.886834403805551e-08,
            "z": -0.0012862395960837603
        },
        "vehicle_throttle": 0.0,
        "unique_collisions": 0,
        "solid_lane_crosses": 0,
        "double_solid_lane_crosses": 0
    },
    {
        "game_time": 67.80354409525171,
        "vehicle_location": {
            "x": 31.55646324157715,
            "y": 140.57923889160156,
            "z": -0.03772708773612976
        },
        "vehicle_velocity": {
            "x": 9.68802993384088e-08,
            "y": 1.596500531775291e-08,
            "z": -9.251594019588083e-05
        },
        "vehicle_throttle": 0.0,
        "unique_collisions": 0,
        "solid_lane_crosses": 0,
        "double_solid_lane_crosses": 0
    },
    {
        "game_time": 68.88576871389523,
        "vehicle_location": {
            "x": 31.55646324157715,
            "y": 140.57923889160156,
            "z": -0.03772357851266861
        },
        "vehicle_velocity": {
            "x": -3.186983832392798e-08,
            "y": -2.406401478083353e-08,
            "z": -0.00043600081698969007
        },
        "vehicle_throttle": 0.0,
        "unique_collisions": 0,
        "solid_lane_crosses": 0,
        "double_solid_lane_crosses": 0
    },
    {
        "game_time": 69.9499156405218,
        "vehicle_location": {
            "x": 31.55646324157715,
            "y": 140.57923889160156,
            "z": -0.03770435228943825
        },
        "vehicle_velocity": {
            "x": -4.480747506363514e-08,
            "y": -1.5688542021052854e-08,
            "z": 0.00020806312386412174
        },
        "vehicle_throttle": 0.0,
        "unique_collisions": 0,
        "solid_lane_crosses": 0,
        "double_solid_lane_crosses": 0
    },
    {
        "game_time": 70.99617570498958,
        "vehicle_location": {
            "x": 31.55646324157715,
            "y": 140.57923889160156,
            "z": -0.03770831972360611
        },
        "vehicle_velocity": {
            "x": -1.5797792229932384e-07,
            "y": 4.7053266172270014e-08,
            "z": 0.00038203239091672003
        },
        "vehicle_throttle": 0.0,
        "unique_collisions": 0,
        "solid_lane_crosses": 0,
        "double_solid_lane_crosses": 0
    },
    {
        "game_time": 72.03899775678292,
        "vehicle_location": {
            "x": 31.55646324157715,
            "y": 140.57923889160156,
            "z": -0.037685126066207886
        },
        "vehicle_velocity": {
            "x": -4.335301184710261e-08,
            "y": -2.4512806007237486e-08,
            "z": 0.00019618510850705206
        },
        "vehicle_throttle": 0.0,
        "unique_collisions": 0,
        "solid_lane_crosses": 0,
        "double_solid_lane_crosses": 0
    },
    {
        "game_time": 73.06931590335444,
        "vehicle_location": {
            "x": 31.55646324157715,
            "y": 140.57923889160156,
            "z": -0.03772846236824989
        },
        "vehicle_velocity": {
            "x": 4.9202899532474476e-08,
            "y": 2.4736984016726637e-08,
            "z": 0.00021709442080464214
        },
        "vehicle_throttle": 0.0,
        "unique_collisions": 0,
        "solid_lane_crosses": 0,
        "double_solid_lane_crosses": 0
    },
    {
        "game_time": 74.13420308055356,
        "vehicle_location": {
            "x": 31.55646324157715,
            "y": 140.57923889160156,
            "z": -0.0377238467335701
        },
        "vehicle_velocity": {
            "x": 0.0,
            "y": 0.0,
            "z": 0.0
        },
        "vehicle_throttle": 0.0,
        "unique_collisions": 0,
        "solid_lane_crosses": 0,
        "double_solid_lane_crosses": 0
    },
    {
        "game_time": 75.19659097725525,
        "vehicle_location": {
            "x": 31.55646324157715,
            "y": 140.57923889160156,
            "z": -0.037653274834156036
        },
        "vehicle_velocity": {
            "x": -4.932446984184935e-08,
            "y": -2.1298482977272215e-08,
            "z": 3.643035961431451e-05
        },
        "vehicle_throttle": 0.0,
        "unique_collisions": 0,
        "solid_lane_crosses": 0,
        "double_solid_lane_crosses": 0
    },
    {
        "game_time": 76.21220112824813,
        "vehicle_location": {
            "x": 31.55646324157715,
            "y": 140.57923889160156,
            "z": -0.03770877793431282
        },
        "vehicle_velocity": {
            "x": 8.535636908391098e-08,
            "y": 4.214966597970715e-09,
            "z": 2.7503967430675402e-05
        },
        "vehicle_throttle": 0.0,
        "unique_collisions": 0,
        "solid_lane_crosses": 0,
        "double_solid_lane_crosses": 0
    },
    {
        "game_time": 77.24880734505132,
        "vehicle_location": {
            "x": 31.55646324157715,
            "y": 140.57923889160156,
            "z": -0.03770122304558754
        },
        "vehicle_velocity": {
            "x": -1.7137855579107963e-08,
            "y": 6.7739285292134355e-09,
            "z": 0.0004993295297026634
        },
        "vehicle_throttle": 0.0,
        "unique_collisions": 0,
        "solid_lane_crosses": 0,
        "double_solid_lane_crosses": 0
    },
    {
        "game_time": 78.33556738542393,
        "vehicle_location": {
            "x": 31.55646324157715,
            "y": 140.57923889160156,
            "z": -0.03774135559797287
        },
        "vehicle_velocity": {
            "x": -1.5014204279850674e-07,
            "y": 3.8559054615916466e-08,
            "z": -5.302429144649068e-06
        },
        "vehicle_throttle": 0.0,
        "unique_collisions": 0,
        "solid_lane_crosses": 0,
        "double_solid_lane_crosses": 0
    },
    {
        "game_time": 79.37483342224732,
        "vehicle_location": {
            "x": 31.55646324157715,
            "y": 140.57923889160156,
            "z": -0.037706032395362854
        },
        "vehicle_velocity": {
            "x": -5.700651684037439e-08,
            "y": -1.976118824131845e-08,
            "z": 0.0004931354196742177
        },
        "vehicle_throttle": 0.0,
        "unique_collisions": 0,
        "solid_lane_crosses": 0,
        "double_solid_lane_crosses": 0
    },
    {
        "game_time": 80.44762166636065,
        "vehicle_location": {
            "x": 31.55646324157715,
            "y": 140.57923889160156,
            "z": -0.03769748657941818
        },
        "vehicle_velocity": {
            "x": -2.4735383519214338e-08,
            "y": 2.1547954531797586e-08,
            "z": 0.0004604530113283545
        },
        "vehicle_throttle": 0.0,
        "unique_collisions": 0,
        "solid_lane_crosses": 0,
        "double_solid_lane_crosses": 0
    },
    {
        "game_time": 81.52929347613826,
        "vehicle_location": {
            "x": 31.55646324157715,
            "y": 140.57923889160156,
            "z": -0.03772323578596115
        },
        "vehicle_velocity": {
            "x": -3.6759150390253126e-08,
            "y": -2.1450249576560054e-08,
            "z": 0.00017082691192626953
        },
        "vehicle_throttle": 0.0,
        "unique_collisions": 0,
        "solid_lane_crosses": 0,
        "double_solid_lane_crosses": 0
    },
    {
        "game_time": 82.54948227899149,
        "vehicle_location": {
            "x": 31.556400299072266,
            "y": 140.49008178710938,
            "z": -0.038666076958179474
        },
        "vehicle_velocity": {
            "x": -0.000954209070187062,
            "y": -0.337523877620697,
            "z": 0.0002074813819490373
        },
        "vehicle_throttle": 0.0,
        "unique_collisions": 0,
        "solid_lane_crosses": 0,
        "double_solid_lane_crosses": 0
    },
    {
        "game_time": 83.54951316351071,
        "vehicle_location": {
            "x": 31.557050704956055,
            "y": 140.1487274169922,
            "z": -0.039210204035043716
        },
        "vehicle_velocity": {
            "x": 0.00015114195412024856,
            "y": -0.818230390548706,
            "z": 0.00024304866383317858
        },
        "vehicle_throttle": 0.75,
        "unique_collisions": 0,
        "solid_lane_crosses": 0,
        "double_solid_lane_crosses": 0
    },
    {
        "game_time": 84.60101076075807,
        "vehicle_location": {
            "x": 31.55735969543457,
            "y": 138.7031707763672,
            "z": -0.03624480962753296
        },
        "vehicle_velocity": {
            "x": 0.0002579216961748898,
            "y": -0.8510656356811523,
            "z": 0.0005621242453344166
        },
        "vehicle_throttle": 0.0,
        "unique_collisions": 0,
        "solid_lane_crosses": 0,
        "double_solid_lane_crosses": 0
    },
    {
        "game_time": 85.68848170386627,
        "vehicle_location": {
            "x": 31.556983947753906,
            "y": 137.52886962890625,
            "z": -0.039279401302337646
        },
        "vehicle_velocity": {
            "x": 0.0007242925348691642,
            "y": -2.062152862548828,
            "z": 0.0005666637443937361
        },
        "vehicle_throttle": 0.75,
        "unique_collisions": 0,
        "solid_lane_crosses": 0,
        "double_solid_lane_crosses": 0
    },
    {
        "game_time": 86.72848630743101,
        "vehicle_location": {
            "x": 31.558238983154297,
            "y": 134.6544952392578,
            "z": -0.035063207149505615
        },
        "vehicle_velocity": {
            "x": 0.0009413282969035208,
            "y": -2.239870071411133,
            "z": 0.000546040537301451
        },
        "vehicle_throttle": 0.75,
        "unique_collisions": 0,
        "solid_lane_crosses": 0,
        "double_solid_lane_crosses": 0
    },
    {
        "game_time": 87.73612465942279,
        "vehicle_location": {
            "x": 31.55919647216797,
            "y": 132.30126953125,
            "z": -0.03568572923541069
        },
        "vehicle_velocity": {
            "x": 0.0007128685829229653,
            "y": -1.7818009853363037,
            "z": -0.0009818172547966242
        },
        "vehicle_throttle": 0.75,
        "unique_collisions": 0,
        "solid_lane_crosses": 0,
        "double_solid_lane_crosses": 0
    },
    {
        "game_time": 88.76746631087735,
        "vehicle_location": {
            "x": 31.5602970123291,
            "y": 129.60755920410156,
            "z": -0.03938659653067589
        },
        "vehicle_velocity": {
            "x": 0.0013984872493892908,
            "y": -3.5742406845092773,
            "z": 0.00030247686663642526
        },
        "vehicle_throttle": 0.75,
        "unique_collisions": 0,
        "solid_lane_crosses": 0,
        "double_solid_lane_crosses": 0
    },
    {
        "game_time": 89.81040372373536,
        "vehicle_location": {
            "x": 31.56169319152832,
            "y": 126.09752655029297,
            "z": -0.0392441563308239
        },
        "vehicle_velocity": {
            "x": 0.0016010550316423178,
            "y": -3.9660770893096924,
            "z": 0.0006437587435357273
        },
        "vehicle_throttle": 0.75,
        "unique_collisions": 0,
        "solid_lane_crosses": 0,
        "double_solid_lane_crosses": 0
    },
    {
        "game_time": 90.8212864198722,
        "vehicle_location": {
            "x": 31.563209533691406,
            "y": 122.28519439697266,
            "z": -0.03908576816320419
        },
        "vehicle_velocity": {
            "x": 0.001629650592803955,
            "y": -4.086970806121826,
            "z": -0.0011761474888771772
        },
        "vehicle_throttle": 0.75,
        "unique_collisions": 0,
        "solid_lane_crosses": 0,
        "double_solid_lane_crosses": 0
    },
    {
        "game_time": 91.8608639226295,
        "vehicle_location": {
            "x": 31.564592361450195,
            "y": 118.8603744506836,
            "z": -0.034178849309682846
        },
        "vehicle_velocity": {
            "x": 0.0007317776908166707,
            "y": -1.8124598264694214,
            "z": 0.0008481263648718596
        },
        "vehicle_throttle": 0.75,
        "unique_collisions": 0,
        "solid_lane_crosses": 0,
        "double_solid_lane_crosses": 0
    },
    {
        "game_time": 92.92763588251546,
        "vehicle_location": {
            "x": 31.565109252929688,
            "y": 117.50694274902344,
            "z": -0.03738616779446602
        },
        "vehicle_velocity": {
            "x": 0.00027647463139146566,
            "y": -0.6809461712837219,
            "z": 0.00013943671365268528
        },
        "vehicle_throttle": 0.0,
        "unique_collisions": 0,
        "solid_lane_crosses": 0,
        "double_solid_lane_crosses": 0
    },
    {
        "game_time": 93.9363538143225,
        "vehicle_location": {
            "x": 31.564167022705078,
            "y": 117.03446960449219,
            "z": -0.038889847695827484
        },
        "vehicle_velocity": {
            "x": 1.5581925936203334e-06,
            "y": -0.552222728729248,
            "z": -0.0005155467661097646
        },
        "vehicle_throttle": 0.0,
        "unique_collisions": 0,
        "solid_lane_crosses": 0,
        "double_solid_lane_crosses": 0
    },
    {
        "game_time": 94.9414153532125,
        "vehicle_location": {
            "x": 31.56490135192871,
            "y": 116.83719635009766,
            "z": -0.03697696700692177
        },
        "vehicle_velocity": {
            "x": 0.0004741864977404475,
            "y": -0.09711790829896927,
            "z": 0.0014853000175207853
        },
        "vehicle_throttle": 0.75,
        "unique_collisions": 0,
        "solid_lane_crosses": 0,
        "double_solid_lane_crosses": 0
    },
    {
        "game_time": 96.00201105931774,
        "vehicle_location": {
            "x": 31.565502166748047,
            "y": 116.80355072021484,
            "z": -0.03763023391366005
        },
        "vehicle_velocity": {
            "x": 2.073551331704948e-05,
            "y": -0.0005487955058924854,
            "z": 0.00022019862080924213
        },
        "vehicle_throttle": 0.0,
        "unique_collisions": 0,
        "solid_lane_crosses": 0,
        "double_solid_lane_crosses": 0
    },
    {
        "game_time": 97.03054757835343,
        "vehicle_location": {
            "x": 31.56576156616211,
            "y": 116.77651977539062,
            "z": -0.03767376020550728
        },
        "vehicle_velocity": {
            "x": 3.115111030638218e-05,
            "y": -0.00071456388104707,
            "z": -4.067420832143398e-06
        },
        "vehicle_throttle": 0.0,
        "unique_collisions": 0,
        "solid_lane_crosses": 0,
        "double_solid_lane_crosses": 0
    },
    {
        "game_time": 98.07194264838472,
        "vehicle_location": {
            "x": 31.56576156616211,
            "y": 116.7764892578125,
            "z": -0.03769908845424652
        },
        "vehicle_velocity": {
            "x": -1.726936176282834e-07,
            "y": 6.243497523428232e-07,
            "z": 0.0005394792533479631
        },
        "vehicle_throttle": 0.0,
        "unique_collisions": 0,
        "solid_lane_crosses": 0,
        "double_solid_lane_crosses": 0
    },
    {
        "game_time": 99.13536946149543,
        "vehicle_location": {
            "x": 31.56576156616211,
            "y": 116.7764892578125,
            "z": -0.03774421662092209
        },
        "vehicle_velocity": {
            "x": -1.3104186180612487e-08,
            "y": 2.1491940671580778e-08,
            "z": 0.00020890712039545178
        },
        "vehicle_throttle": 0.0,
        "unique_collisions": 0,
        "solid_lane_crosses": 0,
        "double_solid_lane_crosses": 0
    },
    {
        "game_time": 100.15450251149014,
        "vehicle_location": {
            "x": 31.56576156616211,
            "y": 116.7764892578125,
            "z": -0.03770587965846062
        },
        "vehicle_velocity": {
            "x": 1.0830618890622645e-07,
            "y": 3.85171858852118e-08,
            "z": 0.001010570558719337
        },
        "vehicle_throttle": 0.0,
        "unique_collisions": 0,
        "solid_lane_crosses": 0,
        "double_solid_lane_crosses": 0
    },
    {
        "game_time": 101.22086795093492,
        "vehicle_location": {
            "x": 31.56576156616211,
            "y": 116.7764892578125,
            "z": -0.03772395849227905
        },
        "vehicle_velocity": {
            "x": 4.140708398381321e-08,
            "y": -2.433561974157783e-08,
            "z": 0.00043811797513626516
        },
        "vehicle_throttle": 0.0,
        "unique_collisions": 0,
        "solid_lane_crosses": 0,
        "double_solid_lane_crosses": 0
    },
    {
        "game_time": 102.27481268020347,
        "vehicle_location": {
            "x": 31.56576156616211,
            "y": 116.7764892578125,
            "z": -0.037738800048828125
        },
        "vehicle_velocity": {
            "x": 2.4412114996152923e-08,
            "y": 1.9532807371547278e-08,
            "z": 0.0007031726418063045
        },
        "vehicle_throttle": 0.0,
        "unique_collisions": 0,
        "solid_lane_crosses": 0,
        "double_solid_lane_crosses": 0
    },
    {
        "game_time": 103.31385562056676,
        "vehicle_location": {
            "x": 31.56576156616211,
            "y": 116.7764892578125,
            "z": -0.03769233450293541
        },
        "vehicle_velocity": {
            "x": 8.200032652894151e-09,
            "y": 2.6598169000635608e-08,
            "z": 0.00025722026475705206
        },
        "vehicle_throttle": 0.0,
        "unique_collisions": 0,
        "solid_lane_crosses": 0,
        "double_solid_lane_crosses": 0
    },
    {
        "game_time": 104.36677796998993,
        "vehicle_location": {
            "x": 31.56576156616211,
            "y": 116.7764892578125,
            "z": -0.037707097828388214
        },
        "vehicle_velocity": {
            "x": -3.524345615346647e-08,
            "y": 4.701808364870885e-08,
            "z": 0.0001273870439035818
        },
        "vehicle_throttle": 0.0,
        "unique_collisions": 0,
        "solid_lane_crosses": 0,
        "double_solid_lane_crosses": 0
    },
    {
        "game_time": 105.44251816393808,
        "vehicle_location": {
            "x": 31.56576156616211,
            "y": 116.7764892578125,
            "z": -0.037750206887722015
        },
        "vehicle_velocity": {
            "x": -1.5195622893315885e-07,
            "y": -6.239395844431783e-08,
            "z": 0.00036606789217330515
        },
        "vehicle_throttle": 0.0,
        "unique_collisions": 0,
        "solid_lane_crosses": 0,
        "double_solid_lane_crosses": 0
    },
    {
        "game_time": 106.52522496366873,
        "vehicle_location": {
            "x": 31.56576156616211,
            "y": 116.7764892578125,
            "z": -0.03769996389746666
        },
        "vehicle_velocity": {
            "x": -7.038389426838876e-09,
            "y": -1.0445635467704051e-07,
            "z": -0.00018587589147500694
        },
        "vehicle_throttle": 0.0,
        "unique_collisions": 0,
        "solid_lane_crosses": 0,
        "double_solid_lane_crosses": 0
    },
    {
        "game_time": 107.60211448790506,
        "vehicle_location": {
            "x": 31.56576156616211,
            "y": 116.7764892578125,
            "z": -0.03772224485874176
        },
        "vehicle_velocity": {
            "x": 3.6649769441510216e-08,
            "y": 2.209449156964638e-08,
            "z": 0.0008825683617033064
        },
        "vehicle_throttle": 0.0,
        "unique_collisions": 0,
        "solid_lane_crosses": 0,
        "double_solid_lane_crosses": 0
    },
    {
        "game_time": 108.66434735106304,
        "vehicle_location": {
            "x": 31.56576156616211,
            "y": 116.7764892578125,
            "z": -0.0377364344894886
        },
        "vehicle_velocity": {
            "x": -9.024592628747996e-08,
            "y": -8.538672879865317e-09,
            "z": 0.00036677360185422003
        },
        "vehicle_throttle": 0.0,
        "unique_collisions": 0,
        "solid_lane_crosses": 0,
        "double_solid_lane_crosses": 0
    },
    {
        "game_time": 109.69271714473143,
        "vehicle_location": {
            "x": 31.56576156616211,
            "y": 116.7764892578125,
            "z": -0.03773567080497742
        },
        "vehicle_velocity": {
            "x": -2.8236005533699426e-08,
            "y": 6.386075313002948e-08,
            "z": 0.0006451224908232689
        },
        "vehicle_throttle": 0.0,
        "unique_collisions": 0,
        "solid_lane_crosses": 0,
        "double_solid_lane_crosses": 0
    },
    {
        "game_time": 110.77869917498901,
        "vehicle_location": {
            "x": 31.56576156616211,
            "y": 116.7764892578125,
            "z": -0.03771552816033363
        },
        "vehicle_velocity": {
            "x": -5.0199613355061956e-08,
            "y": -2.0067744799234788e-08,
            "z": 0.00047189235920086503
        },
        "vehicle_throttle": 0.0,
        "unique_collisions": 0,
        "solid_lane_crosses": 0,
        "double_solid_lane_crosses": 0
    },
    {
        "game_time": 111.86308888206258,
        "vehicle_location": {
            "x": 31.56576156616211,
            "y": 116.7764892578125,
            "z": -0.037708356976509094
        },
        "vehicle_velocity": {
            "x": -8.786435046204133e-08,
            "y": 2.643274399360962e-08,
            "z": 0.0007995319319888949
        },
        "vehicle_throttle": 0.0,
        "unique_collisions": 0,
        "solid_lane_crosses": 0,
        "double_solid_lane_crosses": 0
    },
    {
        "game_time": 112.88444183254614,
        "vehicle_location": {
            "x": 31.56576156616211,
            "y": 116.7764892578125,
            "z": -0.03769977390766144
        },
        "vehicle_velocity": {
            "x": -2.8627509252032723e-08,
            "y": -4.0177489779580355e-08,
            "z": -0.00023914813937153667
        },
        "vehicle_throttle": 0.0,
        "unique_collisions": 0,
        "solid_lane_crosses": 0,
        "double_solid_lane_crosses": 0
    },
    {
        "game_time": 113.89055333891883,
        "vehicle_location": {
            "x": 31.56576156616211,
            "y": 116.7764892578125,
            "z": -0.03771144896745682
        },
        "vehicle_velocity": {
            "x": -8.09746936170086e-08,
            "y": 3.038806539734651e-09,
            "z": 5.311012137099169e-05
        },
        "vehicle_throttle": 0.0,
        "unique_collisions": 0,
        "solid_lane_crosses": 0,
        "double_solid_lane_crosses": 0
    },
    {
        "game_time": 114.93236600840464,
        "vehicle_location": {
            "x": 31.56576156616211,
            "y": 116.7764892578125,
            "z": -0.03776882216334343
        },
        "vehicle_velocity": {
            "x": 9.066243222832782e-08,
            "y": -1.7228714455086447e-08,
            "z": -0.0005270004039630294
        },
        "vehicle_throttle": 0.0,
        "unique_collisions": 0,
        "solid_lane_crosses": 0,
        "double_solid_lane_crosses": 0
    },
    {
        "game_time": 116.0013947528787,
        "vehicle_location": {
            "x": 31.56576156616211,
            "y": 116.7764892578125,
            "z": -0.03769466280937195
        },
        "vehicle_velocity": {
            "x": -4.595749558689022e-09,
            "y": 1.8506179699784298e-08,
            "z": 0.0002787637640722096
        },
        "vehicle_throttle": 0.0,
        "unique_collisions": 0,
        "solid_lane_crosses": 0,
        "double_solid_lane_crosses": 0
    },
    {
        "game_time": 117.06865968974307,
        "vehicle_location": {
            "x": 31.56576156616211,
            "y": 116.7764892578125,
            "z": -0.037701454013586044
        },
        "vehicle_velocity": {
            "x": 4.341464787671612e-08,
            "y": -5.4711460251155586e-08,
            "z": -0.0013366889907047153
        },
        "vehicle_throttle": 0.0,
        "unique_collisions": 0,
        "solid_lane_crosses": 0,
        "double_solid_lane_crosses": 0
    },
    {
        "game_time": 118.14120007725433,
        "vehicle_location": {
            "x": 31.56576156616211,
            "y": 116.7764892578125,
            "z": -0.03770797699689865
        },
        "vehicle_velocity": {
            "x": 9.390682009779994e-08,
            "y": 1.0404341388436933e-08,
            "z": 0.0004756355192512274
        },
        "vehicle_throttle": 0.0,
        "unique_collisions": 0,
        "solid_lane_crosses": 0,
        "double_solid_lane_crosses": 0
    },
    {
        "game_time": 119.21042241482064,
        "vehicle_location": {
            "x": 31.56576156616211,
            "y": 116.7764892578125,
            "z": -0.03772499039769173
        },
        "vehicle_velocity": {
            "x": -3.5441431123217626e-08,
            "y": -6.608843250432983e-09,
            "z": -0.001329984632320702
        },
        "vehicle_throttle": 0.0,
        "unique_collisions": 0,
        "solid_lane_crosses": 0,
        "double_solid_lane_crosses": 0
    },
    {
        "game_time": 120.30111373728141,
        "vehicle_location": {
            "x": 31.56576156616211,
            "y": 116.7764892578125,
            "z": -0.037721555680036545
        },
        "vehicle_velocity": {
            "x": -6.666277130307208e-08,
            "y": -4.8330260682405424e-08,
            "z": -2.1624564396915957e-05
        },
        "vehicle_throttle": 0.0,
        "unique_collisions": 0,
        "solid_lane_crosses": 0,
        "double_solid_lane_crosses": 0
    },
    {
        "game_time": 121.3031155592762,
        "vehicle_location": {
            "x": 31.56576156616211,
            "y": 116.7764892578125,
            "z": -0.037741661071777344
        },
        "vehicle_velocity": {
            "x": -5.6902976552919426e-08,
            "y": -4.64566838331848e-08,
            "z": 0.00010843276686500758
        },
        "vehicle_throttle": 0.0,
        "unique_collisions": 0,
        "solid_lane_crosses": 0,
        "double_solid_lane_crosses": 0
    },
    {
        "game_time": 122.35573208844289,
        "vehicle_location": {
            "x": 31.56576156616211,
            "y": 116.7764892578125,
            "z": -0.03763950243592262
        },
        "vehicle_velocity": {
            "x": -3.61008645199945e-08,
            "y": 1.4642143497667348e-08,
            "z": -0.00042248249519616365
        },
        "vehicle_throttle": 0.0,
        "unique_collisions": 0,
        "solid_lane_crosses": 0,
        "double_solid_lane_crosses": 0
    },
    {
        "game_time": 123.42740593617782,
        "vehicle_location": {
            "x": 31.56576156616211,
            "y": 116.7764892578125,
            "z": -0.03771785646677017
        },
        "vehicle_velocity": {
            "x": 1.9363054093446408e-07,
            "y": -3.652971702905461e-09,
            "z": 0.0002558803535066545
        },
        "vehicle_throttle": 0.0,
        "unique_collisions": 0,
        "solid_lane_crosses": 0,
        "double_solid_lane_crosses": 0
    },
    {
        "game_time": 124.43833971535787,
        "vehicle_location": {
            "x": 31.56576156616211,
            "y": 116.7764892578125,
            "z": -0.03772144392132759
        },
        "vehicle_velocity": {
            "x": 1.0041905085245162e-07,
            "y": 5.494471100320197e-09,
            "z": 0.00020244120969437063
        },
        "vehicle_throttle": 0.0,
        "unique_collisions": 0,
        "solid_lane_crosses": 0,
        "double_solid_lane_crosses": 0
    },
    {
        "game_time": 125.48480869783089,
        "vehicle_location": {
            "x": 31.56576156616211,
            "y": 116.7764892578125,
            "z": -0.037723883986473083
        },
        "vehicle_velocity": {
            "x": -7.92692489426372e-09,
            "y": 1.3104481055847828e-08,
            "z": 0.0004650974296964705
        },
        "vehicle_throttle": 0.0,
        "unique_collisions": 0,
        "solid_lane_crosses": 0,
        "double_solid_lane_crosses": 0
    },
    {
        "game_time": 126.56870645238087,
        "vehicle_location": {
            "x": 31.56576156616211,
            "y": 116.7764892578125,
            "z": -0.037703972309827805
        },
        "vehicle_velocity": {
            "x": -1.9111643823066515e-08,
            "y": 9.004148893154706e-08,
            "z": 0.0008716105949133635
        },
        "vehicle_throttle": 0.0,
        "unique_collisions": 0,
        "solid_lane_crosses": 0,
        "double_solid_lane_crosses": 0
    },
    {
        "game_time": 127.61319554550573,
        "vehicle_location": {
            "x": 31.56576156616211,
            "y": 116.7764892578125,
            "z": -0.03770347684621811
        },
        "vehicle_velocity": {
            "x": -1.1129707822021828e-08,
            "y": 2.8340831903506114e-08,
            "z": 0.00039263247163034976
        },
        "vehicle_throttle": 0.0,
        "unique_collisions": 0,
        "solid_lane_crosses": 0,
        "double_solid_lane_crosses": 0
    },
    {
        "game_time": 128.69163833884522,
        "vehicle_location": {
            "x": 31.56576156616211,
            "y": 116.7764892578125,
            "z": -0.03774021193385124
        },
        "vehicle_velocity": {
            "x": 1.0903076486101781e-07,
            "y": 1.5953771637100544e-08,
            "z": 0.00010057449253508821
        },
        "vehicle_throttle": 0.0,
        "unique_collisions": 0,
        "solid_lane_crosses": 0,
        "double_solid_lane_crosses": 0
    },
    {
        "game_time": 129.79026598250493,
        "vehicle_location": {
            "x": 31.56576156616211,
            "y": 116.7764892578125,
            "z": -0.037767522037029266
        },
        "vehicle_velocity": {
            "x": 3.24103623938754e-08,
            "y": -4.750752680138248e-08,
            "z": -0.0011631393572315574
        },
        "vehicle_throttle": 0.0,
        "unique_collisions": 0,
        "solid_lane_crosses": 0,
        "double_solid_lane_crosses": 0
    },
    {
        "game_time": 130.84984734421596,
        "vehicle_location": {
            "x": 31.56576156616211,
            "y": 116.7764892578125,
            "z": -0.03763015568256378
        },
        "vehicle_velocity": {
            "x": 3.859405950379369e-08,
            "y": 2.7479829967091973e-08,
            "z": 0.0009020900470204651
        },
        "vehicle_throttle": 0.0,
        "unique_collisions": 0,
        "solid_lane_crosses": 0,
        "double_solid_lane_crosses": 0
    },
    {
        "game_time": 131.92946062935516,
        "vehicle_location": {
            "x": 31.56576156616211,
            "y": 116.7764892578125,
            "z": -0.03771594911813736
        },
        "vehicle_velocity": {
            "x": 2.0612619167081903e-08,
            "y": -7.766931986452619e-08,
            "z": -0.001972026890143752
        },
        "vehicle_throttle": 0.0,
        "unique_collisions": 0,
        "solid_lane_crosses": 0,
        "double_solid_lane_crosses": 0
    },
    {
        "game_time": 132.94254691852257,
        "vehicle_location": {
            "x": 31.56576156616211,
            "y": 116.7764892578125,
            "z": -0.03773605078458786
        },
        "vehicle_velocity": {
            "x": 9.560423563925724e-08,
            "y": -3.873820375588366e-09,
            "z": -0.00018266677216161042
        },
        "vehicle_throttle": 0.0,
        "unique_collisions": 0,
        "solid_lane_crosses": 0,
        "double_solid_lane_crosses": 0
    },
    {
        "game_time": 133.9529606285505,
        "vehicle_location": {
            "x": 31.56576156616211,
            "y": 116.7764892578125,
            "z": -0.0377570316195488
        },
        "vehicle_velocity": {
            "x": -2.645972863035695e-08,
            "y": -3.6241868173192415e-08,
            "z": 0.00036988258943893015
        },
        "vehicle_throttle": 0.0,
        "unique_collisions": 0,
        "solid_lane_crosses": 0,
        "double_solid_lane_crosses": 0
    },
    {
        "game_time": 135.0195986381732,
        "vehicle_location": {
            "x": 31.56576156616211,
            "y": 116.7764892578125,
            "z": -0.03772365301847458
        },
        "vehicle_velocity": {
            "x": -8.670001605537436e-09,
            "y": 2.999096082589858e-08,
            "z": 0.00013375758135225624
        },
        "vehicle_throttle": 0.0,
        "unique_collisions": 0,
        "solid_lane_crosses": 0,
        "double_solid_lane_crosses": 0
    },
    {
        "game_time": 136.08531029289588,
        "vehicle_location": {
            "x": 31.56576156616211,
            "y": 116.7764892578125,
            "z": -0.03769531100988388
        },
        "vehicle_velocity": {
            "x": -3.09600842740565e-08,
            "y": 5.933616975539735e-08,
            "z": 0.00027683735243044794
        },
        "vehicle_throttle": 0.0,
        "unique_collisions": 0,
        "solid_lane_crosses": 0,
        "double_solid_lane_crosses": 0
    },
    {
        "game_time": 137.21802548272535,
        "vehicle_location": {
            "x": 31.56576156616211,
            "y": 116.7764892578125,
            "z": -0.03768756613135338
        },
        "vehicle_velocity": {
            "x": -3.318843866395582e-08,
            "y": -2.3427601192338443e-08,
            "z": -0.0017156886169686913
        },
        "vehicle_throttle": 0.0,
        "unique_collisions": 0,
        "solid_lane_crosses": 0,
        "double_solid_lane_crosses": 0
    },
    {
        "game_time": 138.27052345639095,
        "vehicle_location": {
            "x": 31.566696166992188,
            "y": 116.68858337402344,
            "z": -0.037880707532167435
        },
        "vehicle_velocity": {
            "x": 0.00033355015330016613,
            "y": -0.2491508424282074,
            "z": -1.979827902687248e-05
        },
        "vehicle_throttle": 0.75,
        "unique_collisions": 0,
        "solid_lane_crosses": 0,
        "double_solid_lane_crosses": 0
    },
    {
        "game_time": 139.33359408890828,
        "vehicle_location": {
            "x": 31.566009521484375,
            "y": 115.9493408203125,
            "z": -0.039089545607566833
        },
        "vehicle_velocity": {
            "x": 0.0008054545614868402,
            "y": -1.4348384141921997,
            "z": -0.0006819533882662654
        },
        "vehicle_throttle": 0.0,
        "unique_collisions": 0,
        "solid_lane_crosses": 0,
        "double_solid_lane_crosses": 0
    },
    {
        "game_time": 140.3427959936671,
        "vehicle_location": {
            "x": 31.566537857055664,
            "y": 114.41173553466797,
            "z": -0.03894870728254318
        },
        "vehicle_velocity": {
            "x": 0.0011040695244446397,
            "y": -2.1993489265441895,
            "z": -0.00037546156090684235
        },
        "vehicle_throttle": 0.0,
        "unique_collisions": 0,
        "solid_lane_crosses": 0,
        "double_solid_lane_crosses": 0
    },
    {
        "game_time": 141.36485776444897,
        "vehicle_location": {
            "x": 31.56732749938965,
            "y": 112.20906066894531,
            "z": -0.03923564776778221
        },
        "vehicle_velocity": {
            "x": 0.001151442527770996,
            "y": -2.9366695880889893,
            "z": 0.0002104139275616035
        },
        "vehicle_throttle": 0.75,
        "unique_collisions": 0,
        "solid_lane_crosses": 0,
        "double_solid_lane_crosses": 0
    },
    {
        "game_time": 142.44167409045622,
        "vehicle_location": {
            "x": 31.568649291992188,
            "y": 108.7787857055664,
            "z": -0.03862212970852852
        },
        "vehicle_velocity": {
            "x": 0.0012861618306487799,
            "y": -3.2967748641967773,
            "z": 0.00034164427779614925
        },
        "vehicle_throttle": 0.75,
        "unique_collisions": 0,
        "solid_lane_crosses": 0,
        "double_solid_lane_crosses": 0
    },
    {
        "game_time": 143.45277349790558,
        "vehicle_location": {
            "x": 31.54334831237793,
            "y": 104.96644592285156,
            "z": -0.03756599500775337
        },
        "vehicle_velocity": {
            "x": -0.21195220947265625,
            "y": -3.7351574897766113,
            "z": 0.0006672477466054261
        },
        "vehicle_throttle": 0.0,
        "unique_collisions": 0,
        "solid_lane_crosses": 0,
        "double_solid_lane_crosses": 0
    },
    {
        "game_time": 144.52448883233592,
        "vehicle_location": {
            "x": 31.18121910095215,
            "y": 101.07484436035156,
            "z": -0.039301030337810516
        },
        "vehicle_velocity": {
            "x": -0.6957420706748962,
            "y": -4.4145379066467285,
            "z": -0.00011767387331929058
        },
        "vehicle_throttle": 0.75,
        "unique_collisions": 0,
        "solid_lane_crosses": 0,
        "double_solid_lane_crosses": 0
    },
    {
        "game_time": 145.53875068528578,
        "vehicle_location": {
            "x": 29.790266036987305,
            "y": 96.5213851928711,
            "z": -0.03633922338485718
        },
        "vehicle_velocity": {
            "x": -1.7655102014541626,
            "y": -3.796671152114868,
            "z": 0.0006639575585722923
        },
        "vehicle_throttle": 0.75,
        "unique_collisions": 0,
        "solid_lane_crosses": 0,
        "double_solid_lane_crosses": 0
    },
    {
        "game_time": 146.62849320983514,
        "vehicle_location": {
            "x": 27.73960304260254,
            "y": 93.43844604492188,
            "z": -0.03904357925057411
        },
        "vehicle_velocity": {
            "x": -2.5505166053771973,
            "y": -2.7982466220855713,
            "z": 0.0003900670853909105
        },
        "vehicle_throttle": 0.75,
        "unique_collisions": 0,
        "solid_lane_crosses": 0,
        "double_solid_lane_crosses": 0
    },
    {
        "game_time": 147.63402748247609,
        "vehicle_location": {
            "x": 25.24287986755371,
            "y": 91.05786895751953,
            "z": -0.03649677336215973
        },
        "vehicle_velocity": {
            "x": -2.102775812149048,
            "y": -1.3102020025253296,
            "z": -0.0009980106260627508
        },
        "vehicle_throttle": 0.75,
        "unique_collisions": 0,
        "solid_lane_crosses": 0,
        "double_solid_lane_crosses": 0
    },
    {
        "game_time": 148.65658185957,
        "vehicle_location": {
            "x": 22.175573348999023,
            "y": 89.5975341796875,
            "z": -0.039278142154216766
        },
        "vehicle_velocity": {
            "x": -4.1062798500061035,
            "y": -1.2838010787963867,
            "z": 0.0009675550390966237
        },
        "vehicle_throttle": 0.75,
        "unique_collisions": 0,
        "solid_lane_crosses": 0,
        "double_solid_lane_crosses": 0
    },
    {
        "game_time": 149.666426257696,
        "vehicle_location": {
            "x": 18.496143341064453,
            "y": 88.75640106201172,
            "z": -0.03905246779322624
        },
        "vehicle_velocity": {
            "x": -3.9889299869537354,
            "y": -0.5740180015563965,
            "z": -0.0016333197709172964
        },
        "vehicle_throttle": 0.75,
        "unique_collisions": 0,
        "solid_lane_crosses": 0,
        "double_solid_lane_crosses": 0
    },
    {
        "game_time": 150.72303087403998,
        "vehicle_location": {
            "x": 14.747293472290039,
            "y": 88.38595581054688,
            "z": -0.03898658603429794
        },
        "vehicle_velocity": {
            "x": -3.66098690032959,
            "y": -0.25713109970092773,
            "z": 3.99589544031187e-06
        },
        "vehicle_throttle": 0.75,
        "unique_collisions": 0,
        "solid_lane_crosses": 0,
        "double_solid_lane_crosses": 0
    },
    {
        "game_time": 151.73256813408807,
        "vehicle_location": {
            "x": 10.750539779663086,
            "y": 88.2242660522461,
            "z": -0.03705966845154762
        },
        "vehicle_velocity": {
            "x": -3.5907247066497803,
            "y": -0.10050904005765915,
            "z": 0.0015318155055865645
        },
        "vehicle_throttle": 0.75,
        "unique_collisions": 0,
        "solid_lane_crosses": 0,
        "double_solid_lane_crosses": 0
    },
    {
        "game_time": 152.77957115648314,
        "vehicle_location": {
            "x": 6.5534257888793945,
            "y": 88.13773345947266,
            "z": -0.034779928624629974
        },
        "vehicle_velocity": {
            "x": -3.1794629096984863,
            "y": -0.04982961714267731,
            "z": -0.00017392158042639494
        },
        "vehicle_throttle": 0.75,
        "unique_collisions": 0,
        "solid_lane_crosses": 0,
        "double_solid_lane_crosses": 0
    },
    {
        "game_time": 153.83750455500558,
        "vehicle_location": {
            "x": 2.6833457946777344,
            "y": 88.10358428955078,
            "z": -0.03568283095955849
        },
        "vehicle_velocity": {
            "x": -3.353144645690918,
            "y": -0.021695975214242935,
            "z": -0.0011454581981524825
        },
        "vehicle_throttle": 0.75,
        "unique_collisions": 0,
        "solid_lane_crosses": 0,
        "double_solid_lane_crosses": 0
    },
    {
        "game_time": 154.8513789777644,
        "vehicle_location": {
            "x": -1.0790656805038452,
            "y": 88.08308410644531,
            "z": -0.037776220589876175
        },
        "vehicle_velocity": {
            "x": -4.014010906219482,
            "y": -0.023227134719491005,
            "z": -0.0012603854993358254
        },
        "vehicle_throttle": 0.0,
        "unique_collisions": 0,
        "solid_lane_crosses": 0,
        "double_solid_lane_crosses": 0
    },
    {
        "game_time": 155.9152982714586,
        "vehicle_location": {
            "x": -4.607117652893066,
            "y": 88.07107543945312,
            "z": -0.03932369127869606
        },
        "vehicle_velocity": {
            "x": -3.964756965637207,
            "y": -0.00958365760743618,
            "z": -3.7622452509822324e-05
        },
        "vehicle_throttle": 0.75,
        "unique_collisions": 0,
        "solid_lane_crosses": 0,
        "double_solid_lane_crosses": 0
    },
    {
        "game_time": 156.94909049989656,
        "vehicle_location": {
            "x": -8.187902450561523,
            "y": 88.06242370605469,
            "z": -0.03919025510549545
        },
        "vehicle_velocity": {
            "x": -3.8430540561676025,
            "y": -0.004447477869689465,
            "z": -0.00012022972077829763
        },
        "vehicle_throttle": 0.75,
        "unique_collisions": 0,
        "solid_lane_crosses": 0,
        "double_solid_lane_crosses": 0
    },
    {
        "game_time": 158.01218527602032,
        "vehicle_location": {
            "x": -11.632308959960938,
            "y": 88.05611419677734,
            "z": -0.03922279179096222
        },
        "vehicle_velocity": {
            "x": -3.600193738937378,
            "y": -0.0057143643498420715,
            "z": -0.0001567840517964214
        },
        "vehicle_throttle": 0.75,
        "unique_collisions": 0,
        "solid_lane_crosses": 0,
        "double_solid_lane_crosses": 0
    },
    {
        "game_time": 159.0938334944658,
        "vehicle_location": {
            "x": -15.669154167175293,
            "y": 88.05010223388672,
            "z": -0.03876250982284546
        },
        "vehicle_velocity": {
            "x": -3.852324962615967,
            "y": -0.005166920833289623,
            "z": -0.00018697738414630294
        },
        "vehicle_throttle": 0.75,
        "unique_collisions": 0,
        "solid_lane_crosses": 0,
        "double_solid_lane_crosses": 0
    },
    {
        "game_time": 160.12214210862294,
        "vehicle_location": {
            "x": -19.673568725585938,
            "y": 88.04489135742188,
            "z": -0.03775840625166893
        },
        "vehicle_velocity": {
            "x": -3.5437614917755127,
            "y": -0.004622430540621281,
            "z": 0.00015441417053807527
        },
        "vehicle_throttle": 0.75,
        "unique_collisions": 0,
        "solid_lane_crosses": 0,
        "double_solid_lane_crosses": 0
    },
    {
        "game_time": 161.17363084899262,
        "vehicle_location": {
            "x": -23.71977996826172,
            "y": 88.0398941040039,
            "z": -0.03816642612218857
        },
        "vehicle_velocity": {
            "x": -3.827610492706299,
            "y": -0.004667383618652821,
            "z": 0.0005717563326470554
        },
        "vehicle_throttle": 0.75,
        "unique_collisions": 0,
        "solid_lane_crosses": 0,
        "double_solid_lane_crosses": 0
    },
    {
        "game_time": 162.24687251402065,
        "vehicle_location": {
            "x": -27.85221290588379,
            "y": 88.03498077392578,
            "z": -0.03883136808872223
        },
        "vehicle_velocity": {
            "x": -3.99574613571167,
            "y": -0.00468475790694356,
            "z": 8.344650268554688e-07
        },
        "vehicle_throttle": 0.75,
        "unique_collisions": 0,
        "solid_lane_crosses": 0,
        "double_solid_lane_crosses": 0
    },
    {
        "game_time": 163.28313953848556,
        "vehicle_location": {
            "x": -31.882770538330078,
            "y": 88.03030395507812,
            "z": -0.03911148011684418
        },
        "vehicle_velocity": {
            "x": -4.311052322387695,
            "y": -0.004937200341373682,
            "z": 0.00041052818414755166
        },
        "vehicle_throttle": 0.75,
        "unique_collisions": 0,
        "solid_lane_crosses": 0,
        "double_solid_lane_crosses": 0
    },
    {
        "game_time": 164.28631750447676,
        "vehicle_location": {
            "x": -35.47929763793945,
            "y": 88.02610778808594,
            "z": -0.039040639996528625
        },
        "vehicle_velocity": {
            "x": -3.76071834564209,
            "y": -0.004157369025051594,
            "z": 0.0002840995730366558
        },
        "vehicle_throttle": 0.75,
        "unique_collisions": 0,
        "solid_lane_crosses": 0,
        "double_solid_lane_crosses": 0
    }
]