[
    {
        "game_time": 6.401077613700181,
        "vehicle_location": {
            "x": -33.017757415771484,
            "y": 193.7087860107422,
            "z": -0.040207672864198685
        },
        "vehicle_velocity": {
            "x": 0.9935156106948853,
            "y": 0.8373797535896301,
            "z": 6.731986650265753e-05
        },
        "vehicle_throttle": 0.75,
        "unique_collisions": 0,
        "solid_lane_crosses": 0,
        "double_solid_lane_crosses": 0
    },
    {
        "game_time": 7.407466209027916,
        "vehicle_location": {
            "x": -32.16960525512695,
            "y": 194.94577026367188,
            "z": -0.046269986778497696
        },
        "vehicle_velocity": {
            "x": -1.922817587852478,
            "y": 0.5916011333465576,
            "z": 0.009982552379369736
        },
        "vehicle_throttle": 0.75,
        "unique_collisions": 1,
        "solid_lane_crosses": 0,
        "double_solid_lane_crosses": 0
    },
    {
        "game_time": 8.426720943767577,
        "vehicle_location": {
            "x": -33.4142951965332,
            "y": 194.8349609375,
            "z": -0.041050031781196594
        },
        "vehicle_velocity": {
            "x": -1.8253858089447021,
            "y": -0.727954626083374,
            "z": 0.0022829407826066017
        },
        "vehicle_throttle": 0.0,
        "unique_collisions": 1,
        "solid_lane_crosses": 0,
        "double_solid_lane_crosses": 0
    },
    {
        "game_time": 9.429050778504461,
        "vehicle_location": {
            "x": -35.09554672241211,
            "y": 194.91110229492188,
            "z": -0.03704395145177841
        },
        "vehicle_velocity": {
            "x": -2.4301881790161133,
            "y": -0.20935913920402527,
            "z": 0.004488821141421795
        },
        "vehicle_throttle": 0.75,
        "unique_collisions": 1,
        "solid_lane_crosses": 0,
        "double_solid_lane_crosses": 0
    },
    {
        "game_time": 10.47071862174198,
        "vehicle_location": {
            "x": -38.533935546875,
            "y": 194.36968994140625,
            "z": -0.03962535783648491
        },
        "vehicle_velocity": {
            "x": -4.557094097137451,
            "y": -0.6845986843109131,
            "z": -0.00010492801084183156
        },
        "vehicle_throttle": 0.75,
        "unique_collisions": 1,
        "solid_lane_crosses": 0,
        "double_solid_lane_crosses": 0
    },
    {
        "game_time": 11.511128717567772,
        "vehicle_location": {
            "x": -43.91950225830078,
            "y": 193.5810546875,
            "z": -0.037317197769880295
        },
        "vehicle_velocity": {
            "x": -5.118412494659424,
            "y": -0.9783034920692444,
            "z": -1.5010833521955647e-05
        },
        "vehicle_throttle": 0.75,
        "unique_collisions": 1,
        "solid_lane_crosses": 0,
        "double_solid_lane_crosses": 0
    },
    {
        "game_time": 12.528390028048307,
        "vehicle_location": {
            "x": -48.90484619140625,
            "y": 192.47872924804688,
            "z": -0.03705783933401108
        },
        "vehicle_velocity": {
            "x": -4.23455810546875,
            "y": -1.309078335762024,
            "z": 4.10556785936933e-05
        },
        "vehicle_throttle": 0.75,
        "unique_collisions": 1,
        "solid_lane_crosses": 0,
        "double_solid_lane_crosses": 0
    },
    {
        "game_time": 13.547542057465762,
        "vehicle_location": {
            "x": -53.83721160888672,
            "y": 190.69732666015625,
            "z": -0.036525189876556396
        },
        "vehicle_velocity": {
            "x": -4.8132123947143555,
            "y": -2.0864481925964355,
            "z": 4.766464189742692e-05
        },
        "vehicle_throttle": 0.6612112522125244,
        "unique_collisions": 1,
        "solid_lane_crosses": 0,
        "double_solid_lane_crosses": 0
    },
    {
        "game_time": 14.567879789043218,
        "vehicle_location": {
            "x": -58.48868942260742,
            "y": 188.07571411132812,
            "z": -0.03545467182993889
        },
        "vehicle_velocity": {
            "x": -3.8357503414154053,
            "y": -2.6096184253692627,
            "z": -0.0005075263907201588
        },
        "vehicle_throttle": 0.75,
        "unique_collisions": 1,
        "solid_lane_crosses": 0,
        "double_solid_lane_crosses": 0
    },
    {
        "game_time": 15.654321354348212,
        "vehicle_location": {
            "x": -62.570213317871094,
            "y": 184.81349182128906,
            "z": -0.03967399522662163
        },
        "vehicle_velocity": {
            "x": -4.063220500946045,
            "y": -4.095283508300781,
            "z": -0.0002745628298725933
        },
        "vehicle_throttle": 0.3181932270526886,
        "unique_collisions": 1,
        "solid_lane_crosses": 0,
        "double_solid_lane_crosses": 0
    },
    {
        "game_time": 16.683060701470822,
        "vehicle_location": {
            "x": -65.89530944824219,
            "y": 181.21981811523438,
            "z": -0.03752864897251129
        },
        "vehicle_velocity": {
            "x": -2.5914907455444336,
            "y": -3.2205734252929688,
            "z": -0.00043602465302683413
        },
        "vehicle_throttle": 0.75,
        "unique_collisions": 1,
        "solid_lane_crosses": 0,
        "double_solid_lane_crosses": 0
    },
    {
        "game_time": 17.691829464863986,
        "vehicle_location": {
            "x": -68.71776580810547,
            "y": 177.10714721679688,
            "z": -0.03887062147259712
        },
        "vehicle_velocity": {
            "x": -2.809044361114502,
            "y": -4.960752010345459,
            "z": -0.00012048720964230597
        },
        "vehicle_throttle": 0.0,
        "unique_collisions": 1,
        "solid_lane_crosses": 0,
        "double_solid_lane_crosses": 0
    },
    {
        "game_time": 18.692602075170726,
        "vehicle_location": {
            "x": -71.1020278930664,
            "y": 172.39588928222656,
            "z": -0.03743267059326172
        },
        "vehicle_velocity": {
            "x": -2.045321226119995,
            "y": -5.009648323059082,
            "z": -3.843307240458671e-06
        },
        "vehicle_throttle": 0.5200791954994202,
        "unique_collisions": 1,
        "solid_lane_crosses": 0,
        "double_solid_lane_crosses": 0
    },
    {
        "game_time": 19.72875415207818,
        "vehicle_location": {
            "x": -72.44232940673828,
            "y": 168.87054443359375,
            "z": -0.036823730915784836
        },
        "vehicle_velocity": {
            "x": -0.7482855916023254,
            "y": -2.2617485523223877,
            "z": 0.0001765680208336562
        },
        "vehicle_throttle": 0.0,
        "unique_collisions": 1,
        "solid_lane_crosses": 0,
        "double_solid_lane_crosses": 0
    },
    {
        "game_time": 20.782563409302384,
        "vehicle_location": {
            "x": -72.85307312011719,
            "y": 167.54635620117188,
            "z": -0.03645744174718857
        },
        "vehicle_velocity": {
            "x": -0.18558089435100555,
            "y": -0.6613023281097412,
            "z": -0.018802160397171974
        },
        "vehicle_throttle": 0.0,
        "unique_collisions": 1,
        "solid_lane_crosses": 0,
        "double_solid_lane_crosses": 0
    },
    {
        "game_time": 21.78487756708637,
        "vehicle_location": {
            "x": -72.97052764892578,
            "y": 167.153076171875,
            "z": -0.03735118731856346
        },
        "vehicle_velocity": {
            "x": -0.00585858104750514,
            "y": -0.007669790647923946,
            "z": 0.00041878223419189453
        },
        "vehicle_throttle": 0.0,
        "unique_collisions": 1,
        "solid_lane_crosses": 0,
        "double_solid_lane_crosses": 0
    },
    {
        "game_time": 22.816248825285584,
        "vehicle_location": {
            "x": -73.0211181640625,
            "y": 166.98757934570312,
            "z": -0.03606952726840973
        },
        "vehicle_velocity": {
            "x": 0.013027983717620373,
            "y": -0.00459353206679225,
            "z": 0.01868657022714615
        },
        "vehicle_throttle": 0.75,
        "unique_collisions": 1,
        "solid_lane_crosses": 0,
        "double_solid_lane_crosses": 0
    },
    {
        "game_time": 23.831975888926536,
        "vehicle_location": {
            "x": -73.0555648803711,
            "y": 166.87843322753906,
            "z": -0.03542587161064148
        },
        "vehicle_velocity": {
            "x": -0.00041557394433766603,
            "y": -0.0010652183555066586,
            "z": 0.0006639957427978516
        },
        "vehicle_throttle": 0.75,
        "unique_collisions": 1,
        "solid_lane_crosses": 0,
        "double_solid_lane_crosses": 0
    },
    {
        "game_time": 24.872649577911943,
        "vehicle_location": {
            "x": -73.06834411621094,
            "y": 166.83897399902344,
            "z": -0.03583217412233353
        },
        "vehicle_velocity": {
            "x": -0.00011052135232603177,
            "y": -0.0004212257044855505,
            "z": 0.00036015029763802886
        },
        "vehicle_throttle": 0.0,
        "unique_collisions": 1,
        "solid_lane_crosses": 0,
        "double_solid_lane_crosses": 0
    },
    {
        "game_time": 25.89518731413409,
        "vehicle_location": {
            "x": -73.07088470458984,
            "y": 166.83041381835938,
            "z": -0.03585044667124748
        },
        "vehicle_velocity": {
            "x": 1.3874648175260518e-05,
            "y": 3.533775088726543e-05,
            "z": 0.00025429725064896047
        },
        "vehicle_throttle": 0.0,
        "unique_collisions": 1,
        "solid_lane_crosses": 0,
        "double_solid_lane_crosses": 0
    },
    {
        "game_time": 26.91893569426611,
        "vehicle_location": {
            "x": -73.07089233398438,
            "y": 166.83038330078125,
            "z": -0.03584858030080795
        },
        "vehicle_velocity": {
            "x": -1.3074863147721771e-07,
            "y": 2.616804017918639e-08,
            "z": 0.00029836653266102076
        },
        "vehicle_throttle": 0.0,
        "unique_collisions": 1,
        "solid_lane_crosses": 0,
        "double_solid_lane_crosses": 0
    },
    {
        "game_time": 27.930803194176406,
        "vehicle_location": {
            "x": -73.07089233398438,
            "y": 166.83038330078125,
            "z": -0.03587162122130394
        },
        "vehicle_velocity": {
            "x": 7.819434877376352e-09,
            "y": -6.198865065698556e-08,
            "z": 0.0002885961439460516
        },
        "vehicle_throttle": 0.0,
        "unique_collisions": 1,
        "solid_lane_crosses": 0,
        "double_solid_lane_crosses": 0
    },
    {
        "game_time": 28.935817717108876,
        "vehicle_location": {
            "x": -73.07089233398438,
            "y": 166.83038330078125,
            "z": -0.03587409853935242
        },
        "vehicle_velocity": {
            "x": 2.4103550799736695e-07,
            "y": -8.275131335722108e-08,
            "z": 0.00044202327262610197
        },
        "vehicle_throttle": 0.0,
        "unique_collisions": 1,
        "solid_lane_crosses": 0,
        "double_solid_lane_crosses": 0
    },
    {
        "game_time": 29.964001418557018,
        "vehicle_location": {
            "x": -73.07089233398438,
            "y": 166.83038330078125,
            "z": -0.035864103585481644
        },
        "vehicle_velocity": {
            "x": -2.775511198649383e-08,
            "y": 1.8913464128189617e-09,
            "z": 0.000293412187602371
        },
        "vehicle_throttle": 0.0,
        "unique_collisions": 1,
        "solid_lane_crosses": 0,
        "double_solid_lane_crosses": 0
    },
    {
        "game_time": 30.979169678408653,
        "vehicle_location": {
            "x": -73.07089233398438,
            "y": 166.83038330078125,
            "z": -0.035900574177503586
        },
        "vehicle_velocity": {
            "x": 7.897905618392542e-08,
            "y": -2.916699326505068e-09,
            "z": 0.0003219604550395161
        },
        "vehicle_throttle": 0.0,
        "unique_collisions": 1,
        "solid_lane_crosses": 0,
        "double_solid_lane_crosses": 0
    },
    {
        "game_time": 31.984535905066878,
        "vehicle_location": {
            "x": -73.07089233398438,
            "y": 166.83038330078125,
            "z": -0.0359414666891098
        },
        "vehicle_velocity": {
            "x": -2.504970382233296e-07,
            "y": 1.4073773257905486e-08,
            "z": -0.0011547851609066129
        },
        "vehicle_throttle": 0.0,
        "unique_collisions": 1,
        "solid_lane_crosses": 0,
        "double_solid_lane_crosses": 0
    },
    {
        "game_time": 32.98741046572104,
        "vehicle_location": {
            "x": -73.07089233398438,
            "y": 166.83038330078125,
            "z": -0.035897329449653625
        },
        "vehicle_velocity": {
            "x": 1.9812577534139564e-07,
            "y": -4.365288130969702e-09,
            "z": 0.0010087633272632957
        },
        "vehicle_throttle": 0.0,
        "unique_collisions": 1,
        "solid_lane_crosses": 0,
        "double_solid_lane_crosses": 0
    },
    {
        "game_time": 34.03536555217579,
        "vehicle_location": {
            "x": -73.07089233398438,
            "y": 166.83038330078125,
            "z": -0.03591705113649368
        },
        "vehicle_velocity": {
            "x": -2.0190041993828345e-07,
            "y": 3.07794607579126e-08,
            "z": -0.0005206107744015753
        },
        "vehicle_throttle": 0.0,
        "unique_collisions": 1,
        "solid_lane_crosses": 0,
        "double_solid_lane_crosses": 0
    },
    {
        "game_time": 35.05036813253537,
        "vehicle_location": {
            "x": -73.07089233398438,
            "y": 166.83038330078125,
            "z": -0.035902634263038635
        },
        "vehicle_velocity": {
            "x": 0.0,
            "y": 0.0,
            "z": 0.0
        },
        "vehicle_throttle": 0.0,
        "unique_collisions": 1,
        "solid_lane_crosses": 0,
        "double_solid_lane_crosses": 0
    },
    {
        "game_time": 36.05430331779644,
        "vehicle_location": {
            "x": -73.07089233398438,
            "y": 166.83038330078125,
            "z": -0.03590869903564453
        },
        "vehicle_velocity": {
            "x": 1.2571737784128345e-07,
            "y": 2.2584780268175564e-08,
            "z": 0.00030488966149277985
        },
        "vehicle_throttle": 0.0,
        "unique_collisions": 1,
        "solid_lane_crosses": 0,
        "double_solid_lane_crosses": 0
    },
    {
        "game_time": 37.10767222056165,
        "vehicle_location": {
            "x": -73.07089233398438,
            "y": 166.83038330078125,
            "z": -0.03586158528923988
        },
        "vehicle_velocity": {
            "x": 1.7718302558478172e-07,
            "y": 6.840474298108745e-10,
            "z": 6.501197640318424e-05
        },
        "vehicle_throttle": 0.0,
        "unique_collisions": 1,
        "solid_lane_crosses": 0,
        "double_solid_lane_crosses": 0
    },
    {
        "game_time": 38.11988975619897,
        "vehicle_location": {
            "x": -73.07089233398438,
            "y": 166.83038330078125,
            "z": -0.03590015321969986
        },
        "vehicle_velocity": {
            "x": 2.117746902285944e-07,
            "y": -4.103508199904127e-09,
            "z": 0.00047656535753048956
        },
        "vehicle_throttle": 0.0,
        "unique_collisions": 1,
        "solid_lane_crosses": 0,
        "double_solid_lane_crosses": 0
    },
    {
        "game_time": 39.13987296214327,
        "vehicle_location": {
            "x": -73.07089233398438,
            "y": 166.83038330078125,
            "z": -0.03589889407157898
        },
        "vehicle_velocity": {
            "x": 8.885108115919138e-08,
            "y": 2.9489358510659258e-08,
            "z": 0.0003247117856517434
        },
        "vehicle_throttle": 0.0,
        "unique_collisions": 1,
        "solid_lane_crosses": 0,
        "double_solid_lane_crosses": 0
    },
    {
        "game_time": 40.168130596634,
        "vehicle_location": {
            "x": -73.07089233398438,
            "y": 166.83038330078125,
            "z": -0.035891301929950714
        },
        "vehicle_velocity": {
            "x": -2.9534292789179517e-09,
            "y": -1.517636505354858e-08,
            "z": 0.00029307365184649825
        },
        "vehicle_throttle": 0.0,
        "unique_collisions": 1,
        "solid_lane_crosses": 0,
        "double_solid_lane_crosses": 0
    },
    {
        "game_time": 41.20722561283037,
        "vehicle_location": {
            "x": -73.07089233398438,
            "y": 166.83038330078125,
            "z": -0.03589019551873207
        },
        "vehicle_velocity": {
            "x": -1.5967598798738436e-08,
            "y": -2.5022245608852245e-08,
            "z": 5.507469177246094e-05
        },
        "vehicle_throttle": 0.0,
        "unique_collisions": 1,
        "solid_lane_crosses": 0,
        "double_solid_lane_crosses": 0
    },
    {
        "game_time": 42.25209826650098,
        "vehicle_location": {
            "x": -73.07089233398438,
            "y": 166.83038330078125,
            "z": -0.03588172793388367
        },
        "vehicle_velocity": {
            "x": 5.58538772565953e-07,
            "y": -5.5149548927602154e-08,
            "z": 0.0009804964065551758
        },
        "vehicle_throttle": 0.0,
        "unique_collisions": 1,
        "solid_lane_crosses": 0,
        "double_solid_lane_crosses": 0
    },
    {
        "game_time": 43.294484451878816,
        "vehicle_location": {
            "x": -73.07089233398438,
            "y": 166.83038330078125,
            "z": -0.03589504212141037
        },
        "vehicle_velocity": {
            "x": 6.007816466535587e-08,
            "y": -5.7355901361688666e-08,
            "z": -0.0005237102159298956
        },
        "vehicle_throttle": 0.0,
        "unique_collisions": 1,
        "solid_lane_crosses": 0,
        "double_solid_lane_crosses": 0
    },
    {
        "game_time": 44.31850764574483,
        "vehicle_location": {
            "x": -73.07089233398438,
            "y": 166.83038330078125,
            "z": -0.03588874638080597
        },
        "vehicle_velocity": {
            "x": -1.4747098475709208e-07,
            "y": -5.414411585746848e-09,
            "z": 0.00029939651722088456
        },
        "vehicle_throttle": 0.0,
        "unique_collisions": 1,
        "solid_lane_crosses": 0,
        "double_solid_lane_crosses": 0
    },
    {
        "game_time": 45.361289663705975,
        "vehicle_location": {
            "x": -73.07089233398438,
            "y": 166.83038330078125,
            "z": -0.03587806597352028
        },
        "vehicle_velocity": {
            "x": -1.5820518228792935e-07,
            "y": 7.170306304260521e-08,
            "z": 0.00020288943778723478
        },
        "vehicle_throttle": 0.0,
        "unique_collisions": 1,
        "solid_lane_crosses": 0,
        "double_solid_lane_crosses": 0
    },
    {
        "game_time": 46.37146415608004,
        "vehicle_location": {
            "x": -73.07089233398438,
            "y": 166.83038330078125,
            "z": -0.03587432950735092
        },
        "vehicle_velocity": {
            "x": 1.6666680835442094e-07,
            "y": 4.347909410284956e-08,
            "z": 0.00022590636217501014
        },
        "vehicle_throttle": 0.0,
        "unique_collisions": 1,
        "solid_lane_crosses": 0,
        "double_solid_lane_crosses": 0
    },
    {
        "game_time": 47.38062890386209,
        "vehicle_location": {
            "x": -73.07089233398438,
            "y": 166.83038330078125,
            "z": -0.03588230162858963
        },
        "vehicle_velocity": {
            "x": -9.547011181609832e-09,
            "y": 5.362262189834155e-09,
            "z": -1.803874874894973e-05
        },
        "vehicle_throttle": 0.0,
        "unique_collisions": 1,
        "solid_lane_crosses": 0,
        "double_solid_lane_crosses": 0
    },
    {
        "game_time": 48.4068134999834,
        "vehicle_location": {
            "x": -73.07089233398438,
            "y": 166.83038330078125,
            "z": -0.03590454161167145
        },
        "vehicle_velocity": {
            "x": -1.1789246912030649e-07,
            "y": -2.014569311370451e-08,
            "z": -0.0003815937088802457
        },
        "vehicle_throttle": 0.0,
        "unique_collisions": 1,
        "solid_lane_crosses": 0,
        "double_solid_lane_crosses": 0
    },
    {
        "game_time": 49.413061948958784,
        "vehicle_location": {
            "x": -73.0819091796875,
            "y": 166.79457092285156,
            "z": -0.03573036193847656
        },
        "vehicle_velocity": {
            "x": -0.04014003649353981,
            "y": -0.13236774504184723,
            "z": -0.0002761554787866771
        },
        "vehicle_throttle": 0.75,
        "unique_collisions": 1,
        "solid_lane_crosses": 0,
        "double_solid_lane_crosses": 0
    },
    {
        "game_time": 50.44534351443872,
        "vehicle_location": {
            "x": -73.26663208007812,
            "y": 166.089599609375,
            "z": -0.03810848295688629
        },
        "vehicle_velocity": {
            "x": -0.2517089545726776,
            "y": -1.0943984985351562,
            "z": 0.0018965863855555654
        },
        "vehicle_throttle": 0.75,
        "unique_collisions": 1,
        "solid_lane_crosses": 0,
        "double_solid_lane_crosses": 0
    },
    {
        "game_time": 51.448085570242256,
        "vehicle_location": {
            "x": -73.69937896728516,
            "y": 164.09097290039062,
            "z": -0.03725723177194595
        },
        "vehicle_velocity": {
            "x": -0.4020678997039795,
            "y": -2.917999744415283,
            "z": 0.002217144938185811
        },
        "vehicle_throttle": 0.75,
        "unique_collisions": 1,
        "solid_lane_crosses": 0,
        "double_solid_lane_crosses": 0
    },
    {
        "game_time": 52.50483861332759,
        "vehicle_location": {
            "x": -74.13623046875,
            "y": 160.83871459960938,
            "z": -0.039219703525304794
        },
        "vehicle_velocity": {
            "x": -0.21176709234714508,
            "y": -3.7310357093811035,
            "z": -0.0005824374966323376
        },
        "vehicle_throttle": 0.75,
        "unique_collisions": 1,
        "solid_lane_crosses": 0,
        "double_solid_lane_crosses": 0
    },
    {
        "game_time": 53.51020281529054,
        "vehicle_location": {
            "x": -74.36270141601562,
            "y": 157.5619354248047,
            "z": -0.03924980014562607
        },
        "vehicle_velocity": {
            "x": -0.19893288612365723,
            "y": -3.718325614929199,
            "z": 0.00016003608470782638
        },
        "vehicle_throttle": 0.75,
        "unique_collisions": 1,
        "solid_lane_crosses": 0,
        "double_solid_lane_crosses": 0
    },
    {
        "game_time": 54.51378243556246,
        "vehicle_location": {
            "x": -74.47418975830078,
            "y": 154.3861083984375,
            "z": -0.03886314481496811
        },
        "vehicle_velocity": {
            "x": -0.10769525170326233,
            "y": -3.1411550045013428,
            "z": 0.0001868057152023539
        },
        "vehicle_throttle": 0.75,
        "unique_collisions": 1,
        "solid_lane_crosses": 0,
        "double_solid_lane_crosses": 0
    },
    {
        "game_time": 55.51627340307459,
        "vehicle_location": {
            "x": -74.54969787597656,
            "y": 151.04457092285156,
            "z": -0.036233823746442795
        },
        "vehicle_velocity": {
            "x": -0.05207275226712227,
            "y": -2.6108880043029785,
            "z": -0.00019609450828284025
        },
        "vehicle_throttle": 0.75,
        "unique_collisions": 1,
        "solid_lane_crosses": 0,
        "double_solid_lane_crosses": 0
    },
    {
        "game_time": 56.595912143122405,
        "vehicle_location": {
            "x": -74.5818099975586,
            "y": 148.19358825683594,
            "z": -0.038719940930604935
        },
        "vehicle_velocity": {
            "x": -0.005400387104600668,
            "y": -2.664476156234741,
            "z": -0.0010216903174296021
        },
        "vehicle_throttle": 0.75,
        "unique_collisions": 1,
        "solid_lane_crosses": 0,
        "double_solid_lane_crosses": 0
    },
    {
        "game_time": 57.63488479098305,
        "vehicle_location": {
            "x": -74.47512817382812,
            "y": 145.2913360595703,
            "z": -0.03610706329345703
        },
        "vehicle_velocity": {
            "x": 0.6086995005607605,
            "y": -3.3493075370788574,
            "z": 0.005184526555240154
        },
        "vehicle_throttle": 0.75,
        "unique_collisions": 1,
        "solid_lane_crosses": 0,
        "double_solid_lane_crosses": 0
    },
    {
        "game_time": 58.63749028882012,
        "vehicle_location": {
            "x": -73.310302734375,
            "y": 141.22251892089844,
            "z": -0.027112578973174095
        },
        "vehicle_velocity": {
            "x": 2.3269402980804443,
            "y": -3.75992488861084,
            "z": 0.006185006815940142
        },
        "vehicle_throttle": 0.0,
        "unique_collisions": 1,
        "solid_lane_crosses": 0,
        "double_solid_lane_crosses": 0
    },
    {
        "game_time": 59.71151270112023,
        "vehicle_location": {
            "x": -70.38072967529297,
            "y": 137.95413208007812,
            "z": -0.023397712036967278
        },
        "vehicle_velocity": {
            "x": 4.012773513793945,
            "y": -1.8871768712997437,
            "z": -0.005130128934979439
        },
        "vehicle_throttle": 0.0,
        "unique_collisions": 1,
        "solid_lane_crosses": 0,
        "double_solid_lane_crosses": 0
    },
    {
        "game_time": 60.75659385276958,
        "vehicle_location": {
            "x": -66.61540985107422,
            "y": 136.5024871826172,
            "z": -0.03613174334168434
        },
        "vehicle_velocity": {
            "x": 4.375964641571045,
            "y": -0.8929899334907532,
            "z": -0.0018770121969282627
        },
        "vehicle_throttle": 0.0,
        "unique_collisions": 1,
        "solid_lane_crosses": 0,
        "double_solid_lane_crosses": 0
    },
    {
        "game_time": 61.793960937764496,
        "vehicle_location": {
            "x": -62.711761474609375,
            "y": 135.85708618164062,
            "z": -0.0391673669219017
        },
        "vehicle_velocity": {
            "x": 4.320048809051514,
            "y": -0.45636454224586487,
            "z": -2.086162567138672e-05
        },
        "vehicle_throttle": 0.75,
        "unique_collisions": 1,
        "solid_lane_crosses": 0,
        "double_solid_lane_crosses": 0
    },
    {
        "game_time": 62.835106670390815,
        "vehicle_location": {
            "x": -59.373558044433594,
            "y": 135.5564422607422,
            "z": -0.03511776030063629
        },
        "vehicle_velocity": {
            "x": 1.835113286972046,
            "y": -0.14059533178806305,
            "z": 0.000312967284116894
        },
        "vehicle_throttle": 0.75,
        "unique_collisions": 1,
        "solid_lane_crosses": 0,
        "double_solid_lane_crosses": 0
    },
    {
        "game_time": 63.85847131581977,
        "vehicle_location": {
            "x": -56.647483825683594,
            "y": 135.39682006835938,
            "z": -0.039383046329021454
        },
        "vehicle_velocity": {
            "x": 3.629093885421753,
            "y": -0.16241797804832458,
            "z": 0.00031955717713572085
        },
        "vehicle_throttle": 0.75,
        "unique_collisions": 1,
        "solid_lane_crosses": 0,
        "double_solid_lane_crosses": 0
    },
    {
        "game_time": 64.86191543517634,
        "vehicle_location": {
            "x": -52.752044677734375,
            "y": 135.23753356933594,
            "z": -0.03880119323730469
        },
        "vehicle_velocity": {
            "x": 4.1324591636657715,
            "y": -0.14178349077701569,
            "z": -0.0009829998016357422
        },
        "vehicle_throttle": 0.75,
        "unique_collisions": 1,
        "solid_lane_crosses": 0,
        "double_solid_lane_crosses": 0
    },
    {
        "game_time": 65.86683612270281,
        "vehicle_location": {
            "x": -48.76075744628906,
            "y": 135.1103973388672,
            "z": -0.03656703978776932
        },
        "vehicle_velocity": {
            "x": 3.7051992416381836,
            "y": -0.10703051090240479,
            "z": -9.745120769366622e-05
        },
        "vehicle_throttle": 0.75,
        "unique_collisions": 1,
        "solid_lane_crosses": 0,
        "double_solid_lane_crosses": 0
    },
    {
        "game_time": 66.91319980332628,
        "vehicle_location": {
            "x": -44.58515930175781,
            "y": 134.996826171875,
            "z": -0.03865142911672592
        },
        "vehicle_velocity": {
            "x": 4.2308149337768555,
            "y": -0.10885822772979736,
            "z": -0.0002412176108919084
        },
        "vehicle_throttle": 0.0,
        "unique_collisions": 1,
        "solid_lane_crosses": 0,
        "double_solid_lane_crosses": 0
    },
    {
        "game_time": 67.93808464007452,
        "vehicle_location": {
            "x": -40.931880950927734,
            "y": 134.90541076660156,
            "z": -0.03656604513525963
        },
        "vehicle_velocity": {
            "x": 3.2871899604797363,
            "y": -0.07920125871896744,
            "z": -2.1324156477930956e-05
        },
        "vehicle_throttle": 0.75,
        "unique_collisions": 1,
        "solid_lane_crosses": 0,
        "double_solid_lane_crosses": 0
    },
    {
        "game_time": 68.97690666979179,
        "vehicle_location": {
            "x": -38.26188278198242,
            "y": 134.84117126464844,
            "z": -0.035488393157720566
        },
        "vehicle_velocity": {
            "x": 1.3816229104995728,
            "y": -0.03262755647301674,
            "z": 0.0004165220307186246
        },
        "vehicle_throttle": 0.75,
        "unique_collisions": 1,
        "solid_lane_crosses": 0,
        "double_solid_lane_crosses": 0
    },
    {
        "game_time": 70.0066525391303,
        "vehicle_location": {
            "x": -37.27013397216797,
            "y": 134.8162384033203,
            "z": -0.03609790652990341
        },
        "vehicle_velocity": {
            "x": 0.28315210342407227,
            "y": -0.0087452856823802,
            "z": 7.111072045518085e-05
        },
        "vehicle_throttle": 0.75,
        "unique_collisions": 1,
        "solid_lane_crosses": 0,
        "double_solid_lane_crosses": 0
    },
    {
        "game_time": 71.01465940056369,
        "vehicle_location": {
            "x": -36.98665237426758,
            "y": 134.8068389892578,
            "z": -0.03699379041790962
        },
        "vehicle_velocity": {
            "x": 0.08191350102424622,
            "y": -0.0022975411266088486,
            "z": 4.2886731534963474e-05
        },
        "vehicle_throttle": 0.75,
        "unique_collisions": 1,
        "solid_lane_crosses": 0,
        "double_solid_lane_crosses": 0
    },
    {
        "game_time": 72.05878745159134,
        "vehicle_location": {
            "x": -36.842288970947266,
            "y": 134.80401611328125,
            "z": -0.037331197410821915
        },
        "vehicle_velocity": {
            "x": 0.0005198928411118686,
            "y": 0.0001669657212914899,
            "z": 0.00023376464378088713
        },
        "vehicle_throttle": 0.75,
        "unique_collisions": 1,
        "solid_lane_crosses": 0,
        "double_solid_lane_crosses": 0
    },
    {
        "game_time": 73.0690060663037,
        "vehicle_location": {
            "x": -36.74618148803711,
            "y": 134.80191040039062,
            "z": -0.037393491715192795
        },
        "vehicle_velocity": {
            "x": 0.0009563721250742674,
            "y": -0.00024285847030114383,
            "z": -0.0005926084122620523
        },
        "vehicle_throttle": 0.75,
        "unique_collisions": 1,
        "solid_lane_crosses": 0,
        "double_solid_lane_crosses": 0
    },
    {
        "game_time": 74.10190152516589,
        "vehicle_location": {
            "x": -36.720455169677734,
            "y": 134.80166625976562,
            "z": -0.037745893001556396
        },
        "vehicle_velocity": {
            "x": -1.612538835615851e-05,
            "y": 7.384723517134262e-07,
            "z": -3.882884993799962e-05
        },
        "vehicle_throttle": 0.0,
        "unique_collisions": 1,
        "solid_lane_crosses": 0,
        "double_solid_lane_crosses": 0
    },
    {
        "game_time": 75.13346865074709,
        "vehicle_location": {
            "x": -36.7204475402832,
            "y": 134.80166625976562,
            "z": -0.0377064123749733
        },
        "vehicle_velocity": {
            "x": -7.676221436270225e-09,
            "y": 5.9353123305072586e-08,
            "z": 0.000247607211349532
        },
        "vehicle_throttle": 0.0,
        "unique_collisions": 1,
        "solid_lane_crosses": 0,
        "double_solid_lane_crosses": 0
    },
    {
        "game_time": 76.13474571378902,
        "vehicle_location": {
            "x": -36.7204475402832,
            "y": 134.80166625976562,
            "z": -0.0376601405441761
        },
        "vehicle_velocity": {
            "x": -3.3278709565820463e-08,
            "y": 5.160323723885085e-08,
            "z": 0.0002958011464215815
        },
        "vehicle_throttle": 0.0,
        "unique_collisions": 1,
        "solid_lane_crosses": 0,
        "double_solid_lane_crosses": 0
    },
    {
        "game_time": 77.1354431300424,
        "vehicle_location": {
            "x": -36.7204475402832,
            "y": 134.80166625976562,
            "z": -0.03770046308636665
        },
        "vehicle_velocity": {
            "x": -4.952699228510937e-08,
            "y": -2.6170463129915333e-08,
            "z": -0.00027849673642776906
        },
        "vehicle_throttle": 0.0,
        "unique_collisions": 1,
        "solid_lane_crosses": 0,
        "double_solid_lane_crosses": 0
    },
    {
        "game_time": 78.1471424899064,
        "vehicle_location": {
            "x": -36.7204475402832,
            "y": 134.80166625976562,
            "z": -0.03774268925189972
        },
        "vehicle_velocity": {
            "x": -7.856960593244366e-08,
            "y": 5.637597055851984e-08,
            "z": 0.0014690113021060824
        },
        "vehicle_throttle": 0.0,
        "unique_collisions": 1,
        "solid_lane_crosses": 0,
        "double_solid_lane_crosses": 0
    },
    {
        "game_time": 79.17575570708141,
        "vehicle_location": {
            "x": -36.7204475402832,
            "y": 134.80166625976562,
            "z": -0.03771530091762543
        },
        "vehicle_velocity": {
            "x": -3.7146971720858346e-08,
            "y": -1.6830941973466906e-08,
            "z": -0.0001457548059988767
        },
        "vehicle_throttle": 0.0,
        "unique_collisions": 1,
        "solid_lane_crosses": 0,
        "double_solid_lane_crosses": 0
    },
    {
        "game_time": 80.1895804493688,
        "vehicle_location": {
            "x": -36.7204475402832,
            "y": 134.80166625976562,
            "z": -0.03784286230802536
        },
        "vehicle_velocity": {
            "x": -4.6310706380836564e-08,
            "y": 9.181641047462108e-08,
            "z": -0.0005628585931845009
        },
        "vehicle_throttle": 0.0,
        "unique_collisions": 1,
        "solid_lane_crosses": 0,
        "double_solid_lane_crosses": 0
    },
    {
        "game_time": 81.22016220679507,
        "vehicle_location": {
            "x": -36.7204475402832,
            "y": 134.80166625976562,
            "z": -0.0377197265625
        },
        "vehicle_velocity": {
            "x": 2.6147356280148415e-08,
            "y": -3.8587220529961996e-08,
            "z": 0.00039297103649005294
        },
        "vehicle_throttle": 0.0,
        "unique_collisions": 1,
        "solid_lane_crosses": 0,
        "double_solid_lane_crosses": 0
    },
    {
        "game_time": 82.24772031372413,
        "vehicle_location": {
            "x": -36.7204475402832,
            "y": 134.80166625976562,
            "z": -0.037659645080566406
        },
        "vehicle_velocity": {
            "x": 2.7936155611030244e-09,
            "y": -1.1601885674394907e-08,
            "z": 0.00034386158222332597
        },
        "vehicle_throttle": 0.0,
        "unique_collisions": 1,
        "solid_lane_crosses": 0,
        "double_solid_lane_crosses": 0
    },
    {
        "game_time": 83.29821284441277,
        "vehicle_location": {
            "x": -36.7204475402832,
            "y": 134.80166625976562,
            "z": -0.037794340401887894
        },
        "vehicle_velocity": {
            "x": 4.637122241746283e-09,
            "y": -1.6147326675763907e-07,
            "z": -0.0008997726254165173
        },
        "vehicle_throttle": 0.0,
        "unique_collisions": 1,
        "solid_lane_crosses": 0,
        "double_solid_lane_crosses": 0
    },
    {
        "game_time": 84.32864327682182,
        "vehicle_location": {
            "x": -36.7204475402832,
            "y": 134.80166625976562,
            "z": -0.03773578628897667
        },
        "vehicle_velocity": {
            "x": -1.0609935152672278e-08,
            "y": 1.2220380085636862e-07,
            "z": 0.0010941362706944346
        },
        "vehicle_throttle": 0.0,
        "unique_collisions": 1,
        "solid_lane_crosses": 0,
        "double_solid_lane_crosses": 0
    },
    {
        "game_time": 85.33027393138036,
        "vehicle_location": {
            "x": -36.7204475402832,
            "y": 134.80166625976562,
            "z": -0.03781368210911751
        },
        "vehicle_velocity": {
            "x": 5.508994505021292e-08,
            "y": -1.2003910754287972e-08,
            "z": -0.0006586074596270919
        },
        "vehicle_throttle": 0.0,
        "unique_collisions": 1,
        "solid_lane_crosses": 0,
        "double_solid_lane_crosses": 0
    },
    {
        "game_time": 86.33646708866581,
        "vehicle_location": {
            "x": -36.7204475402832,
            "y": 134.80166625976562,
            "z": -0.03766948729753494
        },
        "vehicle_velocity": {
            "x": -1.3688246980336771e-08,
            "y": -9.156682523325799e-09,
            "z": 1.4257431075748173e-06
        },
        "vehicle_throttle": 0.0,
        "unique_collisions": 1,
        "solid_lane_crosses": 0,
        "double_solid_lane_crosses": 0
    },
    {
        "game_time": 87.33723327284679,
        "vehicle_location": {
            "x": -36.7204475402832,
            "y": 134.80166625976562,
            "z": -0.03769443556666374
        },
        "vehicle_velocity": {
            "x": 2.3471143251185822e-08,
            "y": -1.7044083477912864e-08,
            "z": 6.9255824200809e-05
        },
        "vehicle_throttle": 0.0,
        "unique_collisions": 1,
        "solid_lane_crosses": 0,
        "double_solid_lane_crosses": 0
    },
    {
        "game_time": 88.3642687103711,
        "vehicle_location": {
            "x": -36.7204475402832,
            "y": 134.80166625976562,
            "z": -0.037725064903497696
        },
        "vehicle_velocity": {
            "x": 7.472921836892965e-09,
            "y": 1.1505067121220236e-08,
            "z": -0.0001883363729575649
        },
        "vehicle_throttle": 0.0,
        "unique_collisions": 1,
        "solid_lane_crosses": 0,
        "double_solid_lane_crosses": 0
    },
    {
        "game_time": 89.37691772310063,
        "vehicle_location": {
            "x": -36.7204475402832,
            "y": 134.80166625976562,
            "z": -0.037685468792915344
        },
        "vehicle_velocity": {
            "x": 1.9238617809946845e-08,
            "y": -8.426331632449546e-09,
            "z": 0.00022155760962050408
        },
        "vehicle_throttle": 0.0,
        "unique_collisions": 1,
        "solid_lane_crosses": 0,
        "double_solid_lane_crosses": 0
    },
    {
        "game_time": 90.39073799317703,
        "vehicle_location": {
            "x": -36.7204475402832,
            "y": 134.80166625976562,
            "z": -0.03770492598414421
        },
        "vehicle_velocity": {
            "x": 3.0323650257457757e-09,
            "y": 8.03836215368392e-08,
            "z": -3.6816596548305824e-05
        },
        "vehicle_throttle": 0.0,
        "unique_collisions": 1,
        "solid_lane_crosses": 0,
        "double_solid_lane_crosses": 0
    },
    {
        "game_time": 91.41594002442434,
        "vehicle_location": {
            "x": -36.7204475402832,
            "y": 134.80166625976562,
            "z": -0.03771095350384712
        },
        "vehicle_velocity": {
            "x": -8.079372548763786e-08,
            "y": -8.92192453250118e-09,
            "z": 0.0004703807644546032
        },
        "vehicle_throttle": 0.0,
        "unique_collisions": 1,
        "solid_lane_crosses": 0,
        "double_solid_lane_crosses": 0
    },
    {
        "game_time": 92.4466082113795,
        "vehicle_location": {
            "x": -36.7204475402832,
            "y": 134.80166625976562,
            "z": -0.037710532546043396
        },
        "vehicle_velocity": {
            "x": -5.196553232167389e-08,
            "y": -1.4587581631531066e-07,
            "z": 2.4828910682117566e-05
        },
        "vehicle_throttle": 0.0,
        "unique_collisions": 1,
        "solid_lane_crosses": 0,
        "double_solid_lane_crosses": 0
    },
    {
        "game_time": 93.46714462572709,
        "vehicle_location": {
            "x": -36.7204475402832,
            "y": 134.80166625976562,
            "z": -0.03772231936454773
        },
        "vehicle_velocity": {
            "x": 5.634332822523902e-08,
            "y": -1.4448322538385128e-08,
            "z": 0.00013177395157981664
        },
        "vehicle_throttle": 0.0,
        "unique_collisions": 1,
        "solid_lane_crosses": 0,
        "double_solid_lane_crosses": 0
    },
    {
        "game_time": 94.50177607359365,
        "vehicle_location": {
            "x": -36.67791748046875,
            "y": 134.80014038085938,
            "z": -0.03829433396458626
        },
        "vehicle_velocity": {
            "x": 0.28368157148361206,
            "y": -0.006964551284909248,
            "z": 8.808136044535786e-05
        },
        "vehicle_throttle": 0.75,
        "unique_collisions": 1,
        "solid_lane_crosses": 0,
        "double_solid_lane_crosses": 0
    },
    {
        "game_time": 95.52134944451973,
        "vehicle_location": {
            "x": -35.84218978881836,
            "y": 134.78013610839844,
            "z": -0.038883667439222336
        },
        "vehicle_velocity": {
            "x": 1.6257792711257935,
            "y": -0.037792690098285675,
            "z": 0.000592513068113476
        },
        "vehicle_throttle": 0.75,
        "unique_collisions": 1,
        "solid_lane_crosses": 0,
        "double_solid_lane_crosses": 0
    },
    {
        "game_time": 96.54443107219413,
        "vehicle_location": {
            "x": -33.469661712646484,
            "y": 134.7265625,
            "z": -0.03812042251229286
        },
        "vehicle_velocity": {
            "x": 2.6790788173675537,
            "y": -0.060639843344688416,
            "z": -0.0010634565260261297
        },
        "vehicle_throttle": 0.75,
        "unique_collisions": 1,
        "solid_lane_crosses": 0,
        "double_solid_lane_crosses": 0
    },
    {
        "game_time": 97.57142811315134,
        "vehicle_location": {
            "x": -30.175302505493164,
            "y": 134.65216064453125,
            "z": -0.038386840373277664
        },
        "vehicle_velocity": {
            "x": 3.4512133598327637,
            "y": -0.07805687189102173,
            "z": -0.00026154518127441406
        },
        "vehicle_throttle": 0.75,
        "unique_collisions": 1,
        "solid_lane_crosses": 0,
        "double_solid_lane_crosses": 0
    },
    {
        "game_time": 98.60228955326602,
        "vehicle_location": {
            "x": -25.6379337310791,
            "y": 134.549560546875,
            "z": -0.03867366537451744
        },
        "vehicle_velocity": {
            "x": 5.282459735870361,
            "y": -0.1195622906088829,
            "z": -0.0001975584018509835
        },
        "vehicle_throttle": 0.75,
        "unique_collisions": 1,
        "solid_lane_crosses": 0,
        "double_solid_lane_crosses": 0
    },
    {
        "game_time": 99.63761165039614,
        "vehicle_location": {
            "x": -20.06810188293457,
            "y": 134.4757537841797,
            "z": -0.038578566163778305
        },
        "vehicle_velocity": {
            "x": 5.54519510269165,
            "y": 0.36392518877983093,
            "z": -0.0001011848435155116
        },
        "vehicle_throttle": 0.01221726555377245,
        "unique_collisions": 1,
        "solid_lane_crosses": 0,
        "double_solid_lane_crosses": 0
    },
    {
        "game_time": 100.65273335250095,
        "vehicle_location": {
            "x": -15.413244247436523,
            "y": 135.48037719726562,
            "z": -0.03786148130893707
        },
        "vehicle_velocity": {
            "x": 3.943389415740967,
            "y": 2.418328046798706,
            "z": -0.0005914830835536122
        },
        "vehicle_throttle": 0.75,
        "unique_collisions": 1,
        "solid_lane_crosses": 0,
        "double_solid_lane_crosses": 0
    },
    {
        "game_time": 101.65735719585791,
        "vehicle_location": {
            "x": -11.832685470581055,
            "y": 139.11509704589844,
            "z": -0.0367036797106266
        },
        "vehicle_velocity": {
            "x": 1.931689977645874,
            "y": 4.892883777618408,
            "z": -0.00038469789433293045
        },
        "vehicle_throttle": 0.75,
        "unique_collisions": 1,
        "solid_lane_crosses": 0,
        "double_solid_lane_crosses": 0
    },
    {
        "game_time": 102.6993330703117,
        "vehicle_location": {
            "x": -10.44146728515625,
            "y": 144.08673095703125,
            "z": -0.03777278959751129
        },
        "vehicle_velocity": {
            "x": 0.8959881663322449,
            "y": 4.47515869140625,
            "z": 0.0003188943665008992
        },
        "vehicle_throttle": 0.75,
        "unique_collisions": 1,
        "solid_lane_crosses": 0,
        "double_solid_lane_crosses": 0
    },
    {
        "game_time": 103.6998066031374,
        "vehicle_location": {
            "x": -9.807391166687012,
            "y": 149.263671875,
            "z": -0.03576164320111275
        },
        "vehicle_velocity": {
            "x": 0.36832135915756226,
            "y": 5.053744792938232,
            "z": 1.678466787780053e-06
        },
        "vehicle_throttle": 0.75,
        "unique_collisions": 1,
        "solid_lane_crosses": 0,
        "double_solid_lane_crosses": 0
    },
    {
        "game_time": 104.71012781048194,
        "vehicle_location": {
            "x": -9.5411376953125,
            "y": 154.5391845703125,
            "z": -0.03552227094769478
        },
        "vehicle_velocity": {
            "x": 0.15529441833496094,
            "y": 4.617998123168945,
            "z": -0.000665369036141783
        },
        "vehicle_throttle": 0.75,
        "unique_collisions": 1,
        "solid_lane_crosses": 0,
        "double_solid_lane_crosses": 0
    },
    {
        "game_time": 105.74876069510356,
        "vehicle_location": {
            "x": -9.411407470703125,
            "y": 159.5128631591797,
            "z": -0.03936584293842316
        },
        "vehicle_velocity": {
            "x": 0.08210452646017075,
            "y": 5.661744117736816,
            "z": -0.00037348747719079256
        },
        "vehicle_throttle": 0.2993544042110443,
        "unique_collisions": 1,
        "solid_lane_crosses": 0,
        "double_solid_lane_crosses": 0
    },
    {
        "game_time": 106.76469205180183,
        "vehicle_location": {
            "x": -9.331826210021973,
            "y": 164.9853057861328,
            "z": -0.03833350911736488
        },
        "vehicle_velocity": {
            "x": 0.06450260430574417,
            "y": 5.486337184906006,
            "z": 1.3227462659415323e-05
        },
        "vehicle_throttle": 0.0,
        "unique_collisions": 1,
        "solid_lane_crosses": 0,
        "double_solid_lane_crosses": 0
    },
    {
        "game_time": 107.80848440667614,
        "vehicle_location": {
            "x": -9.282511711120605,
            "y": 169.97735595703125,
            "z": -0.03888782486319542
        },
        "vehicle_velocity": {
            "x": 0.04241850599646568,
            "y": 5.0325026512146,
            "z": 0.0017735814908519387
        },
        "vehicle_throttle": 0.75,
        "unique_collisions": 1,
        "solid_lane_crosses": 0,
        "double_solid_lane_crosses": 0
    },
    {
        "game_time": 108.8122575818561,
        "vehicle_location": {
            "x": -9.240215301513672,
            "y": 175.33009338378906,
            "z": -0.03822227567434311
        },
        "vehicle_velocity": {
            "x": 0.039731092751026154,
            "y": 5.397976398468018,
            "z": -1.0170936548092868e-05
        },
        "vehicle_throttle": 0.75,
        "unique_collisions": 1,
        "solid_lane_crosses": 0,
        "double_solid_lane_crosses": 0
    },
    {
        "game_time": 109.84165551280603,
        "vehicle_location": {
            "x": -9.204678535461426,
            "y": 180.38308715820312,
            "z": -0.03819896653294563
        },
        "vehicle_velocity": {
            "x": 0.031122533604502678,
            "y": 4.614899158477783,
            "z": -0.00018257141346111894
        },
        "vehicle_throttle": 0.75,
        "unique_collisions": 1,
        "solid_lane_crosses": 0,
        "double_solid_lane_crosses": 0
    },
    {
        "game_time": 110.86956946970895,
        "vehicle_location": {
            "x": -9.31805419921875,
            "y": 185.74668884277344,
            "z": -0.03643402084708214
        },
        "vehicle_velocity": {
            "x": -0.6360607743263245,
            "y": 5.084062576293945,
            "z": -7.111072045518085e-05
        },
        "vehicle_throttle": 0.75,
        "unique_collisions": 1,
        "solid_lane_crosses": 0,
        "double_solid_lane_crosses": 0
    },
    {
        "game_time": 111.89608278078958,
        "vehicle_location": {
            "x": -11.006322860717773,
            "y": 190.4765625,
            "z": -0.03431106358766556
        },
        "vehicle_velocity": {
            "x": -3.1884102821350098,
            "y": 2.472778081893921,
            "z": -0.0003200960054527968
        },
        "vehicle_throttle": 0.75,
        "unique_collisions": 1,
        "solid_lane_crosses": 0,
        "double_solid_lane_crosses": 0
    },
    {
        "game_time": 112.90622975258157,
        "vehicle_location": {
            "x": -15.23015308380127,
            "y": 192.2482147216797,
            "z": -0.040075913071632385
        },
        "vehicle_velocity": {
            "x": -5.56294059753418,
            "y": 1.5483405590057373,
            "z": -0.0001337003632215783
        },
        "vehicle_throttle": 0.0,
        "unique_collisions": 1,
        "solid_lane_crosses": 0,
        "double_solid_lane_crosses": 0
    },
    {
        "game_time": 113.92160342494026,
        "vehicle_location": {
            "x": -20.445268630981445,
            "y": 193.9115447998047,
            "z": -0.03697849065065384
        },
        "vehicle_velocity": {
            "x": -4.932093620300293,
            "y": 1.5833284854888916,
            "z": 1.1229514711885713e-05
        },
        "vehicle_throttle": 0.75,
        "unique_collisions": 1,
        "solid_lane_crosses": 0,
        "double_solid_lane_crosses": 0
    },
    {
        "game_time": 114.95518162520602,
        "vehicle_location": {
            "x": -25.064687728881836,
            "y": 195.394287109375,
            "z": -0.03868015110492706
        },
        "vehicle_velocity": {
            "x": -4.897270679473877,
            "y": 1.57208251953125,
            "z": 1.5449522834387608e-05
        },
        "vehicle_throttle": 0.75,
        "unique_collisions": 1,
        "solid_lane_crosses": 0,
        "double_solid_lane_crosses": 0
    },
    {
        "game_time": 115.96647583367303,
        "vehicle_location": {
            "x": -30.40398406982422,
            "y": 196.43421936035156,
            "z": -0.038574524223804474
        },
        "vehicle_velocity": {
            "x": -5.5422797203063965,
            "y": 0.5330772995948792,
            "z": -2.3822783987270668e-05
        },
        "vehicle_throttle": 0.0777774229645729,
        "unique_collisions": 1,
        "solid_lane_crosses": 0,
        "double_solid_lane_crosses": 0
    },
    {
        "game_time": 117.01098364358768,
        "vehicle_location": {
            "x": -35.40926742553711,
            "y": 196.83377075195312,
            "z": -0.038700561970472336
        },
        "vehicle_velocity": {
            "x": -4.811120986938477,
            "y": 0.23302139341831207,
            "z": -0.00022809504298493266
        },
        "vehicle_throttle": 0.75,
        "unique_collisions": 1,
        "solid_lane_crosses": 0,
        "double_solid_lane_crosses": 0
    },
    {
        "game_time": 118.04373739147559,
        "vehicle_location": {
            "x": -40.855873107910156,
            "y": 197.041259765625,
            "z": -0.03759246692061424
        },
        "vehicle_velocity": {
            "x": -5.246774673461914,
            "y": 0.18392829596996307,
            "z": -2.8133392788731726e-06
        },
        "vehicle_throttle": 0.75,
        "unique_collisions": 1,
        "solid_lane_crosses": 0,
        "double_solid_lane_crosses": 0
    }
]