[
    {
        "game_time": 8.26930608972907,
        "vehicle_location": {
            "x": 15.56853199005127,
            "y": 201.58517456054688,
            "z": -0.17212867736816406
        },
        "vehicle_velocity": {
            "x": 1.2493239641189575,
            "y": -0.2590417265892029,
            "z": -0.00023515224165748805
        },
        "vehicle_throttle": 0.75,
        "unique_collisions": 0,
        "solid_lane_crosses": 0,
        "double_solid_lane_crosses": 0
    },
    {
        "game_time": 9.27007007971406,
        "vehicle_location": {
            "x": 17.64925193786621,
            "y": 201.15084838867188,
            "z": -0.16596876084804535
        },
        "vehicle_velocity": {
            "x": 2.772552013397217,
            "y": -0.8957164287567139,
            "z": -0.0002433109184494242
        },
        "vehicle_throttle": 0.75,
        "unique_collisions": 0,
        "solid_lane_crosses": 0,
        "double_solid_lane_crosses": 0
    },
    {
        "game_time": 10.277112274430692,
        "vehicle_location": {
            "x": 20.89501953125,
            "y": 199.85818481445312,
            "z": -0.16464091837406158
        },
        "vehicle_velocity": {
            "x": 3.511763572692871,
            "y": -1.9325650930404663,
            "z": 0.00015051841910462826
        },
        "vehicle_throttle": 0.75,
        "unique_collisions": 0,
        "solid_lane_crosses": 0,
        "double_solid_lane_crosses": 0
    },
    {
        "game_time": 11.30708254314959,
        "vehicle_location": {
            "x": 24.791399002075195,
            "y": 196.98280334472656,
            "z": -0.16607865691184998
        },
        "vehicle_velocity": {
            "x": 3.5353305339813232,
            "y": -4.100132942199707,
            "z": 0.0001911354047479108
        },
        "vehicle_throttle": 0.6831238269805908,
        "unique_collisions": 0,
        "solid_lane_crosses": 0,
        "double_solid_lane_crosses": 0
    },
    {
        "game_time": 12.368976602330804,
        "vehicle_location": {
            "x": 28.102514266967773,
            "y": 192.2945098876953,
            "z": -0.16144786775112152
        },
        "vehicle_velocity": {
            "x": 2.364781141281128,
            "y": -4.954923152923584,
            "z": 8.891582547221333e-05
        },
        "vehicle_throttle": 0.19680246710777283,
        "unique_collisions": 0,
        "solid_lane_crosses": 0,
        "double_solid_lane_crosses": 0
    },
    {
        "game_time": 13.376970117911696,
        "vehicle_location": {
            "x": 30.067705154418945,
            "y": 187.2119903564453,
            "z": -0.1611698567867279
        },
        "vehicle_velocity": {
            "x": 1.404555320739746,
            "y": -5.244716167449951,
            "z": 8.874892955645919e-05
        },
        "vehicle_throttle": 0.4369162321090698,
        "unique_collisions": 0,
        "solid_lane_crosses": 0,
        "double_solid_lane_crosses": 0
    },
    {
        "game_time": 14.383956007659435,
        "vehicle_location": {
            "x": 31.021303176879883,
            "y": 181.84976196289062,
            "z": -0.1614779233932495
        },
        "vehicle_velocity": {
            "x": 0.3997264802455902,
            "y": -5.384242057800293,
            "z": -1.9650458852993324e-05
        },
        "vehicle_throttle": 0.5772478580474854,
        "unique_collisions": 0,
        "solid_lane_crosses": 0,
        "double_solid_lane_crosses": 0
    },
    {
        "game_time": 15.486020859330893,
        "vehicle_location": {
            "x": 31.36859130859375,
            "y": 176.48475646972656,
            "z": -0.14972572028636932
        },
        "vehicle_velocity": {
            "x": 0.15228796005249023,
            "y": -3.653839588165283,
            "z": 5.419730950961821e-05
        },
        "vehicle_throttle": 0.0,
        "unique_collisions": 0,
        "solid_lane_crosses": 0,
        "double_solid_lane_crosses": 0
    },
    {
        "game_time": 16.500928696244955,
        "vehicle_location": {
            "x": 31.434547424316406,
            "y": 174.23487854003906,
            "z": -0.1532435119152069
        },
        "vehicle_velocity": {
            "x": 0.018575331196188927,
            "y": -0.8515991568565369,
            "z": 3.5953521546616685e-06
        },
        "vehicle_throttle": 0.0,
        "unique_collisions": 0,
        "solid_lane_crosses": 0,
        "double_solid_lane_crosses": 0
    },
    {
        "game_time": 17.596700763329864,
        "vehicle_location": {
            "x": 31.45914077758789,
            "y": 173.15869140625,
            "z": -0.1724316030740738
        },
        "vehicle_velocity": {
            "x": 0.040788501501083374,
            "y": -1.8158291578292847,
            "z": -0.00011889457528013736
        },
        "vehicle_throttle": 0.75,
        "unique_collisions": 0,
        "solid_lane_crosses": 0,
        "double_solid_lane_crosses": 0
    },
    {
        "game_time": 18.648124994710088,
        "vehicle_location": {
            "x": 31.494386672973633,
            "y": 170.37789916992188,
            "z": -0.16587121784687042
        },
        "vehicle_velocity": {
            "x": 0.031206747516989708,
            "y": -3.3751299381256104,
            "z": 7.897853356553242e-05
        },
        "vehicle_throttle": 0.75,
        "unique_collisions": 0,
        "solid_lane_crosses": 0,
        "double_solid_lane_crosses": 0
    },
    {
        "game_time": 19.715288322418928,
        "vehicle_location": {
            "x": 31.52034568786621,
            "y": 166.76390075683594,
            "z": -0.15690618753433228
        },
        "vehicle_velocity": {
            "x": 0.015287578105926514,
            "y": -3.2483863830566406,
            "z": 0.0002258682216051966
        },
        "vehicle_throttle": 0.75,
        "unique_collisions": 0,
        "solid_lane_crosses": 0,
        "double_solid_lane_crosses": 0
    },
    {
        "game_time": 20.792013315483928,
        "vehicle_location": {
            "x": 31.532827377319336,
            "y": 163.23574829101562,
            "z": -0.16280651092529297
        },
        "vehicle_velocity": {
            "x": 0.0059034619480371475,
            "y": -3.3220012187957764,
            "z": -0.00012080192391294986
        },
        "vehicle_throttle": 0.0,
        "unique_collisions": 0,
        "solid_lane_crosses": 0,
        "double_solid_lane_crosses": 0
    },
    {
        "game_time": 21.85833854600787,
        "vehicle_location": {
            "x": 31.54037857055664,
            "y": 159.9384307861328,
            "z": -0.16749395430088043
        },
        "vehicle_velocity": {
            "x": -0.0006725762505084276,
            "y": -3.474564552307129,
            "z": -4.7674177039880306e-05
        },
        "vehicle_throttle": 0.75,
        "unique_collisions": 0,
        "solid_lane_crosses": 0,
        "double_solid_lane_crosses": 0
    },
    {
        "game_time": 22.885359529405832,
        "vehicle_location": {
            "x": 31.54540252685547,
            "y": 156.59915161132812,
            "z": -0.1615106612443924
        },
        "vehicle_velocity": {
            "x": 0.0041475179605185986,
            "y": -3.3698031902313232,
            "z": 0.0001886320096673444
        },
        "vehicle_throttle": 0.75,
        "unique_collisions": 0,
        "solid_lane_crosses": 0,
        "double_solid_lane_crosses": 0
    },
    {
        "game_time": 23.903538106009364,
        "vehicle_location": {
            "x": 31.548728942871094,
            "y": 153.12039184570312,
            "z": -0.16179659962654114
        },
        "vehicle_velocity": {
            "x": 0.00266448431648314,
            "y": -3.6192803382873535,
            "z": 0.00015767573495395482
        },
        "vehicle_throttle": 0.75,
        "unique_collisions": 0,
        "solid_lane_crosses": 0,
        "double_solid_lane_crosses": 0
    },
    {
        "game_time": 24.916302677243948,
        "vehicle_location": {
            "x": 31.55156135559082,
            "y": 148.8968963623047,
            "z": -0.16821065545082092
        },
        "vehicle_velocity": {
            "x": 0.0028707219753414392,
            "y": -4.921840190887451,
            "z": -0.00041561125544831157
        },
        "vehicle_throttle": 0.0,
        "unique_collisions": 0,
        "solid_lane_crosses": 0,
        "double_solid_lane_crosses": 0
    },
    {
        "game_time": 25.973183311522007,
        "vehicle_location": {
            "x": 31.55376625061035,
            "y": 144.70433044433594,
            "z": -0.15023833513259888
        },
        "vehicle_velocity": {
            "x": 0.0014169008936733007,
            "y": -2.8467602729797363,
            "z": 0.0003555583825800568
        },
        "vehicle_throttle": 0.75,
        "unique_collisions": 0,
        "solid_lane_crosses": 0,
        "double_solid_lane_crosses": 0
    },
    {
        "game_time": 27.02674125134945,
        "vehicle_location": {
            "x": 31.555273056030273,
            "y": 141.47018432617188,
            "z": -0.1674284189939499
        },
        "vehicle_velocity": {
            "x": 0.0015453138621523976,
            "y": -3.4570796489715576,
            "z": 6.948471127543598e-05
        },
        "vehicle_throttle": 0.0,
        "unique_collisions": 0,
        "solid_lane_crosses": 0,
        "double_solid_lane_crosses": 0
    },
    {
        "game_time": 28.059219231829047,
        "vehicle_location": {
            "x": 31.556379318237305,
            "y": 138.92808532714844,
            "z": -0.15716904401779175
        },
        "vehicle_velocity": {
            "x": 0.0008503816789016128,
            "y": -1.9565728902816772,
            "z": 0.0003269481530878693
        },
        "vehicle_throttle": 0.75,
        "unique_collisions": 0,
        "solid_lane_crosses": 0,
        "double_solid_lane_crosses": 0
    },
    {
        "game_time": 29.128626327961683,
        "vehicle_location": {
            "x": 31.5576114654541,
            "y": 136.0332794189453,
            "z": -0.1655578762292862
        },
        "vehicle_velocity": {
            "x": 0.0014251342508941889,
            "y": -3.410983085632324,
            "z": 0.00038925171247683465
        },
        "vehicle_throttle": 0.75,
        "unique_collisions": 0,
        "solid_lane_crosses": 0,
        "double_solid_lane_crosses": 0
    },
    {
        "game_time": 30.203333948738873,
        "vehicle_location": {
            "x": 31.55895233154297,
            "y": 132.77194213867188,
            "z": -0.16212508082389832
        },
        "vehicle_velocity": {
            "x": 0.001196798519231379,
            "y": -3.0179903507232666,
            "z": 0.00013487339310813695
        },
        "vehicle_throttle": 0.75,
        "unique_collisions": 0,
        "solid_lane_crosses": 0,
        "double_solid_lane_crosses": 0
    },
    {
        "game_time": 31.238058586604893,
        "vehicle_location": {
            "x": 31.560382843017578,
            "y": 129.27330017089844,
            "z": -0.15552209317684174
        },
        "vehicle_velocity": {
            "x": 0.0011992433574050665,
            "y": -2.993154287338257,
            "z": -0.00012722969404421747
        },
        "vehicle_throttle": 0.0,
        "unique_collisions": 0,
        "solid_lane_crosses": 0,
        "double_solid_lane_crosses": 0
    },
    {
        "game_time": 32.2837041169405,
        "vehicle_location": {
            "x": 31.56117820739746,
            "y": 127.32129669189453,
            "z": -0.16149085760116577
        },
        "vehicle_velocity": {
            "x": 0.0005711600533686578,
            "y": -1.4068516492843628,
            "z": 0.00042526720790192485
        },
        "vehicle_throttle": 0.0,
        "unique_collisions": 0,
        "solid_lane_crosses": 0,
        "double_solid_lane_crosses": 0
    },
    {
        "game_time": 33.28859250154346,
        "vehicle_location": {
            "x": 31.56145477294922,
            "y": 126.60810089111328,
            "z": -0.15697480738162994
        },
        "vehicle_velocity": {
            "x": 0.00019127123232465237,
            "y": -0.45718714594841003,
            "z": -0.0003631687141023576
        },
        "vehicle_throttle": 0.0,
        "unique_collisions": 0,
        "solid_lane_crosses": 0,
        "double_solid_lane_crosses": 0
    },
    {
        "game_time": 34.29759089741856,
        "vehicle_location": {
            "x": 31.561553955078125,
            "y": 126.44102478027344,
            "z": -0.16127796471118927
        },
        "vehicle_velocity": {
            "x": 8.585812611272559e-05,
            "y": -0.21586236357688904,
            "z": -0.00023495673667639494
        },
        "vehicle_throttle": 0.75,
        "unique_collisions": 0,
        "solid_lane_crosses": 0,
        "double_solid_lane_crosses": 0
    },
    {
        "game_time": 35.32081404607743,
        "vehicle_location": {
            "x": 31.562902450561523,
            "y": 126.35472106933594,
            "z": -0.16160091757774353
        },
        "vehicle_velocity": {
            "x": 0.00045602532918564975,
            "y": -0.10440215468406677,
            "z": -0.00034423827310092747
        },
        "vehicle_throttle": 0.75,
        "unique_collisions": 0,
        "solid_lane_crosses": 0,
        "double_solid_lane_crosses": 0
    },
    {
        "game_time": 36.366272675804794,
        "vehicle_location": {
            "x": 31.562862396240234,
            "y": 126.3204574584961,
            "z": -0.1612301617860794
        },
        "vehicle_velocity": {
            "x": -3.16006044158712e-05,
            "y": -0.08011280745267868,
            "z": 2.0670890080509707e-05
        },
        "vehicle_throttle": 0.75,
        "unique_collisions": 0,
        "solid_lane_crosses": 0,
        "double_solid_lane_crosses": 0
    },
    {
        "game_time": 37.39987684506923,
        "vehicle_location": {
            "x": 31.56175994873047,
            "y": 126.3123779296875,
            "z": -0.16165153682231903
        },
        "vehicle_velocity": {
            "x": -4.005178197985515e-06,
            "y": -2.7047201001551002e-05,
            "z": 0.0004002475761808455
        },
        "vehicle_throttle": 0.0,
        "unique_collisions": 0,
        "solid_lane_crosses": 0,
        "double_solid_lane_crosses": 0
    },
    {
        "game_time": 38.41748872306198,
        "vehicle_location": {
            "x": 31.56175994873047,
            "y": 126.31195831298828,
            "z": -0.16162864863872528
        },
        "vehicle_velocity": {
            "x": -1.6636136024317238e-07,
            "y": 2.766898433037568e-06,
            "z": -0.0004593658377416432
        },
        "vehicle_throttle": 0.0,
        "unique_collisions": 0,
        "solid_lane_crosses": 0,
        "double_solid_lane_crosses": 0
    },
    {
        "game_time": 39.44935034960508,
        "vehicle_location": {
            "x": 31.56175994873047,
            "y": 126.31195831298828,
            "z": -0.16161006689071655
        },
        "vehicle_velocity": {
            "x": -9.166544856498149e-08,
            "y": 3.2459702481446584e-08,
            "z": -0.0002939128899015486
        },
        "vehicle_throttle": 0.0,
        "unique_collisions": 0,
        "solid_lane_crosses": 0,
        "double_solid_lane_crosses": 0
    },
    {
        "game_time": 40.45609833672643,
        "vehicle_location": {
            "x": 31.56175994873047,
            "y": 126.31195831298828,
            "z": -0.16159553825855255
        },
        "vehicle_velocity": {
            "x": -1.9092059044822918e-09,
            "y": 3.24332699586094e-10,
            "z": 0.00025412082322873175
        },
        "vehicle_throttle": 0.0,
        "unique_collisions": 0,
        "solid_lane_crosses": 0,
        "double_solid_lane_crosses": 0
    },
    {
        "game_time": 41.508561823517084,
        "vehicle_location": {
            "x": 31.56175994873047,
            "y": 126.31195831298828,
            "z": -0.1616443544626236
        },
        "vehicle_velocity": {
            "x": 6.706783128862526e-09,
            "y": -3.3117559805617702e-09,
            "z": -0.00014650344382971525
        },
        "vehicle_throttle": 0.0,
        "unique_collisions": 0,
        "solid_lane_crosses": 0,
        "double_solid_lane_crosses": 0
    },
    {
        "game_time": 42.54082983918488,
        "vehicle_location": {
            "x": 31.56175994873047,
            "y": 126.31195831298828,
            "z": -0.16165153682231903
        },
        "vehicle_velocity": {
            "x": 8.373149285034742e-09,
            "y": -6.664001572787015e-10,
            "z": -0.0004753398825414479
        },
        "vehicle_throttle": 0.0,
        "unique_collisions": 0,
        "solid_lane_crosses": 0,
        "double_solid_lane_crosses": 0
    },
    {
        "game_time": 43.58576028048992,
        "vehicle_location": {
            "x": 31.56175994873047,
            "y": 126.31195831298828,
            "z": -0.1616642326116562
        },
        "vehicle_velocity": {
            "x": 4.334192560406791e-09,
            "y": -3.711147611440424e-09,
            "z": 7.676124369027093e-05
        },
        "vehicle_throttle": 0.0,
        "unique_collisions": 0,
        "solid_lane_crosses": 0,
        "double_solid_lane_crosses": 0
    },
    {
        "game_time": 44.657465083524585,
        "vehicle_location": {
            "x": 31.56175994873047,
            "y": 126.31195831298828,
            "z": -0.1616392880678177
        },
        "vehicle_velocity": {
            "x": 4.705448475306184e-09,
            "y": -8.296632714177576e-09,
            "z": 0.00014801502402406186
        },
        "vehicle_throttle": 0.0,
        "unique_collisions": 0,
        "solid_lane_crosses": 0,
        "double_solid_lane_crosses": 0
    },
    {
        "game_time": 45.72955334559083,
        "vehicle_location": {
            "x": 31.56175994873047,
            "y": 126.31195831298828,
            "z": -0.1616521030664444
        },
        "vehicle_velocity": {
            "x": -4.182176738254384e-08,
            "y": 2.331747850359278e-10,
            "z": 4.046916728839278e-05
        },
        "vehicle_throttle": 0.0,
        "unique_collisions": 0,
        "solid_lane_crosses": 0,
        "double_solid_lane_crosses": 0
    },
    {
        "game_time": 46.774629472754896,
        "vehicle_location": {
            "x": 31.56175994873047,
            "y": 126.31195831298828,
            "z": -0.16161346435546875
        },
        "vehicle_velocity": {
            "x": 2.6871826985797043e-09,
            "y": 2.7115605316652136e-09,
            "z": 8.249282836914062e-05
        },
        "vehicle_throttle": 0.0,
        "unique_collisions": 0,
        "solid_lane_crosses": 0,
        "double_solid_lane_crosses": 0
    },
    {
        "game_time": 47.81921905931085,
        "vehicle_location": {
            "x": 31.56175994873047,
            "y": 126.31195831298828,
            "z": -0.1616380214691162
        },
        "vehicle_velocity": {
            "x": -1.2924531445079879e-09,
            "y": 1.3425091038854475e-09,
            "z": -0.00010934829333564267
        },
        "vehicle_throttle": 0.0,
        "unique_collisions": 0,
        "solid_lane_crosses": 0,
        "double_solid_lane_crosses": 0
    },
    {
        "game_time": 48.90981401596218,
        "vehicle_location": {
            "x": 31.56175994873047,
            "y": 126.31195831298828,
            "z": -0.16159969568252563
        },
        "vehicle_velocity": {
            "x": 8.894284753147019e-10,
            "y": -5.159381366581783e-09,
            "z": 0.0003199338971171528
        },
        "vehicle_throttle": 0.0,
        "unique_collisions": 0,
        "solid_lane_crosses": 0,
        "double_solid_lane_crosses": 0
    },
    {
        "game_time": 49.97703039832413,
        "vehicle_location": {
            "x": 31.56175994873047,
            "y": 126.31195831298828,
            "z": -0.16165591776371002
        },
        "vehicle_velocity": {
            "x": 3.2452303067032062e-09,
            "y": 1.2960517103977054e-08,
            "z": -0.0002808570861816406
        },
        "vehicle_throttle": 0.0,
        "unique_collisions": 0,
        "solid_lane_crosses": 0,
        "double_solid_lane_crosses": 0
    },
    {
        "game_time": 51.04572228062898,
        "vehicle_location": {
            "x": 31.56175994873047,
            "y": 126.31195831298828,
            "z": -0.16159053146839142
        },
        "vehicle_velocity": {
            "x": 3.486703148425363e-09,
            "y": 2.878650373627778e-10,
            "z": 0.00024699210189282894
        },
        "vehicle_throttle": 0.0,
        "unique_collisions": 0,
        "solid_lane_crosses": 0,
        "double_solid_lane_crosses": 0
    },
    {
        "game_time": 52.12010532338172,
        "vehicle_location": {
            "x": 31.56175994873047,
            "y": 126.31195831298828,
            "z": -0.16165633499622345
        },
        "vehicle_velocity": {
            "x": 2.284004096964054e-09,
            "y": 2.9601529560885353e-10,
            "z": 8.58306884765625e-06
        },
        "vehicle_throttle": 0.0,
        "unique_collisions": 0,
        "solid_lane_crosses": 0,
        "double_solid_lane_crosses": 0
    },
    {
        "game_time": 53.13097337540239,
        "vehicle_location": {
            "x": 31.56175994873047,
            "y": 126.31195831298828,
            "z": -0.16160331666469574
        },
        "vehicle_velocity": {
            "x": 2.8012623332074327e-08,
            "y": -7.055532158517508e-09,
            "z": -0.00013443946954794228
        },
        "vehicle_throttle": 0.0,
        "unique_collisions": 0,
        "solid_lane_crosses": 0,
        "double_solid_lane_crosses": 0
    },
    {
        "game_time": 54.227465791627765,
        "vehicle_location": {
            "x": 31.56175994873047,
            "y": 126.31195831298828,
            "z": -0.16159537434577942
        },
        "vehicle_velocity": {
            "x": 2.8376307525945776e-08,
            "y": -6.853553835561854e-10,
            "z": -0.0002353858872083947
        },
        "vehicle_throttle": 0.0,
        "unique_collisions": 0,
        "solid_lane_crosses": 0,
        "double_solid_lane_crosses": 0
    },
    {
        "game_time": 55.26424958743155,
        "vehicle_location": {
            "x": 31.56175994873047,
            "y": 126.31195831298828,
            "z": -0.16162356734275818
        },
        "vehicle_velocity": {
            "x": 1.7227099746719432e-08,
            "y": 6.991285772528499e-09,
            "z": -0.00017465591372456402
        },
        "vehicle_throttle": 0.0,
        "unique_collisions": 0,
        "solid_lane_crosses": 0,
        "double_solid_lane_crosses": 0
    },
    {
        "game_time": 56.27319108787924,
        "vehicle_location": {
            "x": 31.56175994873047,
            "y": 126.31195831298828,
            "z": -0.16160446405410767
        },
        "vehicle_velocity": {
            "x": 5.812117898074121e-09,
            "y": -2.022983736083006e-08,
            "z": -0.00014389037096407264
        },
        "vehicle_throttle": 0.0,
        "unique_collisions": 0,
        "solid_lane_crosses": 0,
        "double_solid_lane_crosses": 0
    },
    {
        "game_time": 57.31662942748517,
        "vehicle_location": {
            "x": 31.56175994873047,
            "y": 126.31195831298828,
            "z": -0.16162803769111633
        },
        "vehicle_velocity": {
            "x": -7.257013834305326e-08,
            "y": 7.246261368720752e-09,
            "z": -0.00022051810810808092
        },
        "vehicle_throttle": 0.0,
        "unique_collisions": 0,
        "solid_lane_crosses": 0,
        "double_solid_lane_crosses": 0
    },
    {
        "game_time": 58.377112571150064,
        "vehicle_location": {
            "x": 31.56175994873047,
            "y": 126.31195831298828,
            "z": -0.16164053976535797
        },
        "vehicle_velocity": {
            "x": 7.294838066940201e-09,
            "y": 4.090993321881342e-09,
            "z": 0.00023647307534702122
        },
        "vehicle_throttle": 0.0,
        "unique_collisions": 0,
        "solid_lane_crosses": 0,
        "double_solid_lane_crosses": 0
    },
    {
        "game_time": 59.46779219247401,
        "vehicle_location": {
            "x": 31.56175994873047,
            "y": 126.31195831298828,
            "z": -0.16164527833461761
        },
        "vehicle_velocity": {
            "x": 2.788327124747525e-09,
            "y": -5.025169613759317e-09,
            "z": 0.000573387136682868
        },
        "vehicle_throttle": 0.0,
        "unique_collisions": 0,
        "solid_lane_crosses": 0,
        "double_solid_lane_crosses": 0
    },
    {
        "game_time": 60.53050100058317,
        "vehicle_location": {
            "x": 31.56175994873047,
            "y": 126.31195831298828,
            "z": -0.16162444651126862
        },
        "vehicle_velocity": {
            "x": -1.756887435533372e-08,
            "y": -1.0541993056278898e-08,
            "z": -0.00012281417730264366
        },
        "vehicle_throttle": 0.0,
        "unique_collisions": 0,
        "solid_lane_crosses": 0,
        "double_solid_lane_crosses": 0
    },
    {
        "game_time": 61.59367983508855,
        "vehicle_location": {
            "x": 31.56175994873047,
            "y": 126.31195831298828,
            "z": -0.16165538132190704
        },
        "vehicle_velocity": {
            "x": 1.054506881814632e-08,
            "y": 4.6895012317804685e-09,
            "z": -0.00023011206940282136
        },
        "vehicle_throttle": 0.0,
        "unique_collisions": 0,
        "solid_lane_crosses": 0,
        "double_solid_lane_crosses": 0
    },
    {
        "game_time": 62.60146838705987,
        "vehicle_location": {
            "x": 31.56175994873047,
            "y": 126.31195831298828,
            "z": -0.16159896552562714
        },
        "vehicle_velocity": {
            "x": 2.4956392508102e-08,
            "y": -4.1208692014294e-10,
            "z": 0.00010337829007767141
        },
        "vehicle_throttle": 0.0,
        "unique_collisions": 0,
        "solid_lane_crosses": 0,
        "double_solid_lane_crosses": 0
    },
    {
        "game_time": 63.632615567184985,
        "vehicle_location": {
            "x": 31.56175994873047,
            "y": 126.31195831298828,
            "z": -0.16166457533836365
        },
        "vehicle_velocity": {
            "x": 1.0962496688193824e-08,
            "y": -1.0384716198075239e-08,
            "z": -0.00010667800961527973
        },
        "vehicle_throttle": 0.0,
        "unique_collisions": 0,
        "solid_lane_crosses": 0,
        "double_solid_lane_crosses": 0
    },
    {
        "game_time": 64.64456029329449,
        "vehicle_location": {
            "x": 31.56175994873047,
            "y": 126.31195831298828,
            "z": -0.1616877019405365
        },
        "vehicle_velocity": {
            "x": 2.1362964175430932e-10,
            "y": -2.214406658040957e-09,
            "z": 0.0001107311254600063
        },
        "vehicle_throttle": 0.0,
        "unique_collisions": 0,
        "solid_lane_crosses": 0,
        "double_solid_lane_crosses": 0
    },
    {
        "game_time": 65.67904548160732,
        "vehicle_location": {
            "x": 31.56175994873047,
            "y": 126.31195831298828,
            "z": -0.16160385310649872
        },
        "vehicle_velocity": {
            "x": 3.916136748216559e-09,
            "y": -1.4496495559512823e-08,
            "z": -0.00021968841610942036
        },
        "vehicle_throttle": 0.0,
        "unique_collisions": 0,
        "solid_lane_crosses": 0,
        "double_solid_lane_crosses": 0
    },
    {
        "game_time": 66.73129178769886,
        "vehicle_location": {
            "x": 31.56175994873047,
            "y": 126.31195831298828,
            "z": -0.16165828704833984
        },
        "vehicle_velocity": {
            "x": -2.942665489058527e-08,
            "y": 3.1499478581054063e-09,
            "z": -0.00019642830011434853
        },
        "vehicle_throttle": 0.0,
        "unique_collisions": 0,
        "solid_lane_crosses": 0,
        "double_solid_lane_crosses": 0
    },
    {
        "game_time": 67.79105298034847,
        "vehicle_location": {
            "x": 31.56175994873047,
            "y": 126.31195831298828,
            "z": -0.161636084318161
        },
        "vehicle_velocity": {
            "x": 6.877094449464494e-09,
            "y": 1.5230352090611632e-08,
            "z": -0.0003462886670604348
        },
        "vehicle_throttle": 0.0,
        "unique_collisions": 0,
        "solid_lane_crosses": 0,
        "double_solid_lane_crosses": 0
    },
    {
        "game_time": 68.84501607902348,
        "vehicle_location": {
            "x": 31.56175994873047,
            "y": 126.31195831298828,
            "z": -0.1616213172674179
        },
        "vehicle_velocity": {
            "x": 3.680277060880144e-08,
            "y": 8.961906217130888e-10,
            "z": -0.0002119255077559501
        },
        "vehicle_throttle": 0.0,
        "unique_collisions": 0,
        "solid_lane_crosses": 0,
        "double_solid_lane_crosses": 0
    },
    {
        "game_time": 69.89198568183929,
        "vehicle_location": {
            "x": 31.56175994873047,
            "y": 126.31195831298828,
            "z": -0.16159667074680328
        },
        "vehicle_velocity": {
            "x": 7.475932761735748e-09,
            "y": -8.320122368843386e-09,
            "z": 0.0005987024051137269
        },
        "vehicle_throttle": 0.0,
        "unique_collisions": 0,
        "solid_lane_crosses": 0,
        "double_solid_lane_crosses": 0
    },
    {
        "game_time": 70.96299679018557,
        "vehicle_location": {
            "x": 31.56175994873047,
            "y": 126.31195831298828,
            "z": -0.16163887083530426
        },
        "vehicle_velocity": {
            "x": 2.3022976858300126e-09,
            "y": -3.5667606645972683e-09,
            "z": 0.000357079494278878
        },
        "vehicle_throttle": 0.0,
        "unique_collisions": 0,
        "solid_lane_crosses": 0,
        "double_solid_lane_crosses": 0
    },
    {
        "game_time": 72.02856618911028,
        "vehicle_location": {
            "x": 31.56175994873047,
            "y": 126.31195831298828,
            "z": -0.1616540104150772
        },
        "vehicle_velocity": {
            "x": 2.7159289928135877e-08,
            "y": 1.378282377118012e-09,
            "z": 0.00015856741811148822
        },
        "vehicle_throttle": 0.0,
        "unique_collisions": 0,
        "solid_lane_crosses": 0,
        "double_solid_lane_crosses": 0
    },
    {
        "game_time": 73.03017791640013,
        "vehicle_location": {
            "x": 31.56175994873047,
            "y": 126.31195831298828,
            "z": -0.16166362166404724
        },
        "vehicle_velocity": {
            "x": -2.4238038243140636e-09,
            "y": 1.4361442701726901e-08,
            "z": -0.00038151739863678813
        },
        "vehicle_throttle": 0.0,
        "unique_collisions": 0,
        "solid_lane_crosses": 0,
        "double_solid_lane_crosses": 0
    },
    {
        "game_time": 74.04451479855925,
        "vehicle_location": {
            "x": 31.56175994873047,
            "y": 126.31195831298828,
            "z": -0.16160663962364197
        },
        "vehicle_velocity": {
            "x": 3.860261443833224e-09,
            "y": -1.4593760866432604e-08,
            "z": -3.763198765227571e-05
        },
        "vehicle_throttle": 0.0,
        "unique_collisions": 0,
        "solid_lane_crosses": 0,
        "double_solid_lane_crosses": 0
    },
    {
        "game_time": 75.13042414467782,
        "vehicle_location": {
            "x": 31.56175994873047,
            "y": 126.31195831298828,
            "z": -0.16164039075374603
        },
        "vehicle_velocity": {
            "x": 5.038850448002563e-10,
            "y": -1.1794508703033557e-09,
            "z": -0.00028501509223133326
        },
        "vehicle_throttle": 0.0,
        "unique_collisions": 0,
        "solid_lane_crosses": 0,
        "double_solid_lane_crosses": 0
    },
    {
        "game_time": 76.21998116653413,
        "vehicle_location": {
            "x": 31.56175994873047,
            "y": 126.31195831298828,
            "z": -0.16164618730545044
        },
        "vehicle_velocity": {
            "x": -1.9146708662987066e-09,
            "y": 1.61097002404631e-08,
            "z": -0.0001874065346783027
        },
        "vehicle_throttle": 0.0,
        "unique_collisions": 0,
        "solid_lane_crosses": 0,
        "double_solid_lane_crosses": 0
    },
    {
        "game_time": 77.24874327238649,
        "vehicle_location": {
            "x": 31.56175994873047,
            "y": 126.31195831298828,
            "z": -0.1616268903017044
        },
        "vehicle_velocity": {
            "x": 1.0363551794512205e-08,
            "y": 1.6195391694395767e-08,
            "z": 6.4277646742993966e-06
        },
        "vehicle_throttle": 0.0,
        "unique_collisions": 0,
        "solid_lane_crosses": 0,
        "double_solid_lane_crosses": 0
    },
    {
        "game_time": 78.2892412180081,
        "vehicle_location": {
            "x": 31.56175994873047,
            "y": 126.31195831298828,
            "z": -0.16161400079727173
        },
        "vehicle_velocity": {
            "x": -2.1202247069140867e-08,
            "y": -8.031196152558095e-09,
            "z": 0.0004245281161274761
        },
        "vehicle_throttle": 0.0,
        "unique_collisions": 0,
        "solid_lane_crosses": 0,
        "double_solid_lane_crosses": 0
    },
    {
        "game_time": 79.3111282652244,
        "vehicle_location": {
            "x": 31.56175994873047,
            "y": 126.31195831298828,
            "z": -0.16166388988494873
        },
        "vehicle_velocity": {
            "x": 6.4320975212694975e-09,
            "y": 3.9396899076393765e-09,
            "z": -9.310722089139745e-05
        },
        "vehicle_throttle": 0.0,
        "unique_collisions": 0,
        "solid_lane_crosses": 0,
        "double_solid_lane_crosses": 0
    },
    {
        "game_time": 80.39393884222955,
        "vehicle_location": {
            "x": 31.56191062927246,
            "y": 125.88851165771484,
            "z": -0.1664581447839737
        },
        "vehicle_velocity": {
            "x": 0.0004255969834048301,
            "y": -1.0139769315719604,
            "z": -0.00027030945057049394
        },
        "vehicle_throttle": 0.75,
        "unique_collisions": 0,
        "solid_lane_crosses": 0,
        "double_solid_lane_crosses": 0
    },
    {
        "game_time": 81.41279377043247,
        "vehicle_location": {
            "x": 31.56265640258789,
            "y": 123.9440689086914,
            "z": -0.16739626228809357
        },
        "vehicle_velocity": {
            "x": 0.0010432411218062043,
            "y": -2.7343904972076416,
            "z": -0.00036222455673851073
        },
        "vehicle_throttle": 0.75,
        "unique_collisions": 0,
        "solid_lane_crosses": 0,
        "double_solid_lane_crosses": 0
    },
    {
        "game_time": 82.41519359033555,
        "vehicle_location": {
            "x": 31.563873291015625,
            "y": 120.76422882080078,
            "z": -0.15721337497234344
        },
        "vehicle_velocity": {
            "x": 0.0011349687119945884,
            "y": -2.903881072998047,
            "z": -0.00036024092696607113
        },
        "vehicle_throttle": 0.75,
        "unique_collisions": 0,
        "solid_lane_crosses": 0,
        "double_solid_lane_crosses": 0
    },
    {
        "game_time": 83.41592967510223,
        "vehicle_location": {
            "x": 31.565101623535156,
            "y": 117.59395599365234,
            "z": -0.16885052621364594
        },
        "vehicle_velocity": {
            "x": 0.0014091167831793427,
            "y": -3.5302531719207764,
            "z": -5.702972339349799e-05
        },
        "vehicle_throttle": 0.0,
        "unique_collisions": 0,
        "solid_lane_crosses": 0,
        "double_solid_lane_crosses": 0
    },
    {
        "game_time": 84.4218122670427,
        "vehicle_location": {
            "x": 31.566442489624023,
            "y": 114.25436401367188,
            "z": -0.1653914749622345
        },
        "vehicle_velocity": {
            "x": 0.0014260595198720694,
            "y": -3.620203733444214,
            "z": 0.00045857904478907585
        },
        "vehicle_throttle": 0.0,
        "unique_collisions": 0,
        "solid_lane_crosses": 0,
        "double_solid_lane_crosses": 0
    },
    {
        "game_time": 85.52558547165245,
        "vehicle_location": {
            "x": 31.567996978759766,
            "y": 110.31269073486328,
            "z": -0.16505257785320282
        },
        "vehicle_velocity": {
            "x": 0.0015824853908270597,
            "y": -3.9286556243896484,
            "z": 0.00047146319411695004
        },
        "vehicle_throttle": 0.75,
        "unique_collisions": 0,
        "solid_lane_crosses": 0,
        "double_solid_lane_crosses": 0
    },
    {
        "game_time": 86.57009798567742,
        "vehicle_location": {
            "x": 31.553590774536133,
            "y": 105.80706024169922,
            "z": -0.15875671803951263
        },
        "vehicle_velocity": {
            "x": -0.03096454031765461,
            "y": -4.116099834442139,
            "z": -1.068115216185106e-05
        },
        "vehicle_throttle": 0.75,
        "unique_collisions": 0,
        "solid_lane_crosses": 0,
        "double_solid_lane_crosses": 0
    },
    {
        "game_time": 87.63326312880963,
        "vehicle_location": {
            "x": 31.329477310180664,
            "y": 102.13298797607422,
            "z": -0.1641548126935959
        },
        "vehicle_velocity": {
            "x": -0.6167534589767456,
            "y": -3.300004243850708,
            "z": 0.00021737575298175216
        },
        "vehicle_throttle": 0.75,
        "unique_collisions": 0,
        "solid_lane_crosses": 0,
        "double_solid_lane_crosses": 0
    },
    {
        "game_time": 88.67564057093114,
        "vehicle_location": {
            "x": 30.444549560546875,
            "y": 98.23445129394531,
            "z": -0.164188414812088
        },
        "vehicle_velocity": {
            "x": -1.7158398628234863,
            "y": -4.10386848449707,
            "z": 5.555152893066406e-05
        },
        "vehicle_throttle": 0.75,
        "unique_collisions": 0,
        "solid_lane_crosses": 0,
        "double_solid_lane_crosses": 0
    },
    {
        "game_time": 89.70496480632573,
        "vehicle_location": {
            "x": 27.9066162109375,
            "y": 93.78630828857422,
            "z": -0.15767647325992584
        },
        "vehicle_velocity": {
            "x": -3.2170588970184326,
            "y": -3.691814422607422,
            "z": -0.001276426250115037
        },
        "vehicle_throttle": 0.0,
        "unique_collisions": 0,
        "solid_lane_crosses": 0,
        "double_solid_lane_crosses": 0
    },
    {
        "game_time": 90.70513105671853,
        "vehicle_location": {
            "x": 24.78822135925293,
            "y": 91.04785919189453,
            "z": -0.16382697224617004
        },
        "vehicle_velocity": {
            "x": -3.5646183490753174,
            "y": -1.9636480808258057,
            "z": -0.00024333952751476318
        },
        "vehicle_throttle": 0.75,
        "unique_collisions": 0,
        "solid_lane_crosses": 0,
        "double_solid_lane_crosses": 0
    },
    {
        "game_time": 91.72921489179134,
        "vehicle_location": {
            "x": 20.596588134765625,
            "y": 88.60077667236328,
            "z": -0.16783387959003448
        },
        "vehicle_velocity": {
            "x": -4.834455490112305,
            "y": -2.6587653160095215,
            "z": -8.551597420591861e-05
        },
        "vehicle_throttle": 0.416993111371994,
        "unique_collisions": 0,
        "solid_lane_crosses": 0,
        "double_solid_lane_crosses": 0
    }
]