[
    {
        "game_time": 8.687541918829083,
        "vehicle_location": {
            "x": -33.03217697143555,
            "y": 193.70343017578125,
            "z": -0.04001682251691818
        },
        "vehicle_velocity": {
            "x": 0.896126389503479,
            "y": 0.7694849967956543,
            "z": -0.0005328559782356024
        },
        "vehicle_throttle": 0.75,
        "unique_collisions": 0,
        "solid_lane_crosses": 0,
        "double_solid_lane_crosses": 0
    },
    {
        "game_time": 9.70317348279059,
        "vehicle_location": {
            "x": -31.68165397644043,
            "y": 195.44544982910156,
            "z": -0.03778938204050064
        },
        "vehicle_velocity": {
            "x": 0.5132184624671936,
            "y": 3.344252586364746,
            "z": 0.00014341830683406442
        },
        "vehicle_throttle": 0.75,
        "unique_collisions": 0,
        "solid_lane_crosses": 0,
        "double_solid_lane_crosses": 0
    },
    {
        "game_time": 10.70488540455699,
        "vehicle_location": {
            "x": -32.79507827758789,
            "y": 198.9971466064453,
            "z": -0.037857819348573685
        },
        "vehicle_velocity": {
            "x": -4.2252349853515625,
            "y": 3.03085994720459,
            "z": 0.00013612746261060238
        },
        "vehicle_throttle": 0.75,
        "unique_collisions": 0,
        "solid_lane_crosses": 0,
        "double_solid_lane_crosses": 0
    },
    {
        "game_time": 11.718678670935333,
        "vehicle_location": {
            "x": -37.489070892333984,
            "y": 200.27224731445312,
            "z": -0.03719188645482063
        },
        "vehicle_velocity": {
            "x": -3.9990074634552,
            "y": -2.1860694885253906,
            "z": 6.265639967750758e-06
        },
        "vehicle_throttle": 0.75,
        "unique_collisions": 0,
        "solid_lane_crosses": 0,
        "double_solid_lane_crosses": 0
    },
    {
        "game_time": 12.781169867143035,
        "vehicle_location": {
            "x": -39.54341125488281,
            "y": 196.68896484375,
            "z": -0.03967811539769173
        },
        "vehicle_velocity": {
            "x": 1.7570722103118896,
            "y": -3.802136182785034,
            "z": -0.001003046054393053
        },
        "vehicle_throttle": 0.75,
        "unique_collisions": 0,
        "solid_lane_crosses": 0,
        "double_solid_lane_crosses": 0
    },
    {
        "game_time": 13.8381934389472,
        "vehicle_location": {
            "x": -37.06534194946289,
            "y": 192.01087951660156,
            "z": -0.03517772629857063
        },
        "vehicle_velocity": {
            "x": 0.22693295776844025,
            "y": -4.832487106323242,
            "z": 0.0012595701264217496
        },
        "vehicle_throttle": 0.75,
        "unique_collisions": 0,
        "solid_lane_crosses": 0,
        "double_solid_lane_crosses": 0
    },
    {
        "game_time": 14.846616469323635,
        "vehicle_location": {
            "x": -39.02992248535156,
            "y": 187.94427490234375,
            "z": -0.03753352910280228
        },
        "vehicle_velocity": {
            "x": -4.613949298858643,
            "y": -1.7727205753326416,
            "z": -3.54289986717049e-05
        },
        "vehicle_throttle": 0.75,
        "unique_collisions": 0,
        "solid_lane_crosses": 0,
        "double_solid_lane_crosses": 0
    },
    {
        "game_time": 15.87989570852369,
        "vehicle_location": {
            "x": -43.71478271484375,
            "y": 188.52456665039062,
            "z": -0.03771407902240753
        },
        "vehicle_velocity": {
            "x": -2.806473731994629,
            "y": 3.668612241744995,
            "z": -0.0009315204224549234
        },
        "vehicle_throttle": 0.75,
        "unique_collisions": 0,
        "solid_lane_crosses": 0,
        "double_solid_lane_crosses": 0
    },
    {
        "game_time": 16.90517637785524,
        "vehicle_location": {
            "x": -45.74020004272461,
            "y": 193.35208129882812,
            "z": -0.03472987934947014
        },
        "vehicle_velocity": {
            "x": -2.3256497383117676,
            "y": 3.934677839279175,
            "z": 0.0004500913491938263
        },
        "vehicle_throttle": 0.75,
        "unique_collisions": 0,
        "solid_lane_crosses": 0,
        "double_solid_lane_crosses": 0
    },
    {
        "game_time": 17.906261352822185,
        "vehicle_location": {
            "x": -48.87326431274414,
            "y": 195.34912109375,
            "z": -0.036079443991184235
        },
        "vehicle_velocity": {
            "x": -4.283149719238281,
            "y": -0.8047808408737183,
            "z": 0.0008550262427888811
        },
        "vehicle_throttle": 0.75,
        "unique_collisions": 0,
        "solid_lane_crosses": 0,
        "double_solid_lane_crosses": 0
    },
    {
        "game_time": 18.96033849287778,
        "vehicle_location": {
            "x": -53.41715621948242,
            "y": 192.7461700439453,
            "z": -0.03542865812778473
        },
        "vehicle_velocity": {
            "x": -3.4905805587768555,
            "y": -3.07436466217041,
            "z": -0.00024728296557441354
        },
        "vehicle_throttle": 0.75,
        "unique_collisions": 0,
        "solid_lane_crosses": 0,
        "double_solid_lane_crosses": 0
    },
    {
        "game_time": 19.985503340139985,
        "vehicle_location": {
            "x": -57.19525909423828,
            "y": 189.76687622070312,
            "z": -0.03913238272070885
        },
        "vehicle_velocity": {
            "x": -4.337554454803467,
            "y": -3.3835771083831787,
            "z": -0.000369114859495312
        },
        "vehicle_throttle": 0.75,
        "unique_collisions": 0,
        "solid_lane_crosses": 0,
        "double_solid_lane_crosses": 0
    },
    {
        "game_time": 21.01923541445285,
        "vehicle_location": {
            "x": -61.14129638671875,
            "y": 186.47401428222656,
            "z": -0.03696170821785927
        },
        "vehicle_velocity": {
            "x": -3.118445873260498,
            "y": -2.883535146713257,
            "z": 0.000743117299862206
        },
        "vehicle_throttle": 0.75,
        "unique_collisions": 0,
        "solid_lane_crosses": 0,
        "double_solid_lane_crosses": 0
    },
    {
        "game_time": 22.060388073325157,
        "vehicle_location": {
            "x": -64.75942993164062,
            "y": 182.72987365722656,
            "z": -0.03846561163663864
        },
        "vehicle_velocity": {
            "x": -3.5510194301605225,
            "y": -4.385891437530518,
            "z": -7.523059321101755e-05
        },
        "vehicle_throttle": 0.0,
        "unique_collisions": 0,
        "solid_lane_crosses": 0,
        "double_solid_lane_crosses": 0
    },
    {
        "game_time": 23.119897573255002,
        "vehicle_location": {
            "x": -68.07998657226562,
            "y": 178.2150421142578,
            "z": -0.03663570433855057
        },
        "vehicle_velocity": {
            "x": -2.646477222442627,
            "y": -4.375659942626953,
            "z": -1.3346671948966105e-05
        },
        "vehicle_throttle": 0.6768078804016113,
        "unique_collisions": 0,
        "solid_lane_crosses": 0,
        "double_solid_lane_crosses": 0
    },
    {
        "game_time": 24.16668449435383,
        "vehicle_location": {
            "x": -70.475341796875,
            "y": 173.8773651123047,
            "z": -0.03834724426269531
        },
        "vehicle_velocity": {
            "x": -2.102293014526367,
            "y": -4.771834373474121,
            "z": -0.0003303432313259691
        },
        "vehicle_throttle": 0.75,
        "unique_collisions": 0,
        "solid_lane_crosses": 0,
        "double_solid_lane_crosses": 0
    },
    {
        "game_time": 25.191885754466057,
        "vehicle_location": {
            "x": -72.38967895507812,
            "y": 169.01939392089844,
            "z": -0.036307066679000854
        },
        "vehicle_velocity": {
            "x": -1.2533965110778809,
            "y": -4.080264091491699,
            "z": -0.0006994056748226285
        },
        "vehicle_throttle": 0.75,
        "unique_collisions": 0,
        "solid_lane_crosses": 0,
        "double_solid_lane_crosses": 0
    },
    {
        "game_time": 26.23635882139206,
        "vehicle_location": {
            "x": -73.61959075927734,
            "y": 164.0325164794922,
            "z": -0.037676047533750534
        },
        "vehicle_velocity": {
            "x": -1.0103530883789062,
            "y": -5.714194297790527,
            "z": -0.000718727067578584
        },
        "vehicle_throttle": 0.0,
        "unique_collisions": 0,
        "solid_lane_crosses": 0,
        "double_solid_lane_crosses": 0
    },
    {
        "game_time": 27.270197907462716,
        "vehicle_location": {
            "x": -74.20549011230469,
            "y": 159.1747283935547,
            "z": -0.037607382982969284
        },
        "vehicle_velocity": {
            "x": -0.2776458263397217,
            "y": -4.1871418952941895,
            "z": -0.0006908511859364808
        },
        "vehicle_throttle": 0.0,
        "unique_collisions": 0,
        "solid_lane_crosses": 0,
        "double_solid_lane_crosses": 0
    },
    {
        "game_time": 28.271124398335814,
        "vehicle_location": {
            "x": -74.3440933227539,
            "y": 157.3450164794922,
            "z": -0.03537319228053093
        },
        "vehicle_velocity": {
            "x": 0.0003990624682046473,
            "y": 0.005043168552219868,
            "z": -0.0012714480981230736
        },
        "vehicle_throttle": 0.0,
        "unique_collisions": 0,
        "solid_lane_crosses": 0,
        "double_solid_lane_crosses": 0
    },
    {
        "game_time": 29.294656336307526,
        "vehicle_location": {
            "x": -74.3442611694336,
            "y": 157.34339904785156,
            "z": -0.03766647353768349
        },
        "vehicle_velocity": {
            "x": 3.3383969366695965e-07,
            "y": 1.120493607231765e-06,
            "z": 0.0005887364968657494
        },
        "vehicle_throttle": 0.0,
        "unique_collisions": 0,
        "solid_lane_crosses": 0,
        "double_solid_lane_crosses": 0
    },
    {
        "game_time": 30.33448892645538,
        "vehicle_location": {
            "x": -74.3442611694336,
            "y": 157.3433837890625,
            "z": -0.037695616483688354
        },
        "vehicle_velocity": {
            "x": -1.325671039609233e-08,
            "y": 3.02593612389046e-08,
            "z": -0.0005213165422901511
        },
        "vehicle_throttle": 0.0,
        "unique_collisions": 0,
        "solid_lane_crosses": 0,
        "double_solid_lane_crosses": 0
    },
    {
        "game_time": 31.396887393668294,
        "vehicle_location": {
            "x": -74.3442611694336,
            "y": 157.3433837890625,
            "z": -0.03774967044591904
        },
        "vehicle_velocity": {
            "x": 2.4889041938536138e-08,
            "y": -4.087866933843998e-09,
            "z": -0.0009208774426952004
        },
        "vehicle_throttle": 0.0,
        "unique_collisions": 0,
        "solid_lane_crosses": 0,
        "double_solid_lane_crosses": 0
    },
    {
        "game_time": 32.449094478040934,
        "vehicle_location": {
            "x": -74.3442611694336,
            "y": 157.3433837890625,
            "z": -0.037775687873363495
        },
        "vehicle_velocity": {
            "x": 1.6287367010647813e-09,
            "y": 9.686682567178195e-09,
            "z": 0.00018202781211584806
        },
        "vehicle_throttle": 0.0,
        "unique_collisions": 0,
        "solid_lane_crosses": 0,
        "double_solid_lane_crosses": 0
    },
    {
        "game_time": 33.4795400891453,
        "vehicle_location": {
            "x": -74.3442611694336,
            "y": 157.3433837890625,
            "z": -0.03772087022662163
        },
        "vehicle_velocity": {
            "x": 6.2664722300098674e-09,
            "y": -5.302907002402435e-09,
            "z": 0.0006010389188304543
        },
        "vehicle_throttle": 0.0,
        "unique_collisions": 0,
        "solid_lane_crosses": 0,
        "double_solid_lane_crosses": 0
    },
    {
        "game_time": 34.544063590466976,
        "vehicle_location": {
            "x": -74.3442611694336,
            "y": 157.3433837890625,
            "z": -0.0377085879445076
        },
        "vehicle_velocity": {
            "x": 9.227623998242507e-09,
            "y": 9.824101709909883e-08,
            "z": -1.5225409697450232e-05
        },
        "vehicle_throttle": 0.0,
        "unique_collisions": 0,
        "solid_lane_crosses": 0,
        "double_solid_lane_crosses": 0
    },
    {
        "game_time": 35.585344176739454,
        "vehicle_location": {
            "x": -74.3442611694336,
            "y": 157.3433837890625,
            "z": -0.0377516932785511
        },
        "vehicle_velocity": {
            "x": 1.2306648500270967e-07,
            "y": 3.933231340624843e-08,
            "z": 0.001368021941743791
        },
        "vehicle_throttle": 0.0,
        "unique_collisions": 0,
        "solid_lane_crosses": 0,
        "double_solid_lane_crosses": 0
    },
    {
        "game_time": 36.608640032820404,
        "vehicle_location": {
            "x": -74.3442611694336,
            "y": 157.3433837890625,
            "z": -0.037729986011981964
        },
        "vehicle_velocity": {
            "x": 2.4301223255918103e-09,
            "y": 1.0801362293477723e-07,
            "z": 0.0003885984478984028
        },
        "vehicle_throttle": 0.0,
        "unique_collisions": 0,
        "solid_lane_crosses": 0,
        "double_solid_lane_crosses": 0
    },
    {
        "game_time": 37.63615535851568,
        "vehicle_location": {
            "x": -74.3442611694336,
            "y": 157.3433837890625,
            "z": -0.037730827927589417
        },
        "vehicle_velocity": {
            "x": 1.7032968457897368e-07,
            "y": -5.1165645942319316e-08,
            "z": -0.0008780574426054955
        },
        "vehicle_throttle": 0.0,
        "unique_collisions": 0,
        "solid_lane_crosses": 0,
        "double_solid_lane_crosses": 0
    },
    {
        "game_time": 38.68809911888093,
        "vehicle_location": {
            "x": -74.3442611694336,
            "y": 157.3433837890625,
            "z": -0.03770462051033974
        },
        "vehicle_velocity": {
            "x": -1.2142153948957457e-08,
            "y": -2.485408323593674e-08,
            "z": -0.0009790229378268123
        },
        "vehicle_throttle": 0.0,
        "unique_collisions": 0,
        "solid_lane_crosses": 0,
        "double_solid_lane_crosses": 0
    },
    {
        "game_time": 39.74152306560427,
        "vehicle_location": {
            "x": -74.3442611694336,
            "y": 157.3433837890625,
            "z": -0.03774581849575043
        },
        "vehicle_velocity": {
            "x": 2.8532248563806206e-08,
            "y": 6.975965760602776e-08,
            "z": 0.0004971599555574358
        },
        "vehicle_throttle": 0.0,
        "unique_collisions": 0,
        "solid_lane_crosses": 0,
        "double_solid_lane_crosses": 0
    },
    {
        "game_time": 40.7447263142094,
        "vehicle_location": {
            "x": -74.3442611694336,
            "y": 157.3433837890625,
            "z": -0.037793271243572235
        },
        "vehicle_velocity": {
            "x": -1.4640853862601944e-07,
            "y": -4.817444931859427e-08,
            "z": 5.3377149015432224e-05
        },
        "vehicle_throttle": 0.0,
        "unique_collisions": 0,
        "solid_lane_crosses": 0,
        "double_solid_lane_crosses": 0
    },
    {
        "game_time": 41.78278550412506,
        "vehicle_location": {
            "x": -74.3442611694336,
            "y": 157.3433837890625,
            "z": -0.03768302872776985
        },
        "vehicle_velocity": {
            "x": -1.3245535335215664e-08,
            "y": -2.6767184024834023e-08,
            "z": 0.0007093668100424111
        },
        "vehicle_throttle": 0.0,
        "unique_collisions": 0,
        "solid_lane_crosses": 0,
        "double_solid_lane_crosses": 0
    },
    {
        "game_time": 42.82402590941638,
        "vehicle_location": {
            "x": -74.3442611694336,
            "y": 157.3433837890625,
            "z": -0.03760867938399315
        },
        "vehicle_velocity": {
            "x": 3.1171447645306216e-09,
            "y": -3.0407248940989007e-10,
            "z": 0.0005961084389127791
        },
        "vehicle_throttle": 0.0,
        "unique_collisions": 0,
        "solid_lane_crosses": 0,
        "double_solid_lane_crosses": 0
    },
    {
        "game_time": 43.86539615597576,
        "vehicle_location": {
            "x": -74.3442611694336,
            "y": 157.3433837890625,
            "z": -0.03778873383998871
        },
        "vehicle_velocity": {
            "x": 5.7874963488302456e-08,
            "y": 8.06821560672688e-08,
            "z": 0.002147631486877799
        },
        "vehicle_throttle": 0.0,
        "unique_collisions": 0,
        "solid_lane_crosses": 0,
        "double_solid_lane_crosses": 0
    },
    {
        "game_time": 44.87772011850029,
        "vehicle_location": {
            "x": -74.3442611694336,
            "y": 157.3433837890625,
            "z": -0.037727925926446915
        },
        "vehicle_velocity": {
            "x": -3.291824057782833e-08,
            "y": 6.291353571441505e-08,
            "z": 0.001478013931773603
        },
        "vehicle_throttle": 0.0,
        "unique_collisions": 0,
        "solid_lane_crosses": 0,
        "double_solid_lane_crosses": 0
    },
    {
        "game_time": 45.887645059265196,
        "vehicle_location": {
            "x": -74.3442611694336,
            "y": 157.3433837890625,
            "z": -0.03778793290257454
        },
        "vehicle_velocity": {
            "x": 3.226746514428669e-08,
            "y": -6.878907754526153e-08,
            "z": -0.0008067893795669079
        },
        "vehicle_throttle": 0.0,
        "unique_collisions": 0,
        "solid_lane_crosses": 0,
        "double_solid_lane_crosses": 0
    },
    {
        "game_time": 46.901442335918546,
        "vehicle_location": {
            "x": -74.3442611694336,
            "y": 157.3433837890625,
            "z": -0.0377182774245739
        },
        "vehicle_velocity": {
            "x": 6.538993790883296e-09,
            "y": 1.0942772021849123e-08,
            "z": 0.0002672433911357075
        },
        "vehicle_throttle": 0.0,
        "unique_collisions": 0,
        "solid_lane_crosses": 0,
        "double_solid_lane_crosses": 0
    },
    {
        "game_time": 47.958291007205844,
        "vehicle_location": {
            "x": -74.3442611694336,
            "y": 157.3433837890625,
            "z": -0.03773856908082962
        },
        "vehicle_velocity": {
            "x": 2.72788831523485e-08,
            "y": 7.75268294006537e-09,
            "z": -0.0012384796282276511
        },
        "vehicle_throttle": 0.0,
        "unique_collisions": 0,
        "solid_lane_crosses": 0,
        "double_solid_lane_crosses": 0
    },
    {
        "game_time": 48.978675063699484,
        "vehicle_location": {
            "x": -74.3442611694336,
            "y": 157.3433837890625,
            "z": -0.03768863528966904
        },
        "vehicle_velocity": {
            "x": 8.463891809640245e-09,
            "y": -4.618859517080409e-09,
            "z": 5.425453127827495e-05
        },
        "vehicle_throttle": 0.0,
        "unique_collisions": 0,
        "solid_lane_crosses": 0,
        "double_solid_lane_crosses": 0
    },
    {
        "game_time": 50.01217646058649,
        "vehicle_location": {
            "x": -74.38410186767578,
            "y": 156.68653869628906,
            "z": -0.03944816440343857
        },
        "vehicle_velocity": {
            "x": -0.09969042241573334,
            "y": -1.643649697303772,
            "z": -0.0012620926136150956
        },
        "vehicle_throttle": 0.75,
        "unique_collisions": 0,
        "solid_lane_crosses": 0,
        "double_solid_lane_crosses": 0
    },
    {
        "game_time": 51.02341454196721,
        "vehicle_location": {
            "x": -74.47733306884766,
            "y": 154.0811309814453,
            "z": -0.03943469747900963
        },
        "vehicle_velocity": {
            "x": -0.09317634999752045,
            "y": -3.536022186279297,
            "z": -0.0008986663888208568
        },
        "vehicle_throttle": 0.75,
        "unique_collisions": 0,
        "solid_lane_crosses": 0,
        "double_solid_lane_crosses": 0
    },
    {
        "game_time": 52.07840833906084,
        "vehicle_location": {
            "x": -74.56075286865234,
            "y": 149.2820281982422,
            "z": -0.039551734924316406
        },
        "vehicle_velocity": {
            "x": -0.020704342052340508,
            "y": -5.643914699554443,
            "z": -0.0004153871559537947
        },
        "vehicle_throttle": 0.5181436538696289,
        "unique_collisions": 0,
        "solid_lane_crosses": 0,
        "double_solid_lane_crosses": 0
    },
    {
        "game_time": 53.11445802170783,
        "vehicle_location": {
            "x": -74.25455474853516,
            "y": 144.20806884765625,
            "z": -0.03193676099181175
        },
        "vehicle_velocity": {
            "x": 0.5893457531929016,
            "y": -4.256990432739258,
            "z": 0.0090207289904356
        },
        "vehicle_throttle": 0.75,
        "unique_collisions": 0,
        "solid_lane_crosses": 0,
        "double_solid_lane_crosses": 0
    }
]