[
    {
        "game_time": 5.571556978859007,
        "vehicle_location": {
            "x": 15.525527000427246,
            "y": 201.5853271484375,
            "z": -0.01162872277200222
        },
        "vehicle_velocity": {
            "x": 1.811993956565857,
            "y": -0.35085567831993103,
            "z": 3.291129905846901e-05
        },
        "vehicle_throttle": 0.75,
        "unique_collisions": 0,
        "solid_lane_crosses": 0,
        "double_solid_lane_crosses": 0
    },
    {
        "game_time": 6.641956089064479,
        "vehicle_location": {
            "x": 18.546119689941406,
            "y": 200.8175506591797,
            "z": -0.009498938918113708
        },
        "vehicle_velocity": {
            "x": 3.795898914337158,
            "y": -1.412158489227295,
            "z": 5.697727101505734e-05
        },
        "vehicle_throttle": 0.75,
        "unique_collisions": 0,
        "solid_lane_crosses": 0,
        "double_solid_lane_crosses": 0
    },
    {
        "game_time": 7.691864525899291,
        "vehicle_location": {
            "x": 23.123537063598633,
            "y": 198.33360290527344,
            "z": -0.006087951362133026
        },
        "vehicle_velocity": {
            "x": 3.739413022994995,
            "y": -3.3040037155151367,
            "z": -0.0025131702423095703
        },
        "vehicle_throttle": 0.75,
        "unique_collisions": 0,
        "solid_lane_crosses": 0,
        "double_solid_lane_crosses": 0
    },
    {
        "game_time": 8.698555074632168,
        "vehicle_location": {
            "x": 26.66758155822754,
            "y": 194.5191192626953,
            "z": -0.006702957209199667
        },
        "vehicle_velocity": {
            "x": 3.046743631362915,
            "y": -4.169646263122559,
            "z": 0.00015204428927972913
        },
        "vehicle_throttle": 0.75,
        "unique_collisions": 0,
        "solid_lane_crosses": 0,
        "double_solid_lane_crosses": 0
    },
    {
        "game_time": 9.723207565024495,
        "vehicle_location": {
            "x": 28.94892120361328,
            "y": 190.4269561767578,
            "z": -0.008403167128562927
        },
        "vehicle_velocity": {
            "x": 1.6608415842056274,
            "y": -3.923161506652832,
            "z": 0.00043790816562250257
        },
        "vehicle_throttle": 0.75,
        "unique_collisions": 0,
        "solid_lane_crosses": 0,
        "double_solid_lane_crosses": 0
    },
    {
        "game_time": 10.757316933944821,
        "vehicle_location": {
            "x": 30.318082809448242,
            "y": 186.19635009765625,
            "z": -0.006893424782902002
        },
        "vehicle_velocity": {
            "x": 0.9150940775871277,
            "y": -3.489574432373047,
            "z": 0.0011956834932789207
        },
        "vehicle_throttle": 0.75,
        "unique_collisions": 0,
        "solid_lane_crosses": 0,
        "double_solid_lane_crosses": 0
    },
    {
        "game_time": 11.804711401462555,
        "vehicle_location": {
            "x": 31.03639030456543,
            "y": 181.8336639404297,
            "z": -0.004910011310130358
        },
        "vehicle_velocity": {
            "x": 0.13016821444034576,
            "y": -3.543445348739624,
            "z": 0.0002857589570339769
        },
        "vehicle_throttle": 0.75,
        "unique_collisions": 0,
        "solid_lane_crosses": 0,
        "double_solid_lane_crosses": 0
    },
    {
        "game_time": 12.861005829647183,
        "vehicle_location": {
            "x": 31.29245376586914,
            "y": 177.50534057617188,
            "z": -0.004908866714686155
        },
        "vehicle_velocity": {
            "x": 0.20626500248908997,
            "y": -3.4461543560028076,
            "z": 0.00034185886033810675
        },
        "vehicle_throttle": 0.0,
        "unique_collisions": 0,
        "solid_lane_crosses": 0,
        "double_solid_lane_crosses": 0
    },
    {
        "game_time": 13.91978543996811,
        "vehicle_location": {
            "x": 31.390539169311523,
            "y": 174.8321990966797,
            "z": -0.009339866228401661
        },
        "vehicle_velocity": {
            "x": 0.09964361786842346,
            "y": -3.0928683280944824,
            "z": 0.00032214639941230416
        },
        "vehicle_throttle": 0.75,
        "unique_collisions": 0,
        "solid_lane_crosses": 0,
        "double_solid_lane_crosses": 0
    },
    {
        "game_time": 14.98574848845601,
        "vehicle_location": {
            "x": 31.462154388427734,
            "y": 171.4208221435547,
            "z": -0.008662872016429901
        },
        "vehicle_velocity": {
            "x": -0.018795059993863106,
            "y": -3.1424081325531006,
            "z": -0.0007159423548728228
        },
        "vehicle_throttle": 0.75,
        "unique_collisions": 0,
        "solid_lane_crosses": 0,
        "double_solid_lane_crosses": 0
    },
    {
        "game_time": 15.98681997321546,
        "vehicle_location": {
            "x": 31.502084732055664,
            "y": 167.70640563964844,
            "z": -0.008456344716250896
        },
        "vehicle_velocity": {
            "x": -0.004857679363340139,
            "y": -3.942936897277832,
            "z": 0.0003499364829622209
        },
        "vehicle_throttle": 0.75,
        "unique_collisions": 0,
        "solid_lane_crosses": 0,
        "double_solid_lane_crosses": 0
    },
    {
        "game_time": 17.020610868930817,
        "vehicle_location": {
            "x": 31.524084091186523,
            "y": 164.1409912109375,
            "z": -0.009330329485237598
        },
        "vehicle_velocity": {
            "x": 0.021417230367660522,
            "y": -3.8796610832214355,
            "z": 1.127243012888357e-05
        },
        "vehicle_throttle": 0.0,
        "unique_collisions": 0,
        "solid_lane_crosses": 0,
        "double_solid_lane_crosses": 0
    },
    {
        "game_time": 18.095725011080503,
        "vehicle_location": {
            "x": 31.535436630249023,
            "y": 160.4961395263672,
            "z": -0.00815738644450903
        },
        "vehicle_velocity": {
            "x": 0.011201897636055946,
            "y": -3.691380262374878,
            "z": 0.00012229918502271175
        },
        "vehicle_throttle": 0.0,
        "unique_collisions": 0,
        "solid_lane_crosses": 0,
        "double_solid_lane_crosses": 0
    },
    {
        "game_time": 19.16282746195793,
        "vehicle_location": {
            "x": 31.54248046875,
            "y": 156.91934204101562,
            "z": -0.006852226331830025
        },
        "vehicle_velocity": {
            "x": 0.005226718727499247,
            "y": -3.355264186859131,
            "z": -0.0009891509544104338
        },
        "vehicle_throttle": 0.0,
        "unique_collisions": 0,
        "solid_lane_crosses": 0,
        "double_solid_lane_crosses": 0
    },
    {
        "game_time": 20.18777071684599,
        "vehicle_location": {
            "x": 31.547231674194336,
            "y": 153.23167419433594,
            "z": -0.009617576375603676
        },
        "vehicle_velocity": {
            "x": 0.00454028882086277,
            "y": -4.60291051864624,
            "z": -0.00022291182540357113
        },
        "vehicle_throttle": 0.75,
        "unique_collisions": 0,
        "solid_lane_crosses": 0,
        "double_solid_lane_crosses": 0
    },
    {
        "game_time": 21.24881653673947,
        "vehicle_location": {
            "x": 31.551156997680664,
            "y": 148.19027709960938,
            "z": -0.005192107986658812
        },
        "vehicle_velocity": {
            "x": 0.0013528068084269762,
            "y": -3.6333799362182617,
            "z": 0.0012724875705316663
        },
        "vehicle_throttle": 0.75,
        "unique_collisions": 0,
        "solid_lane_crosses": 0,
        "double_solid_lane_crosses": 0
    },
    {
        "game_time": 22.254397293552756,
        "vehicle_location": {
            "x": 31.553550720214844,
            "y": 144.3412322998047,
            "z": -0.008060417138040066
        },
        "vehicle_velocity": {
            "x": 0.002149952109903097,
            "y": -3.7020885944366455,
            "z": -0.0008058643434196711
        },
        "vehicle_throttle": 0.75,
        "unique_collisions": 0,
        "solid_lane_crosses": 0,
        "double_solid_lane_crosses": 0
    },
    {
        "game_time": 23.260807499289513,
        "vehicle_location": {
            "x": 31.55536460876465,
            "y": 140.765380859375,
            "z": -0.009339370764791965
        },
        "vehicle_velocity": {
            "x": 0.001900148345157504,
            "y": -3.957632064819336,
            "z": 0.0010436057345941663
        },
        "vehicle_throttle": 0.0,
        "unique_collisions": 0,
        "solid_lane_crosses": 0,
        "double_solid_lane_crosses": 0
    },
    {
        "game_time": 24.27477182634175,
        "vehicle_location": {
            "x": 31.556703567504883,
            "y": 138.58709716796875,
            "z": -0.0073366547003388405
        },
        "vehicle_velocity": {
            "x": 0.0006311826873570681,
            "y": -1.1812520027160645,
            "z": -0.0007788658258505166
        },
        "vehicle_throttle": 0.75,
        "unique_collisions": 0,
        "solid_lane_crosses": 0,
        "double_solid_lane_crosses": 0
    },
    {
        "game_time": 25.307008046656847,
        "vehicle_location": {
            "x": 31.55769920349121,
            "y": 136.07305908203125,
            "z": -0.008487128652632236
        },
        "vehicle_velocity": {
            "x": 0.0012335473438724875,
            "y": -3.11498761177063,
            "z": -0.0012663268717005849
        },
        "vehicle_throttle": 0.0,
        "unique_collisions": 0,
        "solid_lane_crosses": 0,
        "double_solid_lane_crosses": 0
    },
    {
        "game_time": 26.368904054164886,
        "vehicle_location": {
            "x": 31.55895233154297,
            "y": 132.9276885986328,
            "z": -0.007985229603946209
        },
        "vehicle_velocity": {
            "x": 0.0011770006967708468,
            "y": -2.9386065006256104,
            "z": -0.0002349185961065814
        },
        "vehicle_throttle": 0.75,
        "unique_collisions": 0,
        "solid_lane_crosses": 0,
        "double_solid_lane_crosses": 0
    },
    {
        "game_time": 27.436645613983274,
        "vehicle_location": {
            "x": 31.560287475585938,
            "y": 129.57850646972656,
            "z": -0.006474799942225218
        },
        "vehicle_velocity": {
            "x": 0.001006543287076056,
            "y": -2.5340611934661865,
            "z": 0.00010772704990813509
        },
        "vehicle_throttle": 0.0,
        "unique_collisions": 0,
        "solid_lane_crosses": 0,
        "double_solid_lane_crosses": 0
    },
    {
        "game_time": 28.45156047400087,
        "vehicle_location": {
            "x": 31.561222076416016,
            "y": 127.4340591430664,
            "z": -0.005216522142291069
        },
        "vehicle_velocity": {
            "x": 0.0014920640969648957,
            "y": -1.3014460802078247,
            "z": -0.0005025005084462464
        },
        "vehicle_throttle": 0.0,
        "unique_collisions": 0,
        "solid_lane_crosses": 0,
        "double_solid_lane_crosses": 0
    },
    {
        "game_time": 29.48682866897434,
        "vehicle_location": {
            "x": 31.56058692932129,
            "y": 126.81206512451172,
            "z": -0.0057733915746212006
        },
        "vehicle_velocity": {
            "x": -0.00041862460784614086,
            "y": -0.17248134315013885,
            "z": 0.0007879352197051048
        },
        "vehicle_throttle": 0.75,
        "unique_collisions": 0,
        "solid_lane_crosses": 0,
        "double_solid_lane_crosses": 0
    },
    {
        "game_time": 30.49668304156512,
        "vehicle_location": {
            "x": 31.56093406677246,
            "y": 126.53878021240234,
            "z": -0.007070846389979124
        },
        "vehicle_velocity": {
            "x": 0.00032666834886185825,
            "y": -0.20998337864875793,
            "z": -0.0002436065551592037
        },
        "vehicle_throttle": 0.75,
        "unique_collisions": 0,
        "solid_lane_crosses": 0,
        "double_solid_lane_crosses": 0
    },
    {
        "game_time": 31.53600742481649,
        "vehicle_location": {
            "x": 31.560279846191406,
            "y": 126.37818908691406,
            "z": -0.0074376678094267845
        },
        "vehicle_velocity": {
            "x": -0.0019141646334901452,
            "y": -0.16894645988941193,
            "z": -5.627631981042214e-05
        },
        "vehicle_throttle": 0.75,
        "unique_collisions": 0,
        "solid_lane_crosses": 0,
        "double_solid_lane_crosses": 0
    },
    {
        "game_time": 32.59892121050507,
        "vehicle_location": {
            "x": 31.56129264831543,
            "y": 124.882080078125,
            "z": -0.009537925943732262
        },
        "vehicle_velocity": {
            "x": 0.0013720403658226132,
            "y": -2.6160008907318115,
            "z": -0.00010285377356922254
        },
        "vehicle_throttle": 0.0,
        "unique_collisions": 0,
        "solid_lane_crosses": 0,
        "double_solid_lane_crosses": 0
    },
    {
        "game_time": 33.630036287009716,
        "vehicle_location": {
            "x": 31.56258773803711,
            "y": 122.30009460449219,
            "z": -0.005178641993552446
        },
        "vehicle_velocity": {
            "x": 0.0009796929080039263,
            "y": -1.836050271987915,
            "z": 0.0003724336565937847
        },
        "vehicle_throttle": 0.0,
        "unique_collisions": 0,
        "solid_lane_crosses": 0,
        "double_solid_lane_crosses": 0
    },
    {
        "game_time": 34.63043767865747,
        "vehicle_location": {
            "x": 31.562482833862305,
            "y": 121.07759857177734,
            "z": -0.006723823491483927
        },
        "vehicle_velocity": {
            "x": -0.0013544342946261168,
            "y": -0.47492292523384094,
            "z": 0.0008461236720904708
        },
        "vehicle_throttle": 0.75,
        "unique_collisions": 0,
        "solid_lane_crosses": 0,
        "double_solid_lane_crosses": 0
    },
    {
        "game_time": 35.67664685379714,
        "vehicle_location": {
            "x": 31.561044692993164,
            "y": 120.66413879394531,
            "z": -0.007580566219985485
        },
        "vehicle_velocity": {
            "x": -0.002065200824290514,
            "y": -0.27438730001449585,
            "z": -0.00029497145442292094
        },
        "vehicle_throttle": 0.75,
        "unique_collisions": 0,
        "solid_lane_crosses": 0,
        "double_solid_lane_crosses": 0
    },
    {
        "game_time": 36.69114999752492,
        "vehicle_location": {
            "x": 31.56093978881836,
            "y": 120.49819946289062,
            "z": -0.007543372921645641
        },
        "vehicle_velocity": {
            "x": -0.00024039331765379757,
            "y": -0.003796893870458007,
            "z": 0.0012493896065279841
        },
        "vehicle_throttle": 0.0,
        "unique_collisions": 0,
        "solid_lane_crosses": 0,
        "double_solid_lane_crosses": 0
    },
    {
        "game_time": 37.756589143536985,
        "vehicle_location": {
            "x": 31.561241149902344,
            "y": 120.4020004272461,
            "z": -0.007857169955968857
        },
        "vehicle_velocity": {
            "x": -4.597072256729007e-05,
            "y": -0.004307790659368038,
            "z": -8.924483699956909e-05
        },
        "vehicle_throttle": 0.0,
        "unique_collisions": 0,
        "solid_lane_crosses": 0,
        "double_solid_lane_crosses": 0
    },
    {
        "game_time": 38.780173315666616,
        "vehicle_location": {
            "x": 31.56129264831543,
            "y": 120.37281036376953,
            "z": -0.0076770782470703125
        },
        "vehicle_velocity": {
            "x": -6.094120180932805e-05,
            "y": -0.063792385160923,
            "z": -0.0014918613014742732
        },
        "vehicle_throttle": 0.75,
        "unique_collisions": 0,
        "solid_lane_crosses": 0,
        "double_solid_lane_crosses": 0
    },
    {
        "game_time": 39.790352332405746,
        "vehicle_location": {
            "x": 31.561344146728516,
            "y": 120.3519515991211,
            "z": -0.007665252313017845
        },
        "vehicle_velocity": {
            "x": -1.2109739145671483e-05,
            "y": -4.68669313704595e-05,
            "z": -0.0002920341503340751
        },
        "vehicle_throttle": 0.0,
        "unique_collisions": 0,
        "solid_lane_crosses": 0,
        "double_solid_lane_crosses": 0
    },
    {
        "game_time": 40.851531410589814,
        "vehicle_location": {
            "x": 31.561357498168945,
            "y": 120.34522247314453,
            "z": -0.00770988455042243
        },
        "vehicle_velocity": {
            "x": -2.2821575740294975e-08,
            "y": 2.0555518858600408e-05,
            "z": -0.001329660415649414
        },
        "vehicle_throttle": 0.0,
        "unique_collisions": 0,
        "solid_lane_crosses": 0,
        "double_solid_lane_crosses": 0
    },
    {
        "game_time": 41.91412507276982,
        "vehicle_location": {
            "x": 31.561357498168945,
            "y": 120.34521484375,
            "z": -0.0077166748233139515
        },
        "vehicle_velocity": {
            "x": -1.6558078241857288e-09,
            "y": 2.737638737926318e-08,
            "z": 0.00035271645174361765
        },
        "vehicle_throttle": 0.0,
        "unique_collisions": 0,
        "solid_lane_crosses": 0,
        "double_solid_lane_crosses": 0
    },
    {
        "game_time": 42.96753953024745,
        "vehicle_location": {
            "x": 31.561357498168945,
            "y": 120.34521484375,
            "z": -0.007746696472167969
        },
        "vehicle_velocity": {
            "x": 1.3523208508559037e-07,
            "y": 5.825750104548888e-09,
            "z": 0.00038093567127361894
        },
        "vehicle_throttle": 0.0,
        "unique_collisions": 0,
        "solid_lane_crosses": 0,
        "double_solid_lane_crosses": 0
    },
    {
        "game_time": 43.984945299103856,
        "vehicle_location": {
            "x": 31.561357498168945,
            "y": 120.34521484375,
            "z": -0.007668037433177233
        },
        "vehicle_velocity": {
            "x": 2.1349226386746523e-08,
            "y": 1.551584816184004e-08,
            "z": 0.0001299047435168177
        },
        "vehicle_throttle": 0.0,
        "unique_collisions": 0,
        "solid_lane_crosses": 0,
        "double_solid_lane_crosses": 0
    },
    {
        "game_time": 45.02513658255339,
        "vehicle_location": {
            "x": 31.561357498168945,
            "y": 120.34521484375,
            "z": -0.0076956176199018955
        },
        "vehicle_velocity": {
            "x": 4.2707696934485284e-08,
            "y": 3.2942308880734572e-09,
            "z": -0.0006202697404660285
        },
        "vehicle_throttle": 0.0,
        "unique_collisions": 0,
        "solid_lane_crosses": 0,
        "double_solid_lane_crosses": 0
    },
    {
        "game_time": 46.02763369306922,
        "vehicle_location": {
            "x": 31.561357498168945,
            "y": 120.34521484375,
            "z": -0.007771720644086599
        },
        "vehicle_velocity": {
            "x": -5.050096518743885e-08,
            "y": -4.097045547268863e-08,
            "z": -0.0005893039633519948
        },
        "vehicle_throttle": 0.0,
        "unique_collisions": 0,
        "solid_lane_crosses": 0,
        "double_solid_lane_crosses": 0
    },
    {
        "game_time": 47.058882384561,
        "vehicle_location": {
            "x": 31.561357498168945,
            "y": 120.34521484375,
            "z": -0.007709922734647989
        },
        "vehicle_velocity": {
            "x": -6.5260266524092e-08,
            "y": -8.756709490853609e-08,
            "z": 0.0007097244379110634
        },
        "vehicle_throttle": 0.0,
        "unique_collisions": 0,
        "solid_lane_crosses": 0,
        "double_solid_lane_crosses": 0
    },
    {
        "game_time": 48.13365653902292,
        "vehicle_location": {
            "x": 31.561357498168945,
            "y": 120.34521484375,
            "z": -0.007725524716079235
        },
        "vehicle_velocity": {
            "x": 7.90106327031026e-08,
            "y": 7.441768445914931e-08,
            "z": 0.00022910117695573717
        },
        "vehicle_throttle": 0.0,
        "unique_collisions": 0,
        "solid_lane_crosses": 0,
        "double_solid_lane_crosses": 0
    },
    {
        "game_time": 49.16642967611551,
        "vehicle_location": {
            "x": 31.561357498168945,
            "y": 120.34521484375,
            "z": -0.00768077839165926
        },
        "vehicle_velocity": {
            "x": 1.8908338006440317e-08,
            "y": 3.094256939562001e-08,
            "z": -0.00023033141042105854
        },
        "vehicle_throttle": 0.0,
        "unique_collisions": 0,
        "solid_lane_crosses": 0,
        "double_solid_lane_crosses": 0
    },
    {
        "game_time": 50.23166828416288,
        "vehicle_location": {
            "x": 31.561357498168945,
            "y": 120.34521484375,
            "z": -0.007763595320284367
        },
        "vehicle_velocity": {
            "x": 1.138698451086384e-07,
            "y": 5.951982373630926e-08,
            "z": 0.0004955386975780129
        },
        "vehicle_throttle": 0.0,
        "unique_collisions": 0,
        "solid_lane_crosses": 0,
        "double_solid_lane_crosses": 0
    },
    {
        "game_time": 51.27026008628309,
        "vehicle_location": {
            "x": 31.561357498168945,
            "y": 120.34521484375,
            "z": -0.007774619851261377
        },
        "vehicle_velocity": {
            "x": -5.327054353188032e-08,
            "y": 5.114738854672396e-09,
            "z": -0.0012955856509506702
        },
        "vehicle_throttle": 0.0,
        "unique_collisions": 0,
        "solid_lane_crosses": 0,
        "double_solid_lane_crosses": 0
    },
    {
        "game_time": 52.29654668830335,
        "vehicle_location": {
            "x": 31.561357498168945,
            "y": 120.34521484375,
            "z": -0.0076765441335737705
        },
        "vehicle_velocity": {
            "x": -1.8130802459381812e-07,
            "y": 2.704172352707701e-08,
            "z": 0.000553240766748786
        },
        "vehicle_throttle": 0.0,
        "unique_collisions": 0,
        "solid_lane_crosses": 0,
        "double_solid_lane_crosses": 0
    },
    {
        "game_time": 53.33612881600857,
        "vehicle_location": {
            "x": 31.561357498168945,
            "y": 120.34521484375,
            "z": -0.007726897951215506
        },
        "vehicle_velocity": {
            "x": -1.873440780286728e-08,
            "y": 2.2831258661426546e-08,
            "z": -0.0007813930278643966
        },
        "vehicle_throttle": 0.0,
        "unique_collisions": 0,
        "solid_lane_crosses": 0,
        "double_solid_lane_crosses": 0
    },
    {
        "game_time": 54.352763732895255,
        "vehicle_location": {
            "x": 31.561357498168945,
            "y": 120.34521484375,
            "z": -0.007735023275017738
        },
        "vehicle_velocity": {
            "x": -1.3268618426209855e-09,
            "y": 6.618562764515445e-08,
            "z": -0.00012490272638387978
        },
        "vehicle_throttle": 0.0,
        "unique_collisions": 0,
        "solid_lane_crosses": 0,
        "double_solid_lane_crosses": 0
    },
    {
        "game_time": 55.38774865400046,
        "vehicle_location": {
            "x": 31.561357498168945,
            "y": 120.34521484375,
            "z": -0.007728309370577335
        },
        "vehicle_velocity": {
            "x": -1.9389989613927128e-09,
            "y": -6.630120341633017e-10,
            "z": 5.607604634860763e-06
        },
        "vehicle_throttle": 0.0,
        "unique_collisions": 0,
        "solid_lane_crosses": 0,
        "double_solid_lane_crosses": 0
    },
    {
        "game_time": 56.457903855480254,
        "vehicle_location": {
            "x": 31.561357498168945,
            "y": 120.34521484375,
            "z": -0.007661247160285711
        },
        "vehicle_velocity": {
            "x": 1.0487561752370311e-07,
            "y": -6.886143655293608e-09,
            "z": 0.0005450629978440702
        },
        "vehicle_throttle": 0.0,
        "unique_collisions": 0,
        "solid_lane_crosses": 0,
        "double_solid_lane_crosses": 0
    },
    {
        "game_time": 57.48327970970422,
        "vehicle_location": {
            "x": 31.561357498168945,
            "y": 120.34521484375,
            "z": -0.007696418557316065
        },
        "vehicle_velocity": {
            "x": 7.696142034774311e-08,
            "y": -4.327270985982068e-09,
            "z": 0.001234731636941433
        },
        "vehicle_throttle": 0.0,
        "unique_collisions": 0,
        "solid_lane_crosses": 0,
        "double_solid_lane_crosses": 0
    },
    {
        "game_time": 58.52119036950171,
        "vehicle_location": {
            "x": 31.561357498168945,
            "y": 120.34521484375,
            "z": -0.00772792799398303
        },
        "vehicle_velocity": {
            "x": 8.918746630115493e-08,
            "y": -7.097868603977986e-08,
            "z": -0.001152801443822682
        },
        "vehicle_throttle": 0.0,
        "unique_collisions": 0,
        "solid_lane_crosses": 0,
        "double_solid_lane_crosses": 0
    },
    {
        "game_time": 59.537479197606444,
        "vehicle_location": {
            "x": 31.561357498168945,
            "y": 120.34521484375,
            "z": -0.007728843484073877
        },
        "vehicle_velocity": {
            "x": -2.34650954666904e-07,
            "y": -5.365427924175492e-08,
            "z": -0.00019439696916379035
        },
        "vehicle_throttle": 0.0,
        "unique_collisions": 0,
        "solid_lane_crosses": 0,
        "double_solid_lane_crosses": 0
    },
    {
        "game_time": 60.59664262086153,
        "vehicle_location": {
            "x": 31.561357498168945,
            "y": 120.34521484375,
            "z": -0.007713622879236937
        },
        "vehicle_velocity": {
            "x": -1.4101004808253492e-07,
            "y": 4.5858524089226194e-08,
            "z": 0.0005092429928481579
        },
        "vehicle_throttle": 0.0,
        "unique_collisions": 0,
        "solid_lane_crosses": 0,
        "double_solid_lane_crosses": 0
    },
    {
        "game_time": 61.666869026608765,
        "vehicle_location": {
            "x": 31.561357498168945,
            "y": 120.34521484375,
            "z": -0.007653426844626665
        },
        "vehicle_velocity": {
            "x": -1.0652736648353311e-07,
            "y": -4.219659288651201e-08,
            "z": 0.0006327056908048689
        },
        "vehicle_throttle": 0.0,
        "unique_collisions": 0,
        "solid_lane_crosses": 0,
        "double_solid_lane_crosses": 0
    },
    {
        "game_time": 62.67892490979284,
        "vehicle_location": {
            "x": 31.561357498168945,
            "y": 120.34521484375,
            "z": -0.007727889809757471
        },
        "vehicle_velocity": {
            "x": 9.055001015667585e-08,
            "y": -1.2379923752803279e-08,
            "z": 8.79383078427054e-05
        },
        "vehicle_throttle": 0.0,
        "unique_collisions": 0,
        "solid_lane_crosses": 0,
        "double_solid_lane_crosses": 0
    },
    {
        "game_time": 63.67897779401392,
        "vehicle_location": {
            "x": 31.561357498168945,
            "y": 120.34521484375,
            "z": -0.0077199554070830345
        },
        "vehicle_velocity": {
            "x": 8.430028231032338e-08,
            "y": -5.30520161134973e-08,
            "z": -0.0001522827078588307
        },
        "vehicle_throttle": 0.0,
        "unique_collisions": 0,
        "solid_lane_crosses": 0,
        "double_solid_lane_crosses": 0
    },
    {
        "game_time": 64.70247582625598,
        "vehicle_location": {
            "x": 31.561357498168945,
            "y": 120.34521484375,
            "z": -0.0077442931942641735
        },
        "vehicle_velocity": {
            "x": 7.33313854084372e-09,
            "y": 3.6743333708955106e-08,
            "z": 7.158279186114669e-05
        },
        "vehicle_throttle": 0.0,
        "unique_collisions": 0,
        "solid_lane_crosses": 0,
        "double_solid_lane_crosses": 0
    },
    {
        "game_time": 65.72035804670304,
        "vehicle_location": {
            "x": 31.561357498168945,
            "y": 120.34521484375,
            "z": -0.007718543987721205
        },
        "vehicle_velocity": {
            "x": 0.0,
            "y": 0.0,
            "z": 0.0
        },
        "vehicle_throttle": 0.0,
        "unique_collisions": 0,
        "solid_lane_crosses": 0,
        "double_solid_lane_crosses": 0
    },
    {
        "game_time": 66.72810043860227,
        "vehicle_location": {
            "x": 31.561357498168945,
            "y": 120.34521484375,
            "z": -0.0077742766588926315
        },
        "vehicle_velocity": {
            "x": -7.881747876581358e-08,
            "y": 3.113936131171613e-08,
            "z": 0.0004242801514919847
        },
        "vehicle_throttle": 0.0,
        "unique_collisions": 0,
        "solid_lane_crosses": 0,
        "double_solid_lane_crosses": 0
    },
    {
        "game_time": 67.78251344989985,
        "vehicle_location": {
            "x": 31.561357498168945,
            "y": 120.34521484375,
            "z": -0.00774383544921875
        },
        "vehicle_velocity": {
            "x": 1.4383122470817966e-09,
            "y": 1.0090421831421281e-09,
            "z": -2.0494460841291584e-05
        },
        "vehicle_throttle": 0.0,
        "unique_collisions": 0,
        "solid_lane_crosses": 0,
        "double_solid_lane_crosses": 0
    },
    {
        "game_time": 68.83543105237186,
        "vehicle_location": {
            "x": 31.561357498168945,
            "y": 120.34521484375,
            "z": -0.007749481126666069
        },
        "vehicle_velocity": {
            "x": 7.646267619065839e-08,
            "y": -4.0742551554728834e-09,
            "z": 0.0005874824128113687
        },
        "vehicle_throttle": 0.0,
        "unique_collisions": 0,
        "solid_lane_crosses": 0,
        "double_solid_lane_crosses": 0
    },
    {
        "game_time": 69.8524998081848,
        "vehicle_location": {
            "x": 31.561357498168945,
            "y": 120.34521484375,
            "z": -0.007750282064080238
        },
        "vehicle_velocity": {
            "x": -6.640415506353747e-08,
            "y": 1.873233834714938e-08,
            "z": -0.0008195495465770364
        },
        "vehicle_throttle": 0.0,
        "unique_collisions": 0,
        "solid_lane_crosses": 0,
        "double_solid_lane_crosses": 0
    },
    {
        "game_time": 70.8897158484906,
        "vehicle_location": {
            "x": 31.561357498168945,
            "y": 120.34521484375,
            "z": -0.007732887286692858
        },
        "vehicle_velocity": {
            "x": -1.3964131539978553e-07,
            "y": 1.409961836174034e-08,
            "z": -8.427619468420744e-05
        },
        "vehicle_throttle": 0.0,
        "unique_collisions": 0,
        "solid_lane_crosses": 0,
        "double_solid_lane_crosses": 0
    },
    {
        "game_time": 71.94485556147993,
        "vehicle_location": {
            "x": 31.561357498168945,
            "y": 120.34521484375,
            "z": -0.007706336677074432
        },
        "vehicle_velocity": {
            "x": 5.518623069633577e-08,
            "y": 1.021721995897451e-08,
            "z": 0.0004430770641192794
        },
        "vehicle_throttle": 0.0,
        "unique_collisions": 0,
        "solid_lane_crosses": 0,
        "double_solid_lane_crosses": 0
    },
    {
        "game_time": 72.96283433679491,
        "vehicle_location": {
            "x": 31.561357498168945,
            "y": 120.34521484375,
            "z": -0.007718200329691172
        },
        "vehicle_velocity": {
            "x": 1.0435577735279367e-07,
            "y": 5.673456371368957e-08,
            "z": 0.001138334278948605
        },
        "vehicle_throttle": 0.0,
        "unique_collisions": 0,
        "solid_lane_crosses": 0,
        "double_solid_lane_crosses": 0
    },
    {
        "game_time": 73.98316957615316,
        "vehicle_location": {
            "x": 31.561357498168945,
            "y": 120.34521484375,
            "z": -0.0076928711496293545
        },
        "vehicle_velocity": {
            "x": 2.0638772912917602e-09,
            "y": 9.688527063955732e-11,
            "z": -3.4370423236396164e-05
        },
        "vehicle_throttle": 0.0,
        "unique_collisions": 0,
        "solid_lane_crosses": 0,
        "double_solid_lane_crosses": 0
    },
    {
        "game_time": 75.00797717552632,
        "vehicle_location": {
            "x": 31.561357498168945,
            "y": 120.34521484375,
            "z": -0.00771968811750412
        },
        "vehicle_velocity": {
            "x": 1.2039744490266457e-07,
            "y": 4.716817514349714e-08,
            "z": -0.00040438651922158897
        },
        "vehicle_throttle": 0.0,
        "unique_collisions": 0,
        "solid_lane_crosses": 0,
        "double_solid_lane_crosses": 0
    },
    {
        "game_time": 76.06933165993541,
        "vehicle_location": {
            "x": 31.561357498168945,
            "y": 120.34521484375,
            "z": -0.007751655299216509
        },
        "vehicle_velocity": {
            "x": -1.811147001262725e-07,
            "y": -7.406096358408831e-08,
            "z": -0.0006001663277857006
        },
        "vehicle_throttle": 0.0,
        "unique_collisions": 0,
        "solid_lane_crosses": 0,
        "double_solid_lane_crosses": 0
    },
    {
        "game_time": 77.10027570836246,
        "vehicle_location": {
            "x": 31.561357498168945,
            "y": 120.34521484375,
            "z": -0.007715415675193071
        },
        "vehicle_velocity": {
            "x": 4.965900401998624e-08,
            "y": 3.26047278065289e-08,
            "z": -0.00016428946400992572
        },
        "vehicle_throttle": 0.0,
        "unique_collisions": 0,
        "solid_lane_crosses": 0,
        "double_solid_lane_crosses": 0
    },
    {
        "game_time": 78.15850896481425,
        "vehicle_location": {
            "x": 31.561464309692383,
            "y": 120.0075912475586,
            "z": -0.009730224497616291
        },
        "vehicle_velocity": {
            "x": 0.00021626341913361102,
            "y": -1.2667999267578125,
            "z": -0.00010584831034066156
        },
        "vehicle_throttle": 0.75,
        "unique_collisions": 0,
        "solid_lane_crosses": 0,
        "double_solid_lane_crosses": 0
    },
    {
        "game_time": 79.21467113494873,
        "vehicle_location": {
            "x": 31.563705444335938,
            "y": 117.27348327636719,
            "z": -0.0088961785659194
        },
        "vehicle_velocity": {
            "x": 0.0022868847008794546,
            "y": -3.4300379753112793,
            "z": 0.00013316630793269724
        },
        "vehicle_throttle": 0.0,
        "unique_collisions": 0,
        "solid_lane_crosses": 0,
        "double_solid_lane_crosses": 0
    },
    {
        "game_time": 80.26775270793587,
        "vehicle_location": {
            "x": 31.565900802612305,
            "y": 113.59114074707031,
            "z": -0.009552688337862492
        },
        "vehicle_velocity": {
            "x": 0.0018890833016484976,
            "y": -4.483585834503174,
            "z": 0.0004992294125258923
        },
        "vehicle_throttle": 0.75,
        "unique_collisions": 0,
        "solid_lane_crosses": 0,
        "double_solid_lane_crosses": 0
    },
    {
        "game_time": 81.33062220085412,
        "vehicle_location": {
            "x": 31.566768646240234,
            "y": 108.05313110351562,
            "z": -0.007966079749166965
        },
        "vehicle_velocity": {
            "x": -0.090852290391922,
            "y": -5.4443464279174805,
            "z": -7.505416760977823e-06
        },
        "vehicle_throttle": 0.6360968947410583,
        "unique_collisions": 0,
        "solid_lane_crosses": 0,
        "double_solid_lane_crosses": 0
    },
    {
        "game_time": 82.37696125730872,
        "vehicle_location": {
            "x": 31.316843032836914,
            "y": 102.4579849243164,
            "z": -0.006535987835377455
        },
        "vehicle_velocity": {
            "x": -0.7601707577705383,
            "y": -5.068897247314453,
            "z": 4.624366556527093e-05
        },
        "vehicle_throttle": 0.75,
        "unique_collisions": 0,
        "solid_lane_crosses": 0,
        "double_solid_lane_crosses": 0
    },
    {
        "game_time": 83.3850718960166,
        "vehicle_location": {
            "x": 29.876007080078125,
            "y": 97.17892456054688,
            "z": -0.00707866670563817
        },
        "vehicle_velocity": {
            "x": -2.828056573867798,
            "y": -5.0077385902404785,
            "z": -8.708953828318045e-05
        },
        "vehicle_throttle": 0.0,
        "unique_collisions": 0,
        "solid_lane_crosses": 0,
        "double_solid_lane_crosses": 0
    },
    {
        "game_time": 84.4035863140598,
        "vehicle_location": {
            "x": 27.233871459960938,
            "y": 93.25750732421875,
            "z": -0.008977165445685387
        },
        "vehicle_velocity": {
            "x": -3.5030837059020996,
            "y": -3.2609846591949463,
            "z": -0.0012660122010856867
        },
        "vehicle_throttle": 0.75,
        "unique_collisions": 0,
        "solid_lane_crosses": 0,
        "double_solid_lane_crosses": 0
    },
    {
        "game_time": 85.41784031130373,
        "vehicle_location": {
            "x": 22.877954483032227,
            "y": 90.22029113769531,
            "z": -0.007269935216754675
        },
        "vehicle_velocity": {
            "x": -4.979218482971191,
            "y": -1.8895490169525146,
            "z": 0.00033330440055578947
        },
        "vehicle_throttle": 0.75,
        "unique_collisions": 0,
        "solid_lane_crosses": 0,
        "double_solid_lane_crosses": 0
    },
    {
        "game_time": 86.44102875888348,
        "vehicle_location": {
            "x": 17.659286499023438,
            "y": 88.8758316040039,
            "z": -0.008695258758962154
        },
        "vehicle_velocity": {
            "x": -5.522337913513184,
            "y": -0.6983616948127747,
            "z": -0.0001110267621697858
        },
        "vehicle_throttle": 0.0,
        "unique_collisions": 0,
        "solid_lane_crosses": 0,
        "double_solid_lane_crosses": 0
    },
    {
        "game_time": 87.44828160852194,
        "vehicle_location": {
            "x": 12.397370338439941,
            "y": 88.38688659667969,
            "z": -0.0061054229736328125
        },
        "vehicle_velocity": {
            "x": -4.911346435546875,
            "y": -0.1573503166437149,
            "z": -0.001940340967848897
        },
        "vehicle_throttle": 0.75,
        "unique_collisions": 0,
        "solid_lane_crosses": 0,
        "double_solid_lane_crosses": 0
    },
    {
        "game_time": 88.44972025044262,
        "vehicle_location": {
            "x": 7.244456768035889,
            "y": 88.2054672241211,
            "z": -0.00727920513600111
        },
        "vehicle_velocity": {
            "x": -5.012136459350586,
            "y": -0.11281592398881912,
            "z": 0.0019868325907737017
        },
        "vehicle_throttle": 0.75,
        "unique_collisions": 0,
        "solid_lane_crosses": 0,
        "double_solid_lane_crosses": 0
    },
    {
        "game_time": 89.48050635959953,
        "vehicle_location": {
            "x": 2.712603807449341,
            "y": 88.13294982910156,
            "z": -0.003922004718333483
        },
        "vehicle_velocity": {
            "x": -2.4284415245056152,
            "y": -0.03049662709236145,
            "z": 0.00011257648293394595
        },
        "vehicle_throttle": 0.75,
        "unique_collisions": 0,
        "solid_lane_crosses": 0,
        "double_solid_lane_crosses": 0
    },
    {
        "game_time": 90.51971730403602,
        "vehicle_location": {
            "x": 0.9904801845550537,
            "y": 88.1107406616211,
            "z": -0.00594825716689229
        },
        "vehicle_velocity": {
            "x": -0.7539488077163696,
            "y": -0.009818026795983315,
            "z": -0.00022519587946590036
        },
        "vehicle_throttle": 0.75,
        "unique_collisions": 0,
        "solid_lane_crosses": 0,
        "double_solid_lane_crosses": 0
    },
    {
        "game_time": 91.56582153774798,
        "vehicle_location": {
            "x": 0.47912079095840454,
            "y": 88.10639190673828,
            "z": -0.006752815097570419
        },
        "vehicle_velocity": {
            "x": -0.28529295325279236,
            "y": -0.0007737328414805233,
            "z": 0.0009797143284231424
        },
        "vehicle_throttle": 0.75,
        "unique_collisions": 0,
        "solid_lane_crosses": 0,
        "double_solid_lane_crosses": 0
    },
    {
        "game_time": 92.63503073528409,
        "vehicle_location": {
            "x": 0.333159863948822,
            "y": 88.10520935058594,
            "z": -0.008249130100011826
        },
        "vehicle_velocity": {
            "x": -0.33065634965896606,
            "y": -0.001823247643187642,
            "z": -0.0005718517350032926
        },
        "vehicle_throttle": 0.75,
        "unique_collisions": 0,
        "solid_lane_crosses": 0,
        "double_solid_lane_crosses": 0
    },
    {
        "game_time": 93.65121140610427,
        "vehicle_location": {
            "x": 0.25767388939857483,
            "y": 88.10457611083984,
            "z": -0.007427901960909367
        },
        "vehicle_velocity": {
            "x": -0.002249777317047119,
            "y": -1.1601839105424006e-05,
            "z": 0.00010431765986140817
        },
        "vehicle_throttle": 0.75,
        "unique_collisions": 0,
        "solid_lane_crosses": 0,
        "double_solid_lane_crosses": 0
    },
    {
        "game_time": 94.66086817067116,
        "vehicle_location": {
            "x": 0.18396808207035065,
            "y": 88.10345458984375,
            "z": -0.0075125121511518955
        },
        "vehicle_velocity": {
            "x": -0.00036744368844665587,
            "y": 2.473994027241133e-05,
            "z": 0.0001283645542571321
        },
        "vehicle_throttle": 0.0,
        "unique_collisions": 0,
        "solid_lane_crosses": 0,
        "double_solid_lane_crosses": 0
    },
    {
        "game_time": 95.66394003480673,
        "vehicle_location": {
            "x": 0.15569472312927246,
            "y": 88.10325622558594,
            "z": -0.00785499531775713
        },
        "vehicle_velocity": {
            "x": -0.08373956382274628,
            "y": -0.0002871558826882392,
            "z": -3.3221243938896805e-05
        },
        "vehicle_throttle": 0.75,
        "unique_collisions": 0,
        "solid_lane_crosses": 0,
        "double_solid_lane_crosses": 0
    },
    {
        "game_time": 96.72174170706421,
        "vehicle_location": {
            "x": -0.24480551481246948,
            "y": 88.1005630493164,
            "z": -0.007805137429386377
        },
        "vehicle_velocity": {
            "x": -0.7768521904945374,
            "y": -0.006081519648432732,
            "z": 0.0004174089408479631
        },
        "vehicle_throttle": 0.75,
        "unique_collisions": 0,
        "solid_lane_crosses": 0,
        "double_solid_lane_crosses": 0
    },
    {
        "game_time": 97.75908927526325,
        "vehicle_location": {
            "x": -2.0572569370269775,
            "y": 88.08828735351562,
            "z": -0.008901557885110378
        },
        "vehicle_velocity": {
            "x": -2.3585517406463623,
            "y": -0.013971153646707535,
            "z": -9.980678441934288e-05
        },
        "vehicle_throttle": 0.75,
        "unique_collisions": 0,
        "solid_lane_crosses": 0,
        "double_solid_lane_crosses": 0
    },
    {
        "game_time": 98.82291015889496,
        "vehicle_location": {
            "x": -4.9635186195373535,
            "y": 88.07521057128906,
            "z": -0.006643562112003565
        },
        "vehicle_velocity": {
            "x": -2.549086332321167,
            "y": -0.008862214162945747,
            "z": 0.00019899844483006746
        },
        "vehicle_throttle": 0.75,
        "unique_collisions": 0,
        "solid_lane_crosses": 0,
        "double_solid_lane_crosses": 0
    },
    {
        "game_time": 99.84727670624852,
        "vehicle_location": {
            "x": -8.079485893249512,
            "y": 88.06529998779297,
            "z": -0.005892639048397541
        },
        "vehicle_velocity": {
            "x": -2.879760265350342,
            "y": -0.008110503666102886,
            "z": -0.00018707274284679443
        },
        "vehicle_throttle": 0.75,
        "unique_collisions": 0,
        "solid_lane_crosses": 0,
        "double_solid_lane_crosses": 0
    },
    {
        "game_time": 100.91623233724385,
        "vehicle_location": {
            "x": -11.514426231384277,
            "y": 88.05772399902344,
            "z": -0.006628226954489946
        },
        "vehicle_velocity": {
            "x": -3.145739793777466,
            "y": -0.00606869999319315,
            "z": 0.00011852740863105282
        },
        "vehicle_throttle": 0.75,
        "unique_collisions": 0,
        "solid_lane_crosses": 0,
        "double_solid_lane_crosses": 0
    },
    {
        "game_time": 101.9871516386047,
        "vehicle_location": {
            "x": -15.116878509521484,
            "y": 88.0516128540039,
            "z": -0.008726424537599087
        },
        "vehicle_velocity": {
            "x": -3.583388328552246,
            "y": -0.005503873806446791,
            "z": -1.703262205410283e-05
        },
        "vehicle_throttle": 0.0,
        "unique_collisions": 0,
        "solid_lane_crosses": 0,
        "double_solid_lane_crosses": 0
    },
    {
        "game_time": 103.03379032295197,
        "vehicle_location": {
            "x": -18.482261657714844,
            "y": 88.04671478271484,
            "z": -0.0055364989675581455
        },
        "vehicle_velocity": {
            "x": -2.7291033267974854,
            "y": -0.0030274945311248302,
            "z": 0.0007457733154296875
        },
        "vehicle_throttle": 0.75,
        "unique_collisions": 0,
        "solid_lane_crosses": 0,
        "double_solid_lane_crosses": 0
    },
    {
        "game_time": 104.08934198692441,
        "vehicle_location": {
            "x": -20.438175201416016,
            "y": 88.0443344116211,
            "z": -0.007732200436294079
        },
        "vehicle_velocity": {
            "x": -1.4140175580978394,
            "y": -0.0019575452897697687,
            "z": -0.00011421203089412302
        },
        "vehicle_throttle": 0.0,
        "unique_collisions": 0,
        "solid_lane_crosses": 0,
        "double_solid_lane_crosses": 0
    },
    {
        "game_time": 105.12006215192378,
        "vehicle_location": {
            "x": -20.98995590209961,
            "y": 88.04357147216797,
            "z": -0.007325935177505016
        },
        "vehicle_velocity": {
            "x": -0.37091943621635437,
            "y": -0.0003249165019951761,
            "z": 0.00015114307461772114
        },
        "vehicle_throttle": 0.75,
        "unique_collisions": 0,
        "solid_lane_crosses": 0,
        "double_solid_lane_crosses": 0
    },
    {
        "game_time": 106.12393793463707,
        "vehicle_location": {
            "x": -21.123525619506836,
            "y": 88.0441665649414,
            "z": -0.0075582885183393955
        },
        "vehicle_velocity": {
            "x": -0.003259913297370076,
            "y": -2.261632471345365e-05,
            "z": 0.00010624408605508506
        },
        "vehicle_throttle": 0.0,
        "unique_collisions": 0,
        "solid_lane_crosses": 0,
        "double_solid_lane_crosses": 0
    },
    {
        "game_time": 107.15203473065048,
        "vehicle_location": {
            "x": -21.211891174316406,
            "y": 88.04448699951172,
            "z": -0.008156814612448215
        },
        "vehicle_velocity": {
            "x": -0.2859492599964142,
            "y": -0.000585937756113708,
            "z": 0.000596599536947906
        },
        "vehicle_throttle": 0.75,
        "unique_collisions": 0,
        "solid_lane_crosses": 0,
        "double_solid_lane_crosses": 0
    },
    {
        "game_time": 108.21076477505267,
        "vehicle_location": {
            "x": -21.267681121826172,
            "y": 88.04396057128906,
            "z": -0.007693748455494642
        },
        "vehicle_velocity": {
            "x": -0.08104158937931061,
            "y": 0.001403647824190557,
            "z": 0.0008689832757227123
        },
        "vehicle_throttle": 0.75,
        "unique_collisions": 0,
        "solid_lane_crosses": 0,
        "double_solid_lane_crosses": 0
    },
    {
        "game_time": 109.22034799866378,
        "vehicle_location": {
            "x": -21.285442352294922,
            "y": 88.04389190673828,
            "z": -0.007634620647877455
        },
        "vehicle_velocity": {
            "x": -0.05110621824860573,
            "y": -8.89655711944215e-05,
            "z": 4.405975414556451e-05
        },
        "vehicle_throttle": 0.75,
        "unique_collisions": 0,
        "solid_lane_crosses": 0,
        "double_solid_lane_crosses": 0
    },
    {
        "game_time": 110.246646463871,
        "vehicle_location": {
            "x": -21.298124313354492,
            "y": 88.0439224243164,
            "z": -0.007735519204288721
        },
        "vehicle_velocity": {
            "x": -0.00013186904834583402,
            "y": 1.0727977723945514e-06,
            "z": -0.002510623773559928
        },
        "vehicle_throttle": 0.0,
        "unique_collisions": 0,
        "solid_lane_crosses": 0,
        "double_solid_lane_crosses": 0
    },
    {
        "game_time": 111.27630190178752,
        "vehicle_location": {
            "x": -21.300085067749023,
            "y": 88.04391479492188,
            "z": -0.007711715530604124
        },
        "vehicle_velocity": {
            "x": 4.938708570989547e-06,
            "y": 2.2103916474947027e-09,
            "z": 0.0005901432014070451
        },
        "vehicle_throttle": 0.0,
        "unique_collisions": 0,
        "solid_lane_crosses": 0,
        "double_solid_lane_crosses": 0
    },
    {
        "game_time": 112.28686210047454,
        "vehicle_location": {
            "x": -21.300086975097656,
            "y": 88.04391479492188,
            "z": -0.007650184445083141
        },
        "vehicle_velocity": {
            "x": 3.79073448186773e-08,
            "y": 6.802514107562274e-09,
            "z": 0.0005981540307402611
        },
        "vehicle_throttle": 0.0,
        "unique_collisions": 0,
        "solid_lane_crosses": 0,
        "double_solid_lane_crosses": 0
    },
    {
        "game_time": 113.28920138906687,
        "vehicle_location": {
            "x": -21.300086975097656,
            "y": 88.04391479492188,
            "z": -0.007670058868825436
        },
        "vehicle_velocity": {
            "x": 1.1282961231984245e-09,
            "y": 7.891812536797715e-09,
            "z": -5.574226088356227e-05
        },
        "vehicle_throttle": 0.0,
        "unique_collisions": 0,
        "solid_lane_crosses": 0,
        "double_solid_lane_crosses": 0
    },
    {
        "game_time": 114.31978733465075,
        "vehicle_location": {
            "x": -21.300086975097656,
            "y": 88.04391479492188,
            "z": -0.007670287974178791
        },
        "vehicle_velocity": {
            "x": 2.1352743573288535e-08,
            "y": -9.722716853843849e-09,
            "z": -1.9307135517010465e-05
        },
        "vehicle_throttle": 0.0,
        "unique_collisions": 0,
        "solid_lane_crosses": 0,
        "double_solid_lane_crosses": 0
    },
    {
        "game_time": 115.33130965661258,
        "vehicle_location": {
            "x": -21.300086975097656,
            "y": 88.04391479492188,
            "z": -0.007674293126910925
        },
        "vehicle_velocity": {
            "x": 5.55171641991592e-09,
            "y": 6.387162443388661e-08,
            "z": 7.493495650123805e-05
        },
        "vehicle_throttle": 0.0,
        "unique_collisions": 0,
        "solid_lane_crosses": 0,
        "double_solid_lane_crosses": 0
    },
    {
        "game_time": 116.33777200523764,
        "vehicle_location": {
            "x": -21.300086975097656,
            "y": 88.04391479492188,
            "z": -0.0077014160342514515
        },
        "vehicle_velocity": {
            "x": -3.874160370287427e-08,
            "y": 7.734661799929654e-09,
            "z": 0.00046331403427757323
        },
        "vehicle_throttle": 0.0,
        "unique_collisions": 0,
        "solid_lane_crosses": 0,
        "double_solid_lane_crosses": 0
    },
    {
        "game_time": 117.35514689981937,
        "vehicle_location": {
            "x": -21.300086975097656,
            "y": 88.04391479492188,
            "z": -0.007696876302361488
        },
        "vehicle_velocity": {
            "x": 5.239482803176543e-08,
            "y": 6.024844623198078e-08,
            "z": 0.0001646184828132391
        },
        "vehicle_throttle": 0.0,
        "unique_collisions": 0,
        "solid_lane_crosses": 0,
        "double_solid_lane_crosses": 0
    },
    {
        "game_time": 118.40535746142268,
        "vehicle_location": {
            "x": -21.300086975097656,
            "y": 88.04391479492188,
            "z": -0.007684249896556139
        },
        "vehicle_velocity": {
            "x": -3.053562380728181e-08,
            "y": -1.1344070571794873e-07,
            "z": 0.00037381649599410594
        },
        "vehicle_throttle": 0.0,
        "unique_collisions": 0,
        "solid_lane_crosses": 0,
        "double_solid_lane_crosses": 0
    },
    {
        "game_time": 119.43493582308292,
        "vehicle_location": {
            "x": -21.300086975097656,
            "y": 88.04391479492188,
            "z": -0.0076889037154614925
        },
        "vehicle_velocity": {
            "x": 1.143471184406053e-08,
            "y": -9.96764115690496e-10,
            "z": 0.00021030424977652729
        },
        "vehicle_throttle": 0.0,
        "unique_collisions": 0,
        "solid_lane_crosses": 0,
        "double_solid_lane_crosses": 0
    },
    {
        "game_time": 120.47404547594488,
        "vehicle_location": {
            "x": -21.300086975097656,
            "y": 88.04391479492188,
            "z": -0.007668266072869301
        },
        "vehicle_velocity": {
            "x": 1.3289123579340867e-08,
            "y": 3.801288173121975e-09,
            "z": 0.00010857105371542275
        },
        "vehicle_throttle": 0.0,
        "unique_collisions": 0,
        "solid_lane_crosses": 0,
        "double_solid_lane_crosses": 0
    },
    {
        "game_time": 121.50524222943932,
        "vehicle_location": {
            "x": -21.300086975097656,
            "y": 88.04391479492188,
            "z": -0.007689590100198984
        },
        "vehicle_velocity": {
            "x": -3.1933495847624727e-09,
            "y": 1.2810683180930482e-08,
            "z": 3.7646292184945196e-05
        },
        "vehicle_throttle": 0.0,
        "unique_collisions": 0,
        "solid_lane_crosses": 0,
        "double_solid_lane_crosses": 0
    },
    {
        "game_time": 122.56622456014156,
        "vehicle_location": {
            "x": -21.300086975097656,
            "y": 88.04391479492188,
            "z": -0.007690010126680136
        },
        "vehicle_velocity": {
            "x": -6.514290618042651e-08,
            "y": 2.2755292761189594e-08,
            "z": 0.0001545810664538294
        },
        "vehicle_throttle": 0.0,
        "unique_collisions": 0,
        "solid_lane_crosses": 0,
        "double_solid_lane_crosses": 0
    },
    {
        "game_time": 123.58129899390042,
        "vehicle_location": {
            "x": -21.300086975097656,
            "y": 88.04391479492188,
            "z": -0.0076541900634765625
        },
        "vehicle_velocity": {
            "x": -5.9604261082313315e-08,
            "y": -1.073991953148834e-07,
            "z": -3.829002162092365e-05
        },
        "vehicle_throttle": 0.0,
        "unique_collisions": 0,
        "solid_lane_crosses": 0,
        "double_solid_lane_crosses": 0
    },
    {
        "game_time": 124.61439523752779,
        "vehicle_location": {
            "x": -21.300086975097656,
            "y": 88.04391479492188,
            "z": -0.007656211499124765
        },
        "vehicle_velocity": {
            "x": 2.7808177094357234e-08,
            "y": -1.8289121328507463e-07,
            "z": 0.00014851092419121414
        },
        "vehicle_throttle": 0.0,
        "unique_collisions": 0,
        "solid_lane_crosses": 0,
        "double_solid_lane_crosses": 0
    },
    {
        "game_time": 125.65073745511472,
        "vehicle_location": {
            "x": -21.300086975097656,
            "y": 88.04391479492188,
            "z": -0.007664947304874659
        },
        "vehicle_velocity": {
            "x": 2.2859371284766894e-08,
            "y": -4.466713221518148e-09,
            "z": 0.00023966789012774825
        },
        "vehicle_throttle": 0.0,
        "unique_collisions": 0,
        "solid_lane_crosses": 0,
        "double_solid_lane_crosses": 0
    },
    {
        "game_time": 126.68751681875437,
        "vehicle_location": {
            "x": -21.300086975097656,
            "y": 88.04391479492188,
            "z": -0.007703361567109823
        },
        "vehicle_velocity": {
            "x": 2.5069665454680035e-08,
            "y": 2.113521357927084e-09,
            "z": 0.0001651143975323066
        },
        "vehicle_throttle": 0.0,
        "unique_collisions": 0,
        "solid_lane_crosses": 0,
        "double_solid_lane_crosses": 0
    },
    {
        "game_time": 127.71663852222264,
        "vehicle_location": {
            "x": -21.300086975097656,
            "y": 88.04391479492188,
            "z": -0.007703323382884264
        },
        "vehicle_velocity": {
            "x": 6.715995315431655e-09,
            "y": -3.4534513027040248e-09,
            "z": 8.007526048459113e-05
        },
        "vehicle_throttle": 0.0,
        "unique_collisions": 0,
        "solid_lane_crosses": 0,
        "double_solid_lane_crosses": 0
    },
    {
        "game_time": 128.753391248174,
        "vehicle_location": {
            "x": -21.300086975097656,
            "y": 88.04391479492188,
            "z": -0.00769817316904664
        },
        "vehicle_velocity": {
            "x": -3.9342015867305236e-08,
            "y": 6.675202968153826e-08,
            "z": -0.00036779404035769403
        },
        "vehicle_throttle": 0.0,
        "unique_collisions": 0,
        "solid_lane_crosses": 0,
        "double_solid_lane_crosses": 0
    },
    {
        "game_time": 129.80529730767012,
        "vehicle_location": {
            "x": -21.300086975097656,
            "y": 88.04391479492188,
            "z": -0.007725791539996862
        },
        "vehicle_velocity": {
            "x": -5.8906156397142695e-08,
            "y": -8.989615718490995e-10,
            "z": -0.002289352472871542
        },
        "vehicle_throttle": 0.0,
        "unique_collisions": 0,
        "solid_lane_crosses": 0,
        "double_solid_lane_crosses": 0
    },
    {
        "game_time": 130.8080094018951,
        "vehicle_location": {
            "x": -21.300086975097656,
            "y": 88.04391479492188,
            "z": -0.007685012649744749
        },
        "vehicle_velocity": {
            "x": 2.1541852746054246e-08,
            "y": 9.405602519052536e-09,
            "z": 0.00026775835431180894
        },
        "vehicle_throttle": 0.0,
        "unique_collisions": 0,
        "solid_lane_crosses": 0,
        "double_solid_lane_crosses": 0
    },
    {
        "game_time": 131.85503870993853,
        "vehicle_location": {
            "x": -21.300086975097656,
            "y": 88.04391479492188,
            "z": -0.007660636678338051
        },
        "vehicle_velocity": {
            "x": 4.95687331181216e-08,
            "y": -8.442912502459876e-08,
            "z": 0.00023378372134175152
        },
        "vehicle_throttle": 0.0,
        "unique_collisions": 0,
        "solid_lane_crosses": 0,
        "double_solid_lane_crosses": 0
    },
    {
        "game_time": 132.8879543831572,
        "vehicle_location": {
            "x": -21.300086975097656,
            "y": 88.04391479492188,
            "z": -0.007669143378734589
        },
        "vehicle_velocity": {
            "x": 4.007926435178888e-09,
            "y": -7.982379340853996e-11,
            "z": 0.00011146545148221776
        },
        "vehicle_throttle": 0.0,
        "unique_collisions": 0,
        "solid_lane_crosses": 0,
        "double_solid_lane_crosses": 0
    },
    {
        "game_time": 133.94410667289048,
        "vehicle_location": {
            "x": -21.300086975097656,
            "y": 88.04391479492188,
            "z": -0.007680206093937159
        },
        "vehicle_velocity": {
            "x": 2.3822771311188262e-08,
            "y": -8.404865137201512e-10,
            "z": 0.00030548570794053376
        },
        "vehicle_throttle": 0.0,
        "unique_collisions": 0,
        "solid_lane_crosses": 0,
        "double_solid_lane_crosses": 0
    },
    {
        "game_time": 134.97568834852427,
        "vehicle_location": {
            "x": -21.300086975097656,
            "y": 88.04391479492188,
            "z": -0.007676391396671534
        },
        "vehicle_velocity": {
            "x": -8.71157634918518e-09,
            "y": -2.7163058469170664e-09,
            "z": -0.00029146671295166016
        },
        "vehicle_throttle": 0.0,
        "unique_collisions": 0,
        "solid_lane_crosses": 0,
        "double_solid_lane_crosses": 0
    },
    {
        "game_time": 136.0242819171399,
        "vehicle_location": {
            "x": -21.300086975097656,
            "y": 88.04391479492188,
            "z": -0.0076965331099927425
        },
        "vehicle_velocity": {
            "x": 4.2686906454036944e-08,
            "y": 4.190214397681302e-09,
            "z": 0.0007754421094432473
        },
        "vehicle_throttle": 0.0,
        "unique_collisions": 0,
        "solid_lane_crosses": 0,
        "double_solid_lane_crosses": 0
    },
    {
        "game_time": 137.06378754600883,
        "vehicle_location": {
            "x": -21.300086975097656,
            "y": 88.04391479492188,
            "z": -0.007689361460506916
        },
        "vehicle_velocity": {
            "x": -5.6378059554162974e-08,
            "y": 6.427087839711021e-08,
            "z": -0.0003437995910644531
        },
        "vehicle_throttle": 0.0,
        "unique_collisions": 0,
        "solid_lane_crosses": 0,
        "double_solid_lane_crosses": 0
    },
    {
        "game_time": 138.0822436120361,
        "vehicle_location": {
            "x": -21.300086975097656,
            "y": 88.04391479492188,
            "z": -0.007693442981690168
        },
        "vehicle_velocity": {
            "x": 2.277251631710442e-08,
            "y": -3.6984875162460185e-09,
            "z": -5.208492075325921e-05
        },
        "vehicle_throttle": 0.0,
        "unique_collisions": 0,
        "solid_lane_crosses": 0,
        "double_solid_lane_crosses": 0
    },
    {
        "game_time": 139.13399536907673,
        "vehicle_location": {
            "x": -21.300086975097656,
            "y": 88.04391479492188,
            "z": -0.007782897911965847
        },
        "vehicle_velocity": {
            "x": 4.919815665971328e-08,
            "y": 4.844324408281864e-08,
            "z": 0.0011241722386330366
        },
        "vehicle_throttle": 0.0,
        "unique_collisions": 0,
        "solid_lane_crosses": 0,
        "double_solid_lane_crosses": 0
    },
    {
        "game_time": 140.17525856383145,
        "vehicle_location": {
            "x": -21.300086975097656,
            "y": 88.04391479492188,
            "z": -0.007684821728616953
        },
        "vehicle_velocity": {
            "x": 2.2091652951417018e-08,
            "y": 1.5295825050998246e-08,
            "z": -0.00019620418606791645
        },
        "vehicle_throttle": 0.0,
        "unique_collisions": 0,
        "solid_lane_crosses": 0,
        "double_solid_lane_crosses": 0
    },
    {
        "game_time": 141.1960646538064,
        "vehicle_location": {
            "x": -21.300086975097656,
            "y": 88.04391479492188,
            "z": -0.007586669642478228
        },
        "vehicle_velocity": {
            "x": -5.774435507532871e-08,
            "y": -1.722672493542632e-08,
            "z": -7.270812784554437e-05
        },
        "vehicle_throttle": 0.0,
        "unique_collisions": 0,
        "solid_lane_crosses": 0,
        "double_solid_lane_crosses": 0
    },
    {
        "game_time": 142.24504251405597,
        "vehicle_location": {
            "x": -21.300086975097656,
            "y": 88.04391479492188,
            "z": -0.007697944529354572
        },
        "vehicle_velocity": {
            "x": 1.8406344892696325e-08,
            "y": -2.3556465666985105e-09,
            "z": 2.270698496431578e-05
        },
        "vehicle_throttle": 0.0,
        "unique_collisions": 0,
        "solid_lane_crosses": 0,
        "double_solid_lane_crosses": 0
    },
    {
        "game_time": 143.30246808752418,
        "vehicle_location": {
            "x": -21.300086975097656,
            "y": 88.04391479492188,
            "z": -0.007663421332836151
        },
        "vehicle_velocity": {
            "x": 3.711560125907454e-08,
            "y": -1.6799673119294312e-07,
            "z": 0.00013639926328323781
        },
        "vehicle_throttle": 0.0,
        "unique_collisions": 0,
        "solid_lane_crosses": 0,
        "double_solid_lane_crosses": 0
    },
    {
        "game_time": 144.3263061037287,
        "vehicle_location": {
            "x": -21.300086975097656,
            "y": 88.04391479492188,
            "z": -0.007735786493867636
        },
        "vehicle_velocity": {
            "x": -9.261025013529434e-08,
            "y": 4.627500882481428e-10,
            "z": 9.733676415635273e-05
        },
        "vehicle_throttle": 0.0,
        "unique_collisions": 0,
        "solid_lane_crosses": 0,
        "double_solid_lane_crosses": 0
    },
    {
        "game_time": 145.35301064513624,
        "vehicle_location": {
            "x": -21.300086975097656,
            "y": 88.04391479492188,
            "z": -0.007697829976677895
        },
        "vehicle_velocity": {
            "x": 1.6010883285844102e-08,
            "y": -4.3143927319633235e-10,
            "z": 0.00017240524175576866
        },
        "vehicle_throttle": 0.0,
        "unique_collisions": 0,
        "solid_lane_crosses": 0,
        "double_solid_lane_crosses": 0
    },
    {
        "game_time": 146.37585734203458,
        "vehicle_location": {
            "x": -21.300086975097656,
            "y": 88.04391479492188,
            "z": -0.0076823425479233265
        },
        "vehicle_velocity": {
            "x": 4.286385024698802e-09,
            "y": 6.966833154820051e-08,
            "z": 6.27374611212872e-05
        },
        "vehicle_throttle": 0.0,
        "unique_collisions": 0,
        "solid_lane_crosses": 0,
        "double_solid_lane_crosses": 0
    },
    {
        "game_time": 147.41186046041548,
        "vehicle_location": {
            "x": -21.300086975097656,
            "y": 88.04391479492188,
            "z": -0.007668609265238047
        },
        "vehicle_velocity": {
            "x": 3.3306968294510853e-09,
            "y": -4.992216418031603e-09,
            "z": -0.00021430492051877081
        },
        "vehicle_throttle": 0.0,
        "unique_collisions": 0,
        "solid_lane_crosses": 0,
        "double_solid_lane_crosses": 0
    },
    {
        "game_time": 148.4463491551578,
        "vehicle_location": {
            "x": -21.300086975097656,
            "y": 88.04391479492188,
            "z": -0.007657775655388832
        },
        "vehicle_velocity": {
            "x": -4.151575794253404e-08,
            "y": 5.314955586754877e-08,
            "z": 0.0002178382856072858
        },
        "vehicle_throttle": 0.0,
        "unique_collisions": 0,
        "solid_lane_crosses": 0,
        "double_solid_lane_crosses": 0
    },
    {
        "game_time": 149.50382929760963,
        "vehicle_location": {
            "x": -21.300086975097656,
            "y": 88.04391479492188,
            "z": -0.007671852130442858
        },
        "vehicle_velocity": {
            "x": -4.0084930930106566e-08,
            "y": -1.534980498263394e-08,
            "z": -0.00035278795985504985
        },
        "vehicle_throttle": 0.0,
        "unique_collisions": 0,
        "solid_lane_crosses": 0,
        "double_solid_lane_crosses": 0
    },
    {
        "game_time": 150.50698164850473,
        "vehicle_location": {
            "x": -21.300086975097656,
            "y": 88.04391479492188,
            "z": -0.007672805804759264
        },
        "vehicle_velocity": {
            "x": 9.489303787191261e-10,
            "y": -2.9593882899803248e-08,
            "z": 6.523132014990551e-06
        },
        "vehicle_throttle": 0.0,
        "unique_collisions": 0,
        "solid_lane_crosses": 0,
        "double_solid_lane_crosses": 0
    },
    {
        "game_time": 151.55013548396528,
        "vehicle_location": {
            "x": -21.300086975097656,
            "y": 88.04391479492188,
            "z": -0.007696723565459251
        },
        "vehicle_velocity": {
            "x": 3.410199056474994e-08,
            "y": -5.084662024756881e-09,
            "z": 0.00041522501851432025
        },
        "vehicle_throttle": 0.0,
        "unique_collisions": 0,
        "solid_lane_crosses": 0,
        "double_solid_lane_crosses": 0
    },
    {
        "game_time": 152.5678097847849,
        "vehicle_location": {
            "x": -21.304882049560547,
            "y": 88.0439224243164,
            "z": -0.007666854653507471
        },
        "vehicle_velocity": {
            "x": -0.04019619897007942,
            "y": -5.66821800020989e-05,
            "z": 0.0004369831003714353
        },
        "vehicle_throttle": 0.75,
        "unique_collisions": 0,
        "solid_lane_crosses": 0,
        "double_solid_lane_crosses": 0
    },
    {
        "game_time": 153.62196564860642,
        "vehicle_location": {
            "x": -21.902843475341797,
            "y": 88.04265594482422,
            "z": -0.007374877575784922
        },
        "vehicle_velocity": {
            "x": -0.9864972233772278,
            "y": -0.0014578785048797727,
            "z": 0.0001336002314928919
        },
        "vehicle_throttle": 0.75,
        "unique_collisions": 0,
        "solid_lane_crosses": 0,
        "double_solid_lane_crosses": 0
    },
    {
        "game_time": 154.65846276655793,
        "vehicle_location": {
            "x": -24.00518226623535,
            "y": 88.03994750976562,
            "z": -0.009319267235696316
        },
        "vehicle_velocity": {
            "x": -3.083219528198242,
            "y": -0.004003132693469524,
            "z": 6.841659342171624e-05
        },
        "vehicle_throttle": 0.75,
        "unique_collisions": 0,
        "solid_lane_crosses": 0,
        "double_solid_lane_crosses": 0
    },
    {
        "game_time": 155.68067639973015,
        "vehicle_location": {
            "x": -27.24416160583496,
            "y": 88.03592681884766,
            "z": -0.009313887916505337
        },
        "vehicle_velocity": {
            "x": -3.6479921340942383,
            "y": -0.004464189521968365,
            "z": -6.398677942343056e-05
        },
        "vehicle_throttle": 0.75,
        "unique_collisions": 0,
        "solid_lane_crosses": 0,
        "double_solid_lane_crosses": 0
    },
    {
        "game_time": 156.74972241558135,
        "vehicle_location": {
            "x": -31.237335205078125,
            "y": 88.0311508178711,
            "z": -0.009397697634994984
        },
        "vehicle_velocity": {
            "x": -4.269164562225342,
            "y": -0.005056614987552166,
            "z": 0.00021717071649618447
        },
        "vehicle_throttle": 0.75,
        "unique_collisions": 0,
        "solid_lane_crosses": 0,
        "double_solid_lane_crosses": 0
    },
    {
        "game_time": 157.75840788614005,
        "vehicle_location": {
            "x": -35.067771911621094,
            "y": 88.02666473388672,
            "z": -0.009435577318072319
        },
        "vehicle_velocity": {
            "x": -4.309560775756836,
            "y": -0.005350607447326183,
            "z": -5.8507917856331915e-05
        },
        "vehicle_throttle": 0.75,
        "unique_collisions": 0,
        "solid_lane_crosses": 0,
        "double_solid_lane_crosses": 0
    }
]