[
    {
        "game_time": 6.88417232548818,
        "vehicle_location": {
            "x": -143.60897827148438,
            "y": -89.60504913330078,
            "z": -0.03970478102564812
        },
        "vehicle_velocity": {
            "x": 0.7078737616539001,
            "y": -0.5849885940551758,
            "z": -0.000851860037073493
        },
        "vehicle_throttle": 0.75,
        "unique_collisions": 0,
        "solid_lane_crosses": 0,
        "double_solid_lane_crosses": 0
    },
    {
        "game_time": 7.893222303595394,
        "vehicle_location": {
            "x": -142.23316955566406,
            "y": -91.13236999511719,
            "z": -0.03891609236598015
        },
        "vehicle_velocity": {
            "x": 1.367146611213684,
            "y": -3.0070745944976807,
            "z": 0.0002460527466610074
        },
        "vehicle_throttle": 0.75,
        "unique_collisions": 0,
        "solid_lane_crosses": 1,
        "double_solid_lane_crosses": 0
    },
    {
        "game_time": 8.906973836477846,
        "vehicle_location": {
            "x": -141.4704132080078,
            "y": -92.33890533447266,
            "z": -0.04170261323451996
        },
        "vehicle_velocity": {
            "x": 1.032649040222168,
            "y": -1.906860589981079,
            "z": 0.0004679895064327866
        },
        "vehicle_throttle": 0.75,
        "unique_collisions": 1,
        "solid_lane_crosses": 1,
        "double_solid_lane_crosses": 0
    },
    {
        "game_time": 9.935179084073752,
        "vehicle_location": {
            "x": -139.20050048828125,
            "y": -94.56204986572266,
            "z": -0.03930168226361275
        },
        "vehicle_velocity": {
            "x": 3.6976208686828613,
            "y": -1.6793334484100342,
            "z": -0.0019420833559706807
        },
        "vehicle_throttle": 0.0,
        "unique_collisions": 1,
        "solid_lane_crosses": 1,
        "double_solid_lane_crosses": 0
    },
    {
        "game_time": 10.949027450289577,
        "vehicle_location": {
            "x": -137.2721405029297,
            "y": -95.55888366699219,
            "z": -0.03449089080095291
        },
        "vehicle_velocity": {
            "x": -0.006008646916598082,
            "y": 0.000915879150852561,
            "z": 0.0002243471099063754
        },
        "vehicle_throttle": 0.0,
        "unique_collisions": 1,
        "solid_lane_crosses": 1,
        "double_solid_lane_crosses": 0
    },
    {
        "game_time": 11.971469143871218,
        "vehicle_location": {
            "x": -137.064208984375,
            "y": -95.61878967285156,
            "z": -0.03960490971803665
        },
        "vehicle_velocity": {
            "x": 0.9540449380874634,
            "y": -0.24803905189037323,
            "z": 0.0003636550682131201
        },
        "vehicle_throttle": 0.75,
        "unique_collisions": 1,
        "solid_lane_crosses": 1,
        "double_solid_lane_crosses": 0
    },
    {
        "game_time": 13.014675694983453,
        "vehicle_location": {
            "x": -135.15972900390625,
            "y": -96.1475830078125,
            "z": -0.03651462495326996
        },
        "vehicle_velocity": {
            "x": 1.9076071977615356,
            "y": -0.3677110970020294,
            "z": 4.2829513404285535e-05
        },
        "vehicle_throttle": 0.75,
        "unique_collisions": 1,
        "solid_lane_crosses": 1,
        "double_solid_lane_crosses": 0
    },
    {
        "game_time": 14.03838345920667,
        "vehicle_location": {
            "x": -132.61912536621094,
            "y": -96.62761688232422,
            "z": -0.039368171244859695
        },
        "vehicle_velocity": {
            "x": 3.420483350753784,
            "y": -0.5104607939720154,
            "z": 0.0004048633563797921
        },
        "vehicle_throttle": 0.75,
        "unique_collisions": 1,
        "solid_lane_crosses": 2,
        "double_solid_lane_crosses": 0
    },
    {
        "game_time": 15.058749496471137,
        "vehicle_location": {
            "x": -129.2991485595703,
            "y": -97.0419921875,
            "z": -0.03755428269505501
        },
        "vehicle_velocity": {
            "x": 3.0868444442749023,
            "y": -0.30130723118782043,
            "z": 0.00022631167666986585
        },
        "vehicle_throttle": 0.75,
        "unique_collisions": 1,
        "solid_lane_crosses": 2,
        "double_solid_lane_crosses": 0
    },
    {
        "game_time": 16.086409838404506,
        "vehicle_location": {
            "x": -126.9106674194336,
            "y": -97.26618957519531,
            "z": -0.03685291111469269
        },
        "vehicle_velocity": {
            "x": 1.581016182899475,
            "y": -0.13056465983390808,
            "z": -9.991645492846146e-05
        },
        "vehicle_throttle": 0.0,
        "unique_collisions": 1,
        "solid_lane_crosses": 2,
        "double_solid_lane_crosses": 0
    },
    {
        "game_time": 17.12402933044359,
        "vehicle_location": {
            "x": -126.02303314208984,
            "y": -97.34054565429688,
            "z": -0.03788921236991882
        },
        "vehicle_velocity": {
            "x": 0.6412914991378784,
            "y": -0.05363737791776657,
            "z": 0.0003853797970805317
        },
        "vehicle_throttle": 0.0,
        "unique_collisions": 1,
        "solid_lane_crosses": 2,
        "double_solid_lane_crosses": 0
    },
    {
        "game_time": 18.163104028906673,
        "vehicle_location": {
            "x": -125.7239990234375,
            "y": -97.36671447753906,
            "z": -0.03814056143164635
        },
        "vehicle_velocity": {
            "x": 0.22410912811756134,
            "y": -0.02069428376853466,
            "z": 9.91821252682712e-06
        },
        "vehicle_throttle": 0.0,
        "unique_collisions": 1,
        "solid_lane_crosses": 2,
        "double_solid_lane_crosses": 0
    },
    {
        "game_time": 19.194895416032523,
        "vehicle_location": {
            "x": -125.6160888671875,
            "y": -97.37560272216797,
            "z": -0.037420425564050674
        },
        "vehicle_velocity": {
            "x": 0.11984714865684509,
            "y": -0.010135005228221416,
            "z": 0.00037776469253003597
        },
        "vehicle_throttle": 0.75,
        "unique_collisions": 1,
        "solid_lane_crosses": 2,
        "double_solid_lane_crosses": 0
    },
    {
        "game_time": 20.247748476918787,
        "vehicle_location": {
            "x": -125.2589111328125,
            "y": -97.40714263916016,
            "z": -0.039339445531368256
        },
        "vehicle_velocity": {
            "x": 0.9289869666099548,
            "y": -0.07946667075157166,
            "z": 0.0007173299673013389
        },
        "vehicle_throttle": 0.75,
        "unique_collisions": 1,
        "solid_lane_crosses": 2,
        "double_solid_lane_crosses": 0
    },
    {
        "game_time": 21.267339375335723,
        "vehicle_location": {
            "x": -123.72785949707031,
            "y": -97.515869140625,
            "z": -0.03919532522559166
        },
        "vehicle_velocity": {
            "x": 2.2884461879730225,
            "y": -0.1314198225736618,
            "z": 8.769035048317164e-05
        },
        "vehicle_throttle": 0.75,
        "unique_collisions": 1,
        "solid_lane_crosses": 2,
        "double_solid_lane_crosses": 0
    },
    {
        "game_time": 22.27779954345897,
        "vehicle_location": {
            "x": -120.95516967773438,
            "y": -97.69413757324219,
            "z": -0.037409476935863495
        },
        "vehicle_velocity": {
            "x": 2.5692739486694336,
            "y": -0.15654169023036957,
            "z": -0.00048727987450547516
        },
        "vehicle_throttle": 0.0,
        "unique_collisions": 1,
        "solid_lane_crosses": 2,
        "double_solid_lane_crosses": 0
    },
    {
        "game_time": 23.291689415927976,
        "vehicle_location": {
            "x": -119.4777603149414,
            "y": -97.7854995727539,
            "z": -0.03755100071430206
        },
        "vehicle_velocity": {
            "x": 0.9800184369087219,
            "y": -0.06028929725289345,
            "z": 0.00046527860104106367
        },
        "vehicle_throttle": 0.0,
        "unique_collisions": 1,
        "solid_lane_crosses": 2,
        "double_solid_lane_crosses": 0
    },
    {
        "game_time": 24.33010453125462,
        "vehicle_location": {
            "x": -118.964111328125,
            "y": -97.81229400634766,
            "z": -0.038234252482652664
        },
        "vehicle_velocity": {
            "x": 0.5196531414985657,
            "y": -0.028038017451763153,
            "z": -1.297950711887097e-05
        },
        "vehicle_throttle": 0.0,
        "unique_collisions": 1,
        "solid_lane_crosses": 2,
        "double_solid_lane_crosses": 0
    },
    {
        "game_time": 25.331161830108613,
        "vehicle_location": {
            "x": -118.78353881835938,
            "y": -97.81979370117188,
            "z": -0.03739822283387184
        },
        "vehicle_velocity": {
            "x": 0.1233537569642067,
            "y": -0.00661123963072896,
            "z": -0.0004151534812990576
        },
        "vehicle_throttle": 0.75,
        "unique_collisions": 1,
        "solid_lane_crosses": 2,
        "double_solid_lane_crosses": 0
    },
    {
        "game_time": 26.351303204428405,
        "vehicle_location": {
            "x": -118.6655502319336,
            "y": -97.82608032226562,
            "z": -0.03754245489835739
        },
        "vehicle_velocity": {
            "x": 0.0025950022973120213,
            "y": 0.0006348900496959686,
            "z": -0.0002445173158776015
        },
        "vehicle_throttle": 0.0,
        "unique_collisions": 1,
        "solid_lane_crosses": 2,
        "double_solid_lane_crosses": 0
    },
    {
        "game_time": 27.403498470317572,
        "vehicle_location": {
            "x": -118.55357360839844,
            "y": -97.83270263671875,
            "z": -0.0385526642203331
        },
        "vehicle_velocity": {
            "x": 0.27005499601364136,
            "y": -0.011776269413530827,
            "z": -0.0003790950577240437
        },
        "vehicle_throttle": 0.0,
        "unique_collisions": 1,
        "solid_lane_crosses": 2,
        "double_solid_lane_crosses": 0
    },
    {
        "game_time": 28.437774306628853,
        "vehicle_location": {
            "x": -117.69417572021484,
            "y": -97.8827896118164,
            "z": -0.03927009552717209
        },
        "vehicle_velocity": {
            "x": 1.6021690368652344,
            "y": -0.09315277636051178,
            "z": -7.130622543627396e-05
        },
        "vehicle_throttle": 0.0,
        "unique_collisions": 1,
        "solid_lane_crosses": 2,
        "double_solid_lane_crosses": 0
    },
    {
        "game_time": 29.46859266096726,
        "vehicle_location": {
            "x": -115.62638092041016,
            "y": -97.99073028564453,
            "z": -0.039224930107593536
        },
        "vehicle_velocity": {
            "x": 2.8759939670562744,
            "y": -0.08697313815355301,
            "z": -0.00031826019403524697
        },
        "vehicle_throttle": 0.75,
        "unique_collisions": 1,
        "solid_lane_crosses": 2,
        "double_solid_lane_crosses": 0
    },
    {
        "game_time": 30.485088920686394,
        "vehicle_location": {
            "x": -112.68544006347656,
            "y": -97.93939971923828,
            "z": -0.03521503508090973
        },
        "vehicle_velocity": {
            "x": 1.9954365491867065,
            "y": 0.1304997354745865,
            "z": -0.0001294898975174874
        },
        "vehicle_throttle": 0.75,
        "unique_collisions": 1,
        "solid_lane_crosses": 2,
        "double_solid_lane_crosses": 0
    },
    {
        "game_time": 31.51964814448729,
        "vehicle_location": {
            "x": -111.064697265625,
            "y": -97.77392578125,
            "z": -0.03753490373492241
        },
        "vehicle_velocity": {
            "x": 1.3667837381362915,
            "y": 0.3120318055152893,
            "z": -0.0007089996361173689
        },
        "vehicle_throttle": 0.75,
        "unique_collisions": 1,
        "solid_lane_crosses": 2,
        "double_solid_lane_crosses": 0
    },
    {
        "game_time": 32.556055886205286,
        "vehicle_location": {
            "x": -109.26673889160156,
            "y": -97.3153305053711,
            "z": -0.0373985655605793
        },
        "vehicle_velocity": {
            "x": 1.8142309188842773,
            "y": 0.6978895664215088,
            "z": 0.0001382160116918385
        },
        "vehicle_throttle": 0.75,
        "unique_collisions": 1,
        "solid_lane_crosses": 2,
        "double_solid_lane_crosses": 0
    },
    {
        "game_time": 33.56452036416158,
        "vehicle_location": {
            "x": -106.96310424804688,
            "y": -96.05860137939453,
            "z": -0.03911064192652702
        },
        "vehicle_velocity": {
            "x": 2.702939510345459,
            "y": 2.2054238319396973,
            "z": 0.000603475549723953
        },
        "vehicle_throttle": 0.0,
        "unique_collisions": 1,
        "solid_lane_crosses": 2,
        "double_solid_lane_crosses": 0
    },
    {
        "game_time": 34.57345920847729,
        "vehicle_location": {
            "x": -104.80110931396484,
            "y": -93.61688232421875,
            "z": -0.036391448229551315
        },
        "vehicle_velocity": {
            "x": 1.5838068723678589,
            "y": 3.289602041244507,
            "z": 0.0034698722884058952
        },
        "vehicle_throttle": 0.0,
        "unique_collisions": 1,
        "solid_lane_crosses": 2,
        "double_solid_lane_crosses": 0
    },
    {
        "game_time": 35.60667826747522,
        "vehicle_location": {
            "x": -103.59232330322266,
            "y": -90.20396423339844,
            "z": -0.03648670017719269
        },
        "vehicle_velocity": {
            "x": 0.6919173002243042,
            "y": 3.3484041690826416,
            "z": 2.6073455956066027e-05
        },
        "vehicle_throttle": 0.75,
        "unique_collisions": 1,
        "solid_lane_crosses": 2,
        "double_solid_lane_crosses": 0
    },
    {
        "game_time": 36.65340793458745,
        "vehicle_location": {
            "x": -102.92024993896484,
            "y": -86.34953308105469,
            "z": -0.03777766972780228
        },
        "vehicle_velocity": {
            "x": 0.26071327924728394,
            "y": 3.635528564453125,
            "z": 0.000929064757656306
        },
        "vehicle_throttle": 0.75,
        "unique_collisions": 1,
        "solid_lane_crosses": 2,
        "double_solid_lane_crosses": 0
    },
    {
        "game_time": 37.6815640819259,
        "vehicle_location": {
            "x": -102.62525939941406,
            "y": -82.68817138671875,
            "z": -0.03863262012600899
        },
        "vehicle_velocity": {
            "x": 0.14976443350315094,
            "y": 3.546320915222168,
            "z": 0.0002860021486412734
        },
        "vehicle_throttle": 0.75,
        "unique_collisions": 1,
        "solid_lane_crosses": 2,
        "double_solid_lane_crosses": 0
    },
    {
        "game_time": 38.710815753322095,
        "vehicle_location": {
            "x": -102.48735809326172,
            "y": -78.06475067138672,
            "z": -0.03924121707677841
        },
        "vehicle_velocity": {
            "x": 0.09549354016780853,
            "y": 5.507991790771484,
            "z": -0.00039606093196198344
        },
        "vehicle_throttle": 0.75,
        "unique_collisions": 1,
        "solid_lane_crosses": 2,
        "double_solid_lane_crosses": 0
    },
    {
        "game_time": 39.762947070878,
        "vehicle_location": {
            "x": -102.43354034423828,
            "y": -72.85698699951172,
            "z": -0.037256620824337006
        },
        "vehicle_velocity": {
            "x": -0.015533183701336384,
            "y": 4.253018379211426,
            "z": 0.00036813734914176166
        },
        "vehicle_throttle": 0.75,
        "unique_collisions": 1,
        "solid_lane_crosses": 2,
        "double_solid_lane_crosses": 0
    },
    {
        "game_time": 40.80328620178625,
        "vehicle_location": {
            "x": -102.43018341064453,
            "y": -67.58573913574219,
            "z": -0.037870634347200394
        },
        "vehicle_velocity": {
            "x": -0.023087479174137115,
            "y": 5.562746524810791,
            "z": -1.2817382412322331e-05
        },
        "vehicle_throttle": 0.0,
        "unique_collisions": 1,
        "solid_lane_crosses": 2,
        "double_solid_lane_crosses": 0
    },
    {
        "game_time": 41.81046091718599,
        "vehicle_location": {
            "x": -102.44207763671875,
            "y": -62.96946334838867,
            "z": -0.03856494650244713
        },
        "vehicle_velocity": {
            "x": -0.024722818285226822,
            "y": 4.521286964416504,
            "z": 0.00020591735665220767
        },
        "vehicle_throttle": 0.75,
        "unique_collisions": 1,
        "solid_lane_crosses": 2,
        "double_solid_lane_crosses": 0
    },
    {
        "game_time": 42.832493480760604,
        "vehicle_location": {
            "x": -102.46443939208984,
            "y": -57.615814208984375,
            "z": -0.03546596318483353
        },
        "vehicle_velocity": {
            "x": -0.022110676392912865,
            "y": 4.978552341461182,
            "z": -0.0024559544399380684
        },
        "vehicle_throttle": 0.75,
        "unique_collisions": 1,
        "solid_lane_crosses": 2,
        "double_solid_lane_crosses": 0
    },
    {
        "game_time": 43.87619476066902,
        "vehicle_location": {
            "x": -102.48693084716797,
            "y": -52.92762756347656,
            "z": -0.03905166685581207
        },
        "vehicle_velocity": {
            "x": -0.024151507765054703,
            "y": 4.863481044769287,
            "z": 0.00016489028348587453
        },
        "vehicle_throttle": 0.75,
        "unique_collisions": 1,
        "solid_lane_crosses": 2,
        "double_solid_lane_crosses": 0
    },
    {
        "game_time": 44.92540485179052,
        "vehicle_location": {
            "x": -102.51498413085938,
            "y": -47.4173469543457,
            "z": -0.03624255955219269
        },
        "vehicle_velocity": {
            "x": -0.023721689358353615,
            "y": 4.560708045959473,
            "z": 0.0007189464522525668
        },
        "vehicle_throttle": 0.75,
        "unique_collisions": 1,
        "solid_lane_crosses": 2,
        "double_solid_lane_crosses": 0
    },
    {
        "game_time": 45.92993691796437,
        "vehicle_location": {
            "x": -102.6705551147461,
            "y": -42.94523239135742,
            "z": -0.03873306140303612
        },
        "vehicle_velocity": {
            "x": -0.7830500602722168,
            "y": 4.964157581329346,
            "z": 0.0027777194045484066
        },
        "vehicle_throttle": 0.75,
        "unique_collisions": 1,
        "solid_lane_crosses": 2,
        "double_solid_lane_crosses": 0
    },
    {
        "game_time": 46.96080492483452,
        "vehicle_location": {
            "x": -105.43572235107422,
            "y": -38.69951248168945,
            "z": -0.03658626601099968
        },
        "vehicle_velocity": {
            "x": -4.9496750831604,
            "y": 2.158517599105835,
            "z": 0.004856738727539778
        },
        "vehicle_throttle": 0.75,
        "unique_collisions": 1,
        "solid_lane_crosses": 3,
        "double_solid_lane_crosses": 0
    },
    {
        "game_time": 47.961504759732634,
        "vehicle_location": {
            "x": -110.12428283691406,
            "y": -37.21204376220703,
            "z": -0.03805171698331833
        },
        "vehicle_velocity": {
            "x": -4.501175403594971,
            "y": 0.7768920063972473,
            "z": 0.0008982467697933316
        },
        "vehicle_throttle": 0.75,
        "unique_collisions": 1,
        "solid_lane_crosses": 3,
        "double_solid_lane_crosses": 0
    },
    {
        "game_time": 48.996515162754804,
        "vehicle_location": {
            "x": -115.49769592285156,
            "y": -36.6356086730957,
            "z": -0.03548595309257507
        },
        "vehicle_velocity": {
            "x": -4.94610595703125,
            "y": 0.3471088707447052,
            "z": -0.0020946646109223366
        },
        "vehicle_throttle": 0.75,
        "unique_collisions": 1,
        "solid_lane_crosses": 3,
        "double_solid_lane_crosses": 0
    },
    {
        "game_time": 50.04334406973794,
        "vehicle_location": {
            "x": -120.2136001586914,
            "y": -36.48416519165039,
            "z": -0.03716205433011055
        },
        "vehicle_velocity": {
            "x": -4.8988471031188965,
            "y": 0.07452436536550522,
            "z": 0.0046770572662353516
        },
        "vehicle_throttle": 0.75,
        "unique_collisions": 1,
        "solid_lane_crosses": 3,
        "double_solid_lane_crosses": 0
    },
    {
        "game_time": 51.07475083647296,
        "vehicle_location": {
            "x": -125.67142486572266,
            "y": -36.43136215209961,
            "z": -0.0258428193628788
        },
        "vehicle_velocity": {
            "x": -5.068530559539795,
            "y": -0.01836617849767208,
            "z": 0.01881217025220394
        },
        "vehicle_throttle": 0.0,
        "unique_collisions": 1,
        "solid_lane_crosses": 3,
        "double_solid_lane_crosses": 0
    },
    {
        "game_time": 52.124922471586615,
        "vehicle_location": {
            "x": -129.2069549560547,
            "y": -36.42733383178711,
            "z": -0.010636215098202229
        },
        "vehicle_velocity": {
            "x": -2.3470425605773926,
            "y": -0.004219541326165199,
            "z": 0.008300084620714188
        },
        "vehicle_throttle": 0.75,
        "unique_collisions": 1,
        "solid_lane_crosses": 3,
        "double_solid_lane_crosses": 0
    },
    {
        "game_time": 53.14987877337262,
        "vehicle_location": {
            "x": -131.81521606445312,
            "y": -36.43417739868164,
            "z": -0.0011613082606345415
        },
        "vehicle_velocity": {
            "x": -2.6908552646636963,
            "y": -0.009979217313230038,
            "z": 0.016935257241129875
        },
        "vehicle_throttle": 0.75,
        "unique_collisions": 1,
        "solid_lane_crosses": 3,
        "double_solid_lane_crosses": 0
    },
    {
        "game_time": 54.15421657497063,
        "vehicle_location": {
            "x": -135.48626708984375,
            "y": -36.45277786254883,
            "z": 0.021285705268383026
        },
        "vehicle_velocity": {
            "x": -4.615405082702637,
            "y": -0.02734789066016674,
            "z": 0.031077947467565536
        },
        "vehicle_throttle": 0.75,
        "unique_collisions": 1,
        "solid_lane_crosses": 3,
        "double_solid_lane_crosses": 0
    },
    {
        "game_time": 55.20694745378569,
        "vehicle_location": {
            "x": -140.96084594726562,
            "y": -36.792755126953125,
            "z": 0.06842746585607529
        },
        "vehicle_velocity": {
            "x": -4.969115734100342,
            "y": -0.9726161956787109,
            "z": 0.04795577749609947
        },
        "vehicle_throttle": 0.75,
        "unique_collisions": 1,
        "solid_lane_crosses": 3,
        "double_solid_lane_crosses": 0
    },
    {
        "game_time": 56.23611016618088,
        "vehicle_location": {
            "x": -144.02255249023438,
            "y": -37.95875549316406,
            "z": 0.09391239285469055
        },
        "vehicle_velocity": {
            "x": -0.1749739795923233,
            "y": -0.6472944617271423,
            "z": -0.010752053000032902
        },
        "vehicle_throttle": 0.75,
        "unique_collisions": 2,
        "solid_lane_crosses": 3,
        "double_solid_lane_crosses": 0
    },
    {
        "game_time": 57.25648295553401,
        "vehicle_location": {
            "x": -144.09510803222656,
            "y": -38.06938171386719,
            "z": 0.09097381681203842
        },
        "vehicle_velocity": {
            "x": 0.0022965834941715,
            "y": -0.0030209326650947332,
            "z": -1.8028318663709797e-05
        },
        "vehicle_throttle": 0.75,
        "unique_collisions": 2,
        "solid_lane_crosses": 3,
        "double_solid_lane_crosses": 0
    },
    {
        "game_time": 58.25963710760698,
        "vehicle_location": {
            "x": -144.0902099609375,
            "y": -38.075984954833984,
            "z": 0.0909581333398819
        },
        "vehicle_velocity": {
            "x": 0.003950775600969791,
            "y": -0.005844333209097385,
            "z": -0.00018020227435044944
        },
        "vehicle_throttle": 0.75,
        "unique_collisions": 2,
        "solid_lane_crosses": 3,
        "double_solid_lane_crosses": 0
    },
    {
        "game_time": 59.2975791930221,
        "vehicle_location": {
            "x": -144.08517456054688,
            "y": -38.08283996582031,
            "z": 0.09097126126289368
        },
        "vehicle_velocity": {
            "x": 0.00325750932097435,
            "y": -0.005099153611809015,
            "z": 0.000136085000121966
        },
        "vehicle_throttle": 0.75,
        "unique_collisions": 2,
        "solid_lane_crosses": 3,
        "double_solid_lane_crosses": 0
    },
    {
        "game_time": 60.32998574292287,
        "vehicle_location": {
            "x": -144.08021545410156,
            "y": -38.0894889831543,
            "z": 0.09112205356359482
        },
        "vehicle_velocity": {
            "x": 0.00611388124525547,
            "y": -0.009121613577008247,
            "z": 0.005934600718319416
        },
        "vehicle_throttle": 0.75,
        "unique_collisions": 2,
        "solid_lane_crosses": 3,
        "double_solid_lane_crosses": 0
    },
    {
        "game_time": 61.341433852445334,
        "vehicle_location": {
            "x": -144.07473754882812,
            "y": -38.09630584716797,
            "z": 0.09047893434762955
        },
        "vehicle_velocity": {
            "x": 0.003597290487959981,
            "y": -0.004761624149978161,
            "z": 0.00011088683822890744
        },
        "vehicle_throttle": 0.75,
        "unique_collisions": 2,
        "solid_lane_crosses": 3,
        "double_solid_lane_crosses": 0
    },
    {
        "game_time": 62.368897419888526,
        "vehicle_location": {
            "x": -144.0696258544922,
            "y": -38.10350036621094,
            "z": 0.09047233313322067
        },
        "vehicle_velocity": {
            "x": 0.0035861372016370296,
            "y": -0.004811656195670366,
            "z": 0.00023230254009831697
        },
        "vehicle_throttle": 0.75,
        "unique_collisions": 2,
        "solid_lane_crosses": 3,
        "double_solid_lane_crosses": 0
    },
    {
        "game_time": 63.395872557070106,
        "vehicle_location": {
            "x": -144.064453125,
            "y": -38.110809326171875,
            "z": 0.09044253826141357
        },
        "vehicle_velocity": {
            "x": 0.004068821668624878,
            "y": -0.005630276165902615,
            "z": -0.00062778708525002
        },
        "vehicle_throttle": 0.75,
        "unique_collisions": 2,
        "solid_lane_crosses": 3,
        "double_solid_lane_crosses": 0
    },
    {
        "game_time": 64.40586215490475,
        "vehicle_location": {
            "x": -144.05906677246094,
            "y": -38.11759567260742,
            "z": 0.09051917493343353
        },
        "vehicle_velocity": {
            "x": 0.0025747036561369896,
            "y": -0.0037940978072583675,
            "z": -0.003441045293584466
        },
        "vehicle_throttle": 0.75,
        "unique_collisions": 2,
        "solid_lane_crosses": 3,
        "double_solid_lane_crosses": 0
    },
    {
        "game_time": 65.41067849239334,
        "vehicle_location": {
            "x": -144.053955078125,
            "y": -38.125,
            "z": 0.0900176614522934
        },
        "vehicle_velocity": {
            "x": 0.002989361295476556,
            "y": -0.005517556332051754,
            "z": 9.224086534231901e-05
        },
        "vehicle_throttle": 0.75,
        "unique_collisions": 2,
        "solid_lane_crosses": 3,
        "double_solid_lane_crosses": 0
    },
    {
        "game_time": 66.43136055348441,
        "vehicle_location": {
            "x": -144.0486297607422,
            "y": -38.1328010559082,
            "z": 0.08998767286539078
        },
        "vehicle_velocity": {
            "x": 0.003300330601632595,
            "y": -0.005505711771547794,
            "z": 0.0004782681062351912
        },
        "vehicle_throttle": 0.75,
        "unique_collisions": 2,
        "solid_lane_crosses": 3,
        "double_solid_lane_crosses": 0
    },
    {
        "game_time": 67.4788623987697,
        "vehicle_location": {
            "x": -144.04331970214844,
            "y": -38.14064025878906,
            "z": 0.08998649567365646
        },
        "vehicle_velocity": {
            "x": 0.003777501406148076,
            "y": -0.005276362877339125,
            "z": 0.00017330764967482537
        },
        "vehicle_throttle": 0.75,
        "unique_collisions": 2,
        "solid_lane_crosses": 3,
        "double_solid_lane_crosses": 0
    },
    {
        "game_time": 68.4995044269599,
        "vehicle_location": {
            "x": -144.0376739501953,
            "y": -38.147300720214844,
            "z": 0.09191638976335526
        },
        "vehicle_velocity": {
            "x": 0.0028996895998716354,
            "y": -0.005454811733216047,
            "z": -0.004599148407578468
        },
        "vehicle_throttle": 0.75,
        "unique_collisions": 2,
        "solid_lane_crosses": 3,
        "double_solid_lane_crosses": 0
    },
    {
        "game_time": 69.5595683385618,
        "vehicle_location": {
            "x": -144.03201293945312,
            "y": -38.15701675415039,
            "z": 0.08965713530778885
        },
        "vehicle_velocity": {
            "x": 0.004140183795243502,
            "y": -0.00583058362826705,
            "z": 0.00031970665440894663
        },
        "vehicle_throttle": 0.75,
        "unique_collisions": 2,
        "solid_lane_crosses": 3,
        "double_solid_lane_crosses": 0
    }
]