[
    {
        "game_time": 8.644822887144983,
        "vehicle_location": {
            "x": 15.3745756149292,
            "y": 201.6047821044922,
            "z": -0.04052600637078285
        },
        "vehicle_velocity": {
            "x": 1.2287873029708862,
            "y": -0.25624850392341614,
            "z": 0.0004843664064537734
        },
        "vehicle_throttle": 0.75,
        "unique_collisions": 0,
        "solid_lane_crosses": 0,
        "double_solid_lane_crosses": 0
    },
    {
        "game_time": 9.651165556162596,
        "vehicle_location": {
            "x": 17.89944076538086,
            "y": 201.04583740234375,
            "z": -0.039195671677589417
        },
        "vehicle_velocity": {
            "x": 3.3828964233398438,
            "y": -1.2637203931808472,
            "z": -0.00029005049145780504
        },
        "vehicle_throttle": 0.75,
        "unique_collisions": 0,
        "solid_lane_crosses": 0,
        "double_solid_lane_crosses": 0
    },
    {
        "game_time": 10.672919147647917,
        "vehicle_location": {
            "x": 22.010406494140625,
            "y": 199.1942596435547,
            "z": -0.03719581663608551
        },
        "vehicle_velocity": {
            "x": 3.759375810623169,
            "y": -2.6125314235687256,
            "z": 0.0003950118843931705
        },
        "vehicle_throttle": 0.0,
        "unique_collisions": 0,
        "solid_lane_crosses": 0,
        "double_solid_lane_crosses": 0
    },
    {
        "game_time": 11.759577113203704,
        "vehicle_location": {
            "x": 24.89391326904297,
            "y": 196.95172119140625,
            "z": -0.0383489616215229
        },
        "vehicle_velocity": {
            "x": 2.267808437347412,
            "y": -2.2797446250915527,
            "z": 0.000646996486466378
        },
        "vehicle_throttle": 0.0,
        "unique_collisions": 0,
        "solid_lane_crosses": 0,
        "double_solid_lane_crosses": 0
    },
    {
        "game_time": 12.832009150646627,
        "vehicle_location": {
            "x": 26.824161529541016,
            "y": 194.5422821044922,
            "z": -0.03612304478883743
        },
        "vehicle_velocity": {
            "x": 1.451136589050293,
            "y": -2.1393961906433105,
            "z": 0.0003071689570788294
        },
        "vehicle_throttle": 0.0,
        "unique_collisions": 0,
        "solid_lane_crosses": 0,
        "double_solid_lane_crosses": 0
    },
    {
        "game_time": 13.838108598254621,
        "vehicle_location": {
            "x": 27.649309158325195,
            "y": 193.2934112548828,
            "z": -0.037670668214559555
        },
        "vehicle_velocity": {
            "x": 0.5837013721466064,
            "y": -0.9347366094589233,
            "z": 0.00022489069669973105
        },
        "vehicle_throttle": 0.75,
        "unique_collisions": 0,
        "solid_lane_crosses": 0,
        "double_solid_lane_crosses": 0
    },
    {
        "game_time": 14.85392535571009,
        "vehicle_location": {
            "x": 27.946537017822266,
            "y": 192.82662963867188,
            "z": -0.03888961672782898
        },
        "vehicle_velocity": {
            "x": 0.31880247592926025,
            "y": -0.5091173648834229,
            "z": 0.00024796483921818435
        },
        "vehicle_throttle": 0.0,
        "unique_collisions": 0,
        "solid_lane_crosses": 0,
        "double_solid_lane_crosses": 0
    },
    {
        "game_time": 15.924702097661793,
        "vehicle_location": {
            "x": 28.03937530517578,
            "y": 192.6820831298828,
            "z": -0.03715991973876953
        },
        "vehicle_velocity": {
            "x": 0.06303884088993073,
            "y": -0.10103938728570938,
            "z": -0.00029057980282232165
        },
        "vehicle_throttle": 0.75,
        "unique_collisions": 0,
        "solid_lane_crosses": 0,
        "double_solid_lane_crosses": 0
    },
    {
        "game_time": 17.01162434089929,
        "vehicle_location": {
            "x": 28.132753372192383,
            "y": 192.53414916992188,
            "z": -0.03906383365392685
        },
        "vehicle_velocity": {
            "x": 0.24730893969535828,
            "y": -0.46667495369911194,
            "z": 0.000638561206869781
        },
        "vehicle_throttle": 0.0,
        "unique_collisions": 0,
        "solid_lane_crosses": 0,
        "double_solid_lane_crosses": 0
    },
    {
        "game_time": 18.101849704049528,
        "vehicle_location": {
            "x": 28.579429626464844,
            "y": 191.63671875,
            "z": -0.03934631124138832
        },
        "vehicle_velocity": {
            "x": 0.8389707207679749,
            "y": -1.7887465953826904,
            "z": 0.00047755715786479414
        },
        "vehicle_throttle": 0.75,
        "unique_collisions": 0,
        "solid_lane_crosses": 0,
        "double_solid_lane_crosses": 0
    },
    {
        "game_time": 19.17761471774429,
        "vehicle_location": {
            "x": 29.600765228271484,
            "y": 189.14208984375,
            "z": -0.038568686693906784
        },
        "vehicle_velocity": {
            "x": 0.7507580518722534,
            "y": -2.8052120208740234,
            "z": 9.369850158691406e-05
        },
        "vehicle_throttle": 0.0,
        "unique_collisions": 0,
        "solid_lane_crosses": 0,
        "double_solid_lane_crosses": 0
    },
    {
        "game_time": 20.266242229379714,
        "vehicle_location": {
            "x": 30.362525939941406,
            "y": 186.58810424804688,
            "z": -0.03583919629454613
        },
        "vehicle_velocity": {
            "x": 0.45003318786621094,
            "y": -1.960664987564087,
            "z": 4.2343137465650216e-05
        },
        "vehicle_throttle": 0.0,
        "unique_collisions": 0,
        "solid_lane_crosses": 0,
        "double_solid_lane_crosses": 0
    },
    {
        "game_time": 21.333528275601566,
        "vehicle_location": {
            "x": 30.674726486206055,
            "y": 185.2282257080078,
            "z": -0.03925998508930206
        },
        "vehicle_velocity": {
            "x": 0.31003233790397644,
            "y": -1.9819517135620117,
            "z": 1.893997068691533e-05
        },
        "vehicle_throttle": 0.75,
        "unique_collisions": 0,
        "solid_lane_crosses": 0,
        "double_solid_lane_crosses": 0
    },
    {
        "game_time": 22.431946964003146,
        "vehicle_location": {
            "x": 31.077192306518555,
            "y": 182.30044555664062,
            "z": -0.03494453430175781
        },
        "vehicle_velocity": {
            "x": 0.1665084809064865,
            "y": -2.0982658863067627,
            "z": -0.0004195213259663433
        },
        "vehicle_throttle": 0.75,
        "unique_collisions": 0,
        "solid_lane_crosses": 0,
        "double_solid_lane_crosses": 0
    },
    {
        "game_time": 23.464195529930294,
        "vehicle_location": {
            "x": 31.22507667541504,
            "y": 180.68917846679688,
            "z": -0.0360993966460228
        },
        "vehicle_velocity": {
            "x": 0.0338478647172451,
            "y": -0.725942075252533,
            "z": 0.0002445602440275252
        },
        "vehicle_throttle": 0.75,
        "unique_collisions": 0,
        "solid_lane_crosses": 0,
        "double_solid_lane_crosses": 0
    },
    {
        "game_time": 24.57538925949484,
        "vehicle_location": {
            "x": 31.259199142456055,
            "y": 180.07708740234375,
            "z": -0.036182861775159836
        },
        "vehicle_velocity": {
            "x": 0.008220788091421127,
            "y": -0.14926554262638092,
            "z": 0.000411477085435763
        },
        "vehicle_throttle": 0.75,
        "unique_collisions": 0,
        "solid_lane_crosses": 0,
        "double_solid_lane_crosses": 0
    },
    {
        "game_time": 25.58407052885741,
        "vehicle_location": {
            "x": 31.270753860473633,
            "y": 179.87799072265625,
            "z": -0.037412986159324646
        },
        "vehicle_velocity": {
            "x": -0.0003964862262364477,
            "y": -0.0010487352265045047,
            "z": -0.0007632070337422192
        },
        "vehicle_throttle": 0.0,
        "unique_collisions": 0,
        "solid_lane_crosses": 0,
        "double_solid_lane_crosses": 0
    },
    {
        "game_time": 26.641527040861547,
        "vehicle_location": {
            "x": 31.279874801635742,
            "y": 179.69784545898438,
            "z": -0.03907901793718338
        },
        "vehicle_velocity": {
            "x": 0.03417880833148956,
            "y": -0.6490957736968994,
            "z": -0.0003541660262271762
        },
        "vehicle_throttle": 0.75,
        "unique_collisions": 0,
        "solid_lane_crosses": 0,
        "double_solid_lane_crosses": 0
    },
    {
        "game_time": 27.70855191256851,
        "vehicle_location": {
            "x": 31.362672805786133,
            "y": 177.86558532714844,
            "z": -0.03896232694387436
        },
        "vehicle_velocity": {
            "x": 0.09661971032619476,
            "y": -2.5532004833221436,
            "z": -0.0005865955026820302
        },
        "vehicle_throttle": 0.0,
        "unique_collisions": 0,
        "solid_lane_crosses": 0,
        "double_solid_lane_crosses": 0
    },
    {
        "game_time": 28.783980927430093,
        "vehicle_location": {
            "x": 31.433837890625,
            "y": 175.27642822265625,
            "z": -0.039290618151426315
        },
        "vehicle_velocity": {
            "x": -0.0382479764521122,
            "y": -3.2148690223693848,
            "z": 0.0007418489549309015
        },
        "vehicle_throttle": 0.75,
        "unique_collisions": 0,
        "solid_lane_crosses": 0,
        "double_solid_lane_crosses": 0
    },
    {
        "game_time": 29.89095983747393,
        "vehicle_location": {
            "x": 31.48716163635254,
            "y": 171.81544494628906,
            "z": -0.03920143097639084
        },
        "vehicle_velocity": {
            "x": -0.010804811492562294,
            "y": -3.550672769546509,
            "z": -0.0005788039998151362
        },
        "vehicle_throttle": 0.75,
        "unique_collisions": 0,
        "solid_lane_crosses": 0,
        "double_solid_lane_crosses": 0
    },
    {
        "game_time": 30.908875004388392,
        "vehicle_location": {
            "x": 31.509767532348633,
            "y": 168.89146423339844,
            "z": -0.038981590420007706
        },
        "vehicle_velocity": {
            "x": 0.03226190805435181,
            "y": -2.9741759300231934,
            "z": -0.0013199805980548263
        },
        "vehicle_throttle": 0.75,
        "unique_collisions": 0,
        "solid_lane_crosses": 0,
        "double_solid_lane_crosses": 0
    },
    {
        "game_time": 31.938652598299086,
        "vehicle_location": {
            "x": 31.526201248168945,
            "y": 166.03656005859375,
            "z": -0.03841037675738335
        },
        "vehicle_velocity": {
            "x": 0.011664100922644138,
            "y": -2.564340114593506,
            "z": -0.00027199267060495913
        },
        "vehicle_throttle": 0.75,
        "unique_collisions": 0,
        "solid_lane_crosses": 0,
        "double_solid_lane_crosses": 0
    },
    {
        "game_time": 33.02733837161213,
        "vehicle_location": {
            "x": 31.535785675048828,
            "y": 162.40643310546875,
            "z": -0.03493419662117958
        },
        "vehicle_velocity": {
            "x": 0.00633414788171649,
            "y": -2.7941606044769287,
            "z": 0.00043841361184604466
        },
        "vehicle_throttle": 0.75,
        "unique_collisions": 0,
        "solid_lane_crosses": 0,
        "double_solid_lane_crosses": 0
    },
    {
        "game_time": 34.11554984655231,
        "vehicle_location": {
            "x": 31.542238235473633,
            "y": 159.08792114257812,
            "z": -0.036050375550985336
        },
        "vehicle_velocity": {
            "x": 0.004493522457778454,
            "y": -2.8334033489227295,
            "z": -0.00013137816858943552
        },
        "vehicle_throttle": 0.75,
        "unique_collisions": 0,
        "solid_lane_crosses": 0,
        "double_solid_lane_crosses": 0
    },
    {
        "game_time": 35.20880595501512,
        "vehicle_location": {
            "x": 31.546566009521484,
            "y": 155.78700256347656,
            "z": -0.0362057089805603
        },
        "vehicle_velocity": {
            "x": 0.0028412388637661934,
            "y": -2.3636229038238525,
            "z": -7.098197966115549e-05
        },
        "vehicle_throttle": 0.75,
        "unique_collisions": 0,
        "solid_lane_crosses": 0,
        "double_solid_lane_crosses": 0
    },
    {
        "game_time": 36.21108263824135,
        "vehicle_location": {
            "x": 31.549266815185547,
            "y": 152.56539916992188,
            "z": -0.0391644649207592
        },
        "vehicle_velocity": {
            "x": 0.003243402112275362,
            "y": -4.066367149353027,
            "z": 0.00010296821710653603
        },
        "vehicle_throttle": 0.0,
        "unique_collisions": 0,
        "solid_lane_crosses": 0,
        "double_solid_lane_crosses": 0
    },
    {
        "game_time": 37.222554235719144,
        "vehicle_location": {
            "x": 31.550888061523438,
            "y": 150.3041229248047,
            "z": -0.03832206502556801
        },
        "vehicle_velocity": {
            "x": 0.0009762962581589818,
            "y": -1.5347341299057007,
            "z": 0.0007271242211572826
        },
        "vehicle_throttle": 0.0,
        "unique_collisions": 0,
        "solid_lane_crosses": 0,
        "double_solid_lane_crosses": 0
    },
    {
        "game_time": 38.24649061728269,
        "vehicle_location": {
            "x": 31.552169799804688,
            "y": 149.61013793945312,
            "z": -0.03710677847266197
        },
        "vehicle_velocity": {
            "x": 0.0004364509368315339,
            "y": -0.3620871901512146,
            "z": 0.0009279441437684
        },
        "vehicle_throttle": 0.75,
        "unique_collisions": 0,
        "solid_lane_crosses": 0,
        "double_solid_lane_crosses": 0
    },
    {
        "game_time": 39.272972823120654,
        "vehicle_location": {
            "x": 31.55206298828125,
            "y": 149.3143310546875,
            "z": -0.03712226822972298
        },
        "vehicle_velocity": {
            "x": -0.0005609523504972458,
            "y": -0.003428352065384388,
            "z": 0.0001759672159096226
        },
        "vehicle_throttle": 0.0,
        "unique_collisions": 0,
        "solid_lane_crosses": 0,
        "double_solid_lane_crosses": 0
    },
    {
        "game_time": 40.35398195590824,
        "vehicle_location": {
            "x": 31.55269432067871,
            "y": 149.20445251464844,
            "z": -0.03756057471036911
        },
        "vehicle_velocity": {
            "x": -1.35210866574198e-05,
            "y": -0.00023492309264838696,
            "z": -0.0002332687290618196
        },
        "vehicle_throttle": 0.0,
        "unique_collisions": 0,
        "solid_lane_crosses": 0,
        "double_solid_lane_crosses": 0
    },
    {
        "game_time": 41.41355238016695,
        "vehicle_location": {
            "x": 31.552623748779297,
            "y": 149.18785095214844,
            "z": -0.037691421806812286
        },
        "vehicle_velocity": {
            "x": 1.6660922483424656e-05,
            "y": -0.00037446070928126574,
            "z": -0.0011542224092409015
        },
        "vehicle_throttle": 0.0,
        "unique_collisions": 0,
        "solid_lane_crosses": 0,
        "double_solid_lane_crosses": 0
    },
    {
        "game_time": 42.42142614349723,
        "vehicle_location": {
            "x": 31.552886962890625,
            "y": 149.16905212402344,
            "z": -0.0376046746969223
        },
        "vehicle_velocity": {
            "x": -2.232652150269132e-06,
            "y": 5.547904220293276e-05,
            "z": 0.0006426286417990923
        },
        "vehicle_throttle": 0.0,
        "unique_collisions": 0,
        "solid_lane_crosses": 0,
        "double_solid_lane_crosses": 0
    },
    {
        "game_time": 43.48321490176022,
        "vehicle_location": {
            "x": 31.552886962890625,
            "y": 149.16897583007812,
            "z": -0.03770057484507561
        },
        "vehicle_velocity": {
            "x": 5.011275394650738e-09,
            "y": 1.2081319056278517e-08,
            "z": 2.6535986762610264e-05
        },
        "vehicle_throttle": 0.0,
        "unique_collisions": 0,
        "solid_lane_crosses": 0,
        "double_solid_lane_crosses": 0
    },
    {
        "game_time": 44.49553478229791,
        "vehicle_location": {
            "x": 31.552886962890625,
            "y": 149.16897583007812,
            "z": -0.0376710519194603
        },
        "vehicle_velocity": {
            "x": 4.7987331441845527e-08,
            "y": 2.253215747316517e-08,
            "z": 0.0006537485169246793
        },
        "vehicle_throttle": 0.0,
        "unique_collisions": 0,
        "solid_lane_crosses": 0,
        "double_solid_lane_crosses": 0
    },
    {
        "game_time": 45.52295091096312,
        "vehicle_location": {
            "x": 31.552886962890625,
            "y": 149.16897583007812,
            "z": -0.03769721835851669
        },
        "vehicle_velocity": {
            "x": 6.408194863638528e-09,
            "y": -6.370886040940604e-08,
            "z": -0.000143857003422454
        },
        "vehicle_throttle": 0.0,
        "unique_collisions": 0,
        "solid_lane_crosses": 0,
        "double_solid_lane_crosses": 0
    },
    {
        "game_time": 46.53717284929007,
        "vehicle_location": {
            "x": 31.552886962890625,
            "y": 149.16897583007812,
            "z": -0.03764873370528221
        },
        "vehicle_velocity": {
            "x": 1.8498434428693145e-07,
            "y": 3.562694317338355e-08,
            "z": -5.890369357075542e-05
        },
        "vehicle_throttle": 0.0,
        "unique_collisions": 0,
        "solid_lane_crosses": 0,
        "double_solid_lane_crosses": 0
    },
    {
        "game_time": 47.56240090262145,
        "vehicle_location": {
            "x": 31.552886962890625,
            "y": 149.16897583007812,
            "z": -0.037733305245637894
        },
        "vehicle_velocity": {
            "x": 5.355371968107647e-08,
            "y": 2.7512143674357503e-08,
            "z": 0.0009955787099897861
        },
        "vehicle_throttle": 0.0,
        "unique_collisions": 0,
        "solid_lane_crosses": 0,
        "double_solid_lane_crosses": 0
    },
    {
        "game_time": 48.572950690984726,
        "vehicle_location": {
            "x": 31.552886962890625,
            "y": 149.16897583007812,
            "z": -0.03778648376464844
        },
        "vehicle_velocity": {
            "x": 2.6437446010163512e-08,
            "y": 2.883837346701057e-08,
            "z": 0.00010414123244117945
        },
        "vehicle_throttle": 0.0,
        "unique_collisions": 0,
        "solid_lane_crosses": 0,
        "double_solid_lane_crosses": 0
    },
    {
        "game_time": 49.64043547399342,
        "vehicle_location": {
            "x": 31.552886962890625,
            "y": 149.16897583007812,
            "z": -0.03773750364780426
        },
        "vehicle_velocity": {
            "x": -8.972507004045838e-08,
            "y": -8.626139447187597e-08,
            "z": -0.001043834607116878
        },
        "vehicle_throttle": 0.0,
        "unique_collisions": 0,
        "solid_lane_crosses": 0,
        "double_solid_lane_crosses": 0
    },
    {
        "game_time": 50.67178191803396,
        "vehicle_location": {
            "x": 31.552886962890625,
            "y": 149.16897583007812,
            "z": -0.03772537037730217
        },
        "vehicle_velocity": {
            "x": 1.7362751236760232e-07,
            "y": 7.103331967073245e-08,
            "z": 0.0006515788845717907
        },
        "vehicle_throttle": 0.0,
        "unique_collisions": 0,
        "solid_lane_crosses": 0,
        "double_solid_lane_crosses": 0
    },
    {
        "game_time": 51.70812254026532,
        "vehicle_location": {
            "x": 31.552886962890625,
            "y": 149.16897583007812,
            "z": -0.037695806473493576
        },
        "vehicle_velocity": {
            "x": 2.9457063988047594e-07,
            "y": 9.460607941491617e-08,
            "z": -6.1626429669559e-05
        },
        "vehicle_throttle": 0.0,
        "unique_collisions": 0,
        "solid_lane_crosses": 0,
        "double_solid_lane_crosses": 0
    },
    {
        "game_time": 52.73749677091837,
        "vehicle_location": {
            "x": 31.552886962890625,
            "y": 149.16897583007812,
            "z": -0.03771068528294563
        },
        "vehicle_velocity": {
            "x": -9.354986474363614e-08,
            "y": -2.79609277953341e-08,
            "z": 0.0005443381960503757
        },
        "vehicle_throttle": 0.0,
        "unique_collisions": 0,
        "solid_lane_crosses": 0,
        "double_solid_lane_crosses": 0
    },
    {
        "game_time": 53.79295246861875,
        "vehicle_location": {
            "x": 31.552886962890625,
            "y": 149.16897583007812,
            "z": -0.037720564752817154
        },
        "vehicle_velocity": {
            "x": 6.476481129169542e-09,
            "y": 2.9996936490306325e-08,
            "z": 0.0008901643450371921
        },
        "vehicle_throttle": 0.0,
        "unique_collisions": 0,
        "solid_lane_crosses": 0,
        "double_solid_lane_crosses": 0
    },
    {
        "game_time": 54.797952968627214,
        "vehicle_location": {
            "x": 31.552886962890625,
            "y": 149.16897583007812,
            "z": -0.03775825351476669
        },
        "vehicle_velocity": {
            "x": -9.945577517100901e-08,
            "y": 9.010359569572302e-09,
            "z": 0.0002649116504471749
        },
        "vehicle_throttle": 0.0,
        "unique_collisions": 0,
        "solid_lane_crosses": 0,
        "double_solid_lane_crosses": 0
    },
    {
        "game_time": 55.89400537498295,
        "vehicle_location": {
            "x": 31.552886962890625,
            "y": 149.16897583007812,
            "z": -0.03774268925189972
        },
        "vehicle_velocity": {
            "x": 1.3876432092274626e-07,
            "y": 3.552257865635511e-08,
            "z": -0.00011974334483966231
        },
        "vehicle_throttle": 0.0,
        "unique_collisions": 0,
        "solid_lane_crosses": 0,
        "double_solid_lane_crosses": 0
    },
    {
        "game_time": 56.98485982324928,
        "vehicle_location": {
            "x": 31.552886962890625,
            "y": 149.16897583007812,
            "z": -0.03768730163574219
        },
        "vehicle_velocity": {
            "x": 6.894734383422474e-08,
            "y": 1.7087370407509184e-09,
            "z": 0.00011781215289374813
        },
        "vehicle_throttle": 0.0,
        "unique_collisions": 0,
        "solid_lane_crosses": 0,
        "double_solid_lane_crosses": 0
    },
    {
        "game_time": 58.023450777865946,
        "vehicle_location": {
            "x": 31.552886962890625,
            "y": 149.16897583007812,
            "z": -0.03769565373659134
        },
        "vehicle_velocity": {
            "x": 5.089065169272544e-08,
            "y": 2.3991134412426618e-08,
            "z": 0.00018879890558309853
        },
        "vehicle_throttle": 0.0,
        "unique_collisions": 0,
        "solid_lane_crosses": 0,
        "double_solid_lane_crosses": 0
    },
    {
        "game_time": 59.06868874747306,
        "vehicle_location": {
            "x": 31.552886962890625,
            "y": 149.16897583007812,
            "z": -0.03770194947719574
        },
        "vehicle_velocity": {
            "x": 5.844312767067095e-08,
            "y": -1.21933272367869e-08,
            "z": -0.0004414748982526362
        },
        "vehicle_throttle": 0.0,
        "unique_collisions": 0,
        "solid_lane_crosses": 0,
        "double_solid_lane_crosses": 0
    },
    {
        "game_time": 60.124528635293245,
        "vehicle_location": {
            "x": 31.552886962890625,
            "y": 149.16897583007812,
            "z": -0.03775165602564812
        },
        "vehicle_velocity": {
            "x": 1.0213758372401571e-07,
            "y": -8.027927655973599e-09,
            "z": -0.0007684230804443359
        },
        "vehicle_throttle": 0.0,
        "unique_collisions": 0,
        "solid_lane_crosses": 0,
        "double_solid_lane_crosses": 0
    },
    {
        "game_time": 61.15146190486848,
        "vehicle_location": {
            "x": 31.552886962890625,
            "y": 149.16897583007812,
            "z": -0.03772521764039993
        },
        "vehicle_velocity": {
            "x": -1.2583498687490646e-07,
            "y": -1.8922539979371322e-08,
            "z": -0.00023621557920705527
        },
        "vehicle_throttle": 0.0,
        "unique_collisions": 0,
        "solid_lane_crosses": 0,
        "double_solid_lane_crosses": 0
    },
    {
        "game_time": 62.180742773227394,
        "vehicle_location": {
            "x": 31.552886962890625,
            "y": 149.16897583007812,
            "z": -0.03770294040441513
        },
        "vehicle_velocity": {
            "x": -1.1459527371471268e-07,
            "y": -1.5520193130669213e-08,
            "z": 0.0009898709831759334
        },
        "vehicle_throttle": 0.0,
        "unique_collisions": 0,
        "solid_lane_crosses": 0,
        "double_solid_lane_crosses": 0
    },
    {
        "game_time": 63.232931206934154,
        "vehicle_location": {
            "x": 31.552886962890625,
            "y": 149.16897583007812,
            "z": -0.03768562152981758
        },
        "vehicle_velocity": {
            "x": 1.4232657008506067e-07,
            "y": -4.7766651078973155e-08,
            "z": 4.189014362054877e-05
        },
        "vehicle_throttle": 0.0,
        "unique_collisions": 0,
        "solid_lane_crosses": 0,
        "double_solid_lane_crosses": 0
    },
    {
        "game_time": 64.30014892760664,
        "vehicle_location": {
            "x": 31.552886962890625,
            "y": 149.16897583007812,
            "z": -0.037772178649902344
        },
        "vehicle_velocity": {
            "x": -7.759933140505382e-08,
            "y": 1.5478279991043564e-08,
            "z": -0.0007874583825469017
        },
        "vehicle_throttle": 0.0,
        "unique_collisions": 0,
        "solid_lane_crosses": 0,
        "double_solid_lane_crosses": 0
    },
    {
        "game_time": 65.39495870750397,
        "vehicle_location": {
            "x": 31.552886962890625,
            "y": 149.16897583007812,
            "z": -0.037689171731472015
        },
        "vehicle_velocity": {
            "x": 2.1104892056200697e-08,
            "y": 7.418570646677836e-09,
            "z": 0.00018266677216161042
        },
        "vehicle_throttle": 0.0,
        "unique_collisions": 0,
        "solid_lane_crosses": 0,
        "double_solid_lane_crosses": 0
    },
    {
        "game_time": 66.4524299185723,
        "vehicle_location": {
            "x": 31.552886962890625,
            "y": 149.16897583007812,
            "z": -0.0376988984644413
        },
        "vehicle_velocity": {
            "x": 6.476444269765125e-08,
            "y": -8.398950868127031e-09,
            "z": -0.00011751174315577373
        },
        "vehicle_throttle": 0.0,
        "unique_collisions": 0,
        "solid_lane_crosses": 0,
        "double_solid_lane_crosses": 0
    },
    {
        "game_time": 67.51411912869662,
        "vehicle_location": {
            "x": 31.552886962890625,
            "y": 149.16897583007812,
            "z": -0.03777435049414635
        },
        "vehicle_velocity": {
            "x": 3.5404145393158615e-08,
            "y": -3.697067185726155e-08,
            "z": -0.00045688627869822085
        },
        "vehicle_throttle": 0.0,
        "unique_collisions": 0,
        "solid_lane_crosses": 0,
        "double_solid_lane_crosses": 0
    },
    {
        "game_time": 68.6164865475148,
        "vehicle_location": {
            "x": 31.552886962890625,
            "y": 149.16897583007812,
            "z": -0.03770893067121506
        },
        "vehicle_velocity": {
            "x": 6.30604475304608e-08,
            "y": -2.7552292891641628e-08,
            "z": 0.000594396551605314
        },
        "vehicle_throttle": 0.0,
        "unique_collisions": 0,
        "solid_lane_crosses": 0,
        "double_solid_lane_crosses": 0
    },
    {
        "game_time": 69.63098851963878,
        "vehicle_location": {
            "x": 31.552886962890625,
            "y": 149.16897583007812,
            "z": -0.03770850971341133
        },
        "vehicle_velocity": {
            "x": 5.664098523538996e-08,
            "y": 1.8482138486319855e-08,
            "z": 0.0004924440290778875
        },
        "vehicle_throttle": 0.0,
        "unique_collisions": 0,
        "solid_lane_crosses": 0,
        "double_solid_lane_crosses": 0
    },
    {
        "game_time": 70.72465400770307,
        "vehicle_location": {
            "x": 31.552886962890625,
            "y": 149.16897583007812,
            "z": -0.03767158463597298
        },
        "vehicle_velocity": {
            "x": -1.3523262509806955e-07,
            "y": -2.4206295634598973e-08,
            "z": 0.0007611608598381281
        },
        "vehicle_throttle": 0.0,
        "unique_collisions": 0,
        "solid_lane_crosses": 0,
        "double_solid_lane_crosses": 0
    },
    {
        "game_time": 71.77540262974799,
        "vehicle_location": {
            "x": 31.552886962890625,
            "y": 149.16897583007812,
            "z": -0.037712059915065765
        },
        "vehicle_velocity": {
            "x": -1.061116421396946e-07,
            "y": 7.23819510994872e-08,
            "z": 0.0008711099508218467
        },
        "vehicle_throttle": 0.0,
        "unique_collisions": 0,
        "solid_lane_crosses": 0,
        "double_solid_lane_crosses": 0
    },
    {
        "game_time": 72.84165470674634,
        "vehicle_location": {
            "x": 31.552886962890625,
            "y": 149.16897583007812,
            "z": -0.037715453654527664
        },
        "vehicle_velocity": {
            "x": -3.566272965827011e-08,
            "y": -1.2723415210302846e-08,
            "z": 0.00034559250343590975
        },
        "vehicle_throttle": 0.0,
        "unique_collisions": 0,
        "solid_lane_crosses": 0,
        "double_solid_lane_crosses": 0
    },
    {
        "game_time": 73.92817487940192,
        "vehicle_location": {
            "x": 31.552886962890625,
            "y": 149.16897583007812,
            "z": -0.03768894076347351
        },
        "vehicle_velocity": {
            "x": 4.792061858438501e-08,
            "y": -5.474444009223589e-09,
            "z": -0.00018979549349751323
        },
        "vehicle_throttle": 0.0,
        "unique_collisions": 0,
        "solid_lane_crosses": 0,
        "double_solid_lane_crosses": 0
    },
    {
        "game_time": 74.9982203822583,
        "vehicle_location": {
            "x": 31.552886962890625,
            "y": 149.16897583007812,
            "z": -0.037716176360845566
        },
        "vehicle_velocity": {
            "x": -8.045329025208048e-08,
            "y": -5.274333858551472e-08,
            "z": -1.002788485493511e-05
        },
        "vehicle_throttle": 0.0,
        "unique_collisions": 0,
        "solid_lane_crosses": 0,
        "double_solid_lane_crosses": 0
    },
    {
        "game_time": 76.0925680398941,
        "vehicle_location": {
            "x": 31.552886962890625,
            "y": 149.16897583007812,
            "z": -0.03771369904279709
        },
        "vehicle_velocity": {
            "x": 1.2625724821191397e-07,
            "y": 2.791807141022673e-08,
            "z": -8.497714588884264e-05
        },
        "vehicle_throttle": 0.0,
        "unique_collisions": 0,
        "solid_lane_crosses": 0,
        "double_solid_lane_crosses": 0
    },
    {
        "game_time": 77.16654547676444,
        "vehicle_location": {
            "x": 31.552886962890625,
            "y": 149.16897583007812,
            "z": -0.037711143493652344
        },
        "vehicle_velocity": {
            "x": 2.0949457280039496e-07,
            "y": 4.190253477531769e-08,
            "z": -4.6381948777707294e-05
        },
        "vehicle_throttle": 0.0,
        "unique_collisions": 0,
        "solid_lane_crosses": 0,
        "double_solid_lane_crosses": 0
    },
    {
        "game_time": 78.18814358487725,
        "vehicle_location": {
            "x": 31.552886962890625,
            "y": 149.16897583007812,
            "z": -0.0376720055937767
        },
        "vehicle_velocity": {
            "x": 1.7544370223276928e-07,
            "y": 5.7835183753240926e-08,
            "z": 0.00042840957758016884
        },
        "vehicle_throttle": 0.0,
        "unique_collisions": 0,
        "solid_lane_crosses": 0,
        "double_solid_lane_crosses": 0
    },
    {
        "game_time": 79.19164502620697,
        "vehicle_location": {
            "x": 31.552886962890625,
            "y": 149.16897583007812,
            "z": -0.03772159665822983
        },
        "vehicle_velocity": {
            "x": 1.9789283101090405e-07,
            "y": 7.17283867857077e-08,
            "z": 0.0008716105949133635
        },
        "vehicle_throttle": 0.0,
        "unique_collisions": 0,
        "solid_lane_crosses": 0,
        "double_solid_lane_crosses": 0
    },
    {
        "game_time": 80.19757637567818,
        "vehicle_location": {
            "x": 31.552886962890625,
            "y": 149.16897583007812,
            "z": -0.037696342915296555
        },
        "vehicle_velocity": {
            "x": 1.6245037670614693e-07,
            "y": 5.861257434958134e-08,
            "z": 0.00027798174414783716
        },
        "vehicle_throttle": 0.0,
        "unique_collisions": 0,
        "solid_lane_crosses": 0,
        "double_solid_lane_crosses": 0
    },
    {
        "game_time": 81.21230216138065,
        "vehicle_location": {
            "x": 31.552886962890625,
            "y": 149.16897583007812,
            "z": -0.03770740330219269
        },
        "vehicle_velocity": {
            "x": -9.29804002680612e-08,
            "y": -3.6807524139703673e-08,
            "z": 0.00046028612996451557
        },
        "vehicle_throttle": 0.0,
        "unique_collisions": 0,
        "solid_lane_crosses": 0,
        "double_solid_lane_crosses": 0
    },
    {
        "game_time": 82.30907776392996,
        "vehicle_location": {
            "x": 31.552886962890625,
            "y": 149.16897583007812,
            "z": -0.03775939717888832
        },
        "vehicle_velocity": {
            "x": -1.1841661518019464e-07,
            "y": 2.4700824496903806e-08,
            "z": -0.0013797759311273694
        },
        "vehicle_throttle": 0.0,
        "unique_collisions": 0,
        "solid_lane_crosses": 0,
        "double_solid_lane_crosses": 0
    },
    {
        "game_time": 83.35350640118122,
        "vehicle_location": {
            "x": 31.552886962890625,
            "y": 149.16897583007812,
            "z": -0.037722814828157425
        },
        "vehicle_velocity": {
            "x": -6.094669213752013e-09,
            "y": -3.20761479599696e-08,
            "z": -0.0005887699080631137
        },
        "vehicle_throttle": 0.0,
        "unique_collisions": 0,
        "solid_lane_crosses": 0,
        "double_solid_lane_crosses": 0
    },
    {
        "game_time": 84.39036133699119,
        "vehicle_location": {
            "x": 31.552865982055664,
            "y": 149.1382293701172,
            "z": -0.03835155442357063
        },
        "vehicle_velocity": {
            "x": 0.00012495693226810545,
            "y": -0.2615277171134949,
            "z": -0.00014202117745298892
        },
        "vehicle_throttle": 0.75,
        "unique_collisions": 0,
        "solid_lane_crosses": 0,
        "double_solid_lane_crosses": 0
    },
    {
        "game_time": 85.47491342201829,
        "vehicle_location": {
            "x": 31.553266525268555,
            "y": 148.01504516601562,
            "z": -0.039294928312301636
        },
        "vehicle_velocity": {
            "x": 0.0007366950740106404,
            "y": -1.979235053062439,
            "z": 0.0007117795757949352
        },
        "vehicle_throttle": 0.75,
        "unique_collisions": 0,
        "solid_lane_crosses": 0,
        "double_solid_lane_crosses": 0
    },
    {
        "game_time": 86.52293197251856,
        "vehicle_location": {
            "x": 31.554105758666992,
            "y": 145.48802185058594,
            "z": -0.03863617032766342
        },
        "vehicle_velocity": {
            "x": 0.000976578681729734,
            "y": -2.806685447692871,
            "z": 0.0002894401550292969
        },
        "vehicle_throttle": 0.0,
        "unique_collisions": 0,
        "solid_lane_crosses": 0,
        "double_solid_lane_crosses": 0
    },
    {
        "game_time": 87.58075801096857,
        "vehicle_location": {
            "x": 31.555126190185547,
            "y": 142.74008178710938,
            "z": -0.03913932666182518
        },
        "vehicle_velocity": {
            "x": 0.0012679612264037132,
            "y": -3.277930736541748,
            "z": -3.497123543638736e-05
        },
        "vehicle_throttle": 0.0,
        "unique_collisions": 0,
        "solid_lane_crosses": 0,
        "double_solid_lane_crosses": 0
    },
    {
        "game_time": 88.60445839352906,
        "vehicle_location": {
            "x": 31.556285858154297,
            "y": 139.7138671875,
            "z": -0.0363803468644619
        },
        "vehicle_velocity": {
            "x": 0.0010347480420023203,
            "y": -2.721132516860962,
            "z": 0.0005743980291299522
        },
        "vehicle_throttle": 0.75,
        "unique_collisions": 0,
        "solid_lane_crosses": 0,
        "double_solid_lane_crosses": 0
    },
    {
        "game_time": 89.62402066215873,
        "vehicle_location": {
            "x": 31.557594299316406,
            "y": 136.3509521484375,
            "z": -0.03937438875436783
        },
        "vehicle_velocity": {
            "x": 0.0017013634787872434,
            "y": -4.219912528991699,
            "z": 0.0009742497932165861
        },
        "vehicle_throttle": 0.75,
        "unique_collisions": 0,
        "solid_lane_crosses": 0,
        "double_solid_lane_crosses": 0
    },
    {
        "game_time": 90.68853793852031,
        "vehicle_location": {
            "x": 32.33030319213867,
            "y": 130.96835327148438,
            "z": -0.03674323856830597
        },
        "vehicle_velocity": {
            "x": 1.2008475065231323,
            "y": -5.269067764282227,
            "z": -6.752491026418284e-05
        },
        "vehicle_throttle": 0.0,
        "unique_collisions": 0,
        "solid_lane_crosses": 0,
        "double_solid_lane_crosses": 0
    },
    {
        "game_time": 91.74795502237976,
        "vehicle_location": {
            "x": 32.89901351928711,
            "y": 128.20303344726562,
            "z": -0.0336163304746151
        },
        "vehicle_velocity": {
            "x": -0.0009686477133072913,
            "y": 0.005309533327817917,
            "z": 0.0004367637448012829
        },
        "vehicle_throttle": 0.0,
        "unique_collisions": 0,
        "solid_lane_crosses": 0,
        "double_solid_lane_crosses": 0
    },
    {
        "game_time": 92.76978536881506,
        "vehicle_location": {
            "x": 32.89950180053711,
            "y": 128.20030212402344,
            "z": -0.037734031677246094
        },
        "vehicle_velocity": {
            "x": -2.783590673516301e-07,
            "y": 3.825414296443341e-06,
            "z": 0.0009477233397774398
        },
        "vehicle_throttle": 0.0,
        "unique_collisions": 0,
        "solid_lane_crosses": 0,
        "double_solid_lane_crosses": 0
    },
    {
        "game_time": 93.80759704858065,
        "vehicle_location": {
            "x": 32.89950180053711,
            "y": 128.20030212402344,
            "z": -0.0376855842769146
        },
        "vehicle_velocity": {
            "x": -4.9748621222533984e-08,
            "y": 3.623870625801828e-08,
            "z": -9.26637658267282e-05
        },
        "vehicle_throttle": 0.0,
        "unique_collisions": 0,
        "solid_lane_crosses": 0,
        "double_solid_lane_crosses": 0
    },
    {
        "game_time": 94.86993707716465,
        "vehicle_location": {
            "x": 32.89950180053711,
            "y": 128.20030212402344,
            "z": -0.03771781921386719
        },
        "vehicle_velocity": {
            "x": 1.928113491089789e-08,
            "y": -6.471613289704692e-08,
            "z": 0.00032608985202386975
        },
        "vehicle_throttle": 0.0,
        "unique_collisions": 0,
        "solid_lane_crosses": 0,
        "double_solid_lane_crosses": 0
    },
    {
        "game_time": 95.9195547606796,
        "vehicle_location": {
            "x": 32.89950180053711,
            "y": 128.20030212402344,
            "z": -0.03769008442759514
        },
        "vehicle_velocity": {
            "x": -2.5941931269812812e-08,
            "y": 9.282200608140556e-08,
            "z": -5.076408342574723e-05
        },
        "vehicle_throttle": 0.0,
        "unique_collisions": 0,
        "solid_lane_crosses": 0,
        "double_solid_lane_crosses": 0
    },
    {
        "game_time": 96.9660873701796,
        "vehicle_location": {
            "x": 32.89950180053711,
            "y": 128.20030212402344,
            "z": -0.03765418753027916
        },
        "vehicle_velocity": {
            "x": 5.5941363541478495e-08,
            "y": 2.3755005074121982e-08,
            "z": 0.0005237579462118447
        },
        "vehicle_throttle": 0.0,
        "unique_collisions": 0,
        "solid_lane_crosses": 0,
        "double_solid_lane_crosses": 0
    },
    {
        "game_time": 98.0212034555152,
        "vehicle_location": {
            "x": 32.89950180053711,
            "y": 128.20030212402344,
            "z": -0.037678223103284836
        },
        "vehicle_velocity": {
            "x": 1.3604400805888872e-07,
            "y": 9.471808226635403e-09,
            "z": 0.0006380796548910439
        },
        "vehicle_throttle": 0.0,
        "unique_collisions": 0,
        "solid_lane_crosses": 0,
        "double_solid_lane_crosses": 0
    },
    {
        "game_time": 99.06086365599185,
        "vehicle_location": {
            "x": 32.89950180053711,
            "y": 128.20030212402344,
            "z": -0.03776988759636879
        },
        "vehicle_velocity": {
            "x": 1.1361032647982938e-07,
            "y": 3.126624292804081e-08,
            "z": 2.9678343707928434e-05
        },
        "vehicle_throttle": 0.0,
        "unique_collisions": 0,
        "solid_lane_crosses": 0,
        "double_solid_lane_crosses": 0
    },
    {
        "game_time": 100.0958192339167,
        "vehicle_location": {
            "x": 32.89950180053711,
            "y": 128.20030212402344,
            "z": -0.037691306322813034
        },
        "vehicle_velocity": {
            "x": -5.238216527203576e-09,
            "y": -7.907008381380365e-08,
            "z": 0.0005067682359367609
        },
        "vehicle_throttle": 0.0,
        "unique_collisions": 0,
        "solid_lane_crosses": 0,
        "double_solid_lane_crosses": 0
    },
    {
        "game_time": 101.14993564877659,
        "vehicle_location": {
            "x": 32.89950180053711,
            "y": 128.20030212402344,
            "z": -0.037698857486248016
        },
        "vehicle_velocity": {
            "x": 3.62683998389457e-08,
            "y": 2.939253107570039e-08,
            "z": 0.0006753396592102945
        },
        "vehicle_throttle": 0.0,
        "unique_collisions": 0,
        "solid_lane_crosses": 0,
        "double_solid_lane_crosses": 0
    },
    {
        "game_time": 102.19166656490415,
        "vehicle_location": {
            "x": 32.89950180053711,
            "y": 128.20030212402344,
            "z": -0.03767814487218857
        },
        "vehicle_velocity": {
            "x": 7.960948522622857e-08,
            "y": 1.4240949752775123e-08,
            "z": 0.0010068559786304832
        },
        "vehicle_throttle": 0.0,
        "unique_collisions": 0,
        "solid_lane_crosses": 0,
        "double_solid_lane_crosses": 0
    },
    {
        "game_time": 103.26365377288312,
        "vehicle_location": {
            "x": 32.89950180053711,
            "y": 128.20030212402344,
            "z": -0.037739064544439316
        },
        "vehicle_velocity": {
            "x": -4.7456513385668586e-08,
            "y": 1.9779040627554423e-08,
            "z": -0.0008371734293177724
        },
        "vehicle_throttle": 0.0,
        "unique_collisions": 0,
        "solid_lane_crosses": 0,
        "double_solid_lane_crosses": 0
    },
    {
        "game_time": 104.32134272810072,
        "vehicle_location": {
            "x": 32.89950180053711,
            "y": 128.20030212402344,
            "z": -0.037766873836517334
        },
        "vehicle_velocity": {
            "x": 4.940716280543711e-08,
            "y": -7.944749569332998e-08,
            "z": -0.0011528873583301902
        },
        "vehicle_throttle": 0.0,
        "unique_collisions": 0,
        "solid_lane_crosses": 0,
        "double_solid_lane_crosses": 0
    },
    {
        "game_time": 105.32268344331533,
        "vehicle_location": {
            "x": 32.89950180053711,
            "y": 128.20030212402344,
            "z": -0.03774360567331314
        },
        "vehicle_velocity": {
            "x": -1.2264708360021359e-08,
            "y": -1.6176977979398544e-08,
            "z": 0.00037470817915163934
        },
        "vehicle_throttle": 0.0,
        "unique_collisions": 0,
        "solid_lane_crosses": 0,
        "double_solid_lane_crosses": 0
    },
    {
        "game_time": 106.32715697679669,
        "vehicle_location": {
            "x": 32.89950180053711,
            "y": 128.20030212402344,
            "z": -0.03770847246050835
        },
        "vehicle_velocity": {
            "x": 1.0641229408747677e-07,
            "y": -5.454511153857311e-08,
            "z": -0.0006624317029491067
        },
        "vehicle_throttle": 0.0,
        "unique_collisions": 0,
        "solid_lane_crosses": 0,
        "double_solid_lane_crosses": 0
    },
    {
        "game_time": 107.3653559377417,
        "vehicle_location": {
            "x": 32.89950180053711,
            "y": 128.20030212402344,
            "z": -0.037641409784555435
        },
        "vehicle_velocity": {
            "x": -2.3736947696306743e-07,
            "y": 3.6202560949050167e-09,
            "z": 0.00027552605024538934
        },
        "vehicle_throttle": 0.0,
        "unique_collisions": 0,
        "solid_lane_crosses": 0,
        "double_solid_lane_crosses": 0
    },
    {
        "game_time": 108.40758347976953,
        "vehicle_location": {
            "x": 32.89950180053711,
            "y": 128.20030212402344,
            "z": -0.03773929551243782
        },
        "vehicle_velocity": {
            "x": 8.676947516050859e-08,
            "y": 6.37092822941554e-09,
            "z": 0.0008170318324118853
        },
        "vehicle_throttle": 0.0,
        "unique_collisions": 0,
        "solid_lane_crosses": 0,
        "double_solid_lane_crosses": 0
    },
    {
        "game_time": 109.46507829334587,
        "vehicle_location": {
            "x": 32.89950180053711,
            "y": 128.20030212402344,
            "z": -0.037737198173999786
        },
        "vehicle_velocity": {
            "x": 1.14273589701952e-07,
            "y": -3.6305010553405737e-08,
            "z": -0.00052020070143044
        },
        "vehicle_throttle": 0.0,
        "unique_collisions": 0,
        "solid_lane_crosses": 0,
        "double_solid_lane_crosses": 0
    },
    {
        "game_time": 110.48135351762176,
        "vehicle_location": {
            "x": 32.89950180053711,
            "y": 128.20030212402344,
            "z": -0.03770637512207031
        },
        "vehicle_velocity": {
            "x": 1.4972007988944824e-07,
            "y": 2.785815489403376e-08,
            "z": -0.000198163979803212
        },
        "vehicle_throttle": 0.0,
        "unique_collisions": 0,
        "solid_lane_crosses": 0,
        "double_solid_lane_crosses": 0
    },
    {
        "game_time": 111.52383467648178,
        "vehicle_location": {
            "x": 32.89950180053711,
            "y": 128.20030212402344,
            "z": -0.03772975876927376
        },
        "vehicle_velocity": {
            "x": -5.716710660408353e-08,
            "y": -1.0137354955475075e-08,
            "z": -0.0012745761778205633
        },
        "vehicle_throttle": 0.0,
        "unique_collisions": 0,
        "solid_lane_crosses": 0,
        "double_solid_lane_crosses": 0
    },
    {
        "game_time": 112.5604658704251,
        "vehicle_location": {
            "x": 32.89950180053711,
            "y": 128.20030212402344,
            "z": -0.037720490247011185
        },
        "vehicle_velocity": {
            "x": -1.3912008967054135e-07,
            "y": -4.7048875018163017e-08,
            "z": -0.000822687114123255
        },
        "vehicle_throttle": 0.0,
        "unique_collisions": 0,
        "solid_lane_crosses": 0,
        "double_solid_lane_crosses": 0
    },
    {
        "game_time": 113.58342554047704,
        "vehicle_location": {
            "x": 32.89950180053711,
            "y": 128.20030212402344,
            "z": -0.03774379566311836
        },
        "vehicle_velocity": {
            "x": -1.3834274170676508e-07,
            "y": -7.007056268548695e-08,
            "z": -0.001258153934031725
        },
        "vehicle_throttle": 0.0,
        "unique_collisions": 0,
        "solid_lane_crosses": 0,
        "double_solid_lane_crosses": 0
    },
    {
        "game_time": 114.5989800170064,
        "vehicle_location": {
            "x": 32.89950180053711,
            "y": 128.20030212402344,
            "z": -0.037733305245637894
        },
        "vehicle_velocity": {
            "x": 8.867530709721905e-08,
            "y": 6.397292651172393e-08,
            "z": 0.0011213874677196145
        },
        "vehicle_throttle": 0.0,
        "unique_collisions": 0,
        "solid_lane_crosses": 0,
        "double_solid_lane_crosses": 0
    },
    {
        "game_time": 115.61018030159175,
        "vehicle_location": {
            "x": 32.89950180053711,
            "y": 128.20030212402344,
            "z": -0.037768591195344925
        },
        "vehicle_velocity": {
            "x": 2.417866653559031e-07,
            "y": 8.716481403325815e-08,
            "z": 0.0005283927894197404
        },
        "vehicle_throttle": 0.0,
        "unique_collisions": 0,
        "solid_lane_crosses": 0,
        "double_solid_lane_crosses": 0
    },
    {
        "game_time": 116.63726353831589,
        "vehicle_location": {
            "x": 32.89950180053711,
            "y": 128.20030212402344,
            "z": -0.03767871856689453
        },
        "vehicle_velocity": {
            "x": -1.4377968682310893e-07,
            "y": -4.395325348127699e-08,
            "z": -0.0009988307720050216
        },
        "vehicle_throttle": 0.0,
        "unique_collisions": 0,
        "solid_lane_crosses": 0,
        "double_solid_lane_crosses": 0
    },
    {
        "game_time": 117.64557841140777,
        "vehicle_location": {
            "x": 32.89950180053711,
            "y": 128.20030212402344,
            "z": -0.03771701827645302
        },
        "vehicle_velocity": {
            "x": -3.9301202292563175e-08,
            "y": 3.2385031545345555e-08,
            "z": -0.0010209274478256702
        },
        "vehicle_throttle": 0.0,
        "unique_collisions": 0,
        "solid_lane_crosses": 0,
        "double_solid_lane_crosses": 0
    },
    {
        "game_time": 118.67145199794322,
        "vehicle_location": {
            "x": 32.89950180053711,
            "y": 128.20030212402344,
            "z": -0.03772269934415817
        },
        "vehicle_velocity": {
            "x": 7.242746136171263e-08,
            "y": 2.1845853126478687e-08,
            "z": 0.0015162753406912088
        },
        "vehicle_throttle": 0.0,
        "unique_collisions": 0,
        "solid_lane_crosses": 0,
        "double_solid_lane_crosses": 0
    },
    {
        "game_time": 119.71398860029876,
        "vehicle_location": {
            "x": 32.89950180053711,
            "y": 128.20030212402344,
            "z": -0.03769630193710327
        },
        "vehicle_velocity": {
            "x": 3.329986597577772e-08,
            "y": 8.298917997251465e-09,
            "z": 0.0003753232886083424
        },
        "vehicle_throttle": 0.0,
        "unique_collisions": 0,
        "solid_lane_crosses": 0,
        "double_solid_lane_crosses": 0
    },
    {
        "game_time": 120.79813352320343,
        "vehicle_location": {
            "x": 32.89950180053711,
            "y": 128.20030212402344,
            "z": -0.03776370733976364
        },
        "vehicle_velocity": {
            "x": 2.0581043713718827e-07,
            "y": 3.0962337138618068e-09,
            "z": 0.0001814079296309501
        },
        "vehicle_throttle": 0.0,
        "unique_collisions": 0,
        "solid_lane_crosses": 0,
        "double_solid_lane_crosses": 0
    },
    {
        "game_time": 121.87102648802102,
        "vehicle_location": {
            "x": 32.89950180053711,
            "y": 128.20030212402344,
            "z": -0.03776947036385536
        },
        "vehicle_velocity": {
            "x": 1.909326563520608e-08,
            "y": 1.1438601177360397e-08,
            "z": 5.112648068461567e-05
        },
        "vehicle_throttle": 0.0,
        "unique_collisions": 0,
        "solid_lane_crosses": 0,
        "double_solid_lane_crosses": 0
    },
    {
        "game_time": 122.94185288716108,
        "vehicle_location": {
            "x": 32.89950180053711,
            "y": 128.20030212402344,
            "z": -0.0376904271543026
        },
        "vehicle_velocity": {
            "x": 1.5323988122872834e-07,
            "y": -5.137767100649171e-09,
            "z": 0.0001205635053338483
        },
        "vehicle_throttle": 0.0,
        "unique_collisions": 0,
        "solid_lane_crosses": 0,
        "double_solid_lane_crosses": 0
    },
    {
        "game_time": 124.01195237506181,
        "vehicle_location": {
            "x": 32.89950180053711,
            "y": 128.20030212402344,
            "z": -0.03773444890975952
        },
        "vehicle_velocity": {
            "x": 1.5174570933140785e-07,
            "y": -2.6203814673664283e-09,
            "z": 9.128570673055947e-05
        },
        "vehicle_throttle": 0.0,
        "unique_collisions": 0,
        "solid_lane_crosses": 0,
        "double_solid_lane_crosses": 0
    },
    {
        "game_time": 125.05813678819686,
        "vehicle_location": {
            "x": 32.89950180053711,
            "y": 128.20030212402344,
            "z": -0.03772087022662163
        },
        "vehicle_velocity": {
            "x": -2.514626906702233e-08,
            "y": -7.616959862843942e-08,
            "z": -0.00023796080495230854
        },
        "vehicle_throttle": 0.0,
        "unique_collisions": 0,
        "solid_lane_crosses": 0,
        "double_solid_lane_crosses": 0
    },
    {
        "game_time": 126.12491581309587,
        "vehicle_location": {
            "x": 32.89950180053711,
            "y": 128.20030212402344,
            "z": -0.03773742541670799
        },
        "vehicle_velocity": {
            "x": -7.684437264288135e-08,
            "y": -2.378495977950479e-08,
            "z": -0.0010474968003109097
        },
        "vehicle_throttle": 0.0,
        "unique_collisions": 0,
        "solid_lane_crosses": 0,
        "double_solid_lane_crosses": 0
    },
    {
        "game_time": 127.19458582997322,
        "vehicle_location": {
            "x": 32.89950180053711,
            "y": 128.20030212402344,
            "z": -0.03777027130126953
        },
        "vehicle_velocity": {
            "x": -2.0414466916918173e-07,
            "y": -5.436193006858048e-08,
            "z": -0.00043421745067462325
        },
        "vehicle_throttle": 0.0,
        "unique_collisions": 0,
        "solid_lane_crosses": 0,
        "double_solid_lane_crosses": 0
    },
    {
        "game_time": 128.20771876722574,
        "vehicle_location": {
            "x": 32.89950180053711,
            "y": 128.20030212402344,
            "z": -0.037793271243572235
        },
        "vehicle_velocity": {
            "x": 4.49549597547616e-09,
            "y": -6.180469025451885e-09,
            "z": -0.0008431148598901927
        },
        "vehicle_throttle": 0.0,
        "unique_collisions": 0,
        "solid_lane_crosses": 0,
        "double_solid_lane_crosses": 0
    },
    {
        "game_time": 129.26557665597647,
        "vehicle_location": {
            "x": 32.89950180053711,
            "y": 128.20030212402344,
            "z": -0.0376836396753788
        },
        "vehicle_velocity": {
            "x": -1.0339319089780474e-07,
            "y": -1.998551724113895e-08,
            "z": -0.000988225918263197
        },
        "vehicle_throttle": 0.0,
        "unique_collisions": 0,
        "solid_lane_crosses": 0,
        "double_solid_lane_crosses": 0
    },
    {
        "game_time": 130.29429456219077,
        "vehicle_location": {
            "x": 32.89950180053711,
            "y": 128.20030212402344,
            "z": -0.0377371571958065
        },
        "vehicle_velocity": {
            "x": -1.0183678966768639e-07,
            "y": 6.983847100627827e-08,
            "z": -0.00044424054794944823
        },
        "vehicle_throttle": 0.0,
        "unique_collisions": 0,
        "solid_lane_crosses": 0,
        "double_solid_lane_crosses": 0
    },
    {
        "game_time": 131.3623075298965,
        "vehicle_location": {
            "x": 32.89950180053711,
            "y": 128.20030212402344,
            "z": -0.03774780035018921
        },
        "vehicle_velocity": {
            "x": -5.53014061210888e-08,
            "y": 4.309867307483728e-08,
            "z": 0.0001394271821482107
        },
        "vehicle_throttle": 0.0,
        "unique_collisions": 0,
        "solid_lane_crosses": 0,
        "double_solid_lane_crosses": 0
    },
    {
        "game_time": 132.42143175471574,
        "vehicle_location": {
            "x": 32.89950180053711,
            "y": 128.20030212402344,
            "z": -0.037709157913923264
        },
        "vehicle_velocity": {
            "x": 6.867890078865457e-08,
            "y": -1.154674151848667e-07,
            "z": -0.00020013809262309223
        },
        "vehicle_throttle": 0.0,
        "unique_collisions": 0,
        "solid_lane_crosses": 0,
        "double_solid_lane_crosses": 0
    },
    {
        "game_time": 133.4320127023384,
        "vehicle_location": {
            "x": 32.89950180053711,
            "y": 128.20030212402344,
            "z": -0.0377279669046402
        },
        "vehicle_velocity": {
            "x": -5.486093002105008e-08,
            "y": 9.002414813608084e-09,
            "z": -0.0007989978767000139
        },
        "vehicle_throttle": 0.0,
        "unique_collisions": 0,
        "solid_lane_crosses": 0,
        "double_solid_lane_crosses": 0
    },
    {
        "game_time": 134.51089086849242,
        "vehicle_location": {
            "x": 32.89950180053711,
            "y": 128.20030212402344,
            "z": -0.037672385573387146
        },
        "vehicle_velocity": {
            "x": -3.380281299314447e-08,
            "y": -5.293286253760243e-09,
            "z": 0.0006271409802138805
        },
        "vehicle_throttle": 0.0,
        "unique_collisions": 0,
        "solid_lane_crosses": 0,
        "double_solid_lane_crosses": 0
    },
    {
        "game_time": 135.57651694864035,
        "vehicle_location": {
            "x": 32.89950180053711,
            "y": 128.20030212402344,
            "z": -0.037777405232191086
        },
        "vehicle_velocity": {
            "x": -9.559791180890898e-08,
            "y": -4.714679313622128e-09,
            "z": -0.0007097816560417414
        },
        "vehicle_throttle": 0.0,
        "unique_collisions": 0,
        "solid_lane_crosses": 0,
        "double_solid_lane_crosses": 0
    },
    {
        "game_time": 136.59241139516234,
        "vehicle_location": {
            "x": 32.89950180053711,
            "y": 128.20030212402344,
            "z": -0.03775642439723015
        },
        "vehicle_velocity": {
            "x": 1.7797511020489765e-08,
            "y": 6.393893414724516e-08,
            "z": 0.0019299029372632504
        },
        "vehicle_throttle": 0.0,
        "unique_collisions": 0,
        "solid_lane_crosses": 0,
        "double_solid_lane_crosses": 0
    },
    {
        "game_time": 137.63310589455068,
        "vehicle_location": {
            "x": 32.89950180053711,
            "y": 128.20030212402344,
            "z": -0.03775821626186371
        },
        "vehicle_velocity": {
            "x": -7.487056308264073e-08,
            "y": 1.4471834219875745e-07,
            "z": 0.0007253074436448514
        },
        "vehicle_throttle": 0.0,
        "unique_collisions": 0,
        "solid_lane_crosses": 0,
        "double_solid_lane_crosses": 0
    },
    {
        "game_time": 138.71033998578787,
        "vehicle_location": {
            "x": 32.89950180053711,
            "y": 128.20030212402344,
            "z": -0.03772643953561783
        },
        "vehicle_velocity": {
            "x": -8.996419609275108e-08,
            "y": 7.442577043548226e-08,
            "z": 0.0012473154347389936
        },
        "vehicle_throttle": 0.0,
        "unique_collisions": 0,
        "solid_lane_crosses": 0,
        "double_solid_lane_crosses": 0
    },
    {
        "game_time": 139.73280863836408,
        "vehicle_location": {
            "x": 32.89950180053711,
            "y": 128.20030212402344,
            "z": -0.03772445768117905
        },
        "vehicle_velocity": {
            "x": -6.571921318254681e-08,
            "y": 2.2172280012000556e-08,
            "z": 0.00030218600295484066
        },
        "vehicle_throttle": 0.0,
        "unique_collisions": 0,
        "solid_lane_crosses": 0,
        "double_solid_lane_crosses": 0
    },
    {
        "game_time": 140.76513321418315,
        "vehicle_location": {
            "x": 32.89950180053711,
            "y": 128.20030212402344,
            "z": -0.037696875631809235
        },
        "vehicle_velocity": {
            "x": 1.0226613511576943e-07,
            "y": -5.245604128845116e-08,
            "z": -0.0009581565391272306
        },
        "vehicle_throttle": 0.0,
        "unique_collisions": 0,
        "solid_lane_crosses": 0,
        "double_solid_lane_crosses": 0
    },
    {
        "game_time": 141.7670005839318,
        "vehicle_location": {
            "x": 32.89950180053711,
            "y": 128.20030212402344,
            "z": -0.03776893392205238
        },
        "vehicle_velocity": {
            "x": 9.2220538761012e-08,
            "y": -1.821203099439117e-08,
            "z": -0.0011325645027682185
        },
        "vehicle_throttle": 0.0,
        "unique_collisions": 0,
        "solid_lane_crosses": 0,
        "double_solid_lane_crosses": 0
    },
    {
        "game_time": 142.80259539745748,
        "vehicle_location": {
            "x": 33.069515228271484,
            "y": 127.45475006103516,
            "z": -0.039399221539497375
        },
        "vehicle_velocity": {
            "x": 0.3907533884048462,
            "y": -1.719043254852295,
            "z": -0.0008446692954748869
        },
        "vehicle_throttle": 0.75,
        "unique_collisions": 0,
        "solid_lane_crosses": 0,
        "double_solid_lane_crosses": 0
    },
    {
        "game_time": 143.81742020789534,
        "vehicle_location": {
            "x": 33.68118667602539,
            "y": 124.7777099609375,
            "z": -0.0393802635371685
        },
        "vehicle_velocity": {
            "x": 0.819011926651001,
            "y": -3.5872743129730225,
            "z": 0.0003903961041942239
        },
        "vehicle_throttle": 0.75,
        "unique_collisions": 0,
        "solid_lane_crosses": 0,
        "double_solid_lane_crosses": 0
    },
    {
        "game_time": 144.88695043791085,
        "vehicle_location": {
            "x": 34.500640869140625,
            "y": 119.83992767333984,
            "z": -0.039784278720617294
        },
        "vehicle_velocity": {
            "x": 0.47062575817108154,
            "y": -5.769462585449219,
            "z": -0.00040984153747558594
        },
        "vehicle_throttle": 0.0,
        "unique_collisions": 0,
        "solid_lane_crosses": 0,
        "double_solid_lane_crosses": 0
    },
    {
        "game_time": 145.95076017081738,
        "vehicle_location": {
            "x": 34.84628677368164,
            "y": 114.72311401367188,
            "z": -0.037872619926929474
        },
        "vehicle_velocity": {
            "x": 0.18981608748435974,
            "y": -4.311572551727295,
            "z": -0.0006270313169807196
        },
        "vehicle_throttle": 0.75,
        "unique_collisions": 0,
        "solid_lane_crosses": 0,
        "double_solid_lane_crosses": 0
    },
    {
        "game_time": 146.9982098499313,
        "vehicle_location": {
            "x": 34.96841049194336,
            "y": 109.3639907836914,
            "z": -0.03694088011980057
        },
        "vehicle_velocity": {
            "x": 0.09084834903478622,
            "y": -5.35940408706665,
            "z": -1.1730194273695815e-06
        },
        "vehicle_throttle": 0.032644547522068024,
        "unique_collisions": 0,
        "solid_lane_crosses": 0,
        "double_solid_lane_crosses": 0
    },
    {
        "game_time": 148.07742690760642,
        "vehicle_location": {
            "x": 35.02762985229492,
            "y": 104.35299682617188,
            "z": -0.038883551955223083
        },
        "vehicle_velocity": {
            "x": 0.03563668951392174,
            "y": -4.805507183074951,
            "z": -0.0006030273507349193
        },
        "vehicle_throttle": 0.75,
        "unique_collisions": 0,
        "solid_lane_crosses": 0,
        "double_solid_lane_crosses": 0
    },
    {
        "game_time": 149.1470703938976,
        "vehicle_location": {
            "x": 35.05673599243164,
            "y": 98.70954895019531,
            "z": -0.03625323995947838
        },
        "vehicle_velocity": {
            "x": 0.013763257302343845,
            "y": -4.686717987060547,
            "z": 0.00013639450480695814
        },
        "vehicle_throttle": 0.75,
        "unique_collisions": 0,
        "solid_lane_crosses": 0,
        "double_solid_lane_crosses": 0
    },
    {
        "game_time": 150.183773458004,
        "vehicle_location": {
            "x": 35.06729507446289,
            "y": 94.02806091308594,
            "z": -0.03882373869419098
        },
        "vehicle_velocity": {
            "x": 0.009341970086097717,
            "y": -5.122395038604736,
            "z": 0.0009633350418880582
        },
        "vehicle_throttle": 0.75,
        "unique_collisions": 0,
        "solid_lane_crosses": 0,
        "double_solid_lane_crosses": 0
    }
]