[
    {
        "game_time": 8.070392478723079,
        "vehicle_location": {
            "x": -32.93805694580078,
            "y": 193.753662109375,
            "z": -0.010259361006319523
        },
        "vehicle_velocity": {
            "x": 1.1280171871185303,
            "y": 0.988479733467102,
            "z": 0.0007002353668212891
        },
        "vehicle_throttle": 0.75,
        "unique_collisions": 0,
        "solid_lane_crosses": 0,
        "double_solid_lane_crosses": 0
    },
    {
        "game_time": 9.08603006741032,
        "vehicle_location": {
            "x": -31.590055465698242,
            "y": 195.7213592529297,
            "z": -0.00781959481537342
        },
        "vehicle_velocity": {
            "x": 0.2292308211326599,
            "y": 3.635974645614624,
            "z": -0.0009576606680639088
        },
        "vehicle_throttle": 0.75,
        "unique_collisions": 0,
        "solid_lane_crosses": 0,
        "double_solid_lane_crosses": 0
    },
    {
        "game_time": 10.12710132310167,
        "vehicle_location": {
            "x": -33.56626510620117,
            "y": 199.33279418945312,
            "z": -0.005952262785285711
        },
        "vehicle_velocity": {
            "x": -5.457917213439941,
            "y": 1.295066237449646,
            "z": -0.0005315208109095693
        },
        "vehicle_throttle": 0.75,
        "unique_collisions": 0,
        "solid_lane_crosses": 0,
        "double_solid_lane_crosses": 0
    },
    {
        "game_time": 11.132281423080713,
        "vehicle_location": {
            "x": -37.75881576538086,
            "y": 197.53692626953125,
            "z": -0.007815208286046982
        },
        "vehicle_velocity": {
            "x": -2.447700262069702,
            "y": -5.049915790557861,
            "z": 0.002223396208137274
        },
        "vehicle_throttle": 0.423498272895813,
        "unique_collisions": 0,
        "solid_lane_crosses": 0,
        "double_solid_lane_crosses": 0
    },
    {
        "game_time": 12.15977380471304,
        "vehicle_location": {
            "x": -40.85546112060547,
            "y": 194.66726684570312,
            "z": -0.007652473170310259
        },
        "vehicle_velocity": {
            "x": -4.308160781860352,
            "y": -0.2802339196205139,
            "z": 0.00021477698464877903
        },
        "vehicle_throttle": 0.75,
        "unique_collisions": 0,
        "solid_lane_crosses": 0,
        "double_solid_lane_crosses": 0
    },
    {
        "game_time": 13.199655704665929,
        "vehicle_location": {
            "x": -46.04767608642578,
            "y": 193.44049072265625,
            "z": -0.006772308144718409
        },
        "vehicle_velocity": {
            "x": -4.8963470458984375,
            "y": -1.2930809259414673,
            "z": -7.438659395120339e-07
        },
        "vehicle_throttle": 0.75,
        "unique_collisions": 0,
        "solid_lane_crosses": 0,
        "double_solid_lane_crosses": 0
    },
    {
        "game_time": 14.227082839701325,
        "vehicle_location": {
            "x": -51.612239837646484,
            "y": 191.6931915283203,
            "z": -0.004915313795208931
        },
        "vehicle_velocity": {
            "x": -4.806221008300781,
            "y": -1.9871535301208496,
            "z": -5.022525510867126e-05
        },
        "vehicle_throttle": 0.75,
        "unique_collisions": 0,
        "solid_lane_crosses": 0,
        "double_solid_lane_crosses": 0
    },
    {
        "game_time": 15.252005016896874,
        "vehicle_location": {
            "x": -55.84446716308594,
            "y": 189.75637817382812,
            "z": -0.008974379859864712
        },
        "vehicle_velocity": {
            "x": -4.454988479614258,
            "y": -2.66412615776062,
            "z": 5.908012099098414e-05
        },
        "vehicle_throttle": 0.75,
        "unique_collisions": 0,
        "solid_lane_crosses": 0,
        "double_solid_lane_crosses": 0
    },
    {
        "game_time": 16.278486455325037,
        "vehicle_location": {
            "x": -60.6016960144043,
            "y": 186.5701141357422,
            "z": -0.0056053162552416325
        },
        "vehicle_velocity": {
            "x": -3.8816752433776855,
            "y": -3.2168374061584473,
            "z": 2.1724699763581157e-05
        },
        "vehicle_throttle": 0.75,
        "unique_collisions": 0,
        "solid_lane_crosses": 0,
        "double_solid_lane_crosses": 0
    },
    {
        "game_time": 17.288023450877517,
        "vehicle_location": {
            "x": -64.00880432128906,
            "y": 183.4373779296875,
            "z": -0.008548354730010033
        },
        "vehicle_velocity": {
            "x": -3.4358460903167725,
            "y": -3.8907077312469482,
            "z": -0.0003833579830825329
        },
        "vehicle_throttle": 0.75,
        "unique_collisions": 0,
        "solid_lane_crosses": 0,
        "double_solid_lane_crosses": 0
    },
    {
        "game_time": 18.32063271990046,
        "vehicle_location": {
            "x": -67.5502700805664,
            "y": 178.97572326660156,
            "z": -0.005913047585636377
        },
        "vehicle_velocity": {
            "x": -2.5860726833343506,
            "y": -3.829376459121704,
            "z": -8.57257837196812e-05
        },
        "vehicle_throttle": 0.75,
        "unique_collisions": 0,
        "solid_lane_crosses": 0,
        "double_solid_lane_crosses": 0
    },
    {
        "game_time": 19.384700273629278,
        "vehicle_location": {
            "x": -70.07508087158203,
            "y": 174.68917846679688,
            "z": -0.00855937972664833
        },
        "vehicle_velocity": {
            "x": -2.4749629497528076,
            "y": -4.858086585998535,
            "z": -0.00034398079151287675
        },
        "vehicle_throttle": 0.6084195971488953,
        "unique_collisions": 0,
        "solid_lane_crosses": 0,
        "double_solid_lane_crosses": 0
    },
    {
        "game_time": 20.43106815731153,
        "vehicle_location": {
            "x": -71.72454071044922,
            "y": 170.95098876953125,
            "z": -0.005743904039263725
        },
        "vehicle_velocity": {
            "x": -0.8461909294128418,
            "y": -2.1215248107910156,
            "z": 0.000418515206547454
        },
        "vehicle_throttle": 0.0,
        "unique_collisions": 0,
        "solid_lane_crosses": 0,
        "double_solid_lane_crosses": 0
    },
    {
        "game_time": 21.484514839481562,
        "vehicle_location": {
            "x": -72.16142272949219,
            "y": 169.8314971923828,
            "z": -0.008083343505859375
        },
        "vehicle_velocity": {
            "x": -0.19818264245986938,
            "y": -0.6247947812080383,
            "z": 0.00040822982555255294
        },
        "vehicle_throttle": 0.75,
        "unique_collisions": 0,
        "solid_lane_crosses": 0,
        "double_solid_lane_crosses": 0
    },
    {
        "game_time": 22.510464855935425,
        "vehicle_location": {
            "x": -72.29469299316406,
            "y": 169.4396514892578,
            "z": -0.008494987152516842
        },
        "vehicle_velocity": {
            "x": -0.17045660316944122,
            "y": -0.52131187915802,
            "z": 8.02040085545741e-05
        },
        "vehicle_throttle": 0.75,
        "unique_collisions": 0,
        "solid_lane_crosses": 0,
        "double_solid_lane_crosses": 0
    },
    {
        "game_time": 23.52021245798096,
        "vehicle_location": {
            "x": -72.37774658203125,
            "y": 169.2075958251953,
            "z": -0.007490081712603569
        },
        "vehicle_velocity": {
            "x": -0.0010850911494344473,
            "y": -0.005200155079364777,
            "z": 0.0008193731191568077
        },
        "vehicle_throttle": 0.0,
        "unique_collisions": 0,
        "solid_lane_crosses": 0,
        "double_solid_lane_crosses": 0
    },
    {
        "game_time": 24.598152864258736,
        "vehicle_location": {
            "x": -72.41162109375,
            "y": 169.10751342773438,
            "z": -0.008133315481245518
        },
        "vehicle_velocity": {
            "x": -0.07771091908216476,
            "y": -0.23784975707530975,
            "z": -0.0011533069191500545
        },
        "vehicle_throttle": 0.75,
        "unique_collisions": 0,
        "solid_lane_crosses": 0,
        "double_solid_lane_crosses": 0
    },
    {
        "game_time": 25.630029178690165,
        "vehicle_location": {
            "x": -72.43451690673828,
            "y": 169.04110717773438,
            "z": -0.007724227849394083
        },
        "vehicle_velocity": {
            "x": -0.016057241708040237,
            "y": -0.04587256908416748,
            "z": 0.0002145195030607283
        },
        "vehicle_throttle": 0.75,
        "unique_collisions": 0,
        "solid_lane_crosses": 0,
        "double_solid_lane_crosses": 0
    },
    {
        "game_time": 26.687795919831842,
        "vehicle_location": {
            "x": -72.44539642333984,
            "y": 169.00845336914062,
            "z": -0.007710075005888939
        },
        "vehicle_velocity": {
            "x": -0.00014334192383103073,
            "y": -0.0006969916867092252,
            "z": -0.0003897809947375208
        },
        "vehicle_throttle": 0.0,
        "unique_collisions": 0,
        "solid_lane_crosses": 0,
        "double_solid_lane_crosses": 0
    },
    {
        "game_time": 27.726719982456416,
        "vehicle_location": {
            "x": -72.44539642333984,
            "y": 169.00843811035156,
            "z": -0.007731055840849876
        },
        "vehicle_velocity": {
            "x": 2.421002989194676e-07,
            "y": 5.463409706862876e-07,
            "z": -0.0002482128038536757
        },
        "vehicle_throttle": 0.0,
        "unique_collisions": 0,
        "solid_lane_crosses": 0,
        "double_solid_lane_crosses": 0
    },
    {
        "game_time": 28.770364282187074,
        "vehicle_location": {
            "x": -72.44539642333984,
            "y": 169.00843811035156,
            "z": -0.007726097013801336
        },
        "vehicle_velocity": {
            "x": 3.752202104578828e-08,
            "y": 6.218029202642583e-09,
            "z": 0.0008562373695895076
        },
        "vehicle_throttle": 0.0,
        "unique_collisions": 0,
        "solid_lane_crosses": 0,
        "double_solid_lane_crosses": 0
    },
    {
        "game_time": 29.792485266458243,
        "vehicle_location": {
            "x": -72.44539642333984,
            "y": 169.00843811035156,
            "z": -0.007726783398538828
        },
        "vehicle_velocity": {
            "x": 1.9615991675436817e-07,
            "y": -1.1759036766534336e-07,
            "z": -0.0019641018006950617
        },
        "vehicle_throttle": 0.0,
        "unique_collisions": 0,
        "solid_lane_crosses": 0,
        "double_solid_lane_crosses": 0
    },
    {
        "game_time": 30.841446550097317,
        "vehicle_location": {
            "x": -72.44539642333984,
            "y": 169.00843811035156,
            "z": -0.007674941793084145
        },
        "vehicle_velocity": {
            "x": -2.970373280675176e-08,
            "y": 3.4823536054773285e-08,
            "z": 0.0009864091407507658
        },
        "vehicle_throttle": 0.0,
        "unique_collisions": 0,
        "solid_lane_crosses": 0,
        "double_solid_lane_crosses": 0
    },
    {
        "game_time": 31.887514059897512,
        "vehicle_location": {
            "x": -72.44539642333984,
            "y": 169.00843811035156,
            "z": -0.007760772481560707
        },
        "vehicle_velocity": {
            "x": -8.202250256772459e-08,
            "y": 6.384149742189038e-08,
            "z": 8.349418203579262e-05
        },
        "vehicle_throttle": 0.0,
        "unique_collisions": 0,
        "solid_lane_crosses": 0,
        "double_solid_lane_crosses": 0
    },
    {
        "game_time": 32.899647790472955,
        "vehicle_location": {
            "x": -72.44539642333984,
            "y": 169.00843811035156,
            "z": -0.0077699278481304646
        },
        "vehicle_velocity": {
            "x": -1.376833980160086e-09,
            "y": 4.844892131927736e-08,
            "z": 0.0009026193292811513
        },
        "vehicle_throttle": 0.0,
        "unique_collisions": 0,
        "solid_lane_crosses": 0,
        "double_solid_lane_crosses": 0
    },
    {
        "game_time": 33.96326059428975,
        "vehicle_location": {
            "x": -72.44539642333984,
            "y": 169.00843811035156,
            "z": -0.007732543628662825
        },
        "vehicle_velocity": {
            "x": 6.59612737763382e-08,
            "y": -1.0260282401475251e-08,
            "z": 0.00036199091118760407
        },
        "vehicle_throttle": 0.0,
        "unique_collisions": 0,
        "solid_lane_crosses": 0,
        "double_solid_lane_crosses": 0
    },
    {
        "game_time": 34.967581608798355,
        "vehicle_location": {
            "x": -72.44539642333984,
            "y": 169.00843811035156,
            "z": -0.0077455900609493256
        },
        "vehicle_velocity": {
            "x": 5.508267975073977e-08,
            "y": -6.191469736904764e-08,
            "z": -0.0007679843693040311
        },
        "vehicle_throttle": 0.0,
        "unique_collisions": 0,
        "solid_lane_crosses": 0,
        "double_solid_lane_crosses": 0
    },
    {
        "game_time": 36.0066903247498,
        "vehicle_location": {
            "x": -72.44539642333984,
            "y": 169.00843811035156,
            "z": -0.00770427705720067
        },
        "vehicle_velocity": {
            "x": -6.146611752910758e-08,
            "y": 6.11096950819956e-08,
            "z": -0.00010440826008561999
        },
        "vehicle_throttle": 0.0,
        "unique_collisions": 0,
        "solid_lane_crosses": 0,
        "double_solid_lane_crosses": 0
    },
    {
        "game_time": 37.0181636265479,
        "vehicle_location": {
            "x": -72.44539642333984,
            "y": 169.00843811035156,
            "z": -0.007693672087043524
        },
        "vehicle_velocity": {
            "x": 1.8816358249296172e-08,
            "y": 9.30959842548873e-08,
            "z": 0.000431141845183447
        },
        "vehicle_throttle": 0.0,
        "unique_collisions": 0,
        "solid_lane_crosses": 0,
        "double_solid_lane_crosses": 0
    },
    {
        "game_time": 38.07912745280191,
        "vehicle_location": {
            "x": -72.44539642333984,
            "y": 169.00843811035156,
            "z": -0.0077005005441606045
        },
        "vehicle_velocity": {
            "x": 2.1181585374563383e-09,
            "y": -9.638504394615666e-08,
            "z": 0.00042582035530358553
        },
        "vehicle_throttle": 0.0,
        "unique_collisions": 0,
        "solid_lane_crosses": 0,
        "double_solid_lane_crosses": 0
    },
    {
        "game_time": 39.09971633506939,
        "vehicle_location": {
            "x": -72.44539642333984,
            "y": 169.00843811035156,
            "z": -0.007764434441924095
        },
        "vehicle_velocity": {
            "x": 1.2405985216901172e-07,
            "y": -7.608653618262906e-08,
            "z": 0.0011214780388399959
        },
        "vehicle_throttle": 0.0,
        "unique_collisions": 0,
        "solid_lane_crosses": 0,
        "double_solid_lane_crosses": 0
    },
    {
        "game_time": 40.1456337380223,
        "vehicle_location": {
            "x": -72.44539642333984,
            "y": 169.00843811035156,
            "z": -0.0077075958251953125
        },
        "vehicle_velocity": {
            "x": 1.5614971005106781e-07,
            "y": -1.343346980320348e-07,
            "z": -0.0001462697982788086
        },
        "vehicle_throttle": 0.0,
        "unique_collisions": 0,
        "solid_lane_crosses": 0,
        "double_solid_lane_crosses": 0
    },
    {
        "game_time": 41.20615559024736,
        "vehicle_location": {
            "x": -72.44539642333984,
            "y": 169.00843811035156,
            "z": -0.0077599333599209785
        },
        "vehicle_velocity": {
            "x": -1.4123556013601046e-07,
            "y": 1.2374216851185338e-07,
            "z": 0.0009545659995637834
        },
        "vehicle_throttle": 0.0,
        "unique_collisions": 0,
        "solid_lane_crosses": 0,
        "double_solid_lane_crosses": 0
    },
    {
        "game_time": 42.25218363618478,
        "vehicle_location": {
            "x": -72.44539642333984,
            "y": 169.00843811035156,
            "z": -0.007731284946203232
        },
        "vehicle_velocity": {
            "x": 0.0,
            "y": 0.0,
            "z": 0.0
        },
        "vehicle_throttle": 0.0,
        "unique_collisions": 0,
        "solid_lane_crosses": 0,
        "double_solid_lane_crosses": 0
    },
    {
        "game_time": 43.32402068329975,
        "vehicle_location": {
            "x": -72.44539642333984,
            "y": 169.00843811035156,
            "z": -0.00769603718072176
        },
        "vehicle_velocity": {
            "x": -1.0553806362167961e-07,
            "y": -6.352965709055525e-09,
            "z": -0.0004936313489452004
        },
        "vehicle_throttle": 0.0,
        "unique_collisions": 0,
        "solid_lane_crosses": 0,
        "double_solid_lane_crosses": 0
    },
    {
        "game_time": 44.383745342027396,
        "vehicle_location": {
            "x": -72.44539642333984,
            "y": 169.00843811035156,
            "z": -0.007716979831457138
        },
        "vehicle_velocity": {
            "x": -3.3171609459259344e-08,
            "y": -2.586410019489449e-08,
            "z": 0.0001040935458149761
        },
        "vehicle_throttle": 0.0,
        "unique_collisions": 0,
        "solid_lane_crosses": 0,
        "double_solid_lane_crosses": 0
    },
    {
        "game_time": 45.388498331885785,
        "vehicle_location": {
            "x": -72.44539642333984,
            "y": 169.00843811035156,
            "z": -0.007737502921372652
        },
        "vehicle_velocity": {
            "x": 6.496139803857659e-08,
            "y": -6.682419240178206e-08,
            "z": -0.0005339622148312628
        },
        "vehicle_throttle": 0.0,
        "unique_collisions": 0,
        "solid_lane_crosses": 0,
        "double_solid_lane_crosses": 0
    },
    {
        "game_time": 46.413191308733076,
        "vehicle_location": {
            "x": -72.44539642333984,
            "y": 169.00843811035156,
            "z": -0.007620925549417734
        },
        "vehicle_velocity": {
            "x": -6.645684891282144e-08,
            "y": 1.1744909045319218e-07,
            "z": 0.001101055066101253
        },
        "vehicle_throttle": 0.0,
        "unique_collisions": 0,
        "solid_lane_crosses": 0,
        "double_solid_lane_crosses": 0
    },
    {
        "game_time": 47.42312976298854,
        "vehicle_location": {
            "x": -72.44539642333984,
            "y": 169.00843811035156,
            "z": -0.007717094384133816
        },
        "vehicle_velocity": {
            "x": -6.04300041118222e-08,
            "y": 7.958314895972762e-09,
            "z": 0.00022393226390704513
        },
        "vehicle_throttle": 0.0,
        "unique_collisions": 0,
        "solid_lane_crosses": 0,
        "double_solid_lane_crosses": 0
    },
    {
        "game_time": 48.430587952490896,
        "vehicle_location": {
            "x": -72.44539642333984,
            "y": 169.00843811035156,
            "z": -0.007719497662037611
        },
        "vehicle_velocity": {
            "x": -1.1535608024360045e-08,
            "y": 6.404390795466952e-09,
            "z": 6.767749437130988e-05
        },
        "vehicle_throttle": 0.0,
        "unique_collisions": 0,
        "solid_lane_crosses": 0,
        "double_solid_lane_crosses": 0
    },
    {
        "game_time": 49.445327937137336,
        "vehicle_location": {
            "x": -72.44539642333984,
            "y": 169.00843811035156,
            "z": -0.007742881774902344
        },
        "vehicle_velocity": {
            "x": 6.173689115485104e-08,
            "y": -6.792873818994849e-08,
            "z": -0.00043140409979969263
        },
        "vehicle_throttle": 0.0,
        "unique_collisions": 0,
        "solid_lane_crosses": 0,
        "double_solid_lane_crosses": 0
    },
    {
        "game_time": 50.51789002818987,
        "vehicle_location": {
            "x": -72.48552703857422,
            "y": 168.89389038085938,
            "z": -0.008696479722857475
        },
        "vehicle_velocity": {
            "x": -0.17782089114189148,
            "y": -0.5257997512817383,
            "z": -0.0005066966987214983
        },
        "vehicle_throttle": 0.75,
        "unique_collisions": 0,
        "solid_lane_crosses": 0,
        "double_solid_lane_crosses": 0
    },
    {
        "game_time": 51.53554602852091,
        "vehicle_location": {
            "x": -72.88915252685547,
            "y": 167.6080780029297,
            "z": -0.007545051630586386
        },
        "vehicle_velocity": {
            "x": -0.616777777671814,
            "y": -2.2051968574523926,
            "z": -0.0013020038604736328
        },
        "vehicle_throttle": 0.75,
        "unique_collisions": 0,
        "solid_lane_crosses": 0,
        "double_solid_lane_crosses": 0
    },
    {
        "game_time": 52.585864131804556,
        "vehicle_location": {
            "x": -73.5927734375,
            "y": 164.57896423339844,
            "z": -0.008664398454129696
        },
        "vehicle_velocity": {
            "x": -0.6592828035354614,
            "y": -3.30045747756958,
            "z": -0.0017751550767570734
        },
        "vehicle_throttle": 0.75,
        "unique_collisions": 0,
        "solid_lane_crosses": 0,
        "double_solid_lane_crosses": 0
    },
    {
        "game_time": 53.601086783688515,
        "vehicle_location": {
            "x": -74.09831237792969,
            "y": 160.9599609375,
            "z": -0.009193305857479572
        },
        "vehicle_velocity": {
            "x": -0.24951261281967163,
            "y": -3.9800188541412354,
            "z": -0.0002872466866392642
        },
        "vehicle_throttle": 0.75,
        "unique_collisions": 0,
        "solid_lane_crosses": 0,
        "double_solid_lane_crosses": 0
    },
    {
        "game_time": 54.63845141371712,
        "vehicle_location": {
            "x": -74.38546752929688,
            "y": 156.35169982910156,
            "z": -0.005239524878561497
        },
        "vehicle_velocity": {
            "x": -0.1581941545009613,
            "y": -3.9318549633026123,
            "z": -0.000507736171130091
        },
        "vehicle_throttle": 0.0,
        "unique_collisions": 0,
        "solid_lane_crosses": 0,
        "double_solid_lane_crosses": 0
    },
    {
        "game_time": 55.70083106076345,
        "vehicle_location": {
            "x": -74.50537872314453,
            "y": 152.52272033691406,
            "z": -0.007683944422751665
        },
        "vehicle_velocity": {
            "x": -0.09305065125226974,
            "y": -3.8744325637817383,
            "z": -0.0004944038228131831
        },
        "vehicle_throttle": 0.0,
        "unique_collisions": 0,
        "solid_lane_crosses": 0,
        "double_solid_lane_crosses": 0
    },
    {
        "game_time": 56.72181977657601,
        "vehicle_location": {
            "x": -74.56561279296875,
            "y": 148.6796112060547,
            "z": -0.00611469242721796
        },
        "vehicle_velocity": {
            "x": -0.028000952675938606,
            "y": -3.4853906631469727,
            "z": 0.00011351107968948781
        },
        "vehicle_throttle": 0.75,
        "unique_collisions": 0,
        "solid_lane_crosses": 0,
        "double_solid_lane_crosses": 0
    },
    {
        "game_time": 57.76007611816749,
        "vehicle_location": {
            "x": -74.38992309570312,
            "y": 144.82608032226562,
            "z": -0.004666480701416731
        },
        "vehicle_velocity": {
            "x": 0.5951439738273621,
            "y": -3.8178350925445557,
            "z": 0.00903068482875824
        },
        "vehicle_throttle": 0.75,
        "unique_collisions": 0,
        "solid_lane_crosses": 0,
        "double_solid_lane_crosses": 0
    },
    {
        "game_time": 58.78388251317665,
        "vehicle_location": {
            "x": -72.64604949951172,
            "y": 140.28025817871094,
            "z": 0.003168296767398715
        },
        "vehicle_velocity": {
            "x": 3.4785990715026855,
            "y": -4.0629191398620605,
            "z": 0.005912670865654945
        },
        "vehicle_throttle": 0.0,
        "unique_collisions": 0,
        "solid_lane_crosses": 0,
        "double_solid_lane_crosses": 0
    },
    {
        "game_time": 59.82659662840888,
        "vehicle_location": {
            "x": -70.02274322509766,
            "y": 137.77157592773438,
            "z": 0.005884322803467512
        },
        "vehicle_velocity": {
            "x": 2.3771181106567383,
            "y": -1.0191110372543335,
            "z": -0.010142221115529537
        },
        "vehicle_throttle": 0.75,
        "unique_collisions": 0,
        "solid_lane_crosses": 0,
        "double_solid_lane_crosses": 0
    },
    {
        "game_time": 60.84750568633899,
        "vehicle_location": {
            "x": -66.84713745117188,
            "y": 136.58258056640625,
            "z": -0.0029099273961037397
        },
        "vehicle_velocity": {
            "x": 3.195018768310547,
            "y": -0.6195757389068604,
            "z": -0.0007892083958722651
        },
        "vehicle_throttle": 0.75,
        "unique_collisions": 0,
        "solid_lane_crosses": 0,
        "double_solid_lane_crosses": 0
    },
    {
        "game_time": 61.86374698905274,
        "vehicle_location": {
            "x": -63.15546417236328,
            "y": 135.9186553955078,
            "z": -0.007832488976418972
        },
        "vehicle_velocity": {
            "x": 3.6515705585479736,
            "y": -0.31307676434516907,
            "z": 0.002058653859421611
        },
        "vehicle_throttle": 0.75,
        "unique_collisions": 0,
        "solid_lane_crosses": 0,
        "double_solid_lane_crosses": 0
    },
    {
        "game_time": 62.883336239960045,
        "vehicle_location": {
            "x": -59.19975280761719,
            "y": 135.55918884277344,
            "z": -0.008996162563562393
        },
        "vehicle_velocity": {
            "x": 4.114299297332764,
            "y": -0.17569449543952942,
            "z": -0.0012465858599171042
        },
        "vehicle_throttle": 0.75,
        "unique_collisions": 0,
        "solid_lane_crosses": 0,
        "double_solid_lane_crosses": 0
    },
    {
        "game_time": 63.92469005053863,
        "vehicle_location": {
            "x": -55.049041748046875,
            "y": 135.33839416503906,
            "z": -0.009350242093205452
        },
        "vehicle_velocity": {
            "x": 4.379279136657715,
            "y": -0.190821573138237,
            "z": 0.0006428384804166853
        },
        "vehicle_throttle": 0.75,
        "unique_collisions": 0,
        "solid_lane_crosses": 0,
        "double_solid_lane_crosses": 0
    },
    {
        "game_time": 64.95479445857927,
        "vehicle_location": {
            "x": -50.80620193481445,
            "y": 135.17771911621094,
            "z": -0.007231101859360933
        },
        "vehicle_velocity": {
            "x": 4.0044989585876465,
            "y": -0.1328096091747284,
            "z": 0.00012120246537961066
        },
        "vehicle_throttle": 0.0,
        "unique_collisions": 0,
        "solid_lane_crosses": 0,
        "double_solid_lane_crosses": 0
    },
    {
        "game_time": 65.96514568990096,
        "vehicle_location": {
            "x": -46.80194091796875,
            "y": 135.05816650390625,
            "z": -0.005613441113382578
        },
        "vehicle_velocity": {
            "x": 3.628502607345581,
            "y": -0.0991591066122055,
            "z": -0.0007347488426603377
        },
        "vehicle_throttle": 0.75,
        "unique_collisions": 0,
        "solid_lane_crosses": 0,
        "double_solid_lane_crosses": 0
    },
    {
        "game_time": 66.97976223332807,
        "vehicle_location": {
            "x": -43.248348236083984,
            "y": 134.96376037597656,
            "z": -0.0076865386217832565
        },
        "vehicle_velocity": {
            "x": 3.288038492202759,
            "y": -0.07501725852489471,
            "z": -0.0014201354933902621
        },
        "vehicle_throttle": 0.75,
        "unique_collisions": 0,
        "solid_lane_crosses": 0,
        "double_solid_lane_crosses": 0
    },
    {
        "game_time": 67.99045165767893,
        "vehicle_location": {
            "x": -40.71501541137695,
            "y": 134.90020751953125,
            "z": -0.007139472756534815
        },
        "vehicle_velocity": {
            "x": 1.5677154064178467,
            "y": -0.039332449436187744,
            "z": -0.0011711978586390615
        },
        "vehicle_throttle": 0.0,
        "unique_collisions": 0,
        "solid_lane_crosses": 0,
        "double_solid_lane_crosses": 0
    },
    {
        "game_time": 69.02748290589079,
        "vehicle_location": {
            "x": -40.0224494934082,
            "y": 134.88427734375,
            "z": -0.007033919915556908
        },
        "vehicle_velocity": {
            "x": 0.33839038014411926,
            "y": -0.00831553339958191,
            "z": 0.0006743621779605746
        },
        "vehicle_throttle": 0.75,
        "unique_collisions": 0,
        "solid_lane_crosses": 0,
        "double_solid_lane_crosses": 0
    },
    {
        "game_time": 70.05340182548389,
        "vehicle_location": {
            "x": -39.68232727050781,
            "y": 134.87510681152344,
            "z": -0.00778072327375412
        },
        "vehicle_velocity": {
            "x": 0.2595122158527374,
            "y": -0.006598358508199453,
            "z": -0.0005907249287702143
        },
        "vehicle_throttle": 0.75,
        "unique_collisions": 0,
        "solid_lane_crosses": 0,
        "double_solid_lane_crosses": 0
    },
    {
        "game_time": 71.0761440503411,
        "vehicle_location": {
            "x": -39.52642059326172,
            "y": 134.87054443359375,
            "z": -0.007760925218462944
        },
        "vehicle_velocity": {
            "x": 0.16900430619716644,
            "y": -0.004063423722982407,
            "z": -0.0003311061882413924
        },
        "vehicle_throttle": 0.75,
        "unique_collisions": 0,
        "solid_lane_crosses": 0,
        "double_solid_lane_crosses": 0
    },
    {
        "game_time": 72.1058379909955,
        "vehicle_location": {
            "x": -39.399044036865234,
            "y": 134.86729431152344,
            "z": -0.0076051331125199795
        },
        "vehicle_velocity": {
            "x": 0.0014715351862832904,
            "y": 7.293399539776146e-05,
            "z": 0.0005676650907844305
        },
        "vehicle_throttle": 0.0,
        "unique_collisions": 0,
        "solid_lane_crosses": 0,
        "double_solid_lane_crosses": 0
    },
    {
        "game_time": 73.16195998294279,
        "vehicle_location": {
            "x": -39.35667037963867,
            "y": 134.86634826660156,
            "z": -0.0076509094797074795
        },
        "vehicle_velocity": {
            "x": -9.655344911152497e-05,
            "y": -1.252839410881279e-05,
            "z": 0.0004547071293927729
        },
        "vehicle_throttle": 0.0,
        "unique_collisions": 0,
        "solid_lane_crosses": 0,
        "double_solid_lane_crosses": 0
    },
    {
        "game_time": 74.22150692855939,
        "vehicle_location": {
            "x": -39.35521697998047,
            "y": 134.86631774902344,
            "z": -0.007677535992115736
        },
        "vehicle_velocity": {
            "x": -3.061294933104364e-07,
            "y": 1.7752518033375964e-07,
            "z": -0.0010661125415936112
        },
        "vehicle_throttle": 0.0,
        "unique_collisions": 0,
        "solid_lane_crosses": 0,
        "double_solid_lane_crosses": 0
    },
    {
        "game_time": 75.22280224924907,
        "vehicle_location": {
            "x": -39.35521697998047,
            "y": 134.86631774902344,
            "z": -0.007780494634062052
        },
        "vehicle_velocity": {
            "x": 1.073515676353054e-08,
            "y": -6.407800867691549e-08,
            "z": -0.0003745269787032157
        },
        "vehicle_throttle": 0.0,
        "unique_collisions": 0,
        "solid_lane_crosses": 0,
        "double_solid_lane_crosses": 0
    },
    {
        "game_time": 76.26689456170425,
        "vehicle_location": {
            "x": -39.35521697998047,
            "y": 134.86631774902344,
            "z": -0.0078374482691288
        },
        "vehicle_velocity": {
            "x": 4.600003045140966e-09,
            "y": 3.6092095978546013e-09,
            "z": -0.0006726073916070163
        },
        "vehicle_throttle": 0.0,
        "unique_collisions": 0,
        "solid_lane_crosses": 0,
        "double_solid_lane_crosses": 0
    },
    {
        "game_time": 77.31136343022808,
        "vehicle_location": {
            "x": -39.35521697998047,
            "y": 134.86631774902344,
            "z": -0.007676505949348211
        },
        "vehicle_velocity": {
            "x": 5.749648934738616e-08,
            "y": 1.778763625281954e-08,
            "z": 0.0005567169282585382
        },
        "vehicle_throttle": 0.0,
        "unique_collisions": 0,
        "solid_lane_crosses": 0,
        "double_solid_lane_crosses": 0
    },
    {
        "game_time": 78.35248674778268,
        "vehicle_location": {
            "x": -39.35521697998047,
            "y": 134.86631774902344,
            "z": -0.007828139699995518
        },
        "vehicle_velocity": {
            "x": 5.917105028174774e-08,
            "y": 1.3920214314566692e-08,
            "z": -0.0010485840030014515
        },
        "vehicle_throttle": 0.0,
        "unique_collisions": 0,
        "solid_lane_crosses": 0,
        "double_solid_lane_crosses": 0
    },
    {
        "game_time": 79.40638222685084,
        "vehicle_location": {
            "x": -39.35521697998047,
            "y": 134.86631774902344,
            "z": -0.007746734656393528
        },
        "vehicle_velocity": {
            "x": 7.290099635071101e-09,
            "y": -8.438313159331301e-09,
            "z": -0.0010647678282111883
        },
        "vehicle_throttle": 0.0,
        "unique_collisions": 0,
        "solid_lane_crosses": 0,
        "double_solid_lane_crosses": 0
    },
    {
        "game_time": 80.45493199443445,
        "vehicle_location": {
            "x": -39.35521697998047,
            "y": 134.86631774902344,
            "z": -0.007710113190114498
        },
        "vehicle_velocity": {
            "x": 8.965313469389002e-08,
            "y": 3.2966913643406315e-09,
            "z": -0.0014777755131945014
        },
        "vehicle_throttle": 0.0,
        "unique_collisions": 0,
        "solid_lane_crosses": 0,
        "double_solid_lane_crosses": 0
    },
    {
        "game_time": 81.50646622059867,
        "vehicle_location": {
            "x": -39.35521697998047,
            "y": 134.86631774902344,
            "z": -0.007685050833970308
        },
        "vehicle_velocity": {
            "x": 3.5408827869787274e-08,
            "y": 3.251643843071861e-09,
            "z": 0.0009530496317893267
        },
        "vehicle_throttle": 0.0,
        "unique_collisions": 0,
        "solid_lane_crosses": 0,
        "double_solid_lane_crosses": 0
    },
    {
        "game_time": 82.55521493731067,
        "vehicle_location": {
            "x": -39.35521697998047,
            "y": 134.86631774902344,
            "z": -0.007624892983585596
        },
        "vehicle_velocity": {
            "x": -1.2855052133886602e-08,
            "y": -2.2155107970434074e-08,
            "z": 5.6915283494163305e-05
        },
        "vehicle_throttle": 0.0,
        "unique_collisions": 0,
        "solid_lane_crosses": 0,
        "double_solid_lane_crosses": 0
    },
    {
        "game_time": 83.57914489647374,
        "vehicle_location": {
            "x": -39.35521697998047,
            "y": 134.86631774902344,
            "z": -0.0077417753636837006
        },
        "vehicle_velocity": {
            "x": 0.0,
            "y": 0.0,
            "z": 0.0
        },
        "vehicle_throttle": 0.0,
        "unique_collisions": 0,
        "solid_lane_crosses": 0,
        "double_solid_lane_crosses": 0
    },
    {
        "game_time": 84.61711399955675,
        "vehicle_location": {
            "x": -39.35521697998047,
            "y": 134.86631774902344,
            "z": -0.007719230372458696
        },
        "vehicle_velocity": {
            "x": 4.410350129546714e-08,
            "y": -3.5527238928523275e-09,
            "z": 0.00012599944602698088
        },
        "vehicle_throttle": 0.0,
        "unique_collisions": 0,
        "solid_lane_crosses": 0,
        "double_solid_lane_crosses": 0
    },
    {
        "game_time": 85.65966747747734,
        "vehicle_location": {
            "x": -39.35521697998047,
            "y": 134.86631774902344,
            "z": -0.007710265927016735
        },
        "vehicle_velocity": {
            "x": -1.4071401821524887e-08,
            "y": -2.688427036545704e-09,
            "z": 0.0005098247202113271
        },
        "vehicle_throttle": 0.0,
        "unique_collisions": 0,
        "solid_lane_crosses": 0,
        "double_solid_lane_crosses": 0
    },
    {
        "game_time": 86.71995191508904,
        "vehicle_location": {
            "x": -39.35521697998047,
            "y": 134.86631774902344,
            "z": -0.007764472626149654
        },
        "vehicle_velocity": {
            "x": -9.292653402326323e-08,
            "y": -1.183162545714822e-08,
            "z": 0.00086308951722458
        },
        "vehicle_throttle": 0.0,
        "unique_collisions": 0,
        "solid_lane_crosses": 0,
        "double_solid_lane_crosses": 0
    },
    {
        "game_time": 87.75185934500769,
        "vehicle_location": {
            "x": -39.35521697998047,
            "y": 134.86631774902344,
            "z": -0.007701454218477011
        },
        "vehicle_velocity": {
            "x": -4.886102900059086e-08,
            "y": -1.5023000798919384e-07,
            "z": -0.00018695830658543855
        },
        "vehicle_throttle": 0.0,
        "unique_collisions": 0,
        "solid_lane_crosses": 0,
        "double_solid_lane_crosses": 0
    },
    {
        "game_time": 88.7590941102244,
        "vehicle_location": {
            "x": -39.35521697998047,
            "y": 134.86631774902344,
            "z": -0.007768020499497652
        },
        "vehicle_velocity": {
            "x": -7.904407128833668e-10,
            "y": -4.827915400795746e-09,
            "z": -0.0007495880126953125
        },
        "vehicle_throttle": 0.0,
        "unique_collisions": 0,
        "solid_lane_crosses": 0,
        "double_solid_lane_crosses": 0
    },
    {
        "game_time": 89.82093338901177,
        "vehicle_location": {
            "x": -39.35521697998047,
            "y": 134.86631774902344,
            "z": -0.007715568412095308
        },
        "vehicle_velocity": {
            "x": 2.0973958569925344e-08,
            "y": 1.4888996702211443e-07,
            "z": 0.0006991004920564592
        },
        "vehicle_throttle": 0.0,
        "unique_collisions": 0,
        "solid_lane_crosses": 0,
        "double_solid_lane_crosses": 0
    },
    {
        "game_time": 90.8346518506296,
        "vehicle_location": {
            "x": -39.35521697998047,
            "y": 134.86631774902344,
            "z": -0.007718734443187714
        },
        "vehicle_velocity": {
            "x": -1.6666291458022897e-08,
            "y": 2.3600472687235197e-08,
            "z": -0.00019769667414948344
        },
        "vehicle_throttle": 0.0,
        "unique_collisions": 0,
        "solid_lane_crosses": 0,
        "double_solid_lane_crosses": 0
    },
    {
        "game_time": 91.8872775551863,
        "vehicle_location": {
            "x": -39.35521697998047,
            "y": 134.86631774902344,
            "z": -0.007735404651612043
        },
        "vehicle_velocity": {
            "x": -1.7646039296437266e-08,
            "y": -6.016596643121375e-08,
            "z": 0.0001323223114013672
        },
        "vehicle_throttle": 0.0,
        "unique_collisions": 0,
        "solid_lane_crosses": 0,
        "double_solid_lane_crosses": 0
    },
    {
        "game_time": 92.94087401451543,
        "vehicle_location": {
            "x": -39.35521697998047,
            "y": 134.86631774902344,
            "z": -0.0076923370361328125
        },
        "vehicle_velocity": {
            "x": -4.153372401560773e-08,
            "y": -9.468624995179198e-09,
            "z": 0.0005438947700895369
        },
        "vehicle_throttle": 0.0,
        "unique_collisions": 0,
        "solid_lane_crosses": 0,
        "double_solid_lane_crosses": 0
    },
    {
        "game_time": 93.98783769505098,
        "vehicle_location": {
            "x": -39.35521697998047,
            "y": 134.86631774902344,
            "z": -0.007813949137926102
        },
        "vehicle_velocity": {
            "x": 3.410124804759107e-08,
            "y": 1.6017947856994397e-08,
            "z": -0.001458826009184122
        },
        "vehicle_throttle": 0.0,
        "unique_collisions": 0,
        "solid_lane_crosses": 0,
        "double_solid_lane_crosses": 0
    },
    {
        "game_time": 95.00260655069724,
        "vehicle_location": {
            "x": -39.35062026977539,
            "y": 134.86619567871094,
            "z": -0.007782363798469305
        },
        "vehicle_velocity": {
            "x": 0.0009377573733218014,
            "y": -2.5067420139635033e-08,
            "z": -0.00020570277411025017
        },
        "vehicle_throttle": 0.0,
        "unique_collisions": 0,
        "solid_lane_crosses": 0,
        "double_solid_lane_crosses": 0
    },
    {
        "game_time": 96.03909288579598,
        "vehicle_location": {
            "x": -38.81504821777344,
            "y": 134.85333251953125,
            "z": -0.008141059428453445
        },
        "vehicle_velocity": {
            "x": 1.0464569330215454,
            "y": -0.02605968713760376,
            "z": -0.0002420329983578995
        },
        "vehicle_throttle": 0.75,
        "unique_collisions": 0,
        "solid_lane_crosses": 0,
        "double_solid_lane_crosses": 0
    },
    {
        "game_time": 97.08786322409287,
        "vehicle_location": {
            "x": -36.42859649658203,
            "y": 134.79737854003906,
            "z": -0.00853679608553648
        },
        "vehicle_velocity": {
            "x": 3.0181689262390137,
            "y": -0.07033710181713104,
            "z": -0.0006553840357810259
        },
        "vehicle_throttle": 0.0,
        "unique_collisions": 0,
        "solid_lane_crosses": 0,
        "double_solid_lane_crosses": 0
    },
    {
        "game_time": 98.11784058483317,
        "vehicle_location": {
            "x": -32.98500442504883,
            "y": 134.7178497314453,
            "z": -0.007298812735825777
        },
        "vehicle_velocity": {
            "x": 3.586632013320923,
            "y": -0.08239216357469559,
            "z": -0.00034332275390625
        },
        "vehicle_throttle": 0.75,
        "unique_collisions": 0,
        "solid_lane_crosses": 0,
        "double_solid_lane_crosses": 0
    },
    {
        "game_time": 99.14055453753099,
        "vehicle_location": {
            "x": -28.730302810668945,
            "y": 134.6205596923828,
            "z": -0.00929183978587389
        },
        "vehicle_velocity": {
            "x": 5.17126989364624,
            "y": -0.11794298142194748,
            "z": 0.0008747958927415311
        },
        "vehicle_throttle": 0.0,
        "unique_collisions": 0,
        "solid_lane_crosses": 0,
        "double_solid_lane_crosses": 0
    },
    {
        "game_time": 100.20600970229134,
        "vehicle_location": {
            "x": -24.932287216186523,
            "y": 134.5341796875,
            "z": -0.009308967739343643
        },
        "vehicle_velocity": {
            "x": 3.5385546684265137,
            "y": -0.08046688139438629,
            "z": 0.0002271652192575857
        },
        "vehicle_throttle": 0.75,
        "unique_collisions": 0,
        "solid_lane_crosses": 0,
        "double_solid_lane_crosses": 0
    },
    {
        "game_time": 101.24452020740137,
        "vehicle_location": {
            "x": -21.239627838134766,
            "y": 134.4503631591797,
            "z": -0.00926364865154028
        },
        "vehicle_velocity": {
            "x": 3.81780743598938,
            "y": -0.0865233764052391,
            "z": -0.0003316211514174938
        },
        "vehicle_throttle": 0.0,
        "unique_collisions": 0,
        "solid_lane_crosses": 0,
        "double_solid_lane_crosses": 0
    },
    {
        "game_time": 102.30516652530059,
        "vehicle_location": {
            "x": -17.471473693847656,
            "y": 134.3660430908203,
            "z": -0.009584503248333931
        },
        "vehicle_velocity": {
            "x": 4.386532306671143,
            "y": -0.0706823319196701,
            "z": 1.221656748384703e-05
        },
        "vehicle_throttle": 0.75,
        "unique_collisions": 0,
        "solid_lane_crosses": 0,
        "double_solid_lane_crosses": 0
    },
    {
        "game_time": 103.32410115702078,
        "vehicle_location": {
            "x": -13.178224563598633,
            "y": 134.2900390625,
            "z": -0.003581161377951503
        },
        "vehicle_velocity": {
            "x": 2.324305772781372,
            "y": -0.039316724985837936,
            "z": 0.0005654048873111606
        },
        "vehicle_throttle": 0.0,
        "unique_collisions": 0,
        "solid_lane_crosses": 0,
        "double_solid_lane_crosses": 0
    },
    {
        "game_time": 104.37809743126854,
        "vehicle_location": {
            "x": -12.036544799804688,
            "y": 134.2748260498047,
            "z": -0.0046845246106386185
        },
        "vehicle_velocity": {
            "x": 0.1499597430229187,
            "y": 0.0003027148195542395,
            "z": -0.00019637106743175536
        },
        "vehicle_throttle": 0.75,
        "unique_collisions": 0,
        "solid_lane_crosses": 0,
        "double_solid_lane_crosses": 0
    },
    {
        "game_time": 105.3872154741548,
        "vehicle_location": {
            "x": -11.665306091308594,
            "y": 134.2705841064453,
            "z": -0.00726394634693861
        },
        "vehicle_velocity": {
            "x": 0.009239341132342815,
            "y": -0.0002655390417203307,
            "z": -0.0017594242235645652
        },
        "vehicle_throttle": 0.0,
        "unique_collisions": 0,
        "solid_lane_crosses": 0,
        "double_solid_lane_crosses": 0
    },
    {
        "game_time": 106.43344443058595,
        "vehicle_location": {
            "x": -11.241497993469238,
            "y": 134.2665252685547,
            "z": -0.009305266663432121
        },
        "vehicle_velocity": {
            "x": 1.0154962539672852,
            "y": -0.009332249872386456,
            "z": -0.0008849143632687628
        },
        "vehicle_throttle": 0.75,
        "unique_collisions": 0,
        "solid_lane_crosses": 0,
        "double_solid_lane_crosses": 0
    },
    {
        "game_time": 107.48195170657709,
        "vehicle_location": {
            "x": -8.887553215026855,
            "y": 134.26197814941406,
            "z": -0.009148902259767056
        },
        "vehicle_velocity": {
            "x": 3.11130952835083,
            "y": 0.03842717409133911,
            "z": -0.0014869498554617167
        },
        "vehicle_throttle": 0.0,
        "unique_collisions": 0,
        "solid_lane_crosses": 0,
        "double_solid_lane_crosses": 0
    },
    {
        "game_time": 108.52526119584218,
        "vehicle_location": {
            "x": -5.5161919593811035,
            "y": 134.2921142578125,
            "z": -0.006812743842601776
        },
        "vehicle_velocity": {
            "x": 3.2847964763641357,
            "y": 0.0884719043970108,
            "z": 0.00035342216142453253
        },
        "vehicle_throttle": 0.75,
        "unique_collisions": 0,
        "solid_lane_crosses": 0,
        "double_solid_lane_crosses": 0
    },
    {
        "game_time": 109.5642848634161,
        "vehicle_location": {
            "x": -1.780781865119934,
            "y": 134.3536834716797,
            "z": -0.007038536015897989
        },
        "vehicle_velocity": {
            "x": 3.5665745735168457,
            "y": 0.06054265797138214,
            "z": -0.0005904101999476552
        },
        "vehicle_throttle": 0.75,
        "unique_collisions": 0,
        "solid_lane_crosses": 0,
        "double_solid_lane_crosses": 0
    },
    {
        "game_time": 110.59349285485223,
        "vehicle_location": {
            "x": 2.2202200889587402,
            "y": 134.4074249267578,
            "z": -0.009135513566434383
        },
        "vehicle_velocity": {
            "x": 4.241617202758789,
            "y": 0.04977518320083618,
            "z": 0.0004336356942076236
        },
        "vehicle_throttle": 0.75,
        "unique_collisions": 0,
        "solid_lane_crosses": 0,
        "double_solid_lane_crosses": 0
    },
    {
        "game_time": 111.61079206736758,
        "vehicle_location": {
            "x": 6.249446392059326,
            "y": 134.4250030517578,
            "z": -0.008298072963953018
        },
        "vehicle_velocity": {
            "x": 4.140920162200928,
            "y": -0.0344158411026001,
            "z": 0.0001701545697869733
        },
        "vehicle_throttle": 0.0,
        "unique_collisions": 0,
        "solid_lane_crosses": 0,
        "double_solid_lane_crosses": 0
    },
    {
        "game_time": 112.67398279672489,
        "vehicle_location": {
            "x": 10.316651344299316,
            "y": 134.40673828125,
            "z": -0.005882682744413614
        },
        "vehicle_velocity": {
            "x": 3.4881160259246826,
            "y": -0.022100426256656647,
            "z": 0.00033663748763501644
        },
        "vehicle_throttle": 0.75,
        "unique_collisions": 0,
        "solid_lane_crosses": 0,
        "double_solid_lane_crosses": 0
    },
    {
        "game_time": 113.71282059838995,
        "vehicle_location": {
            "x": 14.438847541809082,
            "y": 134.36737060546875,
            "z": -0.007793922442942858
        },
        "vehicle_velocity": {
            "x": 3.992187976837158,
            "y": -0.05394761264324188,
            "z": 2.8934478905284777e-05
        },
        "vehicle_throttle": 0.75,
        "unique_collisions": 0,
        "solid_lane_crosses": 0,
        "double_solid_lane_crosses": 0
    },
    {
        "game_time": 114.7292672614567,
        "vehicle_location": {
            "x": 19.465373992919922,
            "y": 134.30935668945312,
            "z": -0.007896766066551208
        },
        "vehicle_velocity": {
            "x": 5.44165563583374,
            "y": -0.061239346861839294,
            "z": -7.625579746672884e-05
        },
        "vehicle_throttle": 0.30825015902519226,
        "unique_collisions": 0,
        "solid_lane_crosses": 0,
        "double_solid_lane_crosses": 0
    }
]