[
    {
        "game_time": 9.391166006214917,
        "vehicle_location": {
            "x": -32.909053802490234,
            "y": 193.74221801757812,
            "z": -0.16819804906845093
        },
        "vehicle_velocity": {
            "x": 0.824857771396637,
            "y": 0.7145165205001831,
            "z": 0.0024586771614849567
        },
        "vehicle_throttle": 0.75,
        "unique_collisions": 0,
        "solid_lane_crosses": 0,
        "double_solid_lane_crosses": 0
    },
    {
        "game_time": 10.449194830842316,
        "vehicle_location": {
            "x": -31.6257266998291,
            "y": 194.99436950683594,
            "z": -0.16184931993484497
        },
        "vehicle_velocity": {
            "x": 0.8301749229431152,
            "y": 2.554222822189331,
            "z": 0.00028142929659225047
        },
        "vehicle_throttle": 0.75,
        "unique_collisions": 0,
        "solid_lane_crosses": 0,
        "double_solid_lane_crosses": 0
    },
    {
        "game_time": 11.451703302562237,
        "vehicle_location": {
            "x": -31.386337280273438,
            "y": 197.7947235107422,
            "z": -0.15790359675884247
        },
        "vehicle_velocity": {
            "x": -1.9581605195999146,
            "y": 3.141056537628174,
            "z": 0.00011336326133459806
        },
        "vehicle_throttle": 0.75,
        "unique_collisions": 0,
        "solid_lane_crosses": 0,
        "double_solid_lane_crosses": 0
    },
    {
        "game_time": 12.482562016695738,
        "vehicle_location": {
            "x": -34.27001953125,
            "y": 200.02919006347656,
            "z": -0.15753474831581116
        },
        "vehicle_velocity": {
            "x": -4.60966682434082,
            "y": -0.4548737704753876,
            "z": -0.0003750276518985629
        },
        "vehicle_throttle": 0.75,
        "unique_collisions": 0,
        "solid_lane_crosses": 0,
        "double_solid_lane_crosses": 0
    },
    {
        "game_time": 13.549712393432856,
        "vehicle_location": {
            "x": -38.183250427246094,
            "y": 197.65354919433594,
            "z": -0.15586379170417786
        },
        "vehicle_velocity": {
            "x": -1.833470106124878,
            "y": -5.104395866394043,
            "z": 0.0020758628379553556
        },
        "vehicle_throttle": 0.75,
        "unique_collisions": 0,
        "solid_lane_crosses": 0,
        "double_solid_lane_crosses": 0
    },
    {
        "game_time": 14.624632010236382,
        "vehicle_location": {
            "x": -40.57065200805664,
            "y": 192.56532287597656,
            "z": -0.15440654754638672
        },
        "vehicle_velocity": {
            "x": -3.6309399604797363,
            "y": -3.381779193878174,
            "z": -0.0003937101282645017
        },
        "vehicle_throttle": 0.75,
        "unique_collisions": 0,
        "solid_lane_crosses": 0,
        "double_solid_lane_crosses": 0
    },
    {
        "game_time": 15.703530112281442,
        "vehicle_location": {
            "x": -45.073001861572266,
            "y": 191.25531005859375,
            "z": -0.15409308671951294
        },
        "vehicle_velocity": {
            "x": -4.710397243499756,
            "y": 2.190232038497925,
            "z": 0.0007504272507503629
        },
        "vehicle_throttle": 0.75,
        "unique_collisions": 0,
        "solid_lane_crosses": 0,
        "double_solid_lane_crosses": 0
    },
    {
        "game_time": 16.71613249462098,
        "vehicle_location": {
            "x": -50.097572326660156,
            "y": 192.61561584472656,
            "z": -0.1513374298810959
        },
        "vehicle_velocity": {
            "x": -4.67605447769165,
            "y": -0.7960274815559387,
            "z": -0.0005305814556777477
        },
        "vehicle_throttle": 0.75,
        "unique_collisions": 0,
        "solid_lane_crosses": 0,
        "double_solid_lane_crosses": 0
    },
    {
        "game_time": 17.773324558511376,
        "vehicle_location": {
            "x": -54.941253662109375,
            "y": 190.66246032714844,
            "z": -0.17014628648757935
        },
        "vehicle_velocity": {
            "x": -4.726315021514893,
            "y": -2.9485104084014893,
            "z": -0.0008881139801815152
        },
        "vehicle_throttle": 0.0,
        "unique_collisions": 0,
        "solid_lane_crosses": 0,
        "double_solid_lane_crosses": 0
    },
    {
        "game_time": 18.818829748779535,
        "vehicle_location": {
            "x": -59.639041900634766,
            "y": 187.5166015625,
            "z": -0.16241298615932465
        },
        "vehicle_velocity": {
            "x": -4.1565375328063965,
            "y": -3.4672117233276367,
            "z": -8.375167817575857e-05
        },
        "vehicle_throttle": 0.31591227650642395,
        "unique_collisions": 0,
        "solid_lane_crosses": 0,
        "double_solid_lane_crosses": 0
    },
    {
        "game_time": 19.881083339452744,
        "vehicle_location": {
            "x": -63.87969970703125,
            "y": 183.656494140625,
            "z": -0.1602327674627304
        },
        "vehicle_velocity": {
            "x": -3.5480446815490723,
            "y": -4.007153511047363,
            "z": 3.0422210329561494e-05
        },
        "vehicle_throttle": 0.7389219999313354,
        "unique_collisions": 0,
        "solid_lane_crosses": 0,
        "double_solid_lane_crosses": 0
    },
    {
        "game_time": 20.935656188055873,
        "vehicle_location": {
            "x": -67.43460083007812,
            "y": 179.1952667236328,
            "z": -0.1611212193965912
        },
        "vehicle_velocity": {
            "x": -3.0502777099609375,
            "y": -4.547074794769287,
            "z": -9.326934559794609e-06
        },
        "vehicle_throttle": 0.5419060587882996,
        "unique_collisions": 0,
        "solid_lane_crosses": 0,
        "double_solid_lane_crosses": 0
    },
    {
        "game_time": 22.022613951936364,
        "vehicle_location": {
            "x": -70.34939575195312,
            "y": 174.0689239501953,
            "z": -0.1621456891298294
        },
        "vehicle_velocity": {
            "x": -1.9926759004592896,
            "y": -5.07688570022583,
            "z": -0.000225658412091434
        },
        "vehicle_throttle": 0.34247180819511414,
        "unique_collisions": 0,
        "solid_lane_crosses": 0,
        "double_solid_lane_crosses": 0
    },
    {
        "game_time": 23.06458203867078,
        "vehicle_location": {
            "x": -72.43003845214844,
            "y": 168.82772827148438,
            "z": -0.16159766912460327
        },
        "vehicle_velocity": {
            "x": -1.7294267416000366,
            "y": -5.091772556304932,
            "z": 8.830070146359503e-05
        },
        "vehicle_throttle": 0.49043938517570496,
        "unique_collisions": 0,
        "solid_lane_crosses": 0,
        "double_solid_lane_crosses": 0
    },
    {
        "game_time": 24.16649668291211,
        "vehicle_location": {
            "x": -73.77313995361328,
            "y": 163.03457641601562,
            "z": -0.16030845046043396
        },
        "vehicle_velocity": {
            "x": -0.6202802062034607,
            "y": -5.359144687652588,
            "z": 0.0006427335320040584
        },
        "vehicle_throttle": 0.75,
        "unique_collisions": 0,
        "solid_lane_crosses": 0,
        "double_solid_lane_crosses": 0
    },
    {
        "game_time": 25.18406618759036,
        "vehicle_location": {
            "x": -74.31121826171875,
            "y": 157.8716278076172,
            "z": -0.15106455981731415
        },
        "vehicle_velocity": {
            "x": -0.2445826232433319,
            "y": -4.060698986053467,
            "z": -9.011268411995843e-05
        },
        "vehicle_throttle": 0.0,
        "unique_collisions": 0,
        "solid_lane_crosses": 0,
        "double_solid_lane_crosses": 0
    },
    {
        "game_time": 26.242420982569456,
        "vehicle_location": {
            "x": -74.43572998046875,
            "y": 155.31015014648438,
            "z": -0.15276332199573517
        },
        "vehicle_velocity": {
            "x": -0.03371298313140869,
            "y": -0.8521511554718018,
            "z": -9.722709364723414e-05
        },
        "vehicle_throttle": 0.0,
        "unique_collisions": 0,
        "solid_lane_crosses": 0,
        "double_solid_lane_crosses": 0
    },
    {
        "game_time": 27.34230645932257,
        "vehicle_location": {
            "x": -74.4412841796875,
            "y": 155.18080139160156,
            "z": -0.1648736596107483
        },
        "vehicle_velocity": {
            "x": -1.788579538697377e-05,
            "y": -0.00041024392703548074,
            "z": -0.000284681300399825
        },
        "vehicle_throttle": 0.0,
        "unique_collisions": 0,
        "solid_lane_crosses": 0,
        "double_solid_lane_crosses": 0
    },
    {
        "game_time": 28.39178230985999,
        "vehicle_location": {
            "x": -74.4411392211914,
            "y": 155.1830596923828,
            "z": -0.1609199047088623
        },
        "vehicle_velocity": {
            "x": 2.6486990464036353e-05,
            "y": 0.0005946856108494103,
            "z": -3.484726039459929e-05
        },
        "vehicle_throttle": 0.0,
        "unique_collisions": 0,
        "solid_lane_crosses": 0,
        "double_solid_lane_crosses": 0
    },
    {
        "game_time": 29.41990459524095,
        "vehicle_location": {
            "x": -74.441162109375,
            "y": 155.1826934814453,
            "z": -0.16162391006946564
        },
        "vehicle_velocity": {
            "x": 2.3551483252504113e-07,
            "y": 4.881610038864892e-06,
            "z": 0.00032108783489093184
        },
        "vehicle_throttle": 0.0,
        "unique_collisions": 0,
        "solid_lane_crosses": 0,
        "double_solid_lane_crosses": 0
    },
    {
        "game_time": 30.476998751983047,
        "vehicle_location": {
            "x": -74.441162109375,
            "y": 155.1826934814453,
            "z": -0.16163936257362366
        },
        "vehicle_velocity": {
            "x": -2.4582805124850893e-08,
            "y": 9.371217579712265e-09,
            "z": 0.0003300905227661133
        },
        "vehicle_throttle": 0.0,
        "unique_collisions": 0,
        "solid_lane_crosses": 0,
        "double_solid_lane_crosses": 0
    },
    {
        "game_time": 31.54583413898945,
        "vehicle_location": {
            "x": -74.441162109375,
            "y": 155.1826934814453,
            "z": -0.16164851188659668
        },
        "vehicle_velocity": {
            "x": -4.145032761471157e-08,
            "y": 1.6876106068153263e-09,
            "z": 1.3012885574426036e-05
        },
        "vehicle_throttle": 0.0,
        "unique_collisions": 0,
        "solid_lane_crosses": 0,
        "double_solid_lane_crosses": 0
    },
    {
        "game_time": 32.59832131303847,
        "vehicle_location": {
            "x": -74.441162109375,
            "y": 155.1826934814453,
            "z": -0.16163413226604462
        },
        "vehicle_velocity": {
            "x": 3.0362041769649295e-08,
            "y": -2.7756392739775038e-09,
            "z": 0.0001985597627935931
        },
        "vehicle_throttle": 0.0,
        "unique_collisions": 0,
        "solid_lane_crosses": 0,
        "double_solid_lane_crosses": 0
    },
    {
        "game_time": 33.642192877829075,
        "vehicle_location": {
            "x": -74.441162109375,
            "y": 155.1826934814453,
            "z": -0.16161315143108368
        },
        "vehicle_velocity": {
            "x": 4.7557842108858495e-09,
            "y": 6.134749375164006e-10,
            "z": -0.00021537780412472785
        },
        "vehicle_throttle": 0.0,
        "unique_collisions": 0,
        "solid_lane_crosses": 0,
        "double_solid_lane_crosses": 0
    },
    {
        "game_time": 34.6823401208967,
        "vehicle_location": {
            "x": -74.441162109375,
            "y": 155.1826934814453,
            "z": -0.16164351999759674
        },
        "vehicle_velocity": {
            "x": -3.6385898738444666e-09,
            "y": 4.914593620952701e-09,
            "z": 3.6935805837856606e-05
        },
        "vehicle_throttle": 0.0,
        "unique_collisions": 0,
        "solid_lane_crosses": 0,
        "double_solid_lane_crosses": 0
    },
    {
        "game_time": 35.731336472555995,
        "vehicle_location": {
            "x": -74.441162109375,
            "y": 155.1826934814453,
            "z": -0.16165614128112793
        },
        "vehicle_velocity": {
            "x": 1.6089327203872017e-08,
            "y": -1.524436576971766e-09,
            "z": -0.00012519836309365928
        },
        "vehicle_throttle": 0.0,
        "unique_collisions": 0,
        "solid_lane_crosses": 0,
        "double_solid_lane_crosses": 0
    },
    {
        "game_time": 36.8154133670032,
        "vehicle_location": {
            "x": -74.441162109375,
            "y": 155.1826934814453,
            "z": -0.16164374351501465
        },
        "vehicle_velocity": {
            "x": 2.9305201820761795e-08,
            "y": -3.12225550969103e-10,
            "z": 0.00029946325230412185
        },
        "vehicle_throttle": 0.0,
        "unique_collisions": 0,
        "solid_lane_crosses": 0,
        "double_solid_lane_crosses": 0
    },
    {
        "game_time": 37.83465796709061,
        "vehicle_location": {
            "x": -74.441162109375,
            "y": 155.1826934814453,
            "z": -0.1616261601448059
        },
        "vehicle_velocity": {
            "x": 2.558954292908311e-08,
            "y": 1.4165683903666348e-10,
            "z": 0.0002988195337820798
        },
        "vehicle_throttle": 0.0,
        "unique_collisions": 0,
        "solid_lane_crosses": 0,
        "double_solid_lane_crosses": 0
    },
    {
        "game_time": 38.84201159328222,
        "vehicle_location": {
            "x": -74.441162109375,
            "y": 155.1826934814453,
            "z": -0.16161803901195526
        },
        "vehicle_velocity": {
            "x": 1.8452487537956586e-08,
            "y": -1.3017256161873547e-09,
            "z": 0.00012082576722605154
        },
        "vehicle_throttle": 0.0,
        "unique_collisions": 0,
        "solid_lane_crosses": 0,
        "double_solid_lane_crosses": 0
    },
    {
        "game_time": 39.86623259447515,
        "vehicle_location": {
            "x": -74.441162109375,
            "y": 155.1826934814453,
            "z": -0.16161315143108368
        },
        "vehicle_velocity": {
            "x": -1.2449704378525439e-08,
            "y": 4.397131547762001e-09,
            "z": 8.515834633726627e-05
        },
        "vehicle_throttle": 0.0,
        "unique_collisions": 0,
        "solid_lane_crosses": 0,
        "double_solid_lane_crosses": 0
    },
    {
        "game_time": 40.86628712527454,
        "vehicle_location": {
            "x": -74.441162109375,
            "y": 155.1826934814453,
            "z": -0.1616518795490265
        },
        "vehicle_velocity": {
            "x": 1.677581273895612e-08,
            "y": -3.820469274273819e-09,
            "z": -3.2386778912041336e-05
        },
        "vehicle_throttle": 0.0,
        "unique_collisions": 0,
        "solid_lane_crosses": 0,
        "double_solid_lane_crosses": 0
    },
    {
        "game_time": 41.90819414705038,
        "vehicle_location": {
            "x": -74.441162109375,
            "y": 155.1826934814453,
            "z": -0.16164493560791016
        },
        "vehicle_velocity": {
            "x": 1.1442880420986512e-08,
            "y": -1.0891842983085098e-09,
            "z": 0.00023201941803563386
        },
        "vehicle_throttle": 0.0,
        "unique_collisions": 0,
        "solid_lane_crosses": 0,
        "double_solid_lane_crosses": 0
    },
    {
        "game_time": 43.012870628386736,
        "vehicle_location": {
            "x": -74.441162109375,
            "y": 155.1826934814453,
            "z": -0.16163715720176697
        },
        "vehicle_velocity": {
            "x": -4.176902379526837e-08,
            "y": -9.660470645656005e-09,
            "z": 0.0001890182466013357
        },
        "vehicle_throttle": 0.0,
        "unique_collisions": 0,
        "solid_lane_crosses": 0,
        "double_solid_lane_crosses": 0
    },
    {
        "game_time": 44.102072820067406,
        "vehicle_location": {
            "x": -74.441162109375,
            "y": 155.1826934814453,
            "z": -0.16164767742156982
        },
        "vehicle_velocity": {
            "x": -5.7338073844448445e-08,
            "y": -8.208103530193966e-09,
            "z": -4.1999817767646164e-05
        },
        "vehicle_throttle": 0.0,
        "unique_collisions": 0,
        "solid_lane_crosses": 0,
        "double_solid_lane_crosses": 0
    },
    {
        "game_time": 45.1158476062119,
        "vehicle_location": {
            "x": -74.441162109375,
            "y": 155.1826934814453,
            "z": -0.16162578761577606
        },
        "vehicle_velocity": {
            "x": 2.3288118100595057e-08,
            "y": -2.5015998161848074e-09,
            "z": 0.00015294551849365234
        },
        "vehicle_throttle": 0.0,
        "unique_collisions": 0,
        "solid_lane_crosses": 0,
        "double_solid_lane_crosses": 0
    },
    {
        "game_time": 46.18632160127163,
        "vehicle_location": {
            "x": -74.441162109375,
            "y": 155.1826934814453,
            "z": -0.1616445928812027
        },
        "vehicle_velocity": {
            "x": 1.1370480113015446e-09,
            "y": 7.489337150445863e-09,
            "z": -0.0004587268631439656
        },
        "vehicle_throttle": 0.0,
        "unique_collisions": 0,
        "solid_lane_crosses": 0,
        "double_solid_lane_crosses": 0
    },
    {
        "game_time": 47.28016791678965,
        "vehicle_location": {
            "x": -74.441162109375,
            "y": 155.1826934814453,
            "z": -0.16163107752799988
        },
        "vehicle_velocity": {
            "x": 1.5212309634193844e-08,
            "y": -6.432190335914356e-09,
            "z": 0.00013135909102857113
        },
        "vehicle_throttle": 0.0,
        "unique_collisions": 0,
        "solid_lane_crosses": 0,
        "double_solid_lane_crosses": 0
    },
    {
        "game_time": 48.35590014047921,
        "vehicle_location": {
            "x": -74.441162109375,
            "y": 155.1826934814453,
            "z": -0.16164295375347137
        },
        "vehicle_velocity": {
            "x": 3.213639132582102e-08,
            "y": -3.7034482147646486e-09,
            "z": 0.0002998399722855538
        },
        "vehicle_throttle": 0.0,
        "unique_collisions": 0,
        "solid_lane_crosses": 0,
        "double_solid_lane_crosses": 0
    },
    {
        "game_time": 49.38609922863543,
        "vehicle_location": {
            "x": -74.44125366210938,
            "y": 155.18028259277344,
            "z": -0.16180045902729034
        },
        "vehicle_velocity": {
            "x": -0.002220169408246875,
            "y": -0.05525684729218483,
            "z": 0.00010764121543616056
        },
        "vehicle_throttle": 0.75,
        "unique_collisions": 0,
        "solid_lane_crosses": 0,
        "double_solid_lane_crosses": 0
    },
    {
        "game_time": 50.410748809576035,
        "vehicle_location": {
            "x": -74.47508239746094,
            "y": 154.192626953125,
            "z": -0.16931769251823425
        },
        "vehicle_velocity": {
            "x": -0.05168849974870682,
            "y": -1.864877462387085,
            "z": 5.504607906914316e-05
        },
        "vehicle_throttle": 0.75,
        "unique_collisions": 0,
        "solid_lane_crosses": 0,
        "double_solid_lane_crosses": 0
    },
    {
        "game_time": 51.498226165771484,
        "vehicle_location": {
            "x": -74.54389190673828,
            "y": 151.2331085205078,
            "z": -0.16625262796878815
        },
        "vehicle_velocity": {
            "x": -0.0014648038195446134,
            "y": -3.4599971771240234,
            "z": -8.687018998898566e-05
        },
        "vehicle_throttle": 0.75,
        "unique_collisions": 0,
        "solid_lane_crosses": 0,
        "double_solid_lane_crosses": 0
    },
    {
        "game_time": 52.51168760471046,
        "vehicle_location": {
            "x": -74.595703125,
            "y": 147.1404266357422,
            "z": -0.16664554178714752
        },
        "vehicle_velocity": {
            "x": -0.024575550109148026,
            "y": -4.801539421081543,
            "z": 0.008273615501821041
        },
        "vehicle_throttle": 0.75,
        "unique_collisions": 0,
        "solid_lane_crosses": 0,
        "double_solid_lane_crosses": 0
    },
    {
        "game_time": 53.57044079527259,
        "vehicle_location": {
            "x": -74.55973815917969,
            "y": 141.49050903320312,
            "z": -0.1467486470937729
        },
        "vehicle_velocity": {
            "x": 0.20030386745929718,
            "y": -5.244329929351807,
            "z": 0.00582167599350214
        },
        "vehicle_throttle": 0.75,
        "unique_collisions": 0,
        "solid_lane_crosses": 0,
        "double_solid_lane_crosses": 0
    },
    {
        "game_time": 54.64794457517564,
        "vehicle_location": {
            "x": -74.35455322265625,
            "y": 135.68492126464844,
            "z": -0.14038550853729248
        },
        "vehicle_velocity": {
            "x": 0.2175668478012085,
            "y": -5.28208065032959,
            "z": 0.013334760442376137
        },
        "vehicle_throttle": 0.75,
        "unique_collisions": 0,
        "solid_lane_crosses": 0,
        "double_solid_lane_crosses": 0
    },
    {
        "game_time": 55.70709531567991,
        "vehicle_location": {
            "x": -74.15640258789062,
            "y": 129.97564697265625,
            "z": -0.1241995245218277
        },
        "vehicle_velocity": {
            "x": 0.15263566374778748,
            "y": -5.304191589355469,
            "z": 0.013196596875786781
        },
        "vehicle_throttle": 0.75,
        "unique_collisions": 0,
        "solid_lane_crosses": 0,
        "double_solid_lane_crosses": 0
    },
    {
        "game_time": 56.747443122789264,
        "vehicle_location": {
            "x": -74.13834381103516,
            "y": 124.35980987548828,
            "z": -0.10940475016832352
        },
        "vehicle_velocity": {
            "x": -0.657739520072937,
            "y": -5.2601776123046875,
            "z": 0.01291579194366932
        },
        "vehicle_throttle": 0.75,
        "unique_collisions": 0,
        "solid_lane_crosses": 0,
        "double_solid_lane_crosses": 0
    },
    {
        "game_time": 57.82315672561526,
        "vehicle_location": {
            "x": -75.21122741699219,
            "y": 118.67172241210938,
            "z": -0.07093166559934616
        },
        "vehicle_velocity": {
            "x": -1.2069259881973267,
            "y": -5.152168273925781,
            "z": 0.0764254480600357
        },
        "vehicle_throttle": 0.75,
        "unique_collisions": 0,
        "solid_lane_crosses": 0,
        "double_solid_lane_crosses": 0
    },
    {
        "game_time": 58.83273156546056,
        "vehicle_location": {
            "x": -76.36842346191406,
            "y": 113.3924560546875,
            "z": 0.07212363928556442
        },
        "vehicle_velocity": {
            "x": -1.0746749639511108,
            "y": -5.22013521194458,
            "z": -0.0859333947300911
        },
        "vehicle_throttle": 0.75,
        "unique_collisions": 1,
        "solid_lane_crosses": 0,
        "double_solid_lane_crosses": 0
    },
    {
        "game_time": 59.84863710589707,
        "vehicle_location": {
            "x": -77.14681243896484,
            "y": 107.92850494384766,
            "z": 0.06680862605571747
        },
        "vehicle_velocity": {
            "x": -0.4693453013896942,
            "y": -5.385699272155762,
            "z": 0.0799119770526886
        },
        "vehicle_throttle": 0.6933273673057556,
        "unique_collisions": 1,
        "solid_lane_crosses": 0,
        "double_solid_lane_crosses": 0
    },
    {
        "game_time": 60.85965068079531,
        "vehicle_location": {
            "x": -77.42495727539062,
            "y": 102.45375061035156,
            "z": 0.15713760256767273
        },
        "vehicle_velocity": {
            "x": -0.20437875390052795,
            "y": -5.458133220672607,
            "z": 0.0974799245595932
        },
        "vehicle_throttle": 0.37929171323776245,
        "unique_collisions": 1,
        "solid_lane_crosses": 0,
        "double_solid_lane_crosses": 0
    },
    {
        "game_time": 61.874372106045485,
        "vehicle_location": {
            "x": -77.53395080566406,
            "y": 96.95415496826172,
            "z": 0.25659751892089844
        },
        "vehicle_velocity": {
            "x": -0.052672822028398514,
            "y": -5.405952453613281,
            "z": 0.09568004310131073
        },
        "vehicle_throttle": 0.4633180499076843,
        "unique_collisions": 1,
        "solid_lane_crosses": 0,
        "double_solid_lane_crosses": 0
    },
    {
        "game_time": 62.92393858265132,
        "vehicle_location": {
            "x": -77.58972930908203,
            "y": 91.27195739746094,
            "z": 0.3569261133670807
        },
        "vehicle_velocity": {
            "x": -0.03133599832653999,
            "y": -5.4112114906311035,
            "z": 0.09564248472452164
        },
        "vehicle_throttle": 0.5651944875717163,
        "unique_collisions": 1,
        "solid_lane_crosses": 0,
        "double_solid_lane_crosses": 0
    },
    {
        "game_time": 63.93302936758846,
        "vehicle_location": {
            "x": -77.62060546875,
            "y": 85.80081176757812,
            "z": 0.45324310660362244
        },
        "vehicle_velocity": {
            "x": -0.024290969595313072,
            "y": -5.4330620765686035,
            "z": 0.09601213037967682
        },
        "vehicle_throttle": 0.4621153473854065,
        "unique_collisions": 1,
        "solid_lane_crosses": 0,
        "double_solid_lane_crosses": 0
    },
    {
        "game_time": 64.93419440556318,
        "vehicle_location": {
            "x": -77.6413803100586,
            "y": 80.37367248535156,
            "z": 0.5492189526557922
        },
        "vehicle_velocity": {
            "x": -0.018566207960247993,
            "y": -5.4182844161987305,
            "z": 0.09481614828109741
        },
        "vehicle_throttle": 0.4911029636859894,
        "unique_collisions": 1,
        "solid_lane_crosses": 0,
        "double_solid_lane_crosses": 0
    },
    {
        "game_time": 65.97667411435395,
        "vehicle_location": {
            "x": -77.65935516357422,
            "y": 74.72489929199219,
            "z": 0.6318204402923584
        },
        "vehicle_velocity": {
            "x": -0.016203152015805244,
            "y": -5.426418304443359,
            "z": 0.04720635712146759
        },
        "vehicle_throttle": 0.4749181866645813,
        "unique_collisions": 1,
        "solid_lane_crosses": 0,
        "double_solid_lane_crosses": 0
    },
    {
        "game_time": 67.05971024744213,
        "vehicle_location": {
            "x": -77.67644500732422,
            "y": 68.85310363769531,
            "z": 0.6705170273780823
        },
        "vehicle_velocity": {
            "x": -0.015594739466905594,
            "y": -5.431325435638428,
            "z": 0.005922937300056219
        },
        "vehicle_throttle": 0.47376748919487,
        "unique_collisions": 1,
        "solid_lane_crosses": 0,
        "double_solid_lane_crosses": 0
    },
    {
        "game_time": 68.07089422550052,
        "vehicle_location": {
            "x": -77.69184112548828,
            "y": 63.36289596557617,
            "z": 0.654538094997406
        },
        "vehicle_velocity": {
            "x": -0.014861947856843472,
            "y": -5.4389753341674805,
            "z": -0.04929579049348831
        },
        "vehicle_throttle": 0.42085930705070496,
        "unique_collisions": 1,
        "solid_lane_crosses": 0,
        "double_solid_lane_crosses": 0
    },
    {
        "game_time": 69.1125136949122,
        "vehicle_location": {
            "x": -77.70750427246094,
            "y": 57.70577621459961,
            "z": 0.5916017293930054
        },
        "vehicle_velocity": {
            "x": -0.014806866645812988,
            "y": -5.437387466430664,
            "z": -0.0880659967660904
        },
        "vehicle_throttle": 0.444449245929718,
        "unique_collisions": 1,
        "solid_lane_crosses": 0,
        "double_solid_lane_crosses": 0
    },
    {
        "game_time": 70.17047856003046,
        "vehicle_location": {
            "x": -77.7232437133789,
            "y": 51.95225524902344,
            "z": 0.47273480892181396
        },
        "vehicle_velocity": {
            "x": -0.014881783165037632,
            "y": -5.446200847625732,
            "z": -0.14576075971126556
        },
        "vehicle_throttle": 0.3866194486618042,
        "unique_collisions": 1,
        "solid_lane_crosses": 0,
        "double_solid_lane_crosses": 0
    },
    {
        "game_time": 71.18999480921775,
        "vehicle_location": {
            "x": -77.73817443847656,
            "y": 46.49094772338867,
            "z": 0.32540205121040344
        },
        "vehicle_velocity": {
            "x": -0.013317991979420185,
            "y": -4.880836009979248,
            "z": -0.14458508789539337
        },
        "vehicle_throttle": 0.0,
        "unique_collisions": 1,
        "solid_lane_crosses": 0,
        "double_solid_lane_crosses": 0
    },
    {
        "game_time": 72.20816146582365,
        "vehicle_location": {
            "x": -77.74781799316406,
            "y": 42.95143508911133,
            "z": 0.2301095575094223
        },
        "vehicle_velocity": {
            "x": -0.005579765886068344,
            "y": -2.0469958782196045,
            "z": -0.05633672699332237
        },
        "vehicle_throttle": 0.0,
        "unique_collisions": 1,
        "solid_lane_crosses": 0,
        "double_solid_lane_crosses": 0
    },
    {
        "game_time": 73.24371259659529,
        "vehicle_location": {
            "x": -77.74989318847656,
            "y": 42.17416000366211,
            "z": 0.20508697628974915
        },
        "vehicle_velocity": {
            "x": 3.702667527250014e-05,
            "y": 0.005811790004372597,
            "z": -0.00014851555170025676
        },
        "vehicle_throttle": 0.0,
        "unique_collisions": 1,
        "solid_lane_crosses": 0,
        "double_solid_lane_crosses": 0
    },
    {
        "game_time": 74.30136473756284,
        "vehicle_location": {
            "x": -77.74991607666016,
            "y": 42.17144775390625,
            "z": 0.20000267028808594
        },
        "vehicle_velocity": {
            "x": -2.5761080451047746e-06,
            "y": -0.0017286865040659904,
            "z": 0.00026287828222848475
        },
        "vehicle_throttle": 0.0,
        "unique_collisions": 1,
        "solid_lane_crosses": 0,
        "double_solid_lane_crosses": 0
    },
    {
        "game_time": 75.30693118367344,
        "vehicle_location": {
            "x": -77.74990844726562,
            "y": 42.17148971557617,
            "z": 0.20016250014305115
        },
        "vehicle_velocity": {
            "x": 2.617031441332074e-06,
            "y": 1.5848576367716305e-05,
            "z": 0.00020277794101275504
        },
        "vehicle_throttle": 0.0,
        "unique_collisions": 1,
        "solid_lane_crosses": 0,
        "double_solid_lane_crosses": 0
    },
    {
        "game_time": 76.34064069483429,
        "vehicle_location": {
            "x": -77.74990844726562,
            "y": 42.17144775390625,
            "z": 0.20012813806533813
        },
        "vehicle_velocity": {
            "x": 2.229733127023792e-06,
            "y": -6.818219844717532e-05,
            "z": 0.00015559137682430446
        },
        "vehicle_throttle": 0.0,
        "unique_collisions": 1,
        "solid_lane_crosses": 0,
        "double_solid_lane_crosses": 0
    },
    {
        "game_time": 77.38486060965806,
        "vehicle_location": {
            "x": -77.74990844726562,
            "y": 42.17144775390625,
            "z": 0.20008938014507294
        },
        "vehicle_velocity": {
            "x": 2.2654548956779763e-06,
            "y": -6.862536247354001e-05,
            "z": 0.0001751164236338809
        },
        "vehicle_throttle": 0.0,
        "unique_collisions": 1,
        "solid_lane_crosses": 0,
        "double_solid_lane_crosses": 0
    },
    {
        "game_time": 78.40969378687441,
        "vehicle_location": {
            "x": -77.74990844726562,
            "y": 42.17144775390625,
            "z": 0.2000964730978012
        },
        "vehicle_velocity": {
            "x": 2.164358647860354e-06,
            "y": -5.939736729487777e-05,
            "z": -6.147664680611342e-05
        },
        "vehicle_throttle": 0.0,
        "unique_collisions": 1,
        "solid_lane_crosses": 0,
        "double_solid_lane_crosses": 0
    },
    {
        "game_time": 79.44082763418555,
        "vehicle_location": {
            "x": -77.74990844726562,
            "y": 42.17144775390625,
            "z": 0.20007747411727905
        },
        "vehicle_velocity": {
            "x": 2.0685663457697956e-06,
            "y": -6.806165038142353e-05,
            "z": 0.00016873657295946032
        },
        "vehicle_throttle": 0.0,
        "unique_collisions": 1,
        "solid_lane_crosses": 0,
        "double_solid_lane_crosses": 0
    },
    {
        "game_time": 80.44154801685363,
        "vehicle_location": {
            "x": -77.74990844726562,
            "y": 42.17144775390625,
            "z": 0.20010516047477722
        },
        "vehicle_velocity": {
            "x": 2.137095407306333e-06,
            "y": -6.0983449657214805e-05,
            "z": 6.684246909571812e-05
        },
        "vehicle_throttle": 0.0,
        "unique_collisions": 1,
        "solid_lane_crosses": 0,
        "double_solid_lane_crosses": 0
    },
    {
        "game_time": 81.49771740287542,
        "vehicle_location": {
            "x": -77.74990844726562,
            "y": 42.17144775390625,
            "z": 0.20013168454170227
        },
        "vehicle_velocity": {
            "x": 2.3491522824770072e-06,
            "y": -6.126254447735846e-05,
            "z": -1.4713308701175265e-05
        },
        "vehicle_throttle": 0.0,
        "unique_collisions": 1,
        "solid_lane_crosses": 0,
        "double_solid_lane_crosses": 0
    },
    {
        "game_time": 82.50738357938826,
        "vehicle_location": {
            "x": -77.74990844726562,
            "y": 42.17144775390625,
            "z": 0.2000965029001236
        },
        "vehicle_velocity": {
            "x": 1.8860032469092403e-06,
            "y": -5.070477709523402e-05,
            "z": -0.0002165161567972973
        },
        "vehicle_throttle": 0.0,
        "unique_collisions": 1,
        "solid_lane_crosses": 0,
        "double_solid_lane_crosses": 0
    },
    {
        "game_time": 83.58541441429406,
        "vehicle_location": {
            "x": -77.75086975097656,
            "y": 41.82349395751953,
            "z": 0.18264922499656677
        },
        "vehicle_velocity": {
            "x": -0.0030474280938506126,
            "y": -1.120442509651184,
            "z": -0.027741050347685814
        },
        "vehicle_throttle": 0.75,
        "unique_collisions": 1,
        "solid_lane_crosses": 0,
        "double_solid_lane_crosses": 0
    },
    {
        "game_time": 84.58993804827332,
        "vehicle_location": {
            "x": -77.75658416748047,
            "y": 39.73826217651367,
            "z": 0.13216613233089447
        },
        "vehicle_velocity": {
            "x": -0.008038435131311417,
            "y": -2.9434218406677246,
            "z": -0.07127273082733154
        },
        "vehicle_throttle": 0.75,
        "unique_collisions": 1,
        "solid_lane_crosses": 0,
        "double_solid_lane_crosses": 0
    },
    {
        "game_time": 85.59835991822183,
        "vehicle_location": {
            "x": -77.76654815673828,
            "y": 36.08350372314453,
            "z": 0.05550071597099304
        },
        "vehicle_velocity": {
            "x": -0.011277707293629646,
            "y": -4.1358795166015625,
            "z": -0.07319256663322449
        },
        "vehicle_throttle": 0.75,
        "unique_collisions": 1,
        "solid_lane_crosses": 0,
        "double_solid_lane_crosses": 0
    },
    {
        "game_time": 86.62899227906018,
        "vehicle_location": {
            "x": -77.78081512451172,
            "y": 30.81192398071289,
            "z": -0.03615119680762291
        },
        "vehicle_velocity": {
            "x": -0.015511739067733288,
            "y": -5.49774169921875,
            "z": -0.0958247035741806
        },
        "vehicle_throttle": 0.0,
        "unique_collisions": 1,
        "solid_lane_crosses": 0,
        "double_solid_lane_crosses": 0
    },
    {
        "game_time": 87.69177423417568,
        "vehicle_location": {
            "x": -77.79595184326172,
            "y": 25.28514862060547,
            "z": -0.08922427892684937
        },
        "vehicle_velocity": {
            "x": -0.012173866853117943,
            "y": -4.460321426391602,
            "z": -0.021318720653653145
        },
        "vehicle_throttle": 0.0,
        "unique_collisions": 1,
        "solid_lane_crosses": 0,
        "double_solid_lane_crosses": 0
    },
    {
        "game_time": 88.70909187663347,
        "vehicle_location": {
            "x": -77.8041763305664,
            "y": 22.319496154785156,
            "z": -0.09530055522918701
        },
        "vehicle_velocity": {
            "x": -0.003858454991132021,
            "y": -1.4249403476715088,
            "z": -0.006994166411459446
        },
        "vehicle_throttle": 0.0,
        "unique_collisions": 1,
        "solid_lane_crosses": 0,
        "double_solid_lane_crosses": 0
    },
    {
        "game_time": 89.76694537792355,
        "vehicle_location": {
            "x": -77.80751037597656,
            "y": 21.074430465698242,
            "z": -0.12273204326629639
        },
        "vehicle_velocity": {
            "x": -0.00510838907212019,
            "y": -1.8702555894851685,
            "z": -0.009802832268178463
        },
        "vehicle_throttle": 0.75,
        "unique_collisions": 1,
        "solid_lane_crosses": 0,
        "double_solid_lane_crosses": 0
    },
    {
        "game_time": 90.82894685026258,
        "vehicle_location": {
            "x": -77.81527709960938,
            "y": 18.18103790283203,
            "z": -0.13233886659145355
        },
        "vehicle_velocity": {
            "x": -0.01583181880414486,
            "y": -3.47629451751709,
            "z": -0.03009478561580181
        },
        "vehicle_throttle": 0.75,
        "unique_collisions": 1,
        "solid_lane_crosses": 0,
        "double_solid_lane_crosses": 0
    },
    {
        "game_time": 91.8990104869008,
        "vehicle_location": {
            "x": -78.09619140625,
            "y": 14.840452194213867,
            "z": -0.14441363513469696
        },
        "vehicle_velocity": {
            "x": -0.5605621933937073,
            "y": -2.8959808349609375,
            "z": -0.010234951972961426
        },
        "vehicle_throttle": 0.75,
        "unique_collisions": 1,
        "solid_lane_crosses": 0,
        "double_solid_lane_crosses": 0
    },
    {
        "game_time": 92.94216930307448,
        "vehicle_location": {
            "x": -79.28022003173828,
            "y": 11.600701332092285,
            "z": -0.1546841412782669
        },
        "vehicle_velocity": {
            "x": -2.599092721939087,
            "y": -2.860097646713257,
            "z": -0.004030036740005016
        },
        "vehicle_throttle": 0.75,
        "unique_collisions": 1,
        "solid_lane_crosses": 0,
        "double_solid_lane_crosses": 0
    },
    {
        "game_time": 93.96923528518528,
        "vehicle_location": {
            "x": -82.78443908691406,
            "y": 10.101481437683105,
            "z": -0.15474390983581543
        },
        "vehicle_velocity": {
            "x": -4.337968349456787,
            "y": 0.8326086401939392,
            "z": 0.004526734352111816
        },
        "vehicle_throttle": 0.0,
        "unique_collisions": 1,
        "solid_lane_crosses": 0,
        "double_solid_lane_crosses": 0
    },
    {
        "game_time": 94.97008103877306,
        "vehicle_location": {
            "x": -86.09777069091797,
            "y": 10.682793617248535,
            "z": -0.1539619415998459
        },
        "vehicle_velocity": {
            "x": -2.7565934658050537,
            "y": 1.080477237701416,
            "z": 0.0038244915194809437
        },
        "vehicle_throttle": 0.75,
        "unique_collisions": 1,
        "solid_lane_crosses": 0,
        "double_solid_lane_crosses": 0
    },
    {
        "game_time": 95.99437636043876,
        "vehicle_location": {
            "x": -89.30802154541016,
            "y": 12.149271965026855,
            "z": -0.15456977486610413
        },
        "vehicle_velocity": {
            "x": -3.462616205215454,
            "y": 1.9657865762710571,
            "z": 0.005981783848255873
        },
        "vehicle_throttle": 0.75,
        "unique_collisions": 1,
        "solid_lane_crosses": 0,
        "double_solid_lane_crosses": 0
    },
    {
        "game_time": 97.04395512770861,
        "vehicle_location": {
            "x": -92.88069915771484,
            "y": 14.517294883728027,
            "z": -0.13550430536270142
        },
        "vehicle_velocity": {
            "x": -2.617882251739502,
            "y": 2.148621082305908,
            "z": -3.254890543757938e-05
        },
        "vehicle_throttle": 0.75,
        "unique_collisions": 1,
        "solid_lane_crosses": 0,
        "double_solid_lane_crosses": 0
    },
    {
        "game_time": 98.08774020243436,
        "vehicle_location": {
            "x": -95.6341323852539,
            "y": 16.818065643310547,
            "z": -0.1556650847196579
        },
        "vehicle_velocity": {
            "x": -2.8795363903045654,
            "y": 2.570941925048828,
            "z": -0.006224250886589289
        },
        "vehicle_throttle": 0.75,
        "unique_collisions": 1,
        "solid_lane_crosses": 0,
        "double_solid_lane_crosses": 0
    },
    {
        "game_time": 99.13911098707467,
        "vehicle_location": {
            "x": -98.84474182128906,
            "y": 19.81492042541504,
            "z": -0.15312789380550385
        },
        "vehicle_velocity": {
            "x": -2.7161471843719482,
            "y": 2.593562602996826,
            "z": -0.00013574122567661107
        },
        "vehicle_throttle": 0.75,
        "unique_collisions": 1,
        "solid_lane_crosses": 0,
        "double_solid_lane_crosses": 0
    },
    {
        "game_time": 100.17792424373329,
        "vehicle_location": {
            "x": -101.53932189941406,
            "y": 22.4367618560791,
            "z": -0.1690189689397812
        },
        "vehicle_velocity": {
            "x": -2.8037283420562744,
            "y": 2.7601654529571533,
            "z": 0.00022398470900952816
        },
        "vehicle_throttle": 0.75,
        "unique_collisions": 1,
        "solid_lane_crosses": 0,
        "double_solid_lane_crosses": 0
    },
    {
        "game_time": 101.1906853588298,
        "vehicle_location": {
            "x": -104.57013702392578,
            "y": 25.443649291992188,
            "z": -0.15475662052631378
        },
        "vehicle_velocity": {
            "x": -2.614305019378662,
            "y": 2.613018035888672,
            "z": -0.00018959045701194555
        },
        "vehicle_throttle": 0.0,
        "unique_collisions": 1,
        "solid_lane_crosses": 0,
        "double_solid_lane_crosses": 0
    },
    {
        "game_time": 102.23383216001093,
        "vehicle_location": {
            "x": -106.2911605834961,
            "y": 27.167362213134766,
            "z": -0.16002696752548218
        },
        "vehicle_velocity": {
            "x": -1.2230079174041748,
            "y": 1.2274341583251953,
            "z": 0.0003539276076480746
        },
        "vehicle_throttle": 0.75,
        "unique_collisions": 1,
        "solid_lane_crosses": 0,
        "double_solid_lane_crosses": 0
    },
    {
        "game_time": 103.27860246691853,
        "vehicle_location": {
            "x": -108.15225982666016,
            "y": 29.036109924316406,
            "z": -0.16585204005241394
        },
        "vehicle_velocity": {
            "x": -2.2881760597229004,
            "y": 2.3189308643341064,
            "z": 0.0001826953812269494
        },
        "vehicle_throttle": 0.75,
        "unique_collisions": 1,
        "solid_lane_crosses": 0,
        "double_solid_lane_crosses": 0
    },
    {
        "game_time": 104.3025107132271,
        "vehicle_location": {
            "x": -110.91801452636719,
            "y": 31.8232421875,
            "z": -0.166116401553154
        },
        "vehicle_velocity": {
            "x": -3.1724212169647217,
            "y": 3.210395336151123,
            "z": -0.00022492407879326493
        },
        "vehicle_throttle": 0.75,
        "unique_collisions": 1,
        "solid_lane_crosses": 0,
        "double_solid_lane_crosses": 0
    },
    {
        "game_time": 105.36882530525327,
        "vehicle_location": {
            "x": -113.95462799072266,
            "y": 34.889122009277344,
            "z": -0.15288874506950378
        },
        "vehicle_velocity": {
            "x": -2.387730121612549,
            "y": 2.412156343460083,
            "z": 0.00014668464427813888
        },
        "vehicle_throttle": 0.75,
        "unique_collisions": 1,
        "solid_lane_crosses": 0,
        "double_solid_lane_crosses": 0
    },
    {
        "game_time": 106.37570216041058,
        "vehicle_location": {
            "x": -116.63570404052734,
            "y": 37.59830856323242,
            "z": -0.1657751053571701
        },
        "vehicle_velocity": {
            "x": -2.965514659881592,
            "y": 2.9979164600372314,
            "z": -0.0001962375536095351
        },
        "vehicle_throttle": 0.75,
        "unique_collisions": 1,
        "solid_lane_crosses": 0,
        "double_solid_lane_crosses": 0
    },
    {
        "game_time": 107.429199391976,
        "vehicle_location": {
            "x": -119.70460510253906,
            "y": 40.700401306152344,
            "z": -0.14912615716457367
        },
        "vehicle_velocity": {
            "x": -2.186634063720703,
            "y": 2.2101330757141113,
            "z": -8.819103095447645e-05
        },
        "vehicle_throttle": 0.75,
        "unique_collisions": 1,
        "solid_lane_crosses": 0,
        "double_solid_lane_crosses": 0
    },
    {
        "game_time": 108.43847233150154,
        "vehicle_location": {
            "x": -121.90702056884766,
            "y": 42.92552947998047,
            "z": -0.17005492746829987
        },
        "vehicle_velocity": {
            "x": -2.480648994445801,
            "y": 2.5096633434295654,
            "z": 0.0001295042020501569
        },
        "vehicle_throttle": 0.75,
        "unique_collisions": 1,
        "solid_lane_crosses": 0,
        "double_solid_lane_crosses": 0
    },
    {
        "game_time": 109.4392761643976,
        "vehicle_location": {
            "x": -123.89562225341797,
            "y": 44.93741989135742,
            "z": -0.14829403162002563
        },
        "vehicle_velocity": {
            "x": -1.1508183479309082,
            "y": 1.1640682220458984,
            "z": 7.085800007189391e-06
        },
        "vehicle_throttle": 0.0,
        "unique_collisions": 1,
        "solid_lane_crosses": 0,
        "double_solid_lane_crosses": 0
    },
    {
        "game_time": 110.50342693831772,
        "vehicle_location": {
            "x": -124.33522033691406,
            "y": 45.382102966308594,
            "z": -0.16331927478313446
        },
        "vehicle_velocity": {
            "x": -0.324058473110199,
            "y": 0.32803550362586975,
            "z": -2.4962424504337832e-05
        },
        "vehicle_throttle": 0.75,
        "unique_collisions": 1,
        "solid_lane_crosses": 0,
        "double_solid_lane_crosses": 0
    },
    {
        "game_time": 111.55210477858782,
        "vehicle_location": {
            "x": -124.95450592041016,
            "y": 46.00693893432617,
            "z": -0.16760879755020142
        },
        "vehicle_velocity": {
            "x": -1.1237391233444214,
            "y": 1.1299080848693848,
            "z": 0.0002762222138699144
        },
        "vehicle_throttle": 0.75,
        "unique_collisions": 1,
        "solid_lane_crosses": 0,
        "double_solid_lane_crosses": 0
    },
    {
        "game_time": 112.59499221574515,
        "vehicle_location": {
            "x": -126.77030181884766,
            "y": 47.81898880004883,
            "z": -0.16615557670593262
        },
        "vehicle_velocity": {
            "x": -2.2873144149780273,
            "y": 2.2667829990386963,
            "z": -7.386207471427042e-06
        },
        "vehicle_throttle": 0.75,
        "unique_collisions": 1,
        "solid_lane_crosses": 0,
        "double_solid_lane_crosses": 0
    },
    {
        "game_time": 113.64104081317782,
        "vehicle_location": {
            "x": -129.62596130371094,
            "y": 50.59104537963867,
            "z": -0.16556613147258759
        },
        "vehicle_velocity": {
            "x": -3.2206671237945557,
            "y": 3.118762254714966,
            "z": 6.859779387013987e-05
        },
        "vehicle_throttle": 0.75,
        "unique_collisions": 1,
        "solid_lane_crosses": 0,
        "double_solid_lane_crosses": 0
    }
]