[
    {
        "game_time": 9.25989758130163,
        "vehicle_location": {
            "x": -33.0031623840332,
            "y": 193.72169494628906,
            "z": -0.04008598253130913
        },
        "vehicle_velocity": {
            "x": 0.9756172895431519,
            "y": 0.8454711437225342,
            "z": 0.0009077453287318349
        },
        "vehicle_throttle": 0.75,
        "unique_collisions": 0,
        "solid_lane_crosses": 0,
        "double_solid_lane_crosses": 0
    },
    {
        "game_time": 10.291916688904166,
        "vehicle_location": {
            "x": -32.03676223754883,
            "y": 194.7001495361328,
            "z": -0.043716009706258774
        },
        "vehicle_velocity": {
            "x": -0.912628710269928,
            "y": 0.3248189389705658,
            "z": 0.013778631575405598
        },
        "vehicle_throttle": 0.75,
        "unique_collisions": 1,
        "solid_lane_crosses": 0,
        "double_solid_lane_crosses": 0
    },
    {
        "game_time": 11.303536054678261,
        "vehicle_location": {
            "x": -33.28622055053711,
            "y": 194.60707092285156,
            "z": -0.043011587113142014
        },
        "vehicle_velocity": {
            "x": -2.4952971935272217,
            "y": -0.06593775004148483,
            "z": 6.953149568289518e-05
        },
        "vehicle_throttle": 0.75,
        "unique_collisions": 1,
        "solid_lane_crosses": 0,
        "double_solid_lane_crosses": 0
    },
    {
        "game_time": 12.318282443098724,
        "vehicle_location": {
            "x": -37.33932876586914,
            "y": 194.38185119628906,
            "z": -0.0394965335726738
        },
        "vehicle_velocity": {
            "x": -5.677029132843018,
            "y": -1.2755639553070068,
            "z": -0.00019593238539528102
        },
        "vehicle_throttle": 0.0,
        "unique_collisions": 1,
        "solid_lane_crosses": 0,
        "double_solid_lane_crosses": 0
    },
    {
        "game_time": 13.356494781561196,
        "vehicle_location": {
            "x": -42.2857666015625,
            "y": 193.757080078125,
            "z": -0.0387018583714962
        },
        "vehicle_velocity": {
            "x": -4.749931335449219,
            "y": -0.6004907488822937,
            "z": 0.00010759353608591482
        },
        "vehicle_throttle": 0.75,
        "unique_collisions": 1,
        "solid_lane_crosses": 0,
        "double_solid_lane_crosses": 0
    },
    {
        "game_time": 14.368276068009436,
        "vehicle_location": {
            "x": -47.54525375366211,
            "y": 192.81968688964844,
            "z": -0.036383744329214096
        },
        "vehicle_velocity": {
            "x": -4.818907260894775,
            "y": -1.2162058353424072,
            "z": -0.0003111457626800984
        },
        "vehicle_throttle": 0.75,
        "unique_collisions": 1,
        "solid_lane_crosses": 0,
        "double_solid_lane_crosses": 0
    },
    {
        "game_time": 15.38957881834358,
        "vehicle_location": {
            "x": -51.9642333984375,
            "y": 191.4770050048828,
            "z": -0.03897498920559883
        },
        "vehicle_velocity": {
            "x": -4.6880202293396,
            "y": -1.9051880836486816,
            "z": 0.003768177004531026
        },
        "vehicle_throttle": 0.75,
        "unique_collisions": 1,
        "solid_lane_crosses": 0,
        "double_solid_lane_crosses": 0
    },
    {
        "game_time": 16.389613720588386,
        "vehicle_location": {
            "x": -56.74043655395508,
            "y": 189.23468017578125,
            "z": -0.03786434233188629
        },
        "vehicle_velocity": {
            "x": -4.4192938804626465,
            "y": -2.735457420349121,
            "z": 0.0007654571090824902
        },
        "vehicle_throttle": 0.75,
        "unique_collisions": 1,
        "solid_lane_crosses": 0,
        "double_solid_lane_crosses": 0
    },
    {
        "game_time": 17.411063252948225,
        "vehicle_location": {
            "x": -60.95553970336914,
            "y": 186.28065490722656,
            "z": -0.03717022016644478
        },
        "vehicle_velocity": {
            "x": -3.4281938076019287,
            "y": -2.892033815383911,
            "z": -0.0007028960972093046
        },
        "vehicle_throttle": 0.75,
        "unique_collisions": 1,
        "solid_lane_crosses": 0,
        "double_solid_lane_crosses": 0
    },
    {
        "game_time": 18.412358502857387,
        "vehicle_location": {
            "x": -64.68146514892578,
            "y": 182.6864471435547,
            "z": -0.03722900152206421
        },
        "vehicle_velocity": {
            "x": -3.57387375831604,
            "y": -4.112626552581787,
            "z": 3.53336326952558e-05
        },
        "vehicle_throttle": 0.0,
        "unique_collisions": 1,
        "solid_lane_crosses": 0,
        "double_solid_lane_crosses": 0
    },
    {
        "game_time": 19.437783350236714,
        "vehicle_location": {
            "x": -67.50540161132812,
            "y": 179.0821075439453,
            "z": -0.03864719346165657
        },
        "vehicle_velocity": {
            "x": -2.4879467487335205,
            "y": -3.751268148422241,
            "z": -0.00022990703291725367
        },
        "vehicle_throttle": 0.75,
        "unique_collisions": 1,
        "solid_lane_crosses": 0,
        "double_solid_lane_crosses": 0
    },
    {
        "game_time": 20.452479326166213,
        "vehicle_location": {
            "x": -70.201416015625,
            "y": 174.51773071289062,
            "z": -0.035795364528894424
        },
        "vehicle_velocity": {
            "x": -2.306680202484131,
            "y": -4.518744945526123,
            "z": 1.4138221558823716e-05
        },
        "vehicle_throttle": 0.75,
        "unique_collisions": 1,
        "solid_lane_crosses": 0,
        "double_solid_lane_crosses": 0
    },
    {
        "game_time": 21.457945610396564,
        "vehicle_location": {
            "x": -71.94534301757812,
            "y": 170.35479736328125,
            "z": -0.038896482437849045
        },
        "vehicle_velocity": {
            "x": -1.5949980020523071,
            "y": -4.475247859954834,
            "z": -0.001539955148473382
        },
        "vehicle_throttle": 0.75,
        "unique_collisions": 1,
        "solid_lane_crosses": 0,
        "double_solid_lane_crosses": 0
    },
    {
        "game_time": 22.511131302453578,
        "vehicle_location": {
            "x": -73.3900375366211,
            "y": 165.5710906982422,
            "z": -0.032984159886837006
        },
        "vehicle_velocity": {
            "x": -0.7393673658370972,
            "y": -2.806440591812134,
            "z": 0.013538927771151066
        },
        "vehicle_throttle": 0.0,
        "unique_collisions": 1,
        "solid_lane_crosses": 0,
        "double_solid_lane_crosses": 0
    },
    {
        "game_time": 23.563942446373403,
        "vehicle_location": {
            "x": -73.66444396972656,
            "y": 164.50546264648438,
            "z": -0.03472045809030533
        },
        "vehicle_velocity": {
            "x": -0.10354599356651306,
            "y": -0.5189355611801147,
            "z": -0.001309204031713307
        },
        "vehicle_throttle": 0.75,
        "unique_collisions": 1,
        "solid_lane_crosses": 0,
        "double_solid_lane_crosses": 0
    },
    {
        "game_time": 24.597517891786993,
        "vehicle_location": {
            "x": -73.73688507080078,
            "y": 164.12879943847656,
            "z": -0.03853423893451691
        },
        "vehicle_velocity": {
            "x": -0.07216664403676987,
            "y": -0.370989590883255,
            "z": 0.0005018043448217213
        },
        "vehicle_throttle": 0.0,
        "unique_collisions": 1,
        "solid_lane_crosses": 0,
        "double_solid_lane_crosses": 0
    },
    {
        "game_time": 25.600779295898974,
        "vehicle_location": {
            "x": -73.75483703613281,
            "y": 164.02615356445312,
            "z": -0.03783874586224556
        },
        "vehicle_velocity": {
            "x": -0.03435487300157547,
            "y": -0.17451798915863037,
            "z": -0.001127376570366323
        },
        "vehicle_throttle": 0.75,
        "unique_collisions": 1,
        "solid_lane_crosses": 0,
        "double_solid_lane_crosses": 0
    },
    {
        "game_time": 26.626029326580465,
        "vehicle_location": {
            "x": -73.7727279663086,
            "y": 163.92991638183594,
            "z": -0.03761855885386467
        },
        "vehicle_velocity": {
            "x": -0.025461681187152863,
            "y": -0.13132284581661224,
            "z": -0.00020822047372348607
        },
        "vehicle_throttle": 0.75,
        "unique_collisions": 1,
        "solid_lane_crosses": 0,
        "double_solid_lane_crosses": 0
    },
    {
        "game_time": 27.66748404596001,
        "vehicle_location": {
            "x": -73.77653503417969,
            "y": 163.90777587890625,
            "z": -0.03771468997001648
        },
        "vehicle_velocity": {
            "x": 9.426285032532178e-06,
            "y": 4.094783071195707e-05,
            "z": 0.00040275571518577635
        },
        "vehicle_throttle": 0.0,
        "unique_collisions": 1,
        "solid_lane_crosses": 0,
        "double_solid_lane_crosses": 0
    },
    {
        "game_time": 28.69708250183612,
        "vehicle_location": {
            "x": -73.77653503417969,
            "y": 163.90774536132812,
            "z": -0.03774726763367653
        },
        "vehicle_velocity": {
            "x": 1.3320543246209127e-07,
            "y": -5.851617856933444e-08,
            "z": -0.00024881362332962453
        },
        "vehicle_throttle": 0.0,
        "unique_collisions": 1,
        "solid_lane_crosses": 0,
        "double_solid_lane_crosses": 0
    },
    {
        "game_time": 29.767122951336205,
        "vehicle_location": {
            "x": -73.77653503417969,
            "y": 163.90774536132812,
            "z": -0.037787169218063354
        },
        "vehicle_velocity": {
            "x": -2.6936289643231248e-08,
            "y": 3.863419095750942e-08,
            "z": -0.0005135059473104775
        },
        "vehicle_throttle": 0.0,
        "unique_collisions": 1,
        "solid_lane_crosses": 0,
        "double_solid_lane_crosses": 0
    },
    {
        "game_time": 30.802477936260402,
        "vehicle_location": {
            "x": -73.77653503417969,
            "y": 163.90774536132812,
            "z": -0.03772342577576637
        },
        "vehicle_velocity": {
            "x": 1.5477651515993784e-07,
            "y": 1.9678559226576908e-08,
            "z": -7.462501343979966e-06
        },
        "vehicle_throttle": 0.0,
        "unique_collisions": 1,
        "solid_lane_crosses": 0,
        "double_solid_lane_crosses": 0
    },
    {
        "game_time": 31.845268866978586,
        "vehicle_location": {
            "x": -73.77653503417969,
            "y": 163.90774536132812,
            "z": -0.037716712802648544
        },
        "vehicle_velocity": {
            "x": 1.8942369450769547e-08,
            "y": 5.1821515967276355e-08,
            "z": 0.00017702102195471525
        },
        "vehicle_throttle": 0.0,
        "unique_collisions": 1,
        "solid_lane_crosses": 0,
        "double_solid_lane_crosses": 0
    },
    {
        "game_time": 32.89270028565079,
        "vehicle_location": {
            "x": -73.77653503417969,
            "y": 163.90774536132812,
            "z": -0.03771915286779404
        },
        "vehicle_velocity": {
            "x": -9.992142224746203e-08,
            "y": -2.640715024426754e-08,
            "z": 0.00016169071022886783
        },
        "vehicle_throttle": 0.0,
        "unique_collisions": 1,
        "solid_lane_crosses": 0,
        "double_solid_lane_crosses": 0
    },
    {
        "game_time": 33.919885392300785,
        "vehicle_location": {
            "x": -73.7814712524414,
            "y": 163.91192626953125,
            "z": -0.04752597585320473
        },
        "vehicle_velocity": {
            "x": -0.00045677131856791675,
            "y": -0.002205019351094961,
            "z": -0.001992646371945739
        },
        "vehicle_throttle": 0.0,
        "unique_collisions": 2,
        "solid_lane_crosses": 0,
        "double_solid_lane_crosses": 0
    },
    {
        "game_time": 34.95465314667672,
        "vehicle_location": {
            "x": -73.78182220458984,
            "y": 163.90872192382812,
            "z": -0.04912998154759407
        },
        "vehicle_velocity": {
            "x": -0.001285698963329196,
            "y": 0.00032029158319346607,
            "z": 0.006993487942963839
        },
        "vehicle_throttle": 0.0,
        "unique_collisions": 2,
        "solid_lane_crosses": 0,
        "double_solid_lane_crosses": 0
    },
    {
        "game_time": 35.98367940541357,
        "vehicle_location": {
            "x": -73.7806167602539,
            "y": 163.90576171875,
            "z": -0.04792991653084755
        },
        "vehicle_velocity": {
            "x": -0.0005487231537699699,
            "y": -0.0005351872532628477,
            "z": 0.0034951334819197655
        },
        "vehicle_throttle": 0.0,
        "unique_collisions": 2,
        "solid_lane_crosses": 0,
        "double_solid_lane_crosses": 0
    },
    {
        "game_time": 37.03160988818854,
        "vehicle_location": {
            "x": -73.78038024902344,
            "y": 163.90386962890625,
            "z": -0.04706241562962532
        },
        "vehicle_velocity": {
            "x": -0.0007654756773263216,
            "y": -0.0015726984711363912,
            "z": -0.0002609890652820468
        },
        "vehicle_throttle": 0.0,
        "unique_collisions": 2,
        "solid_lane_crosses": 0,
        "double_solid_lane_crosses": 0
    },
    {
        "game_time": 38.0329549619928,
        "vehicle_location": {
            "x": -73.78009033203125,
            "y": 163.90269470214844,
            "z": -0.046421926468610764
        },
        "vehicle_velocity": {
            "x": -0.00020374094310682267,
            "y": -0.0004809128004126251,
            "z": 0.0010795524576678872
        },
        "vehicle_throttle": 0.0,
        "unique_collisions": 2,
        "solid_lane_crosses": 0,
        "double_solid_lane_crosses": 0
    },
    {
        "game_time": 39.08342248853296,
        "vehicle_location": {
            "x": -73.780029296875,
            "y": 163.90188598632812,
            "z": -0.04606445133686066
        },
        "vehicle_velocity": {
            "x": -0.00036129902582615614,
            "y": -0.0004978698561899364,
            "z": -0.001007008831948042
        },
        "vehicle_throttle": 0.0,
        "unique_collisions": 2,
        "solid_lane_crosses": 0,
        "double_solid_lane_crosses": 0
    },
    {
        "game_time": 40.090995131991804,
        "vehicle_location": {
            "x": -73.77904510498047,
            "y": 163.90208435058594,
            "z": -0.04276393726468086
        },
        "vehicle_velocity": {
            "x": -0.0031320368871092796,
            "y": -0.003015127032995224,
            "z": 0.020303020253777504
        },
        "vehicle_throttle": 0.0,
        "unique_collisions": 2,
        "solid_lane_crosses": 0,
        "double_solid_lane_crosses": 0
    },
    {
        "game_time": 41.1155261406675,
        "vehicle_location": {
            "x": -73.77779388427734,
            "y": 163.90304565429688,
            "z": -0.03771583363413811
        },
        "vehicle_velocity": {
            "x": -2.8698302685370436e-06,
            "y": -1.5042155609990004e-07,
            "z": -3.496646968415007e-05
        },
        "vehicle_throttle": 0.0,
        "unique_collisions": 2,
        "solid_lane_crosses": 0,
        "double_solid_lane_crosses": 0
    },
    {
        "game_time": 42.17031504865736,
        "vehicle_location": {
            "x": -73.77779388427734,
            "y": 163.90304565429688,
            "z": -0.037732429802417755
        },
        "vehicle_velocity": {
            "x": -3.7925346418887784e-08,
            "y": -4.320046897987595e-08,
            "z": -0.0003172493015881628
        },
        "vehicle_throttle": 0.0,
        "unique_collisions": 2,
        "solid_lane_crosses": 0,
        "double_solid_lane_crosses": 0
    },
    {
        "game_time": 43.173817166127264,
        "vehicle_location": {
            "x": -73.77779388427734,
            "y": 163.90304565429688,
            "z": -0.03769782930612564
        },
        "vehicle_velocity": {
            "x": -1.6933391577822476e-08,
            "y": -2.7339941865989204e-08,
            "z": -0.00018040179566014558
        },
        "vehicle_throttle": 0.0,
        "unique_collisions": 2,
        "solid_lane_crosses": 0,
        "double_solid_lane_crosses": 0
    },
    {
        "game_time": 44.177762924693525,
        "vehicle_location": {
            "x": -73.77779388427734,
            "y": 163.90304565429688,
            "z": -0.03772876784205437
        },
        "vehicle_velocity": {
            "x": 5.531612501386007e-09,
            "y": 8.39654958895153e-08,
            "z": 0.00034006594796665013
        },
        "vehicle_throttle": 0.0,
        "unique_collisions": 2,
        "solid_lane_crosses": 0,
        "double_solid_lane_crosses": 0
    },
    {
        "game_time": 45.188983109779656,
        "vehicle_location": {
            "x": -73.77779388427734,
            "y": 163.90304565429688,
            "z": -0.03773990646004677
        },
        "vehicle_velocity": {
            "x": -1.0685757168005239e-08,
            "y": 3.349034827238029e-09,
            "z": 0.00011147021723445505
        },
        "vehicle_throttle": 0.0,
        "unique_collisions": 2,
        "solid_lane_crosses": 0,
        "double_solid_lane_crosses": 0
    },
    {
        "game_time": 46.23513761628419,
        "vehicle_location": {
            "x": -73.77779388427734,
            "y": 163.90304565429688,
            "z": -0.037721291184425354
        },
        "vehicle_velocity": {
            "x": -1.8162361925533332e-07,
            "y": -5.602670327675696e-08,
            "z": -0.0003372001519892365
        },
        "vehicle_throttle": 0.0,
        "unique_collisions": 2,
        "solid_lane_crosses": 0,
        "double_solid_lane_crosses": 0
    },
    {
        "game_time": 47.24105197284371,
        "vehicle_location": {
            "x": -73.77779388427734,
            "y": 163.90304565429688,
            "z": -0.03767376020550728
        },
        "vehicle_velocity": {
            "x": 5.091811772217625e-08,
            "y": 2.4735074433124282e-08,
            "z": -0.0002112054789904505
        },
        "vehicle_throttle": 0.0,
        "unique_collisions": 2,
        "solid_lane_crosses": 0,
        "double_solid_lane_crosses": 0
    },
    {
        "game_time": 48.284966747276485,
        "vehicle_location": {
            "x": -73.77779388427734,
            "y": 163.90304565429688,
            "z": -0.03772083297371864
        },
        "vehicle_velocity": {
            "x": -2.3869805687581902e-08,
            "y": -7.84056108926734e-09,
            "z": 0.0003777694655582309
        },
        "vehicle_throttle": 0.0,
        "unique_collisions": 2,
        "solid_lane_crosses": 0,
        "double_solid_lane_crosses": 0
    },
    {
        "game_time": 49.32083376776427,
        "vehicle_location": {
            "x": -73.77779388427734,
            "y": 163.90304565429688,
            "z": -0.037716176360845566
        },
        "vehicle_velocity": {
            "x": -1.5281584353488142e-07,
            "y": -2.3706774321397006e-09,
            "z": 0.0009002065635286272
        },
        "vehicle_throttle": 0.0,
        "unique_collisions": 2,
        "solid_lane_crosses": 0,
        "double_solid_lane_crosses": 0
    },
    {
        "game_time": 50.35373667720705,
        "vehicle_location": {
            "x": -73.818359375,
            "y": 163.69960021972656,
            "z": -0.03849117085337639
        },
        "vehicle_velocity": {
            "x": -0.07946541905403137,
            "y": -0.4021006226539612,
            "z": -0.00010835647117346525
        },
        "vehicle_throttle": 0.0,
        "unique_collisions": 2,
        "solid_lane_crosses": 0,
        "double_solid_lane_crosses": 0
    },
    {
        "game_time": 51.36592317093164,
        "vehicle_location": {
            "x": -73.94485473632812,
            "y": 162.89146423339844,
            "z": -0.03863418474793434
        },
        "vehicle_velocity": {
            "x": -0.17546460032463074,
            "y": -1.288949966430664,
            "z": 0.001076173735782504
        },
        "vehicle_throttle": 0.75,
        "unique_collisions": 2,
        "solid_lane_crosses": 0,
        "double_solid_lane_crosses": 0
    },
    {
        "game_time": 52.39799284469336,
        "vehicle_location": {
            "x": -74.15434265136719,
            "y": 161.1312713623047,
            "z": -0.03903621435165405
        },
        "vehicle_velocity": {
            "x": -0.21077615022659302,
            "y": -2.1565489768981934,
            "z": 0.00021011351782362908
        },
        "vehicle_throttle": 0.75,
        "unique_collisions": 2,
        "solid_lane_crosses": 0,
        "double_solid_lane_crosses": 0
    },
    {
        "game_time": 53.40979259181768,
        "vehicle_location": {
            "x": -74.34517669677734,
            "y": 158.4263458251953,
            "z": -0.03831958770751953
        },
        "vehicle_velocity": {
            "x": -0.13369624316692352,
            "y": -2.9142513275146484,
            "z": 0.00015302657266147435
        },
        "vehicle_throttle": 0.75,
        "unique_collisions": 2,
        "solid_lane_crosses": 0,
        "double_solid_lane_crosses": 0
    },
    {
        "game_time": 54.42836445104331,
        "vehicle_location": {
            "x": -74.47103881835938,
            "y": 155.23995971679688,
            "z": -0.03792640566825867
        },
        "vehicle_velocity": {
            "x": -0.0989036038517952,
            "y": -2.960171937942505,
            "z": -7.741450826870278e-05
        },
        "vehicle_throttle": 0.75,
        "unique_collisions": 2,
        "solid_lane_crosses": 0,
        "double_solid_lane_crosses": 0
    },
    {
        "game_time": 55.47965307626873,
        "vehicle_location": {
            "x": -74.55287170410156,
            "y": 151.14935302734375,
            "z": -0.03748489171266556
        },
        "vehicle_velocity": {
            "x": -0.07970992475748062,
            "y": -4.238884449005127,
            "z": -0.00016244410653598607
        },
        "vehicle_throttle": 0.0,
        "unique_collisions": 2,
        "solid_lane_crosses": 0,
        "double_solid_lane_crosses": 0
    },
    {
        "game_time": 56.53844921384007,
        "vehicle_location": {
            "x": -74.5826644897461,
            "y": 147.61143493652344,
            "z": -0.03910766541957855
        },
        "vehicle_velocity": {
            "x": 0.13117337226867676,
            "y": -3.876885175704956,
            "z": 0.005599222145974636
        },
        "vehicle_throttle": 0.75,
        "unique_collisions": 2,
        "solid_lane_crosses": 0,
        "double_solid_lane_crosses": 0
    },
    {
        "game_time": 57.576181198470294,
        "vehicle_location": {
            "x": -74.00446319580078,
            "y": 143.16578674316406,
            "z": -0.03147418797016144
        },
        "vehicle_velocity": {
            "x": 1.4319841861724854,
            "y": -4.7339582443237305,
            "z": 0.006043586414307356
        },
        "vehicle_throttle": 0.75,
        "unique_collisions": 2,
        "solid_lane_crosses": 0,
        "double_solid_lane_crosses": 0
    },
    {
        "game_time": 58.63224839698523,
        "vehicle_location": {
            "x": -71.19210815429688,
            "y": 138.56719970703125,
            "z": -0.022115478292107582
        },
        "vehicle_velocity": {
            "x": 3.3522677421569824,
            "y": -2.8294687271118164,
            "z": 0.007673010695725679
        },
        "vehicle_throttle": 0.75,
        "unique_collisions": 2,
        "solid_lane_crosses": 0,
        "double_solid_lane_crosses": 0
    },
    {
        "game_time": 59.69364229682833,
        "vehicle_location": {
            "x": -66.77533721923828,
            "y": 136.62591552734375,
            "z": -0.036283645778894424
        },
        "vehicle_velocity": {
            "x": 5.389136791229248,
            "y": -1.1198476552963257,
            "z": -0.0028896282892674208
        },
        "vehicle_throttle": 0.75,
        "unique_collisions": 2,
        "solid_lane_crosses": 0,
        "double_solid_lane_crosses": 0
    },
    {
        "game_time": 60.74824246298522,
        "vehicle_location": {
            "x": -61.680057525634766,
            "y": 135.7613983154297,
            "z": -0.03701934590935707
        },
        "vehicle_velocity": {
            "x": 4.084108352661133,
            "y": -0.3030654191970825,
            "z": 0.0004425096558406949
        },
        "vehicle_throttle": 0.75,
        "unique_collisions": 2,
        "solid_lane_crosses": 0,
        "double_solid_lane_crosses": 0
    },
    {
        "game_time": 61.7559631774202,
        "vehicle_location": {
            "x": -58.43611526489258,
            "y": 135.49978637695312,
            "z": -0.033243559300899506
        },
        "vehicle_velocity": {
            "x": 0.9905977249145508,
            "y": -0.07352134585380554,
            "z": 0.0011338996700942516
        },
        "vehicle_throttle": 0.0,
        "unique_collisions": 2,
        "solid_lane_crosses": 0,
        "double_solid_lane_crosses": 0
    },
    {
        "game_time": 62.79675417859107,
        "vehicle_location": {
            "x": -57.26387023925781,
            "y": 135.42637634277344,
            "z": -0.03932361677289009
        },
        "vehicle_velocity": {
            "x": 2.0559871196746826,
            "y": -0.12411952763795853,
            "z": -0.0007118892390280962
        },
        "vehicle_throttle": 0.75,
        "unique_collisions": 2,
        "solid_lane_crosses": 0,
        "double_solid_lane_crosses": 0
    },
    {
        "game_time": 63.79870162997395,
        "vehicle_location": {
            "x": -54.26356506347656,
            "y": 135.2898712158203,
            "z": -0.03938697651028633
        },
        "vehicle_velocity": {
            "x": 3.966301679611206,
            "y": -0.15241935849189758,
            "z": 0.0008765554521232843
        },
        "vehicle_throttle": 0.75,
        "unique_collisions": 2,
        "solid_lane_crosses": 0,
        "double_solid_lane_crosses": 0
    },
    {
        "game_time": 64.82909791264683,
        "vehicle_location": {
            "x": -50.14091110229492,
            "y": 135.1493682861328,
            "z": -0.03842582553625107
        },
        "vehicle_velocity": {
            "x": 3.895659923553467,
            "y": -0.12160669267177582,
            "z": -0.0006239223293960094
        },
        "vehicle_throttle": 0.75,
        "unique_collisions": 2,
        "solid_lane_crosses": 0,
        "double_solid_lane_crosses": 0
    },
    {
        "game_time": 65.84515830036253,
        "vehicle_location": {
            "x": -46.06106185913086,
            "y": 135.0342254638672,
            "z": -0.038646772503852844
        },
        "vehicle_velocity": {
            "x": 4.136651039123535,
            "y": -0.11225548386573792,
            "z": -0.0003713273908942938
        },
        "vehicle_throttle": 0.75,
        "unique_collisions": 2,
        "solid_lane_crosses": 0,
        "double_solid_lane_crosses": 0
    },
    {
        "game_time": 66.8722367035225,
        "vehicle_location": {
            "x": -42.001346588134766,
            "y": 134.9311981201172,
            "z": -0.03903179243206978
        },
        "vehicle_velocity": {
            "x": 4.2011895179748535,
            "y": -0.10435698926448822,
            "z": -0.000205793374334462
        },
        "vehicle_throttle": 0.75,
        "unique_collisions": 2,
        "solid_lane_crosses": 0,
        "double_solid_lane_crosses": 0
    },
    {
        "game_time": 67.90975760202855,
        "vehicle_location": {
            "x": -37.97189712524414,
            "y": 134.83445739746094,
            "z": -0.03917224705219269
        },
        "vehicle_velocity": {
            "x": 4.230553150177002,
            "y": -0.10047127306461334,
            "z": -0.0006194686866365373
        },
        "vehicle_throttle": 0.75,
        "unique_collisions": 2,
        "solid_lane_crosses": 0,
        "double_solid_lane_crosses": 0
    },
    {
        "game_time": 68.96485729049891,
        "vehicle_location": {
            "x": -33.70420455932617,
            "y": 134.73497009277344,
            "z": -0.038636282086372375
        },
        "vehicle_velocity": {
            "x": 4.291862487792969,
            "y": -0.09736951440572739,
            "z": 0.0014066743897274137
        },
        "vehicle_throttle": 0.0,
        "unique_collisions": 2,
        "solid_lane_crosses": 0,
        "double_solid_lane_crosses": 0
    },
    {
        "game_time": 69.9921794096008,
        "vehicle_location": {
            "x": -30.023685455322266,
            "y": 134.65028381347656,
            "z": -0.034163739532232285
        },
        "vehicle_velocity": {
            "x": 2.283548593521118,
            "y": -0.0523223802447319,
            "z": -0.0003638362686615437
        },
        "vehicle_throttle": 0.75,
        "unique_collisions": 2,
        "solid_lane_crosses": 0,
        "double_solid_lane_crosses": 0
    },
    {
        "game_time": 71.01089523453265,
        "vehicle_location": {
            "x": -28.38826560974121,
            "y": 134.61288452148438,
            "z": -0.03676857054233551
        },
        "vehicle_velocity": {
            "x": 0.8689050078392029,
            "y": -0.019779952242970467,
            "z": 0.0003885984478984028
        },
        "vehicle_throttle": 0.75,
        "unique_collisions": 2,
        "solid_lane_crosses": 0,
        "double_solid_lane_crosses": 0
    },
    {
        "game_time": 72.06272818986326,
        "vehicle_location": {
            "x": -27.878509521484375,
            "y": 134.60191345214844,
            "z": -0.03671829029917717
        },
        "vehicle_velocity": {
            "x": 0.1823391318321228,
            "y": -0.004479614552110434,
            "z": -0.0007003593491390347
        },
        "vehicle_throttle": 0.75,
        "unique_collisions": 2,
        "solid_lane_crosses": 0,
        "double_solid_lane_crosses": 0
    },
    {
        "game_time": 73.08736083004624,
        "vehicle_location": {
            "x": -27.65255355834961,
            "y": 134.59719848632812,
            "z": -0.03730442002415657
        },
        "vehicle_velocity": {
            "x": 0.1889026165008545,
            "y": -0.004257505293935537,
            "z": 0.0009159278706647456
        },
        "vehicle_throttle": 0.75,
        "unique_collisions": 2,
        "solid_lane_crosses": 0,
        "double_solid_lane_crosses": 0
    },
    {
        "game_time": 74.12587331887335,
        "vehicle_location": {
            "x": -27.538732528686523,
            "y": 134.59461975097656,
            "z": -0.04111983999609947
        },
        "vehicle_velocity": {
            "x": 0.01578429900109768,
            "y": -0.0004919074126519263,
            "z": 0.0010340689914301038
        },
        "vehicle_throttle": 0.75,
        "unique_collisions": 2,
        "solid_lane_crosses": 0,
        "double_solid_lane_crosses": 0
    },
    {
        "game_time": 75.18079318199307,
        "vehicle_location": {
            "x": -27.51959991455078,
            "y": 134.59413146972656,
            "z": -0.03773326799273491
        },
        "vehicle_velocity": {
            "x": -5.201637031859718e-05,
            "y": 7.200727054623712e-07,
            "z": 0.0006076192948967218
        },
        "vehicle_throttle": 0.0,
        "unique_collisions": 2,
        "solid_lane_crosses": 0,
        "double_solid_lane_crosses": 0
    },
    {
        "game_time": 76.23938214499503,
        "vehicle_location": {
            "x": -27.51957893371582,
            "y": 134.59413146972656,
            "z": -0.0376904271543026
        },
        "vehicle_velocity": {
            "x": -6.177203459856173e-08,
            "y": -1.5121852214861065e-08,
            "z": 0.0007653856300748885
        },
        "vehicle_throttle": 0.0,
        "unique_collisions": 2,
        "solid_lane_crosses": 0,
        "double_solid_lane_crosses": 0
    },
    {
        "game_time": 77.26117325108498,
        "vehicle_location": {
            "x": -27.51957893371582,
            "y": 134.59413146972656,
            "z": -0.03771594911813736
        },
        "vehicle_velocity": {
            "x": 2.980099367277944e-08,
            "y": -1.383201322369132e-07,
            "z": 0.0003883743193000555
        },
        "vehicle_throttle": 0.0,
        "unique_collisions": 2,
        "solid_lane_crosses": 0,
        "double_solid_lane_crosses": 0
    },
    {
        "game_time": 78.3007851773873,
        "vehicle_location": {
            "x": -27.51957893371582,
            "y": 134.59413146972656,
            "z": -0.037766799330711365
        },
        "vehicle_velocity": {
            "x": 3.549805782654403e-08,
            "y": 4.085819682586589e-08,
            "z": -0.001027231221087277
        },
        "vehicle_throttle": 0.0,
        "unique_collisions": 2,
        "solid_lane_crosses": 0,
        "double_solid_lane_crosses": 0
    },
    {
        "game_time": 79.31413847114891,
        "vehicle_location": {
            "x": -27.51957893371582,
            "y": 134.59413146972656,
            "z": -0.03774188831448555
        },
        "vehicle_velocity": {
            "x": -1.9683108476442612e-08,
            "y": -2.443374214067262e-08,
            "z": 0.0015717935748398304
        },
        "vehicle_throttle": 0.0,
        "unique_collisions": 2,
        "solid_lane_crosses": 0,
        "double_solid_lane_crosses": 0
    },
    {
        "game_time": 80.3292185170576,
        "vehicle_location": {
            "x": -27.51957893371582,
            "y": 134.59413146972656,
            "z": -0.03777744248509407
        },
        "vehicle_velocity": {
            "x": 1.2884683542324638e-08,
            "y": 9.767148867467768e-08,
            "z": -0.00041895866161212325
        },
        "vehicle_throttle": 0.0,
        "unique_collisions": 2,
        "solid_lane_crosses": 0,
        "double_solid_lane_crosses": 0
    },
    {
        "game_time": 81.39833140093833,
        "vehicle_location": {
            "x": -27.51957893371582,
            "y": 134.59413146972656,
            "z": -0.037737999111413956
        },
        "vehicle_velocity": {
            "x": -1.5700125644002583e-08,
            "y": 1.1129191079817247e-07,
            "z": 8.006095595192164e-05
        },
        "vehicle_throttle": 0.0,
        "unique_collisions": 2,
        "solid_lane_crosses": 0,
        "double_solid_lane_crosses": 0
    },
    {
        "game_time": 82.45677707251161,
        "vehicle_location": {
            "x": -27.51957893371582,
            "y": 134.59413146972656,
            "z": -0.037769049406051636
        },
        "vehicle_velocity": {
            "x": 8.838900100727187e-08,
            "y": -4.4298730017544585e-08,
            "z": -0.0006277274806052446
        },
        "vehicle_throttle": 0.0,
        "unique_collisions": 2,
        "solid_lane_crosses": 0,
        "double_solid_lane_crosses": 0
    },
    {
        "game_time": 83.48555032070726,
        "vehicle_location": {
            "x": -27.51957893371582,
            "y": 134.59413146972656,
            "z": -0.03771888464689255
        },
        "vehicle_velocity": {
            "x": 3.60985517033896e-08,
            "y": -3.109076018859014e-08,
            "z": -0.00017111777560785413
        },
        "vehicle_throttle": 0.0,
        "unique_collisions": 2,
        "solid_lane_crosses": 0,
        "double_solid_lane_crosses": 0
    },
    {
        "game_time": 84.492132213898,
        "vehicle_location": {
            "x": -27.51957893371582,
            "y": 134.59413146972656,
            "z": -0.037790488451719284
        },
        "vehicle_velocity": {
            "x": -7.86285425657951e-10,
            "y": 1.2012037586828228e-08,
            "z": -8.367538248421624e-05
        },
        "vehicle_throttle": 0.0,
        "unique_collisions": 2,
        "solid_lane_crosses": 0,
        "double_solid_lane_crosses": 0
    },
    {
        "game_time": 85.53778604511172,
        "vehicle_location": {
            "x": -27.51957893371582,
            "y": 134.59413146972656,
            "z": -0.03773685544729233
        },
        "vehicle_velocity": {
            "x": 2.5908102330163274e-08,
            "y": 1.507344791207288e-07,
            "z": 0.00044153211638331413
        },
        "vehicle_throttle": 0.0,
        "unique_collisions": 2,
        "solid_lane_crosses": 0,
        "double_solid_lane_crosses": 0
    },
    {
        "game_time": 86.56759267766029,
        "vehicle_location": {
            "x": -27.51957893371582,
            "y": 134.59413146972656,
            "z": -0.03772727772593498
        },
        "vehicle_velocity": {
            "x": 2.476792282379847e-08,
            "y": -2.134665422204307e-08,
            "z": -0.0012549972161650658
        },
        "vehicle_throttle": 0.0,
        "unique_collisions": 2,
        "solid_lane_crosses": 0,
        "double_solid_lane_crosses": 0
    },
    {
        "game_time": 87.61255735065788,
        "vehicle_location": {
            "x": -27.51957893371582,
            "y": 134.59413146972656,
            "z": -0.03779056295752525
        },
        "vehicle_velocity": {
            "x": 3.1414582046807027e-09,
            "y": 8.832052422746983e-09,
            "z": -0.0005601978045888245
        },
        "vehicle_throttle": 0.0,
        "unique_collisions": 2,
        "solid_lane_crosses": 0,
        "double_solid_lane_crosses": 0
    },
    {
        "game_time": 88.66837782319635,
        "vehicle_location": {
            "x": -27.51957893371582,
            "y": 134.59413146972656,
            "z": -0.037795715034008026
        },
        "vehicle_velocity": {
            "x": 5.528426605394543e-09,
            "y": -2.3289776152068953e-07,
            "z": 9.492874232819304e-05
        },
        "vehicle_throttle": 0.0,
        "unique_collisions": 2,
        "solid_lane_crosses": 0,
        "double_solid_lane_crosses": 0
    },
    {
        "game_time": 89.69938785303384,
        "vehicle_location": {
            "x": -27.51957893371582,
            "y": 134.59413146972656,
            "z": -0.0377044677734375
        },
        "vehicle_velocity": {
            "x": -6.663117169125599e-09,
            "y": 1.4315251917196292e-07,
            "z": 0.0011800050269812346
        },
        "vehicle_throttle": 0.0,
        "unique_collisions": 2,
        "solid_lane_crosses": 0,
        "double_solid_lane_crosses": 0
    },
    {
        "game_time": 90.71798405889422,
        "vehicle_location": {
            "x": -27.51957893371582,
            "y": 134.59413146972656,
            "z": -0.03768909350037575
        },
        "vehicle_velocity": {
            "x": -5.519035539691686e-08,
            "y": -9.07199506627876e-08,
            "z": 0.0015299463411793113
        },
        "vehicle_throttle": 0.0,
        "unique_collisions": 2,
        "solid_lane_crosses": 0,
        "double_solid_lane_crosses": 0
    },
    {
        "game_time": 91.77549078594893,
        "vehicle_location": {
            "x": -27.51957893371582,
            "y": 134.59413146972656,
            "z": -0.03774913772940636
        },
        "vehicle_velocity": {
            "x": 2.3496367518305306e-08,
            "y": -3.0217741198157455e-08,
            "z": -0.000713939662091434
        },
        "vehicle_throttle": 0.0,
        "unique_collisions": 2,
        "solid_lane_crosses": 0,
        "double_solid_lane_crosses": 0
    },
    {
        "game_time": 92.79396780114621,
        "vehicle_location": {
            "x": -27.51957893371582,
            "y": 134.59413146972656,
            "z": -0.03772369399666786
        },
        "vehicle_velocity": {
            "x": 4.022323807362227e-08,
            "y": -4.6576168699630216e-08,
            "z": -0.0011425780830904841
        },
        "vehicle_throttle": 0.0,
        "unique_collisions": 2,
        "solid_lane_crosses": 0,
        "double_solid_lane_crosses": 0
    },
    {
        "game_time": 93.8217659080401,
        "vehicle_location": {
            "x": -27.48562240600586,
            "y": 134.59339904785156,
            "z": -0.03866519778966904
        },
        "vehicle_velocity": {
            "x": 0.3151351809501648,
            "y": -0.007053238805383444,
            "z": -0.0018327521393075585
        },
        "vehicle_throttle": 0.0,
        "unique_collisions": 2,
        "solid_lane_crosses": 0,
        "double_solid_lane_crosses": 0
    },
    {
        "game_time": 94.88123930897564,
        "vehicle_location": {
            "x": -27.302108764648438,
            "y": 134.5881805419922,
            "z": -0.03865627199411392
        },
        "vehicle_velocity": {
            "x": 0.5500850081443787,
            "y": -0.012695501558482647,
            "z": 1.596927540958859e-05
        },
        "vehicle_throttle": 0.75,
        "unique_collisions": 2,
        "solid_lane_crosses": 0,
        "double_solid_lane_crosses": 0
    },
    {
        "game_time": 95.91587925236672,
        "vehicle_location": {
            "x": -26.38460922241211,
            "y": 134.5662841796875,
            "z": -0.03797687590122223
        },
        "vehicle_velocity": {
            "x": 1.2956433296203613,
            "y": -0.029740070924162865,
            "z": -0.001045875484123826
        },
        "vehicle_throttle": 0.75,
        "unique_collisions": 2,
        "solid_lane_crosses": 0,
        "double_solid_lane_crosses": 0
    },
    {
        "game_time": 96.92414903920144,
        "vehicle_location": {
            "x": -24.540922164916992,
            "y": 134.5245819091797,
            "z": -0.03883605822920799
        },
        "vehicle_velocity": {
            "x": 2.2665703296661377,
            "y": -0.05134114623069763,
            "z": 0.0003056335262954235
        },
        "vehicle_throttle": 0.75,
        "unique_collisions": 2,
        "solid_lane_crosses": 0,
        "double_solid_lane_crosses": 0
    },
    {
        "game_time": 97.95189482998103,
        "vehicle_location": {
            "x": -21.207321166992188,
            "y": 134.45974731445312,
            "z": -0.03931247442960739
        },
        "vehicle_velocity": {
            "x": 4.215514659881592,
            "y": 0.04520237818360329,
            "z": 0.0011289595859125257
        },
        "vehicle_throttle": 0.75,
        "unique_collisions": 2,
        "solid_lane_crosses": 0,
        "double_solid_lane_crosses": 0
    },
    {
        "game_time": 99.000512923114,
        "vehicle_location": {
            "x": -15.966710090637207,
            "y": 135.13336181640625,
            "z": -0.036094781011343
        },
        "vehicle_velocity": {
            "x": 4.703075885772705,
            "y": 2.2402098178863525,
            "z": -0.0001388359087286517
        },
        "vehicle_throttle": 0.4848567247390747,
        "unique_collisions": 2,
        "solid_lane_crosses": 0,
        "double_solid_lane_crosses": 0
    },
    {
        "game_time": 100.01604306232184,
        "vehicle_location": {
            "x": -12.399065017700195,
            "y": 137.90174865722656,
            "z": -0.03844684362411499
        },
        "vehicle_velocity": {
            "x": 2.5675854682922363,
            "y": 3.8756773471832275,
            "z": -0.00019100189092569053
        },
        "vehicle_throttle": 0.75,
        "unique_collisions": 2,
        "solid_lane_crosses": 0,
        "double_solid_lane_crosses": 0
    },
    {
        "game_time": 101.06189795583487,
        "vehicle_location": {
            "x": -10.456504821777344,
            "y": 142.9200897216797,
            "z": -0.036399804055690765
        },
        "vehicle_velocity": {
            "x": 0.8923446536064148,
            "y": 4.8681511878967285,
            "z": -0.003063974203541875
        },
        "vehicle_throttle": 0.75,
        "unique_collisions": 2,
        "solid_lane_crosses": 0,
        "double_solid_lane_crosses": 0
    },
    {
        "game_time": 102.0886308234185,
        "vehicle_location": {
            "x": -9.845927238464355,
            "y": 147.6637420654297,
            "z": -0.03847339376807213
        },
        "vehicle_velocity": {
            "x": 0.41874900460243225,
            "y": 5.090402126312256,
            "z": 1.5172958228504285e-05
        },
        "vehicle_throttle": 0.75,
        "unique_collisions": 2,
        "solid_lane_crosses": 0,
        "double_solid_lane_crosses": 0
    },
    {
        "game_time": 103.13779168017209,
        "vehicle_location": {
            "x": -9.546523094177246,
            "y": 153.26348876953125,
            "z": -0.03877326846122742
        },
        "vehicle_velocity": {
            "x": 0.11911188066005707,
            "y": 5.526345252990723,
            "z": -1.7824173482949845e-05
        },
        "vehicle_throttle": 0.43737712502479553,
        "unique_collisions": 2,
        "solid_lane_crosses": 0,
        "double_solid_lane_crosses": 0
    },
    {
        "game_time": 104.14991098456085,
        "vehicle_location": {
            "x": -9.421615600585938,
            "y": 158.22232055664062,
            "z": -0.038405682891607285
        },
        "vehicle_velocity": {
            "x": 0.08555781096220016,
            "y": 4.7667317390441895,
            "z": 6.479740113718435e-05
        },
        "vehicle_throttle": 0.75,
        "unique_collisions": 2,
        "solid_lane_crosses": 0,
        "double_solid_lane_crosses": 0
    },
    {
        "game_time": 105.1590523365885,
        "vehicle_location": {
            "x": -9.340926170349121,
            "y": 163.5612335205078,
            "z": -0.03618396818637848
        },
        "vehicle_velocity": {
            "x": 0.042574692517519,
            "y": 4.966383934020996,
            "z": -0.0007135915802791715
        },
        "vehicle_throttle": 0.75,
        "unique_collisions": 2,
        "solid_lane_crosses": 0,
        "double_solid_lane_crosses": 0
    },
    {
        "game_time": 106.18895617499948,
        "vehicle_location": {
            "x": -9.294289588928223,
            "y": 168.26510620117188,
            "z": -0.03896194323897362
        },
        "vehicle_velocity": {
            "x": 0.04456709697842598,
            "y": 5.096228122711182,
            "z": 0.001165800029411912
        },
        "vehicle_throttle": 0.75,
        "unique_collisions": 2,
        "solid_lane_crosses": 0,
        "double_solid_lane_crosses": 0
    },
    {
        "game_time": 107.19569873716682,
        "vehicle_location": {
            "x": -9.251251220703125,
            "y": 173.62904357910156,
            "z": -0.03810001164674759
        },
        "vehicle_velocity": {
            "x": 0.03958406299352646,
            "y": 5.28879976272583,
            "z": -8.88347585714655e-06
        },
        "vehicle_throttle": 0.75,
        "unique_collisions": 2,
        "solid_lane_crosses": 0,
        "double_solid_lane_crosses": 0
    },
    {
        "game_time": 108.25176258943975,
        "vehicle_location": {
            "x": -9.214238166809082,
            "y": 178.88082885742188,
            "z": -0.03783237189054489
        },
        "vehicle_velocity": {
            "x": 0.030862506479024887,
            "y": 4.555410385131836,
            "z": 0.00022264003928285092
        },
        "vehicle_throttle": 0.75,
        "unique_collisions": 2,
        "solid_lane_crosses": 0,
        "double_solid_lane_crosses": 0
    },
    {
        "game_time": 109.29071915335953,
        "vehicle_location": {
            "x": -9.234047889709473,
            "y": 184.30462646484375,
            "z": -0.035821571946144104
        },
        "vehicle_velocity": {
            "x": -0.21317081153392792,
            "y": 5.049888610839844,
            "z": 1.1496543265820947e-05
        },
        "vehicle_throttle": 0.75,
        "unique_collisions": 2,
        "solid_lane_crosses": 0,
        "double_solid_lane_crosses": 0
    },
    {
        "game_time": 110.33072084374726,
        "vehicle_location": {
            "x": -10.27624225616455,
            "y": 189.5779266357422,
            "z": -0.03534172102808952
        },
        "vehicle_velocity": {
            "x": -2.3440027236938477,
            "y": 4.019660472869873,
            "z": -0.0003831672656815499
        },
        "vehicle_throttle": 0.75,
        "unique_collisions": 2,
        "solid_lane_crosses": 0,
        "double_solid_lane_crosses": 0
    },
    {
        "game_time": 111.34797303937376,
        "vehicle_location": {
            "x": -13.734782218933105,
            "y": 192.0095672607422,
            "z": -0.03826114535331726
        },
        "vehicle_velocity": {
            "x": -4.886979103088379,
            "y": 0.94427490234375,
            "z": 9.663581295171753e-05
        },
        "vehicle_throttle": 0.75,
        "unique_collisions": 2,
        "solid_lane_crosses": 0,
        "double_solid_lane_crosses": 0
    },
    {
        "game_time": 112.38342153932899,
        "vehicle_location": {
            "x": -18.80865478515625,
            "y": 193.49639892578125,
            "z": -0.036137960851192474
        },
        "vehicle_velocity": {
            "x": -4.039829730987549,
            "y": 1.2599360942840576,
            "z": 0.000631628034170717
        },
        "vehicle_throttle": 0.75,
        "unique_collisions": 2,
        "solid_lane_crosses": 0,
        "double_solid_lane_crosses": 0
    },
    {
        "game_time": 113.4282993413508,
        "vehicle_location": {
            "x": -23.72879981994629,
            "y": 195.02877807617188,
            "z": -0.03931766375899315
        },
        "vehicle_velocity": {
            "x": -5.521265029907227,
            "y": 1.719973087310791,
            "z": -0.00013537883933167905
        },
        "vehicle_throttle": 0.0,
        "unique_collisions": 2,
        "solid_lane_crosses": 0,
        "double_solid_lane_crosses": 0
    },
    {
        "game_time": 114.45020081382245,
        "vehicle_location": {
            "x": -28.401212692260742,
            "y": 196.19235229492188,
            "z": -0.0381392277777195
        },
        "vehicle_velocity": {
            "x": -4.372990131378174,
            "y": 0.746033251285553,
            "z": -1.7623900930630043e-05
        },
        "vehicle_throttle": 0.75,
        "unique_collisions": 2,
        "solid_lane_crosses": 0,
        "double_solid_lane_crosses": 0
    },
    {
        "game_time": 115.48724695574492,
        "vehicle_location": {
            "x": -33.73355484008789,
            "y": 196.7718963623047,
            "z": -0.035928841680288315
        },
        "vehicle_velocity": {
            "x": -5.079501152038574,
            "y": 0.3884162902832031,
            "z": -1.0013580009626821e-07
        },
        "vehicle_throttle": 0.75,
        "unique_collisions": 2,
        "solid_lane_crosses": 0,
        "double_solid_lane_crosses": 0
    },
    {
        "game_time": 116.51199419330806,
        "vehicle_location": {
            "x": -39.08847427368164,
            "y": 196.9922637939453,
            "z": -0.035795096307992935
        },
        "vehicle_velocity": {
            "x": -4.727548599243164,
            "y": 0.14842958748340607,
            "z": -0.0008870172314345837
        },
        "vehicle_throttle": 0.75,
        "unique_collisions": 2,
        "solid_lane_crosses": 0,
        "double_solid_lane_crosses": 0
    }
]