[
    {
        "game_time": 9.751686219591647,
        "vehicle_location": {
            "x": 15.579136848449707,
            "y": 201.5770263671875,
            "z": -0.010978049598634243
        },
        "vehicle_velocity": {
            "x": 1.7518398761749268,
            "y": -0.32419005036354065,
            "z": -0.0007237624959088862
        },
        "vehicle_throttle": 0.75,
        "unique_collisions": 0,
        "solid_lane_crosses": 0,
        "double_solid_lane_crosses": 0
    },
    {
        "game_time": 10.822315458673984,
        "vehicle_location": {
            "x": 18.643156051635742,
            "y": 200.80406188964844,
            "z": -0.009523200802505016
        },
        "vehicle_velocity": {
            "x": 3.8530256748199463,
            "y": -1.4027748107910156,
            "z": -0.00019581794913392514
        },
        "vehicle_throttle": 0.75,
        "unique_collisions": 0,
        "solid_lane_crosses": 0,
        "double_solid_lane_crosses": 0
    },
    {
        "game_time": 11.864996795076877,
        "vehicle_location": {
            "x": 23.260194778442383,
            "y": 198.31146240234375,
            "z": -0.009645194746553898
        },
        "vehicle_velocity": {
            "x": 4.7039971351623535,
            "y": -3.9163661003112793,
            "z": -0.00027462959405966103
        },
        "vehicle_throttle": 0.0,
        "unique_collisions": 0,
        "solid_lane_crosses": 0,
        "double_solid_lane_crosses": 0
    },
    {
        "game_time": 12.960488057229668,
        "vehicle_location": {
            "x": 26.74013328552246,
            "y": 194.3474884033203,
            "z": -0.008314209058880806
        },
        "vehicle_velocity": {
            "x": 2.4176058769226074,
            "y": -3.5299253463745117,
            "z": -0.00011548041948117316
        },
        "vehicle_throttle": 0.75,
        "unique_collisions": 0,
        "solid_lane_crosses": 0,
        "double_solid_lane_crosses": 0
    },
    {
        "game_time": 14.04752489225939,
        "vehicle_location": {
            "x": 29.3774356842041,
            "y": 189.2731170654297,
            "z": -0.010465125553309917
        },
        "vehicle_velocity": {
            "x": 2.0069730281829834,
            "y": -6.17409610748291,
            "z": -0.00022281646670307964
        },
        "vehicle_throttle": 0.0,
        "unique_collisions": 0,
        "solid_lane_crosses": 0,
        "double_solid_lane_crosses": 0
    },
    {
        "game_time": 15.097497743088752,
        "vehicle_location": {
            "x": 30.47451400756836,
            "y": 184.40773010253906,
            "z": -0.008550796657800674
        },
        "vehicle_velocity": {
            "x": 0.977871835231781,
            "y": -4.047266960144043,
            "z": -0.0001199531543534249
        },
        "vehicle_throttle": 0.75,
        "unique_collisions": 0,
        "solid_lane_crosses": 0,
        "double_solid_lane_crosses": 0
    },
    {
        "game_time": 16.18792472081259,
        "vehicle_location": {
            "x": 31.13191032409668,
            "y": 178.80374145507812,
            "z": -0.011211699806153774
        },
        "vehicle_velocity": {
            "x": 0.6321620941162109,
            "y": -6.555428981781006,
            "z": -0.00013049125846009701
        },
        "vehicle_throttle": 0.0,
        "unique_collisions": 0,
        "solid_lane_crosses": 0,
        "double_solid_lane_crosses": 0
    },
    {
        "game_time": 17.301896010059863,
        "vehicle_location": {
            "x": 31.385040283203125,
            "y": 173.320556640625,
            "z": -0.008816566318273544
        },
        "vehicle_velocity": {
            "x": -0.22467006742954254,
            "y": -4.3990020751953125,
            "z": 5.969047560938634e-05
        },
        "vehicle_throttle": 0.75,
        "unique_collisions": 0,
        "solid_lane_crosses": 0,
        "double_solid_lane_crosses": 0
    },
    {
        "game_time": 18.399025585968047,
        "vehicle_location": {
            "x": 31.45681381225586,
            "y": 167.31344604492188,
            "z": -0.01032131165266037
        },
        "vehicle_velocity": {
            "x": 0.43654513359069824,
            "y": -6.79240083694458,
            "z": -4.163742050877772e-05
        },
        "vehicle_throttle": 0.0,
        "unique_collisions": 0,
        "solid_lane_crosses": 0,
        "double_solid_lane_crosses": 0
    },
    {
        "game_time": 19.45819190191105,
        "vehicle_location": {
            "x": 31.551918029785156,
            "y": 162.5229034423828,
            "z": -0.008377952501177788
        },
        "vehicle_velocity": {
            "x": -0.12617458403110504,
            "y": -3.5070953369140625,
            "z": -3.575324808480218e-05
        },
        "vehicle_throttle": 0.75,
        "unique_collisions": 0,
        "solid_lane_crosses": 0,
        "double_solid_lane_crosses": 0
    },
    {
        "game_time": 20.52204116852954,
        "vehicle_location": {
            "x": 31.5487060546875,
            "y": 157.62008666992188,
            "z": -0.008308525197207928
        },
        "vehicle_velocity": {
            "x": -0.13096217811107635,
            "y": -5.353119373321533,
            "z": -0.0003576755407266319
        },
        "vehicle_throttle": 0.75,
        "unique_collisions": 0,
        "solid_lane_crosses": 0,
        "double_solid_lane_crosses": 0
    },
    {
        "game_time": 21.586321600247175,
        "vehicle_location": {
            "x": 31.46193504333496,
            "y": 151.705078125,
            "z": -0.0036024474538862705
        },
        "vehicle_velocity": {
            "x": 0.26859810948371887,
            "y": -3.860839366912842,
            "z": 0.0004702853912021965
        },
        "vehicle_throttle": 0.75,
        "unique_collisions": 0,
        "solid_lane_crosses": 0,
        "double_solid_lane_crosses": 0
    },
    {
        "game_time": 22.591852944809943,
        "vehicle_location": {
            "x": 31.530914306640625,
            "y": 147.04391479492188,
            "z": -0.007694282568991184
        },
        "vehicle_velocity": {
            "x": -0.23625627160072327,
            "y": -5.062487602233887,
            "z": -0.0004817962471861392
        },
        "vehicle_throttle": 0.0,
        "unique_collisions": 0,
        "solid_lane_crosses": 0,
        "double_solid_lane_crosses": 0
    },
    {
        "game_time": 23.6508220997639,
        "vehicle_location": {
            "x": 31.5063419342041,
            "y": 144.31800842285156,
            "z": -0.0032714460976421833
        },
        "vehicle_velocity": {
            "x": 0.004358499776571989,
            "y": -0.1307169795036316,
            "z": -9.815215889830142e-05
        },
        "vehicle_throttle": 0.75,
        "unique_collisions": 0,
        "solid_lane_crosses": 0,
        "double_solid_lane_crosses": 0
    },
    {
        "game_time": 24.65518803941086,
        "vehicle_location": {
            "x": 31.5181827545166,
            "y": 143.2785186767578,
            "z": -0.0028445434290915728
        },
        "vehicle_velocity": {
            "x": 0.00032410555286332965,
            "y": -0.001850238535553217,
            "z": -4.4174194044899195e-05
        },
        "vehicle_throttle": 0.0,
        "unique_collisions": 0,
        "solid_lane_crosses": 0,
        "double_solid_lane_crosses": 0
    },
    {
        "game_time": 25.65711446525529,
        "vehicle_location": {
            "x": 31.5186824798584,
            "y": 143.1576690673828,
            "z": -0.007221717853099108
        },
        "vehicle_velocity": {
            "x": -4.211634859530022e-06,
            "y": -0.002365285763517022,
            "z": -0.0004018974141217768
        },
        "vehicle_throttle": 0.0,
        "unique_collisions": 0,
        "solid_lane_crosses": 0,
        "double_solid_lane_crosses": 0
    },
    {
        "game_time": 26.662003972101957,
        "vehicle_location": {
            "x": 31.520355224609375,
            "y": 142.94813537597656,
            "z": -0.009317092597484589
        },
        "vehicle_velocity": {
            "x": 0.006210513412952423,
            "y": -0.7550854086875916,
            "z": -5.9480666095623747e-05
        },
        "vehicle_throttle": 0.75,
        "unique_collisions": 0,
        "solid_lane_crosses": 0,
        "double_solid_lane_crosses": 0
    },
    {
        "game_time": 27.67401808546856,
        "vehicle_location": {
            "x": 31.53043556213379,
            "y": 140.89389038085938,
            "z": -0.00952941831201315
        },
        "vehicle_velocity": {
            "x": 0.02532295323908329,
            "y": -3.201700448989868,
            "z": -0.00012650489225052297
        },
        "vehicle_throttle": 0.75,
        "unique_collisions": 0,
        "solid_lane_crosses": 0,
        "double_solid_lane_crosses": 0
    },
    {
        "game_time": 28.79840225027874,
        "vehicle_location": {
            "x": 31.54350471496582,
            "y": 137.36886596679688,
            "z": -0.009198722429573536
        },
        "vehicle_velocity": {
            "x": 0.002964566694572568,
            "y": -3.272679328918457,
            "z": -0.0005999946733936667
        },
        "vehicle_throttle": 0.75,
        "unique_collisions": 0,
        "solid_lane_crosses": 0,
        "double_solid_lane_crosses": 0
    },
    {
        "game_time": 29.910068709868938,
        "vehicle_location": {
            "x": 31.55174446105957,
            "y": 133.571533203125,
            "z": -0.008235282264649868
        },
        "vehicle_velocity": {
            "x": 0.00216436549089849,
            "y": -3.106062173843384,
            "z": -0.00027904511080123484
        },
        "vehicle_throttle": 0.75,
        "unique_collisions": 0,
        "solid_lane_crosses": 0,
        "double_solid_lane_crosses": 0
    },
    {
        "game_time": 31.01593216555193,
        "vehicle_location": {
            "x": 31.556615829467773,
            "y": 129.73321533203125,
            "z": -0.0040282439440488815
        },
        "vehicle_velocity": {
            "x": 0.006245777010917664,
            "y": -2.052130937576294,
            "z": 8.415221964241937e-05
        },
        "vehicle_throttle": 0.0,
        "unique_collisions": 0,
        "solid_lane_crosses": 0,
        "double_solid_lane_crosses": 0
    },
    {
        "game_time": 32.070118848700076,
        "vehicle_location": {
            "x": 31.559972763061523,
            "y": 129.07061767578125,
            "z": -0.00690677622333169
        },
        "vehicle_velocity": {
            "x": 0.004591374192386866,
            "y": -0.23621352016925812,
            "z": -0.0006262874230742455
        },
        "vehicle_throttle": 0.75,
        "unique_collisions": 0,
        "solid_lane_crosses": 0,
        "double_solid_lane_crosses": 0
    },
    {
        "game_time": 33.141664639580995,
        "vehicle_location": {
            "x": 31.561262130737305,
            "y": 128.6826171875,
            "z": -0.009309119544923306
        },
        "vehicle_velocity": {
            "x": 0.0007099451613612473,
            "y": -0.627464234828949,
            "z": -4.047393667860888e-05
        },
        "vehicle_throttle": 0.75,
        "unique_collisions": 0,
        "solid_lane_crosses": 0,
        "double_solid_lane_crosses": 0
    },
    {
        "game_time": 34.15920885326341,
        "vehicle_location": {
            "x": 31.560741424560547,
            "y": 128.5095672607422,
            "z": -0.006943664513528347
        },
        "vehicle_velocity": {
            "x": 3.496661884128116e-05,
            "y": -0.005246712360531092,
            "z": 0.00037245749263092875
        },
        "vehicle_throttle": 0.0,
        "unique_collisions": 0,
        "solid_lane_crosses": 0,
        "double_solid_lane_crosses": 0
    },
    {
        "game_time": 35.20663943188265,
        "vehicle_location": {
            "x": 31.56068229675293,
            "y": 128.4964141845703,
            "z": -0.0077424622140824795
        },
        "vehicle_velocity": {
            "x": 0.0,
            "y": 0.0,
            "z": 0.0
        },
        "vehicle_throttle": 0.0,
        "unique_collisions": 0,
        "solid_lane_crosses": 0,
        "double_solid_lane_crosses": 0
    },
    {
        "game_time": 36.219826829154044,
        "vehicle_location": {
            "x": 31.56068229675293,
            "y": 128.4964141845703,
            "z": -0.0077170561999082565
        },
        "vehicle_velocity": {
            "x": -3.0337377054934223e-09,
            "y": 2.3752356526074436e-08,
            "z": 0.00014354704762808979
        },
        "vehicle_throttle": 0.0,
        "unique_collisions": 0,
        "solid_lane_crosses": 0,
        "double_solid_lane_crosses": 0
    },
    {
        "game_time": 37.277100913692266,
        "vehicle_location": {
            "x": 31.56068229675293,
            "y": 128.4964141845703,
            "z": -0.00775081617757678
        },
        "vehicle_velocity": {
            "x": 4.669410635926852e-09,
            "y": 2.916154540066884e-10,
            "z": 3.664970427053049e-05
        },
        "vehicle_throttle": 0.0,
        "unique_collisions": 0,
        "solid_lane_crosses": 0,
        "double_solid_lane_crosses": 0
    },
    {
        "game_time": 38.3812086363323,
        "vehicle_location": {
            "x": 31.56068229675293,
            "y": 128.4964141845703,
            "z": -0.007686233147978783
        },
        "vehicle_velocity": {
            "x": 3.815351146130297e-09,
            "y": -5.5194036008288094e-08,
            "z": 0.0005915689398534596
        },
        "vehicle_throttle": 0.0,
        "unique_collisions": 0,
        "solid_lane_crosses": 0,
        "double_solid_lane_crosses": 0
    },
    {
        "game_time": 39.45458333240822,
        "vehicle_location": {
            "x": 31.56068229675293,
            "y": 128.4964141845703,
            "z": -0.007733420934528112
        },
        "vehicle_velocity": {
            "x": -5.245720657853781e-08,
            "y": -4.906171824359262e-08,
            "z": -0.00015989303938113153
        },
        "vehicle_throttle": 0.0,
        "unique_collisions": 0,
        "solid_lane_crosses": 0,
        "double_solid_lane_crosses": 0
    },
    {
        "game_time": 40.52575548784807,
        "vehicle_location": {
            "x": 31.56068229675293,
            "y": 128.4964141845703,
            "z": -0.007760696113109589
        },
        "vehicle_velocity": {
            "x": 1.23987566880146e-08,
            "y": 1.6694851723286774e-08,
            "z": -0.0001699638378340751
        },
        "vehicle_throttle": 0.0,
        "unique_collisions": 0,
        "solid_lane_crosses": 0,
        "double_solid_lane_crosses": 0
    },
    {
        "game_time": 41.571514040697366,
        "vehicle_location": {
            "x": 31.56068229675293,
            "y": 128.4964141845703,
            "z": -0.007721175905317068
        },
        "vehicle_velocity": {
            "x": -7.020082648523385e-08,
            "y": -3.732881381779407e-08,
            "z": -0.000565919850487262
        },
        "vehicle_throttle": 0.0,
        "unique_collisions": 0,
        "solid_lane_crosses": 0,
        "double_solid_lane_crosses": 0
    },
    {
        "game_time": 42.63387076603249,
        "vehicle_location": {
            "x": 31.56068229675293,
            "y": 128.4964141845703,
            "z": -0.007724456489086151
        },
        "vehicle_velocity": {
            "x": 0.0,
            "y": 0.0,
            "z": 0.0
        },
        "vehicle_throttle": 0.0,
        "unique_collisions": 0,
        "solid_lane_crosses": 0,
        "double_solid_lane_crosses": 0
    },
    {
        "game_time": 43.71516002388671,
        "vehicle_location": {
            "x": 31.56068229675293,
            "y": 128.4964141845703,
            "z": -0.0077241514809429646
        },
        "vehicle_velocity": {
            "x": -1.8258472778143187e-07,
            "y": -6.028368915167448e-08,
            "z": 0.0003469085495453328
        },
        "vehicle_throttle": 0.0,
        "unique_collisions": 0,
        "solid_lane_crosses": 0,
        "double_solid_lane_crosses": 0
    },
    {
        "game_time": 44.7906373036094,
        "vehicle_location": {
            "x": 31.56068229675293,
            "y": 128.4964141845703,
            "z": -0.007744636386632919
        },
        "vehicle_velocity": {
            "x": 5.040393702415713e-08,
            "y": 5.485432907903487e-08,
            "z": 0.0003010272921528667
        },
        "vehicle_throttle": 0.0,
        "unique_collisions": 0,
        "solid_lane_crosses": 0,
        "double_solid_lane_crosses": 0
    },
    {
        "game_time": 45.898796760011464,
        "vehicle_location": {
            "x": 31.56068229675293,
            "y": 128.4964141845703,
            "z": -0.007733192294836044
        },
        "vehicle_velocity": {
            "x": 1.6804889924060262e-07,
            "y": -9.710074522217838e-09,
            "z": 0.0003560256736818701
        },
        "vehicle_throttle": 0.0,
        "unique_collisions": 0,
        "solid_lane_crosses": 0,
        "double_solid_lane_crosses": 0
    },
    {
        "game_time": 46.98888457240537,
        "vehicle_location": {
            "x": 31.56068229675293,
            "y": 128.4964141845703,
            "z": -0.007761230226606131
        },
        "vehicle_velocity": {
            "x": -6.136323094096952e-08,
            "y": 5.58519559490378e-08,
            "z": -0.0007644271827302873
        },
        "vehicle_throttle": 0.0,
        "unique_collisions": 0,
        "solid_lane_crosses": 0,
        "double_solid_lane_crosses": 0
    },
    {
        "game_time": 48.091562014538795,
        "vehicle_location": {
            "x": 31.56068229675293,
            "y": 128.4964141845703,
            "z": -0.007789878640323877
        },
        "vehicle_velocity": {
            "x": -2.7564942328694997e-08,
            "y": -1.2294003148838328e-08,
            "z": -0.0003259372606407851
        },
        "vehicle_throttle": 0.0,
        "unique_collisions": 0,
        "solid_lane_crosses": 0,
        "double_solid_lane_crosses": 0
    },
    {
        "game_time": 49.175694566685706,
        "vehicle_location": {
            "x": 31.56068229675293,
            "y": 128.4964141845703,
            "z": -0.007711066864430904
        },
        "vehicle_velocity": {
            "x": 1.5071149661594063e-08,
            "y": 2.6312388712312895e-08,
            "z": 0.00014953613572288305
        },
        "vehicle_throttle": 0.0,
        "unique_collisions": 0,
        "solid_lane_crosses": 0,
        "double_solid_lane_crosses": 0
    },
    {
        "game_time": 50.25338965700939,
        "vehicle_location": {
            "x": 31.56068229675293,
            "y": 128.4964141845703,
            "z": -0.007703437469899654
        },
        "vehicle_velocity": {
            "x": -4.754117810534808e-08,
            "y": -8.386549232852758e-09,
            "z": 0.00019824027549475431
        },
        "vehicle_throttle": 0.0,
        "unique_collisions": 0,
        "solid_lane_crosses": 0,
        "double_solid_lane_crosses": 0
    },
    {
        "game_time": 51.32174697937444,
        "vehicle_location": {
            "x": 31.56068229675293,
            "y": 128.4964141845703,
            "z": -0.007738456595689058
        },
        "vehicle_velocity": {
            "x": 1.4867704578591656e-07,
            "y": 5.062387486987063e-08,
            "z": 6.46400440018624e-05
        },
        "vehicle_throttle": 0.0,
        "unique_collisions": 0,
        "solid_lane_crosses": 0,
        "double_solid_lane_crosses": 0
    },
    {
        "game_time": 52.39571152674034,
        "vehicle_location": {
            "x": 31.56068229675293,
            "y": 128.4964141845703,
            "z": -0.007717323023825884
        },
        "vehicle_velocity": {
            "x": 1.0773079139880792e-07,
            "y": 1.5475738024406382e-08,
            "z": -1.1615752555371728e-05
        },
        "vehicle_throttle": 0.0,
        "unique_collisions": 0,
        "solid_lane_crosses": 0,
        "double_solid_lane_crosses": 0
    },
    {
        "game_time": 53.45655033038929,
        "vehicle_location": {
            "x": 31.56068229675293,
            "y": 128.4964141845703,
            "z": -0.007749137934297323
        },
        "vehicle_velocity": {
            "x": -1.3569519730083357e-08,
            "y": -3.673636062018204e-09,
            "z": -6.708144792355597e-05
        },
        "vehicle_throttle": 0.0,
        "unique_collisions": 0,
        "solid_lane_crosses": 0,
        "double_solid_lane_crosses": 0
    },
    {
        "game_time": 54.53050258429721,
        "vehicle_location": {
            "x": 31.56068229675293,
            "y": 128.4964141845703,
            "z": -0.007732009515166283
        },
        "vehicle_velocity": {
            "x": -8.598250644809013e-08,
            "y": -2.8849205691017232e-08,
            "z": 0.0001529693545307964
        },
        "vehicle_throttle": 0.0,
        "unique_collisions": 0,
        "solid_lane_crosses": 0,
        "double_solid_lane_crosses": 0
    },
    {
        "game_time": 55.63421177538112,
        "vehicle_location": {
            "x": 31.56068229675293,
            "y": 128.4964141845703,
            "z": -0.007778854109346867
        },
        "vehicle_velocity": {
            "x": -1.938763318776182e-07,
            "y": -7.949431335418922e-08,
            "z": -0.00037386894109658897
        },
        "vehicle_throttle": 0.0,
        "unique_collisions": 0,
        "solid_lane_crosses": 0,
        "double_solid_lane_crosses": 0
    },
    {
        "game_time": 56.752141155768186,
        "vehicle_location": {
            "x": 31.56068229675293,
            "y": 128.4964141845703,
            "z": -0.007709808181971312
        },
        "vehicle_velocity": {
            "x": 9.07423398643914e-08,
            "y": -1.750794531574229e-08,
            "z": 0.0007813930278643966
        },
        "vehicle_throttle": 0.0,
        "unique_collisions": 0,
        "solid_lane_crosses": 0,
        "double_solid_lane_crosses": 0
    },
    {
        "game_time": 57.88842593552545,
        "vehicle_location": {
            "x": 31.56068229675293,
            "y": 128.4964141845703,
            "z": -0.007738303858786821
        },
        "vehicle_velocity": {
            "x": -3.441010676397127e-08,
            "y": -2.7352584197615215e-08,
            "z": -0.0003774452197831124
        },
        "vehicle_throttle": 0.0,
        "unique_collisions": 0,
        "solid_lane_crosses": 0,
        "double_solid_lane_crosses": 0
    },
    {
        "game_time": 58.9017859515734,
        "vehicle_location": {
            "x": 31.56068229675293,
            "y": 128.4964141845703,
            "z": -0.007780418265610933
        },
        "vehicle_velocity": {
            "x": -1.7342415004062417e-10,
            "y": 8.008254059888031e-10,
            "z": -0.00025064469082280993
        },
        "vehicle_throttle": 0.0,
        "unique_collisions": 0,
        "solid_lane_crosses": 0,
        "double_solid_lane_crosses": 0
    },
    {
        "game_time": 60.014441047329456,
        "vehicle_location": {
            "x": 31.56068229675293,
            "y": 128.4964141845703,
            "z": -0.007727432064712048
        },
        "vehicle_velocity": {
            "x": -1.5583512258388055e-09,
            "y": 2.0337785622270843e-10,
            "z": 1.2741088539769407e-05
        },
        "vehicle_throttle": 0.0,
        "unique_collisions": 0,
        "solid_lane_crosses": 0,
        "double_solid_lane_crosses": 0
    },
    {
        "game_time": 61.12394888745621,
        "vehicle_location": {
            "x": 31.56068229675293,
            "y": 128.4964141845703,
            "z": -0.00774394953623414
        },
        "vehicle_velocity": {
            "x": 4.658923025147033e-09,
            "y": 1.3662856623852804e-08,
            "z": -0.00038619039696641266
        },
        "vehicle_throttle": 0.0,
        "unique_collisions": 0,
        "solid_lane_crosses": 0,
        "double_solid_lane_crosses": 0
    },
    {
        "game_time": 62.158123303670436,
        "vehicle_location": {
            "x": 31.56068229675293,
            "y": 128.4964141845703,
            "z": -0.007777671795338392
        },
        "vehicle_velocity": {
            "x": -1.7096953186523933e-08,
            "y": 8.824799557771712e-09,
            "z": -7.250785711221397e-05
        },
        "vehicle_throttle": 0.0,
        "unique_collisions": 0,
        "solid_lane_crosses": 0,
        "double_solid_lane_crosses": 0
    },
    {
        "game_time": 63.17174642952159,
        "vehicle_location": {
            "x": 31.56068229675293,
            "y": 128.4964141845703,
            "z": -0.007763786241412163
        },
        "vehicle_velocity": {
            "x": 2.5388480651145073e-08,
            "y": 2.2925055631617397e-08,
            "z": -0.00027648924151435494
        },
        "vehicle_throttle": 0.0,
        "unique_collisions": 0,
        "solid_lane_crosses": 0,
        "double_solid_lane_crosses": 0
    },
    {
        "game_time": 64.29702023090795,
        "vehicle_location": {
            "x": 31.56068229675293,
            "y": 128.4964141845703,
            "z": -0.00773773156106472
        },
        "vehicle_velocity": {
            "x": 3.004756621294291e-08,
            "y": 3.906706069756183e-08,
            "z": -3.55339034285862e-05
        },
        "vehicle_throttle": 0.0,
        "unique_collisions": 0,
        "solid_lane_crosses": 0,
        "double_solid_lane_crosses": 0
    },
    {
        "game_time": 65.42036807956174,
        "vehicle_location": {
            "x": 31.56068229675293,
            "y": 128.4964141845703,
            "z": -0.007731437683105469
        },
        "vehicle_velocity": {
            "x": -1.5705245459685102e-07,
            "y": -5.874826669582944e-08,
            "z": -8.077621168922633e-05
        },
        "vehicle_throttle": 0.0,
        "unique_collisions": 0,
        "solid_lane_crosses": 0,
        "double_solid_lane_crosses": 0
    },
    {
        "game_time": 66.51541791157797,
        "vehicle_location": {
            "x": 31.56068229675293,
            "y": 128.4964141845703,
            "z": -0.007742271292954683
        },
        "vehicle_velocity": {
            "x": -7.918185218613871e-08,
            "y": -1.80593477949742e-08,
            "z": 0.0002810955047607422
        },
        "vehicle_throttle": 0.0,
        "unique_collisions": 0,
        "solid_lane_crosses": 0,
        "double_solid_lane_crosses": 0
    },
    {
        "game_time": 67.59881304996088,
        "vehicle_location": {
            "x": 31.56068229675293,
            "y": 128.4964141845703,
            "z": -0.0077424622140824795
        },
        "vehicle_velocity": {
            "x": -1.5657708019034544e-08,
            "y": -7.194341833383078e-08,
            "z": 0.0002260589535580948
        },
        "vehicle_throttle": 0.0,
        "unique_collisions": 0,
        "solid_lane_crosses": 0,
        "double_solid_lane_crosses": 0
    },
    {
        "game_time": 68.64921188028529,
        "vehicle_location": {
            "x": 31.56068229675293,
            "y": 128.4964141845703,
            "z": -0.007774238474667072
        },
        "vehicle_velocity": {
            "x": -5.676252357034173e-08,
            "y": -3.811304694067985e-08,
            "z": -0.0003359508409630507
        },
        "vehicle_throttle": 0.0,
        "unique_collisions": 0,
        "solid_lane_crosses": 0,
        "double_solid_lane_crosses": 0
    },
    {
        "game_time": 69.65474452124909,
        "vehicle_location": {
            "x": 31.56068229675293,
            "y": 128.4964141845703,
            "z": -0.0077933501452207565
        },
        "vehicle_velocity": {
            "x": -2.2892841400334873e-08,
            "y": -1.8669886969746585e-08,
            "z": -0.00013658523675985634
        },
        "vehicle_throttle": 0.0,
        "unique_collisions": 0,
        "solid_lane_crosses": 0,
        "double_solid_lane_crosses": 0
    },
    {
        "game_time": 70.70601917104796,
        "vehicle_location": {
            "x": 31.56068229675293,
            "y": 128.4964141845703,
            "z": -0.007730941753834486
        },
        "vehicle_velocity": {
            "x": 1.3865511050425994e-07,
            "y": -1.880078492888515e-08,
            "z": -7.141113019315526e-05
        },
        "vehicle_throttle": 0.0,
        "unique_collisions": 0,
        "solid_lane_crosses": 0,
        "double_solid_lane_crosses": 0
    },
    {
        "game_time": 71.73612711438909,
        "vehicle_location": {
            "x": 31.56068229675293,
            "y": 128.4964141845703,
            "z": -0.007775535341352224
        },
        "vehicle_velocity": {
            "x": -1.659080908211763e-07,
            "y": -3.7612576164747225e-08,
            "z": 0.0005567646003328264
        },
        "vehicle_throttle": 0.0,
        "unique_collisions": 0,
        "solid_lane_crosses": 0,
        "double_solid_lane_crosses": 0
    },
    {
        "game_time": 72.8074565702118,
        "vehicle_location": {
            "x": 31.56068229675293,
            "y": 128.4964141845703,
            "z": -0.007745895069092512
        },
        "vehicle_velocity": {
            "x": -6.381736028515661e-08,
            "y": -4.7421593762919656e-08,
            "z": -3.6525725590763614e-06
        },
        "vehicle_throttle": 0.0,
        "unique_collisions": 0,
        "solid_lane_crosses": 0,
        "double_solid_lane_crosses": 0
    },
    {
        "game_time": 73.82370706880465,
        "vehicle_location": {
            "x": 31.56068229675293,
            "y": 128.4964141845703,
            "z": -0.0077780913561582565
        },
        "vehicle_velocity": {
            "x": 1.7047213418663887e-08,
            "y": 2.231849016709475e-08,
            "z": -0.00024590492830611765
        },
        "vehicle_throttle": 0.0,
        "unique_collisions": 0,
        "solid_lane_crosses": 0,
        "double_solid_lane_crosses": 0
    },
    {
        "game_time": 74.86820210376754,
        "vehicle_location": {
            "x": 31.56068229675293,
            "y": 128.4964141845703,
            "z": -0.007713699247688055
        },
        "vehicle_velocity": {
            "x": 0.0,
            "y": 0.0,
            "z": 0.0
        },
        "vehicle_throttle": 0.0,
        "unique_collisions": 0,
        "solid_lane_crosses": 0,
        "double_solid_lane_crosses": 0
    },
    {
        "game_time": 75.9325193152763,
        "vehicle_location": {
            "x": 31.56068229675293,
            "y": 128.4964141845703,
            "z": -0.007706832606345415
        },
        "vehicle_velocity": {
            "x": -3.982815499625758e-08,
            "y": -9.139327517004858e-09,
            "z": 0.00026632306980900466
        },
        "vehicle_throttle": 0.0,
        "unique_collisions": 0,
        "solid_lane_crosses": 0,
        "double_solid_lane_crosses": 0
    },
    {
        "game_time": 77.01677183294669,
        "vehicle_location": {
            "x": 31.56068229675293,
            "y": 128.4964141845703,
            "z": -0.007717284839600325
        },
        "vehicle_velocity": {
            "x": 2.0645626364057534e-07,
            "y": -5.042556150414157e-09,
            "z": 5.702972430299269e-06
        },
        "vehicle_throttle": 0.0,
        "unique_collisions": 0,
        "solid_lane_crosses": 0,
        "double_solid_lane_crosses": 0
    },
    {
        "game_time": 78.04312242055312,
        "vehicle_location": {
            "x": 31.56068229675293,
            "y": 128.4964141845703,
            "z": -0.007779083214700222
        },
        "vehicle_velocity": {
            "x": -3.4517324554173e-09,
            "y": 2.358619077824642e-08,
            "z": 7.46917721698992e-05
        },
        "vehicle_throttle": 0.0,
        "unique_collisions": 0,
        "solid_lane_crosses": 0,
        "double_solid_lane_crosses": 0
    },
    {
        "game_time": 79.14612222323194,
        "vehicle_location": {
            "x": 31.56068229675293,
            "y": 128.4964141845703,
            "z": -0.007793616969138384
        },
        "vehicle_velocity": {
            "x": -5.4227115242611035e-08,
            "y": 5.0234028492468497e-08,
            "z": -0.0003972244157921523
        },
        "vehicle_throttle": 0.0,
        "unique_collisions": 0,
        "solid_lane_crosses": 0,
        "double_solid_lane_crosses": 0
    },
    {
        "game_time": 80.16161404037848,
        "vehicle_location": {
            "x": 31.56068229675293,
            "y": 128.4964141845703,
            "z": -0.007768974173814058
        },
        "vehicle_velocity": {
            "x": -3.3448541714165003e-09,
            "y": 2.1969903230001364e-08,
            "z": -0.00018082618771586567
        },
        "vehicle_throttle": 0.0,
        "unique_collisions": 0,
        "solid_lane_crosses": 0,
        "double_solid_lane_crosses": 0
    },
    {
        "game_time": 81.18537891143933,
        "vehicle_location": {
            "x": 31.56068229675293,
            "y": 128.4964141845703,
            "z": -0.007730140350759029
        },
        "vehicle_velocity": {
            "x": -1.632368551440777e-08,
            "y": 3.3529150567090937e-09,
            "z": 0.00019098281336482614
        },
        "vehicle_throttle": 0.0,
        "unique_collisions": 0,
        "solid_lane_crosses": 0,
        "double_solid_lane_crosses": 0
    },
    {
        "game_time": 82.21337155858055,
        "vehicle_location": {
            "x": 31.56068229675293,
            "y": 128.4964141845703,
            "z": -0.007756385486572981
        },
        "vehicle_velocity": {
            "x": -3.8160306026213675e-09,
            "y": 1.986263242770292e-08,
            "z": -1.8301008822163567e-05
        },
        "vehicle_throttle": 0.0,
        "unique_collisions": 0,
        "solid_lane_crosses": 0,
        "double_solid_lane_crosses": 0
    },
    {
        "game_time": 83.21607937151566,
        "vehicle_location": {
            "x": 31.560556411743164,
            "y": 128.4127960205078,
            "z": -0.0070256805047392845
        },
        "vehicle_velocity": {
            "x": -6.165948434500024e-05,
            "y": -0.09963618963956833,
            "z": -0.00032007216941565275
        },
        "vehicle_throttle": 0.75,
        "unique_collisions": 0,
        "solid_lane_crosses": 0,
        "double_solid_lane_crosses": 0
    },
    {
        "game_time": 84.2465021298267,
        "vehicle_location": {
            "x": 31.561080932617188,
            "y": 127.1281967163086,
            "z": -0.009812049567699432
        },
        "vehicle_velocity": {
            "x": 0.0012451739748939872,
            "y": -2.545637369155884,
            "z": 0.00012701033847406507
        },
        "vehicle_throttle": 0.75,
        "unique_collisions": 0,
        "solid_lane_crosses": 0,
        "double_solid_lane_crosses": 0
    },
    {
        "game_time": 85.24710884178057,
        "vehicle_location": {
            "x": 31.562345504760742,
            "y": 123.94890594482422,
            "z": -0.004822731018066406
        },
        "vehicle_velocity": {
            "x": 0.001129204174503684,
            "y": -2.504107713699341,
            "z": -0.0002467632293701172
        },
        "vehicle_throttle": 0.75,
        "unique_collisions": 0,
        "solid_lane_crosses": 0,
        "double_solid_lane_crosses": 0
    },
    {
        "game_time": 86.30910410592332,
        "vehicle_location": {
            "x": 31.563676834106445,
            "y": 120.80635833740234,
            "z": -0.006211280822753906
        },
        "vehicle_velocity": {
            "x": 0.0012203064979985356,
            "y": -2.7554378509521484,
            "z": -0.0007508945418521762
        },
        "vehicle_throttle": 0.75,
        "unique_collisions": 0,
        "solid_lane_crosses": 0,
        "double_solid_lane_crosses": 0
    },
    {
        "game_time": 87.39466109173372,
        "vehicle_location": {
            "x": 31.565080642700195,
            "y": 117.37055206298828,
            "z": -0.007289314176887274
        },
        "vehicle_velocity": {
            "x": 0.0011953639332205057,
            "y": -2.9086029529571533,
            "z": -9.874343959381804e-05
        },
        "vehicle_throttle": 0.75,
        "unique_collisions": 0,
        "solid_lane_crosses": 0,
        "double_solid_lane_crosses": 0
    },
    {
        "game_time": 88.41576259816065,
        "vehicle_location": {
            "x": 31.566444396972656,
            "y": 114.04010772705078,
            "z": -0.008438033983111382
        },
        "vehicle_velocity": {
            "x": 0.0013708408223465085,
            "y": -3.326078176498413,
            "z": 0.0005216359859332442
        },
        "vehicle_throttle": 0.75,
        "unique_collisions": 0,
        "solid_lane_crosses": 0,
        "double_solid_lane_crosses": 0
    },
    {
        "game_time": 89.45728410640731,
        "vehicle_location": {
            "x": 31.567846298217773,
            "y": 110.59031677246094,
            "z": -0.009140624664723873
        },
        "vehicle_velocity": {
            "x": 0.00144275464117527,
            "y": -3.602754831314087,
            "z": 0.0001983404072234407
        },
        "vehicle_throttle": 0.0,
        "unique_collisions": 0,
        "solid_lane_crosses": 0,
        "double_solid_lane_crosses": 0
    },
    {
        "game_time": 90.46575140813366,
        "vehicle_location": {
            "x": 31.564376831054688,
            "y": 107.20924377441406,
            "z": -0.009588470682501793
        },
        "vehicle_velocity": {
            "x": -0.12022638320922852,
            "y": -4.178532123565674,
            "z": -8.705139043740928e-05
        },
        "vehicle_throttle": 0.75,
        "unique_collisions": 0,
        "solid_lane_crosses": 0,
        "double_solid_lane_crosses": 0
    },
    {
        "game_time": 91.53559360140935,
        "vehicle_location": {
            "x": 31.49533462524414,
            "y": 103.87548828125,
            "z": -0.009103545919060707
        },
        "vehicle_velocity": {
            "x": -0.2012600153684616,
            "y": -3.035712480545044,
            "z": 0.0005960416747257113
        },
        "vehicle_throttle": 0.75,
        "unique_collisions": 0,
        "solid_lane_crosses": 0,
        "double_solid_lane_crosses": 0
    },
    {
        "game_time": 92.61172972852364,
        "vehicle_location": {
            "x": 30.831918716430664,
            "y": 99.42105865478516,
            "z": -0.009040985256433487
        },
        "vehicle_velocity": {
            "x": -1.5949947834014893,
            "y": -5.043692588806152,
            "z": 0.000332899100612849
        },
        "vehicle_throttle": 0.75,
        "unique_collisions": 0,
        "solid_lane_crosses": 0,
        "double_solid_lane_crosses": 0
    },
    {
        "game_time": 93.68527098605409,
        "vehicle_location": {
            "x": 28.97591781616211,
            "y": 95.2078857421875,
            "z": -0.009102974086999893
        },
        "vehicle_velocity": {
            "x": -2.6725549697875977,
            "y": -3.7058846950531006,
            "z": 0.0002952241920866072
        },
        "vehicle_throttle": 0.75,
        "unique_collisions": 0,
        "solid_lane_crosses": 0,
        "double_solid_lane_crosses": 0
    },
    {
        "game_time": 94.78852529870346,
        "vehicle_location": {
            "x": 26.07131576538086,
            "y": 91.96607208251953,
            "z": -0.0054122162982821465
        },
        "vehicle_velocity": {
            "x": -2.479389190673828,
            "y": -2.0139076709747314,
            "z": -0.0002145957842003554
        },
        "vehicle_throttle": 0.0,
        "unique_collisions": 0,
        "solid_lane_crosses": 0,
        "double_solid_lane_crosses": 0
    },
    {
        "game_time": 95.86274427967146,
        "vehicle_location": {
            "x": 24.146448135375977,
            "y": 90.52554321289062,
            "z": -0.009303397499024868
        },
        "vehicle_velocity": {
            "x": -2.552485227584839,
            "y": -1.3020591735839844,
            "z": -0.00022410391829907894
        },
        "vehicle_throttle": 0.75,
        "unique_collisions": 0,
        "solid_lane_crosses": 0,
        "double_solid_lane_crosses": 0
    },
    {
        "game_time": 96.89707149611786,
        "vehicle_location": {
            "x": 20.334157943725586,
            "y": 89.1246566772461,
            "z": -0.009304237551987171
        },
        "vehicle_velocity": {
            "x": -4.981923580169678,
            "y": -0.7984482645988464,
            "z": 6.836890679551288e-05
        },
        "vehicle_throttle": 0.75,
        "unique_collisions": 0,
        "solid_lane_crosses": 0,
        "double_solid_lane_crosses": 0
    },
    {
        "game_time": 97.97799394698814,
        "vehicle_location": {
            "x": 14.272212028503418,
            "y": 88.45263671875,
            "z": -0.004214897286146879
        },
        "vehicle_velocity": {
            "x": -4.835944175720215,
            "y": -0.3519158363342285,
            "z": -0.0022101402282714844
        },
        "vehicle_throttle": 0.0,
        "unique_collisions": 0,
        "solid_lane_crosses": 0,
        "double_solid_lane_crosses": 0
    },
    {
        "game_time": 98.98477741936222,
        "vehicle_location": {
            "x": 11.61810302734375,
            "y": 88.30595397949219,
            "z": -0.009335746988654137
        },
        "vehicle_velocity": {
            "x": -2.6345555782318115,
            "y": -0.1398637741804123,
            "z": 0.00012779711687471718
        },
        "vehicle_throttle": 0.75,
        "unique_collisions": 0,
        "solid_lane_crosses": 0,
        "double_solid_lane_crosses": 0
    },
    {
        "game_time": 100.00641612755135,
        "vehicle_location": {
            "x": 7.961047172546387,
            "y": 88.19396209716797,
            "z": -0.006370773073285818
        },
        "vehicle_velocity": {
            "x": -3.622596025466919,
            "y": -0.06298524886369705,
            "z": -0.0003948592930100858
        },
        "vehicle_throttle": 0.75,
        "unique_collisions": 0,
        "solid_lane_crosses": 0,
        "double_solid_lane_crosses": 0
    },
    {
        "game_time": 101.01326029049233,
        "vehicle_location": {
            "x": 4.0045342445373535,
            "y": 88.1300048828125,
            "z": -0.004902000539004803
        },
        "vehicle_velocity": {
            "x": -3.3120994567871094,
            "y": -0.03268080949783325,
            "z": -0.0005447959993034601
        },
        "vehicle_throttle": 0.75,
        "unique_collisions": 0,
        "solid_lane_crosses": 0,
        "double_solid_lane_crosses": 0
    },
    {
        "game_time": 102.06984931090847,
        "vehicle_location": {
            "x": -0.10783755779266357,
            "y": 88.09561157226562,
            "z": -0.0058360290713608265
        },
        "vehicle_velocity": {
            "x": -3.7627031803131104,
            "y": 0.00528261112049222,
            "z": 0.00019184111442882568
        },
        "vehicle_throttle": 0.75,
        "unique_collisions": 0,
        "solid_lane_crosses": 0,
        "double_solid_lane_crosses": 0
    },
    {
        "game_time": 103.11131613375619,
        "vehicle_location": {
            "x": -4.1243085861206055,
            "y": 88.0762710571289,
            "z": -0.005574912764132023
        },
        "vehicle_velocity": {
            "x": -3.2121944427490234,
            "y": -0.015729479491710663,
            "z": -0.0008386325789615512
        },
        "vehicle_throttle": 0.75,
        "unique_collisions": 0,
        "solid_lane_crosses": 0,
        "double_solid_lane_crosses": 0
    },
    {
        "game_time": 104.15554602677003,
        "vehicle_location": {
            "x": -8.276516914367676,
            "y": 88.06426239013672,
            "z": -0.005912055727094412
        },
        "vehicle_velocity": {
            "x": -3.805776596069336,
            "y": -0.0023645146284252405,
            "z": 0.00021123886108398438
        },
        "vehicle_throttle": 0.75,
        "unique_collisions": 0,
        "solid_lane_crosses": 0,
        "double_solid_lane_crosses": 0
    },
    {
        "game_time": 105.15629883902147,
        "vehicle_location": {
            "x": -12.242010116577148,
            "y": 88.05606079101562,
            "z": -0.006095084827393293
        },
        "vehicle_velocity": {
            "x": -3.285966634750366,
            "y": -0.006468396633863449,
            "z": 0.0005060577532276511
        },
        "vehicle_throttle": 0.75,
        "unique_collisions": 0,
        "solid_lane_crosses": 0,
        "double_solid_lane_crosses": 0
    },
    {
        "game_time": 106.17986836703494,
        "vehicle_location": {
            "x": -16.41579246520996,
            "y": 88.04957580566406,
            "z": -0.005032997112721205
        },
        "vehicle_velocity": {
            "x": -3.6186940670013428,
            "y": -0.005464835092425346,
            "z": -0.0004566478601191193
        },
        "vehicle_throttle": 0.75,
        "unique_collisions": 0,
        "solid_lane_crosses": 0,
        "double_solid_lane_crosses": 0
    },
    {
        "game_time": 107.22858185367659,
        "vehicle_location": {
            "x": -19.87104034423828,
            "y": 88.04481506347656,
            "z": -0.0042562102898955345
        },
        "vehicle_velocity": {
            "x": -1.8014845848083496,
            "y": -0.0026051304303109646,
            "z": 0.00019727229664567858
        },
        "vehicle_throttle": 0.0,
        "unique_collisions": 0,
        "solid_lane_crosses": 0,
        "double_solid_lane_crosses": 0
    },
    {
        "game_time": 108.26350714312866,
        "vehicle_location": {
            "x": -20.707191467285156,
            "y": 88.04318237304688,
            "z": -0.008765754289925098
        },
        "vehicle_velocity": {
            "x": -1.1802650690078735,
            "y": -0.002179868519306183,
            "z": 0.0008078241371549666
        },
        "vehicle_throttle": 0.0,
        "unique_collisions": 0,
        "solid_lane_crosses": 0,
        "double_solid_lane_crosses": 0
    },
    {
        "game_time": 109.2890168693848,
        "vehicle_location": {
            "x": -20.979171752929688,
            "y": 88.04405975341797,
            "z": -0.0068979645147919655
        },
        "vehicle_velocity": {
            "x": -0.23244908452033997,
            "y": 0.0010584256378933787,
            "z": 0.0002666091895662248
        },
        "vehicle_throttle": 0.75,
        "unique_collisions": 0,
        "solid_lane_crosses": 0,
        "double_solid_lane_crosses": 0
    },
    {
        "game_time": 110.31101722689345,
        "vehicle_location": {
            "x": -21.1502685546875,
            "y": 88.04457092285156,
            "z": -0.007326316554099321
        },
        "vehicle_velocity": {
            "x": -0.07009319216012955,
            "y": 0.00013703327567782253,
            "z": -0.0009303092956542969
        },
        "vehicle_throttle": 0.75,
        "unique_collisions": 0,
        "solid_lane_crosses": 0,
        "double_solid_lane_crosses": 0
    },
    {
        "game_time": 111.3968843636103,
        "vehicle_location": {
            "x": -21.281652450561523,
            "y": 88.0438461303711,
            "z": -0.007261848077178001
        },
        "vehicle_velocity": {
            "x": -0.0007733110687695444,
            "y": 5.560496447287733e-06,
            "z": -0.00014674186240881681
        },
        "vehicle_throttle": 0.0,
        "unique_collisions": 0,
        "solid_lane_crosses": 0,
        "double_solid_lane_crosses": 0
    },
    {
        "game_time": 112.43925527716056,
        "vehicle_location": {
            "x": -21.301166534423828,
            "y": 88.04387664794922,
            "z": -0.007659683004021645
        },
        "vehicle_velocity": {
            "x": -0.00041691880323924124,
            "y": -3.4656800380616914e-06,
            "z": -0.0001455688470741734
        },
        "vehicle_throttle": 0.0,
        "unique_collisions": 0,
        "solid_lane_crosses": 0,
        "double_solid_lane_crosses": 0
    },
    {
        "game_time": 113.45244525605813,
        "vehicle_location": {
            "x": -21.314638137817383,
            "y": 88.04381561279297,
            "z": -0.007726478390395641
        },
        "vehicle_velocity": {
            "x": -0.00024334382032975554,
            "y": 3.1340514397015795e-06,
            "z": -0.0004052352742291987
        },
        "vehicle_throttle": 0.0,
        "unique_collisions": 0,
        "solid_lane_crosses": 0,
        "double_solid_lane_crosses": 0
    },
    {
        "game_time": 114.53258180664852,
        "vehicle_location": {
            "x": -21.32061004638672,
            "y": 88.04380798339844,
            "z": -0.007737006992101669
        },
        "vehicle_velocity": {
            "x": 0.0040894486010074615,
            "y": -2.7947655325988308e-05,
            "z": -0.00048456189688295126
        },
        "vehicle_throttle": 0.75,
        "unique_collisions": 0,
        "solid_lane_crosses": 0,
        "double_solid_lane_crosses": 0
    },
    {
        "game_time": 115.57549449289218,
        "vehicle_location": {
            "x": -21.324871063232422,
            "y": 88.04380798339844,
            "z": -0.007746352814137936
        },
        "vehicle_velocity": {
            "x": 2.584662752269651e-06,
            "y": -1.1217973217014787e-09,
            "z": 0.0011182259768247604
        },
        "vehicle_throttle": 0.0,
        "unique_collisions": 0,
        "solid_lane_crosses": 0,
        "double_solid_lane_crosses": 0
    },
    {
        "game_time": 116.57714320765808,
        "vehicle_location": {
            "x": -21.324872970581055,
            "y": 88.04380798339844,
            "z": -0.007802161853760481
        },
        "vehicle_velocity": {
            "x": -1.2914365576932596e-08,
            "y": -1.6200665697851946e-07,
            "z": 0.0004953384050168097
        },
        "vehicle_throttle": 0.0,
        "unique_collisions": 0,
        "solid_lane_crosses": 0,
        "double_solid_lane_crosses": 0
    },
    {
        "game_time": 117.6457500164397,
        "vehicle_location": {
            "x": -21.324872970581055,
            "y": 88.04380798339844,
            "z": -0.007806510664522648
        },
        "vehicle_velocity": {
            "x": 2.5312147045042366e-08,
            "y": 1.9089490876922355e-07,
            "z": -0.00039817809010855854
        },
        "vehicle_throttle": 0.0,
        "unique_collisions": 0,
        "solid_lane_crosses": 0,
        "double_solid_lane_crosses": 0
    },
    {
        "game_time": 118.72792263375595,
        "vehicle_location": {
            "x": -21.324872970581055,
            "y": 88.04380798339844,
            "z": -0.007728157099336386
        },
        "vehicle_velocity": {
            "x": 1.0008744943945658e-08,
            "y": 4.865918512564349e-08,
            "z": 0.00031987190595827997
        },
        "vehicle_throttle": 0.0,
        "unique_collisions": 0,
        "solid_lane_crosses": 0,
        "double_solid_lane_crosses": 0
    },
    {
        "game_time": 119.76241891318932,
        "vehicle_location": {
            "x": -21.324872970581055,
            "y": 88.04380798339844,
            "z": -0.007744369562715292
        },
        "vehicle_velocity": {
            "x": -2.1507047254232248e-09,
            "y": -2.2398479515572944e-08,
            "z": -5.7916640798794106e-05
        },
        "vehicle_throttle": 0.0,
        "unique_collisions": 0,
        "solid_lane_crosses": 0,
        "double_solid_lane_crosses": 0
    },
    {
        "game_time": 120.83822948718444,
        "vehicle_location": {
            "x": -21.324872970581055,
            "y": 88.04380798339844,
            "z": -0.007715721148997545
        },
        "vehicle_velocity": {
            "x": 1.394141264654536e-07,
            "y": -3.4235018375738946e-08,
            "z": 0.0006965541397221386
        },
        "vehicle_throttle": 0.0,
        "unique_collisions": 0,
        "solid_lane_crosses": 0,
        "double_solid_lane_crosses": 0
    },
    {
        "game_time": 121.88955436320975,
        "vehicle_location": {
            "x": -21.324872970581055,
            "y": 88.04380798339844,
            "z": -0.007764778099954128
        },
        "vehicle_velocity": {
            "x": -5.581336637305867e-08,
            "y": -1.630011325914893e-07,
            "z": -0.000558881729375571
        },
        "vehicle_throttle": 0.0,
        "unique_collisions": 0,
        "solid_lane_crosses": 0,
        "double_solid_lane_crosses": 0
    },
    {
        "game_time": 122.94775744946674,
        "vehicle_location": {
            "x": -21.324872970581055,
            "y": 88.04380798339844,
            "z": -0.007781142834573984
        },
        "vehicle_velocity": {
            "x": -3.247460256261547e-08,
            "y": 1.0761370106138202e-07,
            "z": -0.00018274306785315275
        },
        "vehicle_throttle": 0.0,
        "unique_collisions": 0,
        "solid_lane_crosses": 0,
        "double_solid_lane_crosses": 0
    },
    {
        "game_time": 124.01447815494612,
        "vehicle_location": {
            "x": -21.324872970581055,
            "y": 88.04380798339844,
            "z": -0.007818526588380337
        },
        "vehicle_velocity": {
            "x": 6.458417800558891e-08,
            "y": 1.416432695577896e-07,
            "z": 2.0341873096185736e-05
        },
        "vehicle_throttle": 0.0,
        "unique_collisions": 0,
        "solid_lane_crosses": 0,
        "double_solid_lane_crosses": 0
    },
    {
        "game_time": 125.09686380485073,
        "vehicle_location": {
            "x": -21.324872970581055,
            "y": 88.04380798339844,
            "z": -0.007763061206787825
        },
        "vehicle_velocity": {
            "x": -2.568849577500032e-09,
            "y": -1.4628085409640335e-08,
            "z": -0.000765523873269558
        },
        "vehicle_throttle": 0.0,
        "unique_collisions": 0,
        "solid_lane_crosses": 0,
        "double_solid_lane_crosses": 0
    },
    {
        "game_time": 126.14949372084811,
        "vehicle_location": {
            "x": -21.324872970581055,
            "y": 88.04380798339844,
            "z": -0.007765998598188162
        },
        "vehicle_velocity": {
            "x": -8.275346630171043e-08,
            "y": -2.311693947376625e-08,
            "z": -1.1625289516814519e-05
        },
        "vehicle_throttle": 0.0,
        "unique_collisions": 0,
        "solid_lane_crosses": 0,
        "double_solid_lane_crosses": 0
    },
    {
        "game_time": 127.17684350395575,
        "vehicle_location": {
            "x": -21.324872970581055,
            "y": 88.04380798339844,
            "z": -0.007764930371195078
        },
        "vehicle_velocity": {
            "x": 0.0,
            "y": 0.0,
            "z": 0.0
        },
        "vehicle_throttle": 0.0,
        "unique_collisions": 0,
        "solid_lane_crosses": 0,
        "double_solid_lane_crosses": 0
    },
    {
        "game_time": 128.26167593197897,
        "vehicle_location": {
            "x": -21.324872970581055,
            "y": 88.04380798339844,
            "z": -0.007782478351145983
        },
        "vehicle_velocity": {
            "x": 3.549763505361625e-08,
            "y": 6.182178680091965e-08,
            "z": -0.0007215786026790738
        },
        "vehicle_throttle": 0.0,
        "unique_collisions": 0,
        "solid_lane_crosses": 0,
        "double_solid_lane_crosses": 0
    },
    {
        "game_time": 129.3029225007631,
        "vehicle_location": {
            "x": -21.324872970581055,
            "y": 88.04380798339844,
            "z": -0.007724914234131575
        },
        "vehicle_velocity": {
            "x": -7.248093236711384e-09,
            "y": -1.1720954873339906e-08,
            "z": -0.00010515212488826364
        },
        "vehicle_throttle": 0.0,
        "unique_collisions": 0,
        "solid_lane_crosses": 0,
        "double_solid_lane_crosses": 0
    },
    {
        "game_time": 130.35213393578306,
        "vehicle_location": {
            "x": -21.324872970581055,
            "y": 88.04380798339844,
            "z": -0.007772407494485378
        },
        "vehicle_velocity": {
            "x": 4.216190063743852e-09,
            "y": -3.404683468488656e-08,
            "z": -0.0010429095709696412
        },
        "vehicle_throttle": 0.0,
        "unique_collisions": 0,
        "solid_lane_crosses": 0,
        "double_solid_lane_crosses": 0
    },
    {
        "game_time": 131.43350439565256,
        "vehicle_location": {
            "x": -21.324872970581055,
            "y": 88.04380798339844,
            "z": -0.007784499786794186
        },
        "vehicle_velocity": {
            "x": -4.5801147763313566e-08,
            "y": -8.939569973165362e-09,
            "z": -0.00026522635016590357
        },
        "vehicle_throttle": 0.0,
        "unique_collisions": 0,
        "solid_lane_crosses": 0,
        "double_solid_lane_crosses": 0
    },
    {
        "game_time": 132.51113946409896,
        "vehicle_location": {
            "x": -21.324872970581055,
            "y": 88.04380798339844,
            "z": -0.007747535593807697
        },
        "vehicle_velocity": {
            "x": 3.130625003677778e-08,
            "y": -3.671640058655612e-08,
            "z": -0.0001603031123522669
        },
        "vehicle_throttle": 0.0,
        "unique_collisions": 0,
        "solid_lane_crosses": 0,
        "double_solid_lane_crosses": 0
    },
    {
        "game_time": 133.54661724390462,
        "vehicle_location": {
            "x": -21.324872970581055,
            "y": 88.04380798339844,
            "z": -0.007753028534352779
        },
        "vehicle_velocity": {
            "x": 1.650548497877935e-08,
            "y": 3.838967899127965e-08,
            "z": -0.0003288268926553428
        },
        "vehicle_throttle": 0.0,
        "unique_collisions": 0,
        "solid_lane_crosses": 0,
        "double_solid_lane_crosses": 0
    },
    {
        "game_time": 134.62714502448216,
        "vehicle_location": {
            "x": -21.324872970581055,
            "y": 88.04380798339844,
            "z": -0.0077866362407803535
        },
        "vehicle_velocity": {
            "x": -4.2183742721135786e-08,
            "y": -1.3657498243446753e-07,
            "z": 0.0002000617969315499
        },
        "vehicle_throttle": 0.0,
        "unique_collisions": 0,
        "solid_lane_crosses": 0,
        "double_solid_lane_crosses": 0
    },
    {
        "game_time": 135.63350698025897,
        "vehicle_location": {
            "x": -21.324872970581055,
            "y": 88.04380798339844,
            "z": -0.007773780729621649
        },
        "vehicle_velocity": {
            "x": -2.1347258183368467e-08,
            "y": -7.233978749354719e-08,
            "z": -0.0005867194849997759
        },
        "vehicle_throttle": 0.0,
        "unique_collisions": 0,
        "solid_lane_crosses": 0,
        "double_solid_lane_crosses": 0
    },
    {
        "game_time": 136.6471410454251,
        "vehicle_location": {
            "x": -21.324872970581055,
            "y": 88.04380798339844,
            "z": -0.007734718266874552
        },
        "vehicle_velocity": {
            "x": 1.3604753767992861e-08,
            "y": -3.0796307726177474e-08,
            "z": -0.00038713455433025956
        },
        "vehicle_throttle": 0.0,
        "unique_collisions": 0,
        "solid_lane_crosses": 0,
        "double_solid_lane_crosses": 0
    },
    {
        "game_time": 137.72307196306065,
        "vehicle_location": {
            "x": -21.324872970581055,
            "y": 88.04380798339844,
            "z": -0.007736281957477331
        },
        "vehicle_velocity": {
            "x": 1.49976493446502e-08,
            "y": 1.6174469408269943e-07,
            "z": -0.00022678374079987407
        },
        "vehicle_throttle": 0.0,
        "unique_collisions": 0,
        "solid_lane_crosses": 0,
        "double_solid_lane_crosses": 0
    },
    {
        "game_time": 138.7518851258792,
        "vehicle_location": {
            "x": -21.324872970581055,
            "y": 88.04380798339844,
            "z": -0.007775382604449987
        },
        "vehicle_velocity": {
            "x": 9.738194250985543e-08,
            "y": 1.4874235176876027e-10,
            "z": -3.440856744418852e-05
        },
        "vehicle_throttle": 0.0,
        "unique_collisions": 0,
        "solid_lane_crosses": 0,
        "double_solid_lane_crosses": 0
    },
    {
        "game_time": 139.76594736101106,
        "vehicle_location": {
            "x": -21.324872970581055,
            "y": 88.04380798339844,
            "z": -0.007766418159008026
        },
        "vehicle_velocity": {
            "x": -6.938471130979451e-09,
            "y": -4.793566432681473e-08,
            "z": -0.0010470295092090964
        },
        "vehicle_throttle": 0.0,
        "unique_collisions": 0,
        "solid_lane_crosses": 0,
        "double_solid_lane_crosses": 0
    },
    {
        "game_time": 140.8183030136861,
        "vehicle_location": {
            "x": -21.324872970581055,
            "y": 88.04380798339844,
            "z": -0.007752342149615288
        },
        "vehicle_velocity": {
            "x": -1.2240321645151653e-08,
            "y": -3.144439819635636e-09,
            "z": -7.426261436194181e-05
        },
        "vehicle_throttle": 0.0,
        "unique_collisions": 0,
        "solid_lane_crosses": 0,
        "double_solid_lane_crosses": 0
    },
    {
        "game_time": 141.83781860629097,
        "vehicle_location": {
            "x": -21.324872970581055,
            "y": 88.04380798339844,
            "z": -0.007776450831443071
        },
        "vehicle_velocity": {
            "x": 5.049969331594184e-09,
            "y": -7.326946871444306e-08,
            "z": 0.00014820098294876516
        },
        "vehicle_throttle": 0.0,
        "unique_collisions": 0,
        "solid_lane_crosses": 0,
        "double_solid_lane_crosses": 0
    },
    {
        "game_time": 142.87577790440992,
        "vehicle_location": {
            "x": -21.324872970581055,
            "y": 88.04380798339844,
            "z": -0.0077767944894731045
        },
        "vehicle_velocity": {
            "x": 5.0787924976702925e-08,
            "y": -1.4460940178651072e-07,
            "z": 4.944801185047254e-05
        },
        "vehicle_throttle": 0.0,
        "unique_collisions": 0,
        "solid_lane_crosses": 0,
        "double_solid_lane_crosses": 0
    },
    {
        "game_time": 143.89903927454725,
        "vehicle_location": {
            "x": -21.324872970581055,
            "y": 88.04380798339844,
            "z": -0.007737922482192516
        },
        "vehicle_velocity": {
            "x": 1.220362690901311e-07,
            "y": -3.8789011114204186e-08,
            "z": -2.7065276299254037e-05
        },
        "vehicle_throttle": 0.0,
        "unique_collisions": 0,
        "solid_lane_crosses": 0,
        "double_solid_lane_crosses": 0
    },
    {
        "game_time": 144.92823130683973,
        "vehicle_location": {
            "x": -21.324872970581055,
            "y": 88.04380798339844,
            "z": -0.007725257892161608
        },
        "vehicle_velocity": {
            "x": -6.914821426562412e-08,
            "y": -5.161449578849897e-08,
            "z": 7.396697765216231e-05
        },
        "vehicle_throttle": 0.0,
        "unique_collisions": 0,
        "solid_lane_crosses": 0,
        "double_solid_lane_crosses": 0
    },
    {
        "game_time": 145.9605749254115,
        "vehicle_location": {
            "x": -21.324872970581055,
            "y": 88.04380798339844,
            "z": -0.007726020645350218
        },
        "vehicle_velocity": {
            "x": 2.365492868250385e-08,
            "y": -1.7885247061144582e-08,
            "z": -0.0001364326453767717
        },
        "vehicle_throttle": 0.0,
        "unique_collisions": 0,
        "solid_lane_crosses": 0,
        "double_solid_lane_crosses": 0
    },
    {
        "game_time": 147.00841992395,
        "vehicle_location": {
            "x": -21.324872970581055,
            "y": 88.04380798339844,
            "z": -0.007714347448199987
        },
        "vehicle_velocity": {
            "x": 5.315098916547356e-10,
            "y": -4.615705040400542e-10,
            "z": 1.9898414393537678e-05
        },
        "vehicle_throttle": 0.0,
        "unique_collisions": 0,
        "solid_lane_crosses": 0,
        "double_solid_lane_crosses": 0
    },
    {
        "game_time": 148.01596302585676,
        "vehicle_location": {
            "x": -21.324872970581055,
            "y": 88.04380798339844,
            "z": -0.007775268517434597
        },
        "vehicle_velocity": {
            "x": -1.720785469672137e-08,
            "y": -1.9688879149271088e-07,
            "z": 0.0005166435148566961
        },
        "vehicle_throttle": 0.0,
        "unique_collisions": 0,
        "solid_lane_crosses": 0,
        "double_solid_lane_crosses": 0
    },
    {
        "game_time": 149.11763806687668,
        "vehicle_location": {
            "x": -21.324872970581055,
            "y": 88.04380798339844,
            "z": -0.007730178534984589
        },
        "vehicle_velocity": {
            "x": 2.2357930617999955e-08,
            "y": -1.851478792502803e-08,
            "z": 0.0006674671312794089
        },
        "vehicle_throttle": 0.0,
        "unique_collisions": 0,
        "solid_lane_crosses": 0,
        "double_solid_lane_crosses": 0
    },
    {
        "game_time": 150.20246821502224,
        "vehicle_location": {
            "x": -21.324872970581055,
            "y": 88.04380798339844,
            "z": -0.007754439953714609
        },
        "vehicle_velocity": {
            "x": 1.213002889244308e-07,
            "y": -5.458450402784365e-08,
            "z": 0.0002018546947510913
        },
        "vehicle_throttle": 0.0,
        "unique_collisions": 0,
        "solid_lane_crosses": 0,
        "double_solid_lane_crosses": 0
    },
    {
        "game_time": 151.2732279379852,
        "vehicle_location": {
            "x": -21.324872970581055,
            "y": 88.04380798339844,
            "z": -0.00775566091760993
        },
        "vehicle_velocity": {
            "x": 3.29444516111721e-09,
            "y": 1.3105369589538896e-07,
            "z": -0.0008164786850102246
        },
        "vehicle_throttle": 0.0,
        "unique_collisions": 0,
        "solid_lane_crosses": 0,
        "double_solid_lane_crosses": 0
    },
    {
        "game_time": 152.33022019686177,
        "vehicle_location": {
            "x": -21.324872970581055,
            "y": 88.04380798339844,
            "z": -0.007765769958496094
        },
        "vehicle_velocity": {
            "x": 5.2245503923131764e-08,
            "y": -1.932012025918084e-07,
            "z": -0.0007216453668661416
        },
        "vehicle_throttle": 0.0,
        "unique_collisions": 0,
        "solid_lane_crosses": 0,
        "double_solid_lane_crosses": 0
    },
    {
        "game_time": 153.34746966371313,
        "vehicle_location": {
            "x": -21.324872970581055,
            "y": 88.04380798339844,
            "z": -0.00776813505217433
        },
        "vehicle_velocity": {
            "x": 1.0084043111646679e-07,
            "y": -1.8178121763412491e-07,
            "z": 0.0009225463727489114
        },
        "vehicle_throttle": 0.0,
        "unique_collisions": 0,
        "solid_lane_crosses": 0,
        "double_solid_lane_crosses": 0
    },
    {
        "game_time": 154.35606830613688,
        "vehicle_location": {
            "x": -21.332923889160156,
            "y": 88.0435791015625,
            "z": -0.008036728017032146
        },
        "vehicle_velocity": {
            "x": -0.11045889556407928,
            "y": 0.0004625655710697174,
            "z": 0.0012137460289523005
        },
        "vehicle_throttle": 0.75,
        "unique_collisions": 0,
        "solid_lane_crosses": 0,
        "double_solid_lane_crosses": 0
    },
    {
        "game_time": 155.3923221589066,
        "vehicle_location": {
            "x": -22.36739158630371,
            "y": 88.04224395751953,
            "z": -0.007636871188879013
        },
        "vehicle_velocity": {
            "x": -1.3768501281738281,
            "y": -0.0014562096912413836,
            "z": 3.853797898045741e-05
        },
        "vehicle_throttle": 0.75,
        "unique_collisions": 0,
        "solid_lane_crosses": 0,
        "double_solid_lane_crosses": 0
    },
    {
        "game_time": 156.39415676752105,
        "vehicle_location": {
            "x": -24.909894943237305,
            "y": 88.03892517089844,
            "z": -0.00953670497983694
        },
        "vehicle_velocity": {
            "x": -3.6040737628936768,
            "y": -0.004413244314491749,
            "z": -0.0002720355987548828
        },
        "vehicle_throttle": 0.75,
        "unique_collisions": 0,
        "solid_lane_crosses": 0,
        "double_solid_lane_crosses": 0
    },
    {
        "game_time": 157.45660889567807,
        "vehicle_location": {
            "x": -28.835060119628906,
            "y": 88.0340347290039,
            "z": -0.008893890306353569
        },
        "vehicle_velocity": {
            "x": -3.729621171951294,
            "y": -0.004331599455326796,
            "z": -0.0003751373151317239
        },
        "vehicle_throttle": 0.75,
        "unique_collisions": 0,
        "solid_lane_crosses": 0,
        "double_solid_lane_crosses": 0
    },
    {
        "game_time": 158.47738766158,
        "vehicle_location": {
            "x": -32.9604377746582,
            "y": 88.0291748046875,
            "z": -0.008242949843406677
        },
        "vehicle_velocity": {
            "x": -3.9589531421661377,
            "y": -0.004723359365016222,
            "z": 0.0006073856493458152
        },
        "vehicle_throttle": 0.75,
        "unique_collisions": 0,
        "solid_lane_crosses": 0,
        "double_solid_lane_crosses": 0
    }
]