[
    {
        "game_time": 5.691132296808064,
        "vehicle_location": {
            "x": -143.3729705810547,
            "y": -89.71376037597656,
            "z": -0.16763435304164886
        },
        "vehicle_velocity": {
            "x": 0.8746439814567566,
            "y": -0.7799544334411621,
            "z": -0.009630107320845127
        },
        "vehicle_throttle": 0.75,
        "unique_collisions": 0,
        "solid_lane_crosses": 0,
        "double_solid_lane_crosses": 0
    },
    {
        "game_time": 6.733579606749117,
        "vehicle_location": {
            "x": -142.0946807861328,
            "y": -91.00886535644531,
            "z": -0.16185569763183594
        },
        "vehicle_velocity": {
            "x": 0.9109686613082886,
            "y": -2.5896754264831543,
            "z": -0.00012053012324031442
        },
        "vehicle_throttle": 0.75,
        "unique_collisions": 0,
        "solid_lane_crosses": 0,
        "double_solid_lane_crosses": 0
    },
    {
        "game_time": 7.75440672878176,
        "vehicle_location": {
            "x": -140.54718017578125,
            "y": -93.29977416992188,
            "z": -0.149820938706398
        },
        "vehicle_velocity": {
            "x": 1.4492565393447876,
            "y": -1.0959433317184448,
            "z": -0.0003914689878001809
        },
        "vehicle_throttle": 0.0,
        "unique_collisions": 0,
        "solid_lane_crosses": 1,
        "double_solid_lane_crosses": 0
    },
    {
        "game_time": 8.75503498967737,
        "vehicle_location": {
            "x": -139.47531127929688,
            "y": -94.1700668334961,
            "z": -0.1731206476688385
        },
        "vehicle_velocity": {
            "x": 1.5599193572998047,
            "y": -1.083770751953125,
            "z": -0.0002972173679154366
        },
        "vehicle_throttle": 0.75,
        "unique_collisions": 0,
        "solid_lane_crosses": 1,
        "double_solid_lane_crosses": 0
    },
    {
        "game_time": 9.768651272170246,
        "vehicle_location": {
            "x": -137.2047882080078,
            "y": -95.44834899902344,
            "z": -0.16278526186943054
        },
        "vehicle_velocity": {
            "x": 3.159621000289917,
            "y": -0.8161481022834778,
            "z": -0.0003345966397318989
        },
        "vehicle_throttle": 0.75,
        "unique_collisions": 0,
        "solid_lane_crosses": 1,
        "double_solid_lane_crosses": 0
    },
    {
        "game_time": 10.784943034872413,
        "vehicle_location": {
            "x": -133.45518493652344,
            "y": -96.44137573242188,
            "z": -0.16616462171077728
        },
        "vehicle_velocity": {
            "x": 4.480215549468994,
            "y": -0.6993812918663025,
            "z": -0.00014370918506756425
        },
        "vehicle_throttle": 0.75,
        "unique_collisions": 0,
        "solid_lane_crosses": 2,
        "double_solid_lane_crosses": 0
    },
    {
        "game_time": 11.791054457426071,
        "vehicle_location": {
            "x": -129.225341796875,
            "y": -97.03523254394531,
            "z": -0.15296989679336548
        },
        "vehicle_velocity": {
            "x": 3.6744933128356934,
            "y": -0.3724113404750824,
            "z": -0.00012305259588174522
        },
        "vehicle_throttle": 0.75,
        "unique_collisions": 0,
        "solid_lane_crosses": 2,
        "double_solid_lane_crosses": 0
    },
    {
        "game_time": 12.843907739035785,
        "vehicle_location": {
            "x": -124.99872589111328,
            "y": -97.40841674804688,
            "z": -0.16715553402900696
        },
        "vehicle_velocity": {
            "x": 4.598334789276123,
            "y": -0.34609317779541016,
            "z": 0.00012100696039851755
        },
        "vehicle_throttle": 0.0,
        "unique_collisions": 0,
        "solid_lane_crosses": 3,
        "double_solid_lane_crosses": 0
    },
    {
        "game_time": 13.890509563498199,
        "vehicle_location": {
            "x": -120.35784149169922,
            "y": -97.71778106689453,
            "z": -0.1660459041595459
        },
        "vehicle_velocity": {
            "x": 4.794058799743652,
            "y": -0.2725352644920349,
            "z": -0.00023529052850790322
        },
        "vehicle_throttle": 0.0,
        "unique_collisions": 0,
        "solid_lane_crosses": 3,
        "double_solid_lane_crosses": 0
    },
    {
        "game_time": 14.906638946384192,
        "vehicle_location": {
            "x": -116.17021942138672,
            "y": -97.95870208740234,
            "z": -0.15585491061210632
        },
        "vehicle_velocity": {
            "x": 3.7097976207733154,
            "y": -0.11827193945646286,
            "z": -0.00010227203165413812
        },
        "vehicle_throttle": 0.75,
        "unique_collisions": 0,
        "solid_lane_crosses": 3,
        "double_solid_lane_crosses": 0
    },
    {
        "game_time": 15.922145342454314,
        "vehicle_location": {
            "x": -112.01093292236328,
            "y": -97.83916473388672,
            "z": -0.1667441874742508
        },
        "vehicle_velocity": {
            "x": 4.648374080657959,
            "y": 0.8912168145179749,
            "z": 5.6600569223519415e-05
        },
        "vehicle_throttle": 0.75,
        "unique_collisions": 0,
        "solid_lane_crosses": 3,
        "double_solid_lane_crosses": 0
    },
    {
        "game_time": 16.973256029188633,
        "vehicle_location": {
            "x": -106.99490356445312,
            "y": -95.81867980957031,
            "z": -0.15875034034252167
        },
        "vehicle_velocity": {
            "x": 3.8270390033721924,
            "y": 3.7663371562957764,
            "z": -0.00030401229741983116
        },
        "vehicle_throttle": 0.5076903700828552,
        "unique_collisions": 0,
        "solid_lane_crosses": 5,
        "double_solid_lane_crosses": 0
    },
    {
        "game_time": 17.975624356418848,
        "vehicle_location": {
            "x": -104.06436920166016,
            "y": -91.44092559814453,
            "z": -0.17260466516017914
        },
        "vehicle_velocity": {
            "x": 1.5620635747909546,
            "y": 5.274778842926025,
            "z": -0.09329386800527573
        },
        "vehicle_throttle": 0.07064109295606613,
        "unique_collisions": 0,
        "solid_lane_crosses": 5,
        "double_solid_lane_crosses": 0
    },
    {
        "game_time": 19.02952397800982,
        "vehicle_location": {
            "x": -102.9379653930664,
            "y": -85.87663269042969,
            "z": -0.15703830122947693
        },
        "vehicle_velocity": {
            "x": 0.5542518496513367,
            "y": 5.342394828796387,
            "z": -0.008853588253259659
        },
        "vehicle_throttle": 0.6130778789520264,
        "unique_collisions": 0,
        "solid_lane_crosses": 5,
        "double_solid_lane_crosses": 0
    },
    {
        "game_time": 20.04418801702559,
        "vehicle_location": {
            "x": -102.57670593261719,
            "y": -80.38920593261719,
            "z": -0.16150718927383423
        },
        "vehicle_velocity": {
            "x": 0.19883032143115997,
            "y": 5.4249982833862305,
            "z": -0.0007089519058354199
        },
        "vehicle_throttle": 0.5523623824119568,
        "unique_collisions": 0,
        "solid_lane_crosses": 6,
        "double_solid_lane_crosses": 0
    },
    {
        "game_time": 21.070743574760854,
        "vehicle_location": {
            "x": -102.46432495117188,
            "y": -74.81066131591797,
            "z": -0.1618548482656479
        },
        "vehicle_velocity": {
            "x": 0.047707412391901016,
            "y": 5.445647239685059,
            "z": -3.869056672556326e-05
        },
        "vehicle_throttle": 0.3947712481021881,
        "unique_collisions": 0,
        "solid_lane_crosses": 6,
        "double_solid_lane_crosses": 0
    },
    {
        "game_time": 22.10238522104919,
        "vehicle_location": {
            "x": -102.43733215332031,
            "y": -69.20963287353516,
            "z": -0.1614752560853958
        },
        "vehicle_velocity": {
            "x": -0.009472214616835117,
            "y": 5.422173500061035,
            "z": -1.1444091114753974e-06
        },
        "vehicle_throttle": 0.48628199100494385,
        "unique_collisions": 0,
        "solid_lane_crosses": 6,
        "double_solid_lane_crosses": 0
    },
    {
        "game_time": 23.12934708688408,
        "vehicle_location": {
            "x": -102.44345092773438,
            "y": -63.6331787109375,
            "z": -0.16151641309261322
        },
        "vehicle_velocity": {
            "x": -0.028476668521761894,
            "y": 5.432623386383057,
            "z": -5.340576194612368e-07
        },
        "vehicle_throttle": 0.4578469693660736,
        "unique_collisions": 0,
        "solid_lane_crosses": 6,
        "double_solid_lane_crosses": 0
    },
    {
        "game_time": 24.13818249758333,
        "vehicle_location": {
            "x": -102.46376037597656,
            "y": -58.1541748046875,
            "z": -0.16155783832073212
        },
        "vehicle_velocity": {
            "x": -0.025531956925988197,
            "y": 5.430759906768799,
            "z": 5.674361887031409e-07
        },
        "vehicle_throttle": 0.4583207368850708,
        "unique_collisions": 0,
        "solid_lane_crosses": 6,
        "double_solid_lane_crosses": 0
    },
    {
        "game_time": 25.182525305077434,
        "vehicle_location": {
            "x": -102.48986053466797,
            "y": -52.483070373535156,
            "z": -0.16153407096862793
        },
        "vehicle_velocity": {
            "x": -0.028147852048277855,
            "y": 5.430195331573486,
            "z": 1.4972686130931834e-06
        },
        "vehicle_throttle": 0.4627787470817566,
        "unique_collisions": 0,
        "solid_lane_crosses": 6,
        "double_solid_lane_crosses": 0
    },
    {
        "game_time": 26.2119915522635,
        "vehicle_location": {
            "x": -102.51805114746094,
            "y": -46.89244842529297,
            "z": -0.16153979301452637
        },
        "vehicle_velocity": {
            "x": -0.028078626841306686,
            "y": 5.4306640625,
            "z": 1.8167495454690652e-06
        },
        "vehicle_throttle": 0.46056777238845825,
        "unique_collisions": 0,
        "solid_lane_crosses": 6,
        "double_solid_lane_crosses": 0
    },
    {
        "game_time": 27.249409653246403,
        "vehicle_location": {
            "x": -103.09593200683594,
            "y": -41.37519073486328,
            "z": -0.15942740440368652
        },
        "vehicle_velocity": {
            "x": -2.2765684127807617,
            "y": 4.800864219665527,
            "z": -0.0006159972981549799
        },
        "vehicle_throttle": 0.75,
        "unique_collisions": 0,
        "solid_lane_crosses": 6,
        "double_solid_lane_crosses": 0
    },
    {
        "game_time": 28.27065011113882,
        "vehicle_location": {
            "x": -106.63260650634766,
            "y": -37.863525390625,
            "z": -0.1562253087759018
        },
        "vehicle_velocity": {
            "x": -5.275270462036133,
            "y": 1.1797064542770386,
            "z": 0.001658964087255299
        },
        "vehicle_throttle": 0.75,
        "unique_collisions": 0,
        "solid_lane_crosses": 7,
        "double_solid_lane_crosses": 0
    },
    {
        "game_time": 29.283261057920754,
        "vehicle_location": {
            "x": -111.98623657226562,
            "y": -36.77724838256836,
            "z": -0.16154949367046356
        },
        "vehicle_velocity": {
            "x": -5.463409423828125,
            "y": 0.291812539100647,
            "z": 0.0006468200590461493
        },
        "vehicle_throttle": 0.41724085807800293,
        "unique_collisions": 0,
        "solid_lane_crosses": 7,
        "double_solid_lane_crosses": 0
    },
    {
        "game_time": 30.288093419745564,
        "vehicle_location": {
            "x": -117.44434356689453,
            "y": -36.5003547668457,
            "z": -0.16168083250522614
        },
        "vehicle_velocity": {
            "x": -5.450587272644043,
            "y": 0.052368953824043274,
            "z": 0.00048621176392771304
        },
        "vehicle_throttle": 0.3335898220539093,
        "unique_collisions": 0,
        "solid_lane_crosses": 7,
        "double_solid_lane_crosses": 0
    },
    {
        "game_time": 31.306349342688918,
        "vehicle_location": {
            "x": -122.96988677978516,
            "y": -36.42547607421875,
            "z": -0.15614886581897736
        },
        "vehicle_velocity": {
            "x": -5.417844772338867,
            "y": 0.029797133058309555,
            "z": 0.007352409418672323
        },
        "vehicle_throttle": 0.5080656409263611,
        "unique_collisions": 0,
        "solid_lane_crosses": 7,
        "double_solid_lane_crosses": 0
    },
    {
        "game_time": 32.327555134892464,
        "vehicle_location": {
            "x": -128.5153045654297,
            "y": -36.42094039916992,
            "z": -0.14038054645061493
        },
        "vehicle_velocity": {
            "x": -5.430844783782959,
            "y": -0.014522089622914791,
            "z": 0.02264225482940674
        },
        "vehicle_throttle": 0.4633810520172119,
        "unique_collisions": 0,
        "solid_lane_crosses": 7,
        "double_solid_lane_crosses": 0
    },
    {
        "game_time": 33.36620701290667,
        "vehicle_location": {
            "x": -134.1541290283203,
            "y": -36.44492721557617,
            "z": -0.11069068312644958
        },
        "vehicle_velocity": {
            "x": -5.426453113555908,
            "y": -0.03197455406188965,
            "z": 0.037762656807899475
        },
        "vehicle_throttle": 0.4733233153820038,
        "unique_collisions": 0,
        "solid_lane_crosses": 7,
        "double_solid_lane_crosses": 0
    },
    {
        "game_time": 34.371115477755666,
        "vehicle_location": {
            "x": -139.5980987548828,
            "y": -36.5864143371582,
            "z": -0.06906154751777649
        },
        "vehicle_velocity": {
            "x": -5.393422603607178,
            "y": -0.5925378203392029,
            "z": 0.05164686590433121
        },
        "vehicle_throttle": 0.4803982675075531,
        "unique_collisions": 0,
        "solid_lane_crosses": 7,
        "double_solid_lane_crosses": 0
    },
    {
        "game_time": 35.37874808348715,
        "vehicle_location": {
            "x": -143.35946655273438,
            "y": -37.13313293457031,
            "z": 0.052619703114032745
        },
        "vehicle_velocity": {
            "x": 0.02080232836306095,
            "y": 0.7157021164894104,
            "z": -0.12410663068294525
        },
        "vehicle_throttle": 0.75,
        "unique_collisions": 1,
        "solid_lane_crosses": 7,
        "double_solid_lane_crosses": 0
    },
    {
        "game_time": 36.411775052547455,
        "vehicle_location": {
            "x": -143.7168426513672,
            "y": -37.308101654052734,
            "z": -0.009742125868797302
        },
        "vehicle_velocity": {
            "x": -0.004834393039345741,
            "y": -0.004111056216061115,
            "z": 0.03812099248170853
        },
        "vehicle_throttle": 0.75,
        "unique_collisions": 1,
        "solid_lane_crosses": 7,
        "double_solid_lane_crosses": 0
    },
    {
        "game_time": 37.41795695759356,
        "vehicle_location": {
            "x": -143.7150421142578,
            "y": -37.31425094604492,
            "z": -0.0300307460129261
        },
        "vehicle_velocity": {
            "x": 0.0012000560527667403,
            "y": -0.002656023483723402,
            "z": 0.007927332073450089
        },
        "vehicle_throttle": 0.75,
        "unique_collisions": 1,
        "solid_lane_crosses": 7,
        "double_solid_lane_crosses": 0
    },
    {
        "game_time": 38.454692451283336,
        "vehicle_location": {
            "x": -143.71055603027344,
            "y": -37.31797409057617,
            "z": -0.026586532592773438
        },
        "vehicle_velocity": {
            "x": 0.0028534673620015383,
            "y": -0.0023020647931843996,
            "z": -0.002260108245536685
        },
        "vehicle_throttle": 0.75,
        "unique_collisions": 1,
        "solid_lane_crosses": 7,
        "double_solid_lane_crosses": 0
    },
    {
        "game_time": 39.46862445399165,
        "vehicle_location": {
            "x": -143.7065887451172,
            "y": -37.32198715209961,
            "z": -0.026647338643670082
        },
        "vehicle_velocity": {
            "x": 0.0029059099033474922,
            "y": -0.0030485272873193026,
            "z": 6.799310358474031e-05
        },
        "vehicle_throttle": 0.75,
        "unique_collisions": 1,
        "solid_lane_crosses": 7,
        "double_solid_lane_crosses": 0
    },
    {
        "game_time": 40.48171288240701,
        "vehicle_location": {
            "x": -143.70245361328125,
            "y": -37.32615280151367,
            "z": -0.026683425530791283
        },
        "vehicle_velocity": {
            "x": 0.002768576145172119,
            "y": -0.0029304574709385633,
            "z": -5.433231490314938e-05
        },
        "vehicle_throttle": 0.75,
        "unique_collisions": 1,
        "solid_lane_crosses": 7,
        "double_solid_lane_crosses": 0
    },
    {
        "game_time": 41.52463145367801,
        "vehicle_location": {
            "x": -143.6982421875,
            "y": -37.33042526245117,
            "z": -0.026742247864603996
        },
        "vehicle_velocity": {
            "x": 0.0033302544616162777,
            "y": -0.0031537888571619987,
            "z": 8.605510083725676e-05
        },
        "vehicle_throttle": 0.75,
        "unique_collisions": 1,
        "solid_lane_crosses": 7,
        "double_solid_lane_crosses": 0
    },
    {
        "game_time": 42.542917765676975,
        "vehicle_location": {
            "x": -143.69393920898438,
            "y": -37.33481979370117,
            "z": -0.02681739814579487
        },
        "vehicle_velocity": {
            "x": 0.0030296503100544214,
            "y": -0.002989537548273802,
            "z": -3.96475188608747e-05
        },
        "vehicle_throttle": 0.75,
        "unique_collisions": 1,
        "solid_lane_crosses": 7,
        "double_solid_lane_crosses": 0
    },
    {
        "game_time": 43.58516519330442,
        "vehicle_location": {
            "x": -143.6896209716797,
            "y": -37.339256286621094,
            "z": -0.026857756078243256
        },
        "vehicle_velocity": {
            "x": 0.0034947667736560106,
            "y": -0.003328475868329406,
            "z": -3.052413376281038e-05
        },
        "vehicle_throttle": 0.75,
        "unique_collisions": 1,
        "solid_lane_crosses": 7,
        "double_solid_lane_crosses": 0
    },
    {
        "game_time": 44.60198579542339,
        "vehicle_location": {
            "x": -143.6851806640625,
            "y": -37.34381103515625,
            "z": -0.026890410110354424
        },
        "vehicle_velocity": {
            "x": 0.0029478799551725388,
            "y": -0.003491411218419671,
            "z": -2.377390774199739e-05
        },
        "vehicle_throttle": 0.75,
        "unique_collisions": 1,
        "solid_lane_crosses": 7,
        "double_solid_lane_crosses": 0
    },
    {
        "game_time": 45.639192392118275,
        "vehicle_location": {
            "x": -143.68075561523438,
            "y": -37.348384857177734,
            "z": -0.026929397135972977
        },
        "vehicle_velocity": {
            "x": 0.0034270798787474632,
            "y": -0.003363416064530611,
            "z": 8.989363414002582e-05
        },
        "vehicle_throttle": 0.75,
        "unique_collisions": 1,
        "solid_lane_crosses": 7,
        "double_solid_lane_crosses": 0
    },
    {
        "game_time": 46.63996235188097,
        "vehicle_location": {
            "x": -143.67626953125,
            "y": -37.35306167602539,
            "z": -0.02701614238321781
        },
        "vehicle_velocity": {
            "x": 0.0034150241408497095,
            "y": -0.003336856374517083,
            "z": 9.276925993617624e-05
        },
        "vehicle_throttle": 0.75,
        "unique_collisions": 1,
        "solid_lane_crosses": 7,
        "double_solid_lane_crosses": 0
    },
    {
        "game_time": 47.65845087170601,
        "vehicle_location": {
            "x": -143.67178344726562,
            "y": -37.35774230957031,
            "z": -0.027031097561120987
        },
        "vehicle_velocity": {
            "x": 0.0036992477253079414,
            "y": -0.003620800795033574,
            "z": 0.00015515564882662147
        },
        "vehicle_throttle": 0.75,
        "unique_collisions": 1,
        "solid_lane_crosses": 7,
        "double_solid_lane_crosses": 0
    },
    {
        "game_time": 48.678050419315696,
        "vehicle_location": {
            "x": -143.6671142578125,
            "y": -37.36263656616211,
            "z": -0.027064207941293716
        },
        "vehicle_velocity": {
            "x": 0.003172289114445448,
            "y": -0.003660743124783039,
            "z": -0.00013848453818354756
        },
        "vehicle_throttle": 0.75,
        "unique_collisions": 1,
        "solid_lane_crosses": 7,
        "double_solid_lane_crosses": 0
    }
]