[
    {
        "game_time": 7.630575655028224,
        "vehicle_location": {
            "x": -32.60607147216797,
            "y": 193.90589904785156,
            "z": -0.23971186578273773
        },
        "vehicle_velocity": {
            "x": 2.1503567695617676,
            "y": 1.539091944694519,
            "z": 0.005899081006646156
        },
        "vehicle_throttle": 0.75,
        "unique_collisions": 0,
        "solid_lane_crosses": 0,
        "double_solid_lane_crosses": 0
    },
    {
        "game_time": 8.638543764129281,
        "vehicle_location": {
            "x": -29.96488380432129,
            "y": 197.24229431152344,
            "z": -0.23661033809185028
        },
        "vehicle_velocity": {
            "x": 1.0196001529693604,
            "y": 4.360754489898682,
            "z": -0.00041437626350671053
        },
        "vehicle_throttle": 0.75,
        "unique_collisions": 0,
        "solid_lane_crosses": 0,
        "double_solid_lane_crosses": 0
    },
    {
        "game_time": 9.656184125691652,
        "vehicle_location": {
            "x": -31.22027015686035,
            "y": 201.599365234375,
            "z": -0.23787562549114227
        },
        "vehicle_velocity": {
            "x": -4.231895446777344,
            "y": 3.6542251110076904,
            "z": -0.00016547679842915386
        },
        "vehicle_throttle": 0.04321897774934769,
        "unique_collisions": 0,
        "solid_lane_crosses": 0,
        "double_solid_lane_crosses": 0
    },
    {
        "game_time": 10.672446155920625,
        "vehicle_location": {
            "x": -35.98115158081055,
            "y": 203.13491821289062,
            "z": -0.23799170553684235
        },
        "vehicle_velocity": {
            "x": -4.249644756317139,
            "y": -1.767507553100586,
            "z": -0.00014089583419263363
        },
        "vehicle_throttle": 0.75,
        "unique_collisions": 0,
        "solid_lane_crosses": 0,
        "double_solid_lane_crosses": 0
    },
    {
        "game_time": 11.715672686696053,
        "vehicle_location": {
            "x": -38.546016693115234,
            "y": 199.2953643798828,
            "z": -0.23866282403469086
        },
        "vehicle_velocity": {
            "x": 0.8139655590057373,
            "y": -4.712345123291016,
            "z": 6.600379856536165e-05
        },
        "vehicle_throttle": 0.75,
        "unique_collisions": 0,
        "solid_lane_crosses": 0,
        "double_solid_lane_crosses": 0
    },
    {
        "game_time": 12.71959887817502,
        "vehicle_location": {
            "x": -36.01617431640625,
            "y": 194.39041137695312,
            "z": -0.236667200922966
        },
        "vehicle_velocity": {
            "x": 2.5338478088378906,
            "y": -4.331860065460205,
            "z": -0.00022617338981945068
        },
        "vehicle_throttle": 0.75,
        "unique_collisions": 0,
        "solid_lane_crosses": 0,
        "double_solid_lane_crosses": 0
    },
    {
        "game_time": 13.754250029101968,
        "vehicle_location": {
            "x": -35.28046798706055,
            "y": 189.2767791748047,
            "z": -0.16592001914978027
        },
        "vehicle_velocity": {
            "x": -1.9581636190414429,
            "y": -4.51798152923584,
            "z": 0.1768796294927597
        },
        "vehicle_throttle": 0.75,
        "unique_collisions": 0,
        "solid_lane_crosses": 1,
        "double_solid_lane_crosses": 0
    },
    {
        "game_time": 14.79947518184781,
        "vehicle_location": {
            "x": -38.90441131591797,
            "y": 185.494873046875,
            "z": -0.19835269451141357
        },
        "vehicle_velocity": {
            "x": -4.847805500030518,
            "y": -1.432131052017212,
            "z": -0.0428343340754509
        },
        "vehicle_throttle": 0.75,
        "unique_collisions": 0,
        "solid_lane_crosses": 1,
        "double_solid_lane_crosses": 0
    },
    {
        "game_time": 15.826820589601994,
        "vehicle_location": {
            "x": -43.86185836791992,
            "y": 186.20083618164062,
            "z": -0.2370438277721405
        },
        "vehicle_velocity": {
            "x": -4.524238586425781,
            "y": 3.496591329574585,
            "z": 0.0067521617747843266
        },
        "vehicle_throttle": 0.0,
        "unique_collisions": 1,
        "solid_lane_crosses": 1,
        "double_solid_lane_crosses": 0
    },
    {
        "game_time": 16.855986698530614,
        "vehicle_location": {
            "x": -46.561283111572266,
            "y": 190.8200225830078,
            "z": -0.23686710000038147
        },
        "vehicle_velocity": {
            "x": -1.3187311887741089,
            "y": 5.062498569488525,
            "z": 0.00020364760712254792
        },
        "vehicle_throttle": 0.75,
        "unique_collisions": 1,
        "solid_lane_crosses": 1,
        "double_solid_lane_crosses": 0
    },
    {
        "game_time": 17.88326024916023,
        "vehicle_location": {
            "x": -49.58592987060547,
            "y": 195.27359008789062,
            "z": -0.23765933513641357
        },
        "vehicle_velocity": {
            "x": -4.8204755783081055,
            "y": 2.97733211517334,
            "z": -7.788657967466861e-05
        },
        "vehicle_throttle": 0.0,
        "unique_collisions": 1,
        "solid_lane_crosses": 1,
        "double_solid_lane_crosses": 0
    },
    {
        "game_time": 18.902631622739136,
        "vehicle_location": {
            "x": -54.71784591674805,
            "y": 196.17068481445312,
            "z": -0.23697371780872345
        },
        "vehicle_velocity": {
            "x": -4.963525772094727,
            "y": -1.7090405225753784,
            "z": -0.0009704828262329102
        },
        "vehicle_throttle": 0.75,
        "unique_collisions": 2,
        "solid_lane_crosses": 1,
        "double_solid_lane_crosses": 0
    },
    {
        "game_time": 19.948022223077714,
        "vehicle_location": {
            "x": -58.719783782958984,
            "y": 192.59165954589844,
            "z": -0.2374906837940216
        },
        "vehicle_velocity": {
            "x": -1.80966055393219,
            "y": -5.386605739593506,
            "z": -5.233764386503026e-05
        },
        "vehicle_throttle": 0.0,
        "unique_collisions": 2,
        "solid_lane_crosses": 1,
        "double_solid_lane_crosses": 0
    },
    {
        "game_time": 20.969239267520607,
        "vehicle_location": {
            "x": -60.94094467163086,
            "y": 187.6586456298828,
            "z": -0.23675532639026642
        },
        "vehicle_velocity": {
            "x": -3.2093913555145264,
            "y": -3.7603304386138916,
            "z": -0.000407314277254045
        },
        "vehicle_throttle": 0.75,
        "unique_collisions": 2,
        "solid_lane_crosses": 1,
        "double_solid_lane_crosses": 0
    },
    {
        "game_time": 21.974308747798204,
        "vehicle_location": {
            "x": -64.41791534423828,
            "y": 183.4171905517578,
            "z": -0.23822914063930511
        },
        "vehicle_velocity": {
            "x": -3.6987075805664062,
            "y": -4.564418315887451,
            "z": 2.9044151233392768e-05
        },
        "vehicle_throttle": 0.0,
        "unique_collisions": 2,
        "solid_lane_crosses": 1,
        "double_solid_lane_crosses": 0
    },
    {
        "game_time": 23.018494989722967,
        "vehicle_location": {
            "x": -67.75589752197266,
            "y": 178.84109497070312,
            "z": -0.23671020567417145
        },
        "vehicle_velocity": {
            "x": -2.7438924312591553,
            "y": -4.200438976287842,
            "z": 8.77380352903856e-06
        },
        "vehicle_throttle": 0.75,
        "unique_collisions": 2,
        "solid_lane_crosses": 1,
        "double_solid_lane_crosses": 0
    },
    {
        "game_time": 24.080964202061296,
        "vehicle_location": {
            "x": -70.24352264404297,
            "y": 174.4275360107422,
            "z": -0.2360314577817917
        },
        "vehicle_velocity": {
            "x": -1.2022430896759033,
            "y": -2.406834125518799,
            "z": -0.00036215782165527344
        },
        "vehicle_throttle": 0.0,
        "unique_collisions": 2,
        "solid_lane_crosses": 1,
        "double_solid_lane_crosses": 0
    },
    {
        "game_time": 25.09306275844574,
        "vehicle_location": {
            "x": -70.95221710205078,
            "y": 172.9650421142578,
            "z": -0.23609164357185364
        },
        "vehicle_velocity": {
            "x": -0.11224697530269623,
            "y": -0.2692132294178009,
            "z": -0.0005889224703423679
        },
        "vehicle_throttle": 0.75,
        "unique_collisions": 2,
        "solid_lane_crosses": 1,
        "double_solid_lane_crosses": 0
    },
    {
        "game_time": 26.112080958671868,
        "vehicle_location": {
            "x": -71.16742706298828,
            "y": 172.47325134277344,
            "z": -0.23741358518600464
        },
        "vehicle_velocity": {
            "x": 0.00021798632224090397,
            "y": -0.0023194849491119385,
            "z": 5.6309698265977204e-05
        },
        "vehicle_throttle": 0.0,
        "unique_collisions": 2,
        "solid_lane_crosses": 1,
        "double_solid_lane_crosses": 0
    },
    {
        "game_time": 27.16162116918713,
        "vehicle_location": {
            "x": -71.26713562011719,
            "y": 172.24545288085938,
            "z": -0.23760265111923218
        },
        "vehicle_velocity": {
            "x": 4.1727496864041314e-05,
            "y": 0.0002719396725296974,
            "z": -3.215789547539316e-05
        },
        "vehicle_throttle": 0.0,
        "unique_collisions": 2,
        "solid_lane_crosses": 1,
        "double_solid_lane_crosses": 0
    },
    {
        "game_time": 28.18975122924894,
        "vehicle_location": {
            "x": -71.2671127319336,
            "y": 172.24549865722656,
            "z": -0.2376391887664795
        },
        "vehicle_velocity": {
            "x": 4.3111495529046806e-07,
            "y": 1.0772743053166778e-06,
            "z": 0.00040990827255882323
        },
        "vehicle_throttle": 0.0,
        "unique_collisions": 2,
        "solid_lane_crosses": 1,
        "double_solid_lane_crosses": 0
    },
    {
        "game_time": 29.205340917222202,
        "vehicle_location": {
            "x": -71.2671127319336,
            "y": 172.24549865722656,
            "z": -0.23755687475204468
        },
        "vehicle_velocity": {
            "x": 5.035274974751758e-10,
            "y": -5.882594411588116e-09,
            "z": 0.0003473377146292478
        },
        "vehicle_throttle": 0.0,
        "unique_collisions": 2,
        "solid_lane_crosses": 1,
        "double_solid_lane_crosses": 0
    },
    {
        "game_time": 30.24008308816701,
        "vehicle_location": {
            "x": -71.2671127319336,
            "y": 172.24549865722656,
            "z": -0.2376106232404709
        },
        "vehicle_velocity": {
            "x": -3.078157106983781e-08,
            "y": 2.123831777112173e-08,
            "z": 0.0001369094825349748
        },
        "vehicle_throttle": 0.0,
        "unique_collisions": 2,
        "solid_lane_crosses": 1,
        "double_solid_lane_crosses": 0
    },
    {
        "game_time": 31.29580293316394,
        "vehicle_location": {
            "x": -71.2671127319336,
            "y": 172.24549865722656,
            "z": -0.23757179081439972
        },
        "vehicle_velocity": {
            "x": -1.7463056778410646e-08,
            "y": 9.590931604464004e-09,
            "z": -4.3783187720691785e-05
        },
        "vehicle_throttle": 0.0,
        "unique_collisions": 2,
        "solid_lane_crosses": 1,
        "double_solid_lane_crosses": 0
    },
    {
        "game_time": 32.33919354248792,
        "vehicle_location": {
            "x": -71.2671127319336,
            "y": 172.24549865722656,
            "z": -0.23757167160511017
        },
        "vehicle_velocity": {
            "x": -6.303939592555707e-09,
            "y": -4.2639629604934726e-09,
            "z": 9.469508950132877e-05
        },
        "vehicle_throttle": 0.0,
        "unique_collisions": 2,
        "solid_lane_crosses": 1,
        "double_solid_lane_crosses": 0
    },
    {
        "game_time": 33.35470448154956,
        "vehicle_location": {
            "x": -71.2671127319336,
            "y": 172.24549865722656,
            "z": -0.23759089410305023
        },
        "vehicle_velocity": {
            "x": -2.2015157696841925e-08,
            "y": 1.951121220145069e-08,
            "z": 0.0004431295383255929
        },
        "vehicle_throttle": 0.0,
        "unique_collisions": 2,
        "solid_lane_crosses": 1,
        "double_solid_lane_crosses": 0
    },
    {
        "game_time": 34.37405723053962,
        "vehicle_location": {
            "x": -71.2671127319336,
            "y": 172.24549865722656,
            "z": -0.23759932816028595
        },
        "vehicle_velocity": {
            "x": 3.0347823809506735e-08,
            "y": -7.656902667463328e-09,
            "z": -0.00012197493924759328
        },
        "vehicle_throttle": 0.0,
        "unique_collisions": 2,
        "solid_lane_crosses": 1,
        "double_solid_lane_crosses": 0
    },
    {
        "game_time": 35.391456418670714,
        "vehicle_location": {
            "x": -71.2671127319336,
            "y": 172.24549865722656,
            "z": -0.2376370131969452
        },
        "vehicle_velocity": {
            "x": -5.1284651192418096e-08,
            "y": 3.236108980786412e-08,
            "z": -0.000552110665012151
        },
        "vehicle_throttle": 0.0,
        "unique_collisions": 2,
        "solid_lane_crosses": 1,
        "double_solid_lane_crosses": 0
    },
    {
        "game_time": 36.461840328760445,
        "vehicle_location": {
            "x": -71.2671127319336,
            "y": 172.24549865722656,
            "z": -0.2375892996788025
        },
        "vehicle_velocity": {
            "x": -3.177822094357907e-08,
            "y": 2.21130900257549e-08,
            "z": 4.003524736617692e-05
        },
        "vehicle_throttle": 0.0,
        "unique_collisions": 2,
        "solid_lane_crosses": 1,
        "double_solid_lane_crosses": 0
    },
    {
        "game_time": 37.5254149409011,
        "vehicle_location": {
            "x": -71.2671127319336,
            "y": 172.24549865722656,
            "z": -0.23757284879684448
        },
        "vehicle_velocity": {
            "x": -2.4591349401248408e-08,
            "y": -1.2271188509771491e-08,
            "z": -1.2836456335207913e-05
        },
        "vehicle_throttle": 0.0,
        "unique_collisions": 2,
        "solid_lane_crosses": 1,
        "double_solid_lane_crosses": 0
    },
    {
        "game_time": 38.55733920354396,
        "vehicle_location": {
            "x": -71.2671127319336,
            "y": 172.24549865722656,
            "z": -0.23756636679172516
        },
        "vehicle_velocity": {
            "x": 5.813908465768236e-09,
            "y": -3.3656937237225293e-09,
            "z": 3.318309609312564e-05
        },
        "vehicle_throttle": 0.0,
        "unique_collisions": 2,
        "solid_lane_crosses": 1,
        "double_solid_lane_crosses": 0
    },
    {
        "game_time": 39.56625754479319,
        "vehicle_location": {
            "x": -71.2671127319336,
            "y": 172.24549865722656,
            "z": -0.23756404221057892
        },
        "vehicle_velocity": {
            "x": -8.826723352228782e-09,
            "y": -7.769282106551145e-09,
            "z": -8.30125791253522e-05
        },
        "vehicle_throttle": 0.0,
        "unique_collisions": 2,
        "solid_lane_crosses": 1,
        "double_solid_lane_crosses": 0
    },
    {
        "game_time": 40.56821185071021,
        "vehicle_location": {
            "x": -71.2671127319336,
            "y": 172.24549865722656,
            "z": -0.23763133585453033
        },
        "vehicle_velocity": {
            "x": -1.8079598262943364e-08,
            "y": 1.6114325873672897e-08,
            "z": 0.000254993443377316
        },
        "vehicle_throttle": 0.0,
        "unique_collisions": 2,
        "solid_lane_crosses": 1,
        "double_solid_lane_crosses": 0
    },
    {
        "game_time": 41.62463434878737,
        "vehicle_location": {
            "x": -71.2671127319336,
            "y": 172.24549865722656,
            "z": -0.23755919933319092
        },
        "vehicle_velocity": {
            "x": -2.4447553315098958e-08,
            "y": 1.3915704144551455e-08,
            "z": 0.00038310050149448216
        },
        "vehicle_throttle": 0.0,
        "unique_collisions": 2,
        "solid_lane_crosses": 1,
        "double_solid_lane_crosses": 0
    },
    {
        "game_time": 42.664995410479605,
        "vehicle_location": {
            "x": -71.2671127319336,
            "y": 172.24549865722656,
            "z": -0.23759382963180542
        },
        "vehicle_velocity": {
            "x": -5.9587200951227715e-08,
            "y": 2.8443873034689204e-08,
            "z": -1.5163421267061494e-05
        },
        "vehicle_throttle": 0.0,
        "unique_collisions": 2,
        "solid_lane_crosses": 1,
        "double_solid_lane_crosses": 0
    },
    {
        "game_time": 43.731748971156776,
        "vehicle_location": {
            "x": -71.2671127319336,
            "y": 172.24549865722656,
            "z": -0.23755007982254028
        },
        "vehicle_velocity": {
            "x": -1.931709370239787e-08,
            "y": 1.2308286834183946e-08,
            "z": 0.00034176826011389494
        },
        "vehicle_throttle": 0.0,
        "unique_collisions": 2,
        "solid_lane_crosses": 1,
        "double_solid_lane_crosses": 0
    },
    {
        "game_time": 44.781316983513534,
        "vehicle_location": {
            "x": -71.2671127319336,
            "y": 172.24549865722656,
            "z": -0.23757602274417877
        },
        "vehicle_velocity": {
            "x": -4.06930378282766e-10,
            "y": 1.748994060690734e-09,
            "z": 0.00037446021451614797
        },
        "vehicle_throttle": 0.0,
        "unique_collisions": 2,
        "solid_lane_crosses": 1,
        "double_solid_lane_crosses": 0
    },
    {
        "game_time": 45.851018021814525,
        "vehicle_location": {
            "x": -71.2671127319336,
            "y": 172.24549865722656,
            "z": -0.23759524524211884
        },
        "vehicle_velocity": {
            "x": 2.706707569188893e-08,
            "y": -5.067728459096088e-09,
            "z": -0.00021132468828000128
        },
        "vehicle_throttle": 0.0,
        "unique_collisions": 2,
        "solid_lane_crosses": 1,
        "double_solid_lane_crosses": 0
    },
    {
        "game_time": 46.905912953428924,
        "vehicle_location": {
            "x": -71.2671127319336,
            "y": 172.24549865722656,
            "z": -0.23759989440441132
        },
        "vehicle_velocity": {
            "x": -6.397217422460244e-09,
            "y": -4.796895325398509e-09,
            "z": -0.00040691375033929944
        },
        "vehicle_throttle": 0.0,
        "unique_collisions": 2,
        "solid_lane_crosses": 1,
        "double_solid_lane_crosses": 0
    },
    {
        "game_time": 47.94927934464067,
        "vehicle_location": {
            "x": -71.2671127319336,
            "y": 172.24549865722656,
            "z": -0.23755767941474915
        },
        "vehicle_velocity": {
            "x": -1.9164008158156776e-09,
            "y": -7.843791394179789e-09,
            "z": 0.00010377406579209492
        },
        "vehicle_throttle": 0.0,
        "unique_collisions": 2,
        "solid_lane_crosses": 1,
        "double_solid_lane_crosses": 0
    },
    {
        "game_time": 48.99049701821059,
        "vehicle_location": {
            "x": -71.2671127319336,
            "y": 172.24549865722656,
            "z": -0.23762668669223785
        },
        "vehicle_velocity": {
            "x": -2.472847349110907e-08,
            "y": -9.849508986192745e-10,
            "z": -0.0006017112755216658
        },
        "vehicle_throttle": 0.0,
        "unique_collisions": 2,
        "solid_lane_crosses": 1,
        "double_solid_lane_crosses": 0
    },
    {
        "game_time": 50.045323797501624,
        "vehicle_location": {
            "x": -71.2671127319336,
            "y": 172.24549865722656,
            "z": -0.23761732876300812
        },
        "vehicle_velocity": {
            "x": -2.7149368975187826e-08,
            "y": 1.8803582690907206e-08,
            "z": -0.0005151271470822394
        },
        "vehicle_throttle": 0.0,
        "unique_collisions": 2,
        "solid_lane_crosses": 1,
        "double_solid_lane_crosses": 0
    },
    {
        "game_time": 51.081979119218886,
        "vehicle_location": {
            "x": -71.38017272949219,
            "y": 171.98736572265625,
            "z": -0.2376619279384613
        },
        "vehicle_velocity": {
            "x": -0.29345768690109253,
            "y": -0.6790603995323181,
            "z": -5.870342283742502e-05
        },
        "vehicle_throttle": 0.75,
        "unique_collisions": 2,
        "solid_lane_crosses": 1,
        "double_solid_lane_crosses": 0
    },
    {
        "game_time": 52.08220892865211,
        "vehicle_location": {
            "x": -72.04792022705078,
            "y": 170.28128051757812,
            "z": -0.238794207572937
        },
        "vehicle_velocity": {
            "x": -0.9433828592300415,
            "y": -2.903890609741211,
            "z": -0.00016149520524777472
        },
        "vehicle_throttle": 0.0,
        "unique_collisions": 2,
        "solid_lane_crosses": 1,
        "double_solid_lane_crosses": 0
    },
    {
        "game_time": 53.16540206130594,
        "vehicle_location": {
            "x": -72.97500610351562,
            "y": 167.32693481445312,
            "z": -0.23674018681049347
        },
        "vehicle_velocity": {
            "x": -0.5589600205421448,
            "y": -2.4095726013183594,
            "z": -0.00023121356207411736
        },
        "vehicle_throttle": 0.75,
        "unique_collisions": 2,
        "solid_lane_crosses": 1,
        "double_solid_lane_crosses": 0
    },
    {
        "game_time": 54.232253468595445,
        "vehicle_location": {
            "x": -73.69071960449219,
            "y": 164.08822631835938,
            "z": -0.23754432797431946
        },
        "vehicle_velocity": {
            "x": -0.46355417370796204,
            "y": -3.106605052947998,
            "z": -0.0031428432557731867
        },
        "vehicle_throttle": 0.75,
        "unique_collisions": 2,
        "solid_lane_crosses": 1,
        "double_solid_lane_crosses": 0
    },
    {
        "game_time": 55.2541779903695,
        "vehicle_location": {
            "x": -74.1316146850586,
            "y": 160.76025390625,
            "z": -0.2385120391845703
        },
        "vehicle_velocity": {
            "x": -0.24532219767570496,
            "y": -3.5136680603027344,
            "z": -2.384185791015625e-06
        },
        "vehicle_throttle": 0.75,
        "unique_collisions": 2,
        "solid_lane_crosses": 1,
        "double_solid_lane_crosses": 0
    },
    {
        "game_time": 56.29715590272099,
        "vehicle_location": {
            "x": -74.37993621826172,
            "y": 157.0160675048828,
            "z": -0.2389203906059265
        },
        "vehicle_velocity": {
            "x": -0.14425085484981537,
            "y": -4.8662285804748535,
            "z": -0.0007217216189019382
        },
        "vehicle_throttle": 0.0,
        "unique_collisions": 2,
        "solid_lane_crosses": 1,
        "double_solid_lane_crosses": 0
    },
    {
        "game_time": 57.336217823438346,
        "vehicle_location": {
            "x": -74.49913024902344,
            "y": 153.559814453125,
            "z": -0.2386038899421692
        },
        "vehicle_velocity": {
            "x": -0.08900050073862076,
            "y": -3.1868691444396973,
            "z": 0.00016786098422016948
        },
        "vehicle_throttle": 0.75,
        "unique_collisions": 2,
        "solid_lane_crosses": 1,
        "double_solid_lane_crosses": 0
    },
    {
        "game_time": 58.40434510912746,
        "vehicle_location": {
            "x": -74.56837463378906,
            "y": 148.1451873779297,
            "z": -0.23617610335350037
        },
        "vehicle_velocity": {
            "x": 0.10530830174684525,
            "y": -5.081791400909424,
            "z": 0.005002364981919527
        },
        "vehicle_throttle": 0.75,
        "unique_collisions": 2,
        "solid_lane_crosses": 1,
        "double_solid_lane_crosses": 0
    },
    {
        "game_time": 59.483063829131424,
        "vehicle_location": {
            "x": -73.76302337646484,
            "y": 142.50123596191406,
            "z": -0.22990302741527557
        },
        "vehicle_velocity": {
            "x": 1.9307305812835693,
            "y": -4.968012809753418,
            "z": 0.006809892598539591
        },
        "vehicle_throttle": 0.75,
        "unique_collisions": 2,
        "solid_lane_crosses": 1,
        "double_solid_lane_crosses": 0
    },
    {
        "game_time": 60.530856682918966,
        "vehicle_location": {
            "x": -70.48989868164062,
            "y": 138.0668182373047,
            "z": -0.2252926528453827
        },
        "vehicle_velocity": {
            "x": 5.130651950836182,
            "y": -2.7995169162750244,
            "z": -0.005033817142248154
        },
        "vehicle_throttle": 0.0,
        "unique_collisions": 2,
        "solid_lane_crosses": 1,
        "double_solid_lane_crosses": 0
    },
    {
        "game_time": 61.53923308942467,
        "vehicle_location": {
            "x": -65.28248596191406,
            "y": 136.31695556640625,
            "z": -0.23597835004329681
        },
        "vehicle_velocity": {
            "x": 5.4147820472717285,
            "y": -0.9584676623344421,
            "z": -0.013190899044275284
        },
        "vehicle_throttle": 0.0,
        "unique_collisions": 2,
        "solid_lane_crosses": 1,
        "double_solid_lane_crosses": 0
    },
    {
        "game_time": 62.57707289699465,
        "vehicle_location": {
            "x": -59.78321075439453,
            "y": 135.631591796875,
            "z": -0.23669341206550598
        },
        "vehicle_velocity": {
            "x": 4.546558380126953,
            "y": -0.26678574085235596,
            "z": -0.0008527088211849332
        },
        "vehicle_throttle": 0.0,
        "unique_collisions": 2,
        "solid_lane_crosses": 1,
        "double_solid_lane_crosses": 0
    },
    {
        "game_time": 63.59247448947281,
        "vehicle_location": {
            "x": -56.72590637207031,
            "y": 135.427001953125,
            "z": -0.2389945238828659
        },
        "vehicle_velocity": {
            "x": 3.8119781017303467,
            "y": -0.16567614674568176,
            "z": 1.8272399756824598e-05
        },
        "vehicle_throttle": 0.0,
        "unique_collisions": 2,
        "solid_lane_crosses": 1,
        "double_solid_lane_crosses": 0
    },
    {
        "game_time": 64.6413940154016,
        "vehicle_location": {
            "x": -52.84434127807617,
            "y": 135.2509002685547,
            "z": -0.23693633079528809
        },
        "vehicle_velocity": {
            "x": 3.48441743850708,
            "y": -0.12729129195213318,
            "z": 9.117126319324598e-05
        },
        "vehicle_throttle": 0.0,
        "unique_collisions": 2,
        "solid_lane_crosses": 1,
        "double_solid_lane_crosses": 0
    },
    {
        "game_time": 65.70081354305148,
        "vehicle_location": {
            "x": -48.83749771118164,
            "y": 135.11691284179688,
            "z": -0.23648738861083984
        },
        "vehicle_velocity": {
            "x": 3.4855456352233887,
            "y": -0.10235990583896637,
            "z": 0.00015797614469192922
        },
        "vehicle_throttle": 0.75,
        "unique_collisions": 2,
        "solid_lane_crosses": 1,
        "double_solid_lane_crosses": 0
    },
    {
        "game_time": 66.7113790679723,
        "vehicle_location": {
            "x": -44.86814498901367,
            "y": 135.00616455078125,
            "z": -0.23811191320419312
        },
        "vehicle_velocity": {
            "x": 3.934921979904175,
            "y": -0.10338062793016434,
            "z": 0.00022459030151367188
        },
        "vehicle_throttle": 0.0,
        "unique_collisions": 2,
        "solid_lane_crosses": 1,
        "double_solid_lane_crosses": 0
    },
    {
        "game_time": 67.77078724838793,
        "vehicle_location": {
            "x": -41.50111770629883,
            "y": 134.91983032226562,
            "z": -0.2370266318321228
        },
        "vehicle_velocity": {
            "x": 2.5664424896240234,
            "y": -0.06417013704776764,
            "z": 0.0002903747372329235
        },
        "vehicle_throttle": 0.0,
        "unique_collisions": 2,
        "solid_lane_crosses": 1,
        "double_solid_lane_crosses": 0
    },
    {
        "game_time": 68.81277812179178,
        "vehicle_location": {
            "x": -40.058231353759766,
            "y": 134.88421630859375,
            "z": -0.2376943975687027
        },
        "vehicle_velocity": {
            "x": 1.0061650276184082,
            "y": -0.02417335845530033,
            "z": -0.0006220912910066545
        },
        "vehicle_throttle": 0.0,
        "unique_collisions": 2,
        "solid_lane_crosses": 1,
        "double_solid_lane_crosses": 0
    },
    {
        "game_time": 69.82831196952611,
        "vehicle_location": {
            "x": -39.55256652832031,
            "y": 134.8719482421875,
            "z": -0.23758243024349213
        },
        "vehicle_velocity": {
            "x": 0.5734671950340271,
            "y": -0.013819585554301739,
            "z": 0.00014410972653422505
        },
        "vehicle_throttle": 0.0,
        "unique_collisions": 2,
        "solid_lane_crosses": 1,
        "double_solid_lane_crosses": 0
    },
    {
        "game_time": 70.8476539477706,
        "vehicle_location": {
            "x": -39.40554428100586,
            "y": 134.86839294433594,
            "z": -0.23753230273723602
        },
        "vehicle_velocity": {
            "x": 0.0004547575081232935,
            "y": -7.502534117520554e-06,
            "z": 8.909225289244205e-05
        },
        "vehicle_throttle": 0.75,
        "unique_collisions": 2,
        "solid_lane_crosses": 1,
        "double_solid_lane_crosses": 0
    },
    {
        "game_time": 71.88504704181105,
        "vehicle_location": {
            "x": -39.3702392578125,
            "y": 134.86752319335938,
            "z": -0.23759761452674866
        },
        "vehicle_velocity": {
            "x": -6.129285338829504e-06,
            "y": 3.0589127675284544e-08,
            "z": 0.0006435298710130155
        },
        "vehicle_throttle": 0.0,
        "unique_collisions": 2,
        "solid_lane_crosses": 1,
        "double_solid_lane_crosses": 0
    },
    {
        "game_time": 72.93351296056062,
        "vehicle_location": {
            "x": -39.370243072509766,
            "y": 134.86752319335938,
            "z": -0.23759639263153076
        },
        "vehicle_velocity": {
            "x": 1.2337056709554872e-08,
            "y": 7.089130171777924e-09,
            "z": 0.00035672186641022563
        },
        "vehicle_throttle": 0.0,
        "unique_collisions": 2,
        "solid_lane_crosses": 1,
        "double_solid_lane_crosses": 0
    },
    {
        "game_time": 73.94717132020742,
        "vehicle_location": {
            "x": -39.370243072509766,
            "y": 134.86752319335938,
            "z": -0.23757655918598175
        },
        "vehicle_velocity": {
            "x": 6.121625872879122e-09,
            "y": 1.3303542267806279e-08,
            "z": -0.0007593917543999851
        },
        "vehicle_throttle": 0.0,
        "unique_collisions": 2,
        "solid_lane_crosses": 1,
        "double_solid_lane_crosses": 0
    },
    {
        "game_time": 74.98888764623553,
        "vehicle_location": {
            "x": -39.370243072509766,
            "y": 134.86752319335938,
            "z": -0.23762686550617218
        },
        "vehicle_velocity": {
            "x": -3.539968540522409e-09,
            "y": -8.508577842292198e-09,
            "z": -0.000476436602184549
        },
        "vehicle_throttle": 0.0,
        "unique_collisions": 2,
        "solid_lane_crosses": 1,
        "double_solid_lane_crosses": 0
    },
    {
        "game_time": 76.03869740199298,
        "vehicle_location": {
            "x": -39.370243072509766,
            "y": 134.86752319335938,
            "z": -0.23757480084896088
        },
        "vehicle_velocity": {
            "x": 1.2830868811875007e-08,
            "y": 2.6661767904556655e-08,
            "z": 0.0009890747023746371
        },
        "vehicle_throttle": 0.0,
        "unique_collisions": 2,
        "solid_lane_crosses": 1,
        "double_solid_lane_crosses": 0
    },
    {
        "game_time": 77.0459312684834,
        "vehicle_location": {
            "x": -39.370243072509766,
            "y": 134.86752319335938,
            "z": -0.23754127323627472
        },
        "vehicle_velocity": {
            "x": 8.464207112979238e-09,
            "y": 2.0732526806455098e-08,
            "z": 0.0005020427634008229
        },
        "vehicle_throttle": 0.0,
        "unique_collisions": 2,
        "solid_lane_crosses": 1,
        "double_solid_lane_crosses": 0
    },
    {
        "game_time": 78.10592797957361,
        "vehicle_location": {
            "x": -39.370243072509766,
            "y": 134.86752319335938,
            "z": -0.23756477236747742
        },
        "vehicle_velocity": {
            "x": -6.601384994198156e-10,
            "y": -9.349739871211682e-10,
            "z": 9.791850607143715e-05
        },
        "vehicle_throttle": 0.0,
        "unique_collisions": 2,
        "solid_lane_crosses": 1,
        "double_solid_lane_crosses": 0
    },
    {
        "game_time": 79.12238248065114,
        "vehicle_location": {
            "x": -39.370243072509766,
            "y": 134.86752319335938,
            "z": -0.2375677078962326
        },
        "vehicle_velocity": {
            "x": 7.879072505545537e-09,
            "y": 2.3186888853388155e-08,
            "z": -0.0004164791025687009
        },
        "vehicle_throttle": 0.0,
        "unique_collisions": 2,
        "solid_lane_crosses": 1,
        "double_solid_lane_crosses": 0
    },
    {
        "game_time": 80.15231859870255,
        "vehicle_location": {
            "x": -39.370243072509766,
            "y": 134.86752319335938,
            "z": -0.23757866024971008
        },
        "vehicle_velocity": {
            "x": -1.9358911175493265e-12,
            "y": -9.346143997612799e-11,
            "z": 1.1539458455445128e-06
        },
        "vehicle_throttle": 0.0,
        "unique_collisions": 2,
        "solid_lane_crosses": 1,
        "double_solid_lane_crosses": 0
    },
    {
        "game_time": 81.1966995075345,
        "vehicle_location": {
            "x": -39.370243072509766,
            "y": 134.86752319335938,
            "z": -0.23757335543632507
        },
        "vehicle_velocity": {
            "x": 9.513121845827754e-09,
            "y": 2.642614127523757e-08,
            "z": -0.00034627915010787547
        },
        "vehicle_throttle": 0.0,
        "unique_collisions": 2,
        "solid_lane_crosses": 1,
        "double_solid_lane_crosses": 0
    },
    {
        "game_time": 82.21685295086354,
        "vehicle_location": {
            "x": -39.370243072509766,
            "y": 134.86752319335938,
            "z": -0.23761512339115143
        },
        "vehicle_velocity": {
            "x": 2.7110477751612905e-10,
            "y": 8.987317556830021e-09,
            "z": -2.595901423774194e-05
        },
        "vehicle_throttle": 0.0,
        "unique_collisions": 2,
        "solid_lane_crosses": 1,
        "double_solid_lane_crosses": 0
    },
    {
        "game_time": 83.2348971972242,
        "vehicle_location": {
            "x": -39.370243072509766,
            "y": 134.86752319335938,
            "z": -0.237605020403862
        },
        "vehicle_velocity": {
            "x": 9.15208886453911e-09,
            "y": 1.902665403008541e-08,
            "z": 0.00023993014474399388
        },
        "vehicle_throttle": 0.0,
        "unique_collisions": 2,
        "solid_lane_crosses": 1,
        "double_solid_lane_crosses": 0
    },
    {
        "game_time": 84.24617927800864,
        "vehicle_location": {
            "x": -39.370243072509766,
            "y": 134.86752319335938,
            "z": -0.2375892996788025
        },
        "vehicle_velocity": {
            "x": 8.02063659932628e-09,
            "y": 1.3195060155624105e-08,
            "z": 0.00028662680415436625
        },
        "vehicle_throttle": 0.0,
        "unique_collisions": 2,
        "solid_lane_crosses": 1,
        "double_solid_lane_crosses": 0
    },
    {
        "game_time": 85.25677758641541,
        "vehicle_location": {
            "x": -39.370243072509766,
            "y": 134.86752319335938,
            "z": -0.23754893243312836
        },
        "vehicle_velocity": {
            "x": 1.0724657606431265e-08,
            "y": 2.0266734068741243e-08,
            "z": 0.0002658033336047083
        },
        "vehicle_throttle": 0.0,
        "unique_collisions": 2,
        "solid_lane_crosses": 1,
        "double_solid_lane_crosses": 0
    },
    {
        "game_time": 86.31145180482417,
        "vehicle_location": {
            "x": -39.370243072509766,
            "y": 134.86752319335938,
            "z": -0.23755306005477905
        },
        "vehicle_velocity": {
            "x": 7.230266163560373e-09,
            "y": 1.1856512216468218e-08,
            "z": -0.00029255865956656635
        },
        "vehicle_throttle": 0.0,
        "unique_collisions": 2,
        "solid_lane_crosses": 1,
        "double_solid_lane_crosses": 0
    },
    {
        "game_time": 87.31155141349882,
        "vehicle_location": {
            "x": -39.370243072509766,
            "y": 134.86752319335938,
            "z": -0.23762008547782898
        },
        "vehicle_velocity": {
            "x": -8.478229229780254e-10,
            "y": -3.289279515428234e-09,
            "z": 0.0002564286987762898
        },
        "vehicle_throttle": 0.0,
        "unique_collisions": 2,
        "solid_lane_crosses": 1,
        "double_solid_lane_crosses": 0
    },
    {
        "game_time": 88.35391426552087,
        "vehicle_location": {
            "x": -39.370243072509766,
            "y": 134.86752319335938,
            "z": -0.23757846653461456
        },
        "vehicle_velocity": {
            "x": -6.1177205523677e-09,
            "y": -1.1475906447344641e-08,
            "z": -0.000904569576960057
        },
        "vehicle_throttle": 0.0,
        "unique_collisions": 2,
        "solid_lane_crosses": 1,
        "double_solid_lane_crosses": 0
    },
    {
        "game_time": 89.39025430940092,
        "vehicle_location": {
            "x": -39.370243072509766,
            "y": 134.86752319335938,
            "z": -0.23754779994487762
        },
        "vehicle_velocity": {
            "x": -2.33432273510914e-09,
            "y": -5.343532283319519e-09,
            "z": -0.00021559714514296502
        },
        "vehicle_throttle": 0.0,
        "unique_collisions": 2,
        "solid_lane_crosses": 1,
        "double_solid_lane_crosses": 0
    },
    {
        "game_time": 90.4034333974123,
        "vehicle_location": {
            "x": -39.370243072509766,
            "y": 134.86752319335938,
            "z": -0.23758861422538757
        },
        "vehicle_velocity": {
            "x": -6.102034433297376e-09,
            "y": -1.736077770431166e-08,
            "z": 0.0002963971928693354
        },
        "vehicle_throttle": 0.0,
        "unique_collisions": 2,
        "solid_lane_crosses": 1,
        "double_solid_lane_crosses": 0
    },
    {
        "game_time": 91.42609037272632,
        "vehicle_location": {
            "x": -39.370243072509766,
            "y": 134.86752319335938,
            "z": -0.23760776221752167
        },
        "vehicle_velocity": {
            "x": -4.035516809608453e-09,
            "y": -9.682786128450971e-09,
            "z": 0.00031879424932412803
        },
        "vehicle_throttle": 0.0,
        "unique_collisions": 2,
        "solid_lane_crosses": 1,
        "double_solid_lane_crosses": 0
    },
    {
        "game_time": 92.45872721262276,
        "vehicle_location": {
            "x": -39.370243072509766,
            "y": 134.86752319335938,
            "z": -0.2375689595937729
        },
        "vehicle_velocity": {
            "x": -5.924209123264745e-09,
            "y": -1.8349060937339345e-08,
            "z": 0.00048398016951978207
        },
        "vehicle_throttle": 0.0,
        "unique_collisions": 2,
        "solid_lane_crosses": 1,
        "double_solid_lane_crosses": 0
    },
    {
        "game_time": 93.48999226652086,
        "vehicle_location": {
            "x": -39.370243072509766,
            "y": 134.86752319335938,
            "z": -0.2375561147928238
        },
        "vehicle_velocity": {
            "x": -9.918921684004545e-09,
            "y": -2.3629363354871202e-08,
            "z": 0.0004322528839111328
        },
        "vehicle_throttle": 0.0,
        "unique_collisions": 2,
        "solid_lane_crosses": 1,
        "double_solid_lane_crosses": 0
    },
    {
        "game_time": 94.50412354711443,
        "vehicle_location": {
            "x": -39.37029266357422,
            "y": 134.86752319335938,
            "z": -0.23759815096855164
        },
        "vehicle_velocity": {
            "x": -0.005303090903908014,
            "y": 0.00012654674355871975,
            "z": -0.0003214073076378554
        },
        "vehicle_throttle": 0.75,
        "unique_collisions": 2,
        "solid_lane_crosses": 1,
        "double_solid_lane_crosses": 0
    },
    {
        "game_time": 95.5197047656402,
        "vehicle_location": {
            "x": -38.560211181640625,
            "y": 134.84799194335938,
            "z": -0.23820632696151733
        },
        "vehicle_velocity": {
            "x": 1.9160500764846802,
            "y": -0.042920149862766266,
            "z": 0.00037601948133669794
        },
        "vehicle_throttle": 0.75,
        "unique_collisions": 2,
        "solid_lane_crosses": 1,
        "double_solid_lane_crosses": 0
    },
    {
        "game_time": 96.55229750555009,
        "vehicle_location": {
            "x": -35.679386138916016,
            "y": 134.7802734375,
            "z": -0.23837386071681976
        },
        "vehicle_velocity": {
            "x": 3.337559461593628,
            "y": -0.07786475121974945,
            "z": -8.042812260100618e-05
        },
        "vehicle_throttle": 0.0,
        "unique_collisions": 2,
        "solid_lane_crosses": 1,
        "double_solid_lane_crosses": 0
    },
    {
        "game_time": 97.57099845353514,
        "vehicle_location": {
            "x": -32.66637420654297,
            "y": 134.7107391357422,
            "z": -0.2373548001050949
        },
        "vehicle_velocity": {
            "x": 3.133633613586426,
            "y": -0.07194700837135315,
            "z": -0.00011934280337300152
        },
        "vehicle_throttle": 0.75,
        "unique_collisions": 2,
        "solid_lane_crosses": 1,
        "double_solid_lane_crosses": 0
    },
    {
        "game_time": 98.61463073734194,
        "vehicle_location": {
            "x": -28.824586868286133,
            "y": 134.6227569580078,
            "z": -0.2363702356815338
        },
        "vehicle_velocity": {
            "x": 2.3448867797851562,
            "y": -0.053439911454916,
            "z": 0.00044943331158719957
        },
        "vehicle_throttle": 0.75,
        "unique_collisions": 2,
        "solid_lane_crosses": 1,
        "double_solid_lane_crosses": 0
    },
    {
        "game_time": 99.66632147040218,
        "vehicle_location": {
            "x": -25.651968002319336,
            "y": 134.5504608154297,
            "z": -0.23890918493270874
        },
        "vehicle_velocity": {
            "x": 4.325459957122803,
            "y": -0.09808904677629471,
            "z": 0.00012716770288534462
        },
        "vehicle_throttle": 0.75,
        "unique_collisions": 2,
        "solid_lane_crosses": 1,
        "double_solid_lane_crosses": 0
    },
    {
        "game_time": 100.67674597445875,
        "vehicle_location": {
            "x": -22.406932830810547,
            "y": 134.47679138183594,
            "z": -0.2381161004304886
        },
        "vehicle_velocity": {
            "x": 2.6524157524108887,
            "y": -0.06020243093371391,
            "z": -0.00016768455679994076
        },
        "vehicle_throttle": 0.75,
        "unique_collisions": 2,
        "solid_lane_crosses": 1,
        "double_solid_lane_crosses": 0
    },
    {
        "game_time": 101.7116845054552,
        "vehicle_location": {
            "x": -19.272275924682617,
            "y": 134.47940063476562,
            "z": -0.2369728833436966
        },
        "vehicle_velocity": {
            "x": 2.9253039360046387,
            "y": 0.22747060656547546,
            "z": -7.626533624716103e-05
        },
        "vehicle_throttle": 0.75,
        "unique_collisions": 2,
        "solid_lane_crosses": 1,
        "double_solid_lane_crosses": 0
    },
    {
        "game_time": 102.76074511557817,
        "vehicle_location": {
            "x": -14.870514869689941,
            "y": 135.5747833251953,
            "z": -0.23782069981098175
        },
        "vehicle_velocity": {
            "x": 4.930079936981201,
            "y": 3.072345495223999,
            "z": -0.00032970428583212197
        },
        "vehicle_throttle": 0.0,
        "unique_collisions": 2,
        "solid_lane_crosses": 1,
        "double_solid_lane_crosses": 0
    },
    {
        "game_time": 103.80258054006845,
        "vehicle_location": {
            "x": -11.487354278564453,
            "y": 139.48150634765625,
            "z": -0.2359563410282135
        },
        "vehicle_velocity": {
            "x": 1.3055070638656616,
            "y": 3.450545072555542,
            "z": 4.402637205203064e-05
        },
        "vehicle_throttle": 0.75,
        "unique_collisions": 2,
        "solid_lane_crosses": 1,
        "double_solid_lane_crosses": 0
    },
    {
        "game_time": 104.8465801263228,
        "vehicle_location": {
            "x": -10.481355667114258,
            "y": 143.09555053710938,
            "z": -0.23794890940189362
        },
        "vehicle_velocity": {
            "x": 0.5964253544807434,
            "y": 3.545232057571411,
            "z": 0.00010130405280506238
        },
        "vehicle_throttle": 0.0,
        "unique_collisions": 2,
        "solid_lane_crosses": 1,
        "double_solid_lane_crosses": 0
    },
    {
        "game_time": 105.87007616925985,
        "vehicle_location": {
            "x": -9.921204566955566,
            "y": 146.7769775390625,
            "z": -0.23651541769504547
        },
        "vehicle_velocity": {
            "x": 0.3115673363208771,
            "y": 3.269606351852417,
            "z": 3.211498187738471e-05
        },
        "vehicle_throttle": 0.75,
        "unique_collisions": 2,
        "solid_lane_crosses": 1,
        "double_solid_lane_crosses": 0
    },
    {
        "game_time": 106.87516851443797,
        "vehicle_location": {
            "x": -9.670791625976562,
            "y": 150.3974151611328,
            "z": -0.23656108975410461
        },
        "vehicle_velocity": {
            "x": 0.11379420757293701,
            "y": 2.41094970703125,
            "z": 0.00033270835410803556
        },
        "vehicle_throttle": 0.0,
        "unique_collisions": 2,
        "solid_lane_crosses": 1,
        "double_solid_lane_crosses": 0
    },
    {
        "game_time": 107.89638223964721,
        "vehicle_location": {
            "x": -9.559222221374512,
            "y": 152.60655212402344,
            "z": -0.23718203604221344
        },
        "vehicle_velocity": {
            "x": 0.07128087431192398,
            "y": 2.5614187717437744,
            "z": -4.293441816116683e-05
        },
        "vehicle_throttle": 0.75,
        "unique_collisions": 2,
        "solid_lane_crosses": 1,
        "double_solid_lane_crosses": 0
    },
    {
        "game_time": 108.95898228976876,
        "vehicle_location": {
            "x": -9.453360557556152,
            "y": 156.25274658203125,
            "z": -0.2384316623210907
        },
        "vehicle_velocity": {
            "x": 0.06351644545793533,
            "y": 4.063449382781982,
            "z": 0.00026474473997950554
        },
        "vehicle_throttle": 0.0,
        "unique_collisions": 2,
        "solid_lane_crosses": 1,
        "double_solid_lane_crosses": 0
    },
    {
        "game_time": 109.96751645486802,
        "vehicle_location": {
            "x": -9.371917724609375,
            "y": 160.7047119140625,
            "z": -0.23846739530563354
        },
        "vehicle_velocity": {
            "x": 0.08195321261882782,
            "y": 5.931235313415527,
            "z": -0.00011324882507324219
        },
        "vehicle_throttle": 0.0,
        "unique_collisions": 2,
        "solid_lane_crosses": 1,
        "double_solid_lane_crosses": 0
    },
    {
        "game_time": 111.00350918620825,
        "vehicle_location": {
            "x": -9.309942245483398,
            "y": 166.28404235839844,
            "z": -0.23728691041469574
        },
        "vehicle_velocity": {
            "x": 0.04900367930531502,
            "y": 5.3425397872924805,
            "z": 8.344650268554688e-07
        },
        "vehicle_throttle": 0.75,
        "unique_collisions": 2,
        "solid_lane_crosses": 1,
        "double_solid_lane_crosses": 0
    },
    {
        "game_time": 112.04478905815631,
        "vehicle_location": {
            "x": -9.267623901367188,
            "y": 171.2912139892578,
            "z": -0.2368748039007187
        },
        "vehicle_velocity": {
            "x": 0.03176058083772659,
            "y": 4.070298671722412,
            "z": -0.0004719161952380091
        },
        "vehicle_throttle": 0.75,
        "unique_collisions": 2,
        "solid_lane_crosses": 1,
        "double_solid_lane_crosses": 0
    },
    {
        "game_time": 113.0805759029463,
        "vehicle_location": {
            "x": -9.242595672607422,
            "y": 174.67127990722656,
            "z": -0.23696070909500122
        },
        "vehicle_velocity": {
            "x": 0.01539013721048832,
            "y": 2.1110150814056396,
            "z": 5.3539275540970266e-05
        },
        "vehicle_throttle": 0.0,
        "unique_collisions": 2,
        "solid_lane_crosses": 1,
        "double_solid_lane_crosses": 0
    },
    {
        "game_time": 114.10807531047612,
        "vehicle_location": {
            "x": -9.233443260192871,
            "y": 175.93431091308594,
            "z": -0.23747409880161285
        },
        "vehicle_velocity": {
            "x": 0.00424669124186039,
            "y": 0.6251400113105774,
            "z": 7.651805935893208e-05
        },
        "vehicle_throttle": 0.0,
        "unique_collisions": 2,
        "solid_lane_crosses": 1,
        "double_solid_lane_crosses": 0
    },
    {
        "game_time": 115.16148854698986,
        "vehicle_location": {
            "x": -9.22177505493164,
            "y": 177.61669921875,
            "z": -0.2376651018857956
        },
        "vehicle_velocity": {
            "x": 0.016602052375674248,
            "y": 2.425065755844116,
            "z": 9.558677265886217e-05
        },
        "vehicle_throttle": 0.75,
        "unique_collisions": 2,
        "solid_lane_crosses": 1,
        "double_solid_lane_crosses": 0
    },
    {
        "game_time": 116.18685035035014,
        "vehicle_location": {
            "x": -9.200888633728027,
            "y": 180.75083923339844,
            "z": -0.23661865293979645
        },
        "vehicle_velocity": {
            "x": 0.015615442767739296,
            "y": 2.3991329669952393,
            "z": 0.00016427040100097656
        },
        "vehicle_throttle": 0.0,
        "unique_collisions": 2,
        "solid_lane_crosses": 1,
        "double_solid_lane_crosses": 0
    },
    {
        "game_time": 117.19143043179065,
        "vehicle_location": {
            "x": -9.194104194641113,
            "y": 183.707763671875,
            "z": -0.23812450468540192
        },
        "vehicle_velocity": {
            "x": -0.01389615423977375,
            "y": 4.116846084594727,
            "z": 0.00013497352483682334
        },
        "vehicle_throttle": 0.0,
        "unique_collisions": 2,
        "solid_lane_crosses": 1,
        "double_solid_lane_crosses": 0
    },
    {
        "game_time": 118.22768325638026,
        "vehicle_location": {
            "x": -9.48232364654541,
            "y": 187.5626983642578,
            "z": -0.23753394186496735
        },
        "vehicle_velocity": {
            "x": -0.7332464456558228,
            "y": 4.1173906326293945,
            "z": 0.0004042387008666992
        },
        "vehicle_throttle": 0.75,
        "unique_collisions": 2,
        "solid_lane_crosses": 1,
        "double_solid_lane_crosses": 0
    },
    {
        "game_time": 119.27312387060374,
        "vehicle_location": {
            "x": -11.756508827209473,
            "y": 191.48765563964844,
            "z": -0.23769183456897736
        },
        "vehicle_velocity": {
            "x": -4.014119625091553,
            "y": 2.410815954208374,
            "z": -0.00029185294988565147
        },
        "vehicle_throttle": 0.0,
        "unique_collisions": 2,
        "solid_lane_crosses": 1,
        "double_solid_lane_crosses": 0
    },
    {
        "game_time": 120.30643080826849,
        "vehicle_location": {
            "x": -15.990351676940918,
            "y": 192.84036254882812,
            "z": -0.2386236935853958
        },
        "vehicle_velocity": {
            "x": -5.700267314910889,
            "y": 1.5089362859725952,
            "z": 0.00013896942255087197
        },
        "vehicle_throttle": 0.0,
        "unique_collisions": 2,
        "solid_lane_crosses": 1,
        "double_solid_lane_crosses": 0
    },
    {
        "game_time": 121.3230831278488,
        "vehicle_location": {
            "x": -21.28561019897461,
            "y": 194.40737915039062,
            "z": -0.2368144541978836
        },
        "vehicle_velocity": {
            "x": -4.633498668670654,
            "y": 1.3718535900115967,
            "z": -0.0011799335479736328
        },
        "vehicle_throttle": 0.0,
        "unique_collisions": 2,
        "solid_lane_crosses": 1,
        "double_solid_lane_crosses": 0
    },
    {
        "game_time": 122.34014053177088,
        "vehicle_location": {
            "x": -24.140432357788086,
            "y": 195.25303649902344,
            "z": -0.2388560026884079
        },
        "vehicle_velocity": {
            "x": -3.1592299938201904,
            "y": 0.9355686902999878,
            "z": -0.00015956402057781816
        },
        "vehicle_throttle": 0.75,
        "unique_collisions": 2,
        "solid_lane_crosses": 1,
        "double_solid_lane_crosses": 0
    },
    {
        "game_time": 123.36076237913221,
        "vehicle_location": {
            "x": -29.16975212097168,
            "y": 196.34913635253906,
            "z": -0.23652984201908112
        },
        "vehicle_velocity": {
            "x": -5.055425643920898,
            "y": 0.6464451551437378,
            "z": -5.586147017311305e-05
        },
        "vehicle_throttle": 0.75,
        "unique_collisions": 2,
        "solid_lane_crosses": 1,
        "double_solid_lane_crosses": 0
    },
    {
        "game_time": 124.38173536304384,
        "vehicle_location": {
            "x": -34.678306579589844,
            "y": 196.82557678222656,
            "z": -0.23798754811286926
        },
        "vehicle_velocity": {
            "x": -5.6704325675964355,
            "y": 0.2673555016517639,
            "z": -4.973411250830395e-06
        },
        "vehicle_throttle": 0.0,
        "unique_collisions": 2,
        "solid_lane_crosses": 1,
        "double_solid_lane_crosses": 0
    },
    {
        "game_time": 125.40647565294057,
        "vehicle_location": {
            "x": -40.24879455566406,
            "y": 197.03054809570312,
            "z": -0.23788122832775116
        },
        "vehicle_velocity": {
            "x": -5.752070903778076,
            "y": 0.17985579371452332,
            "z": -1.9073485191256623e-07
        },
        "vehicle_throttle": 0.0,
        "unique_collisions": 2,
        "solid_lane_crosses": 1,
        "double_solid_lane_crosses": 0
    }
]