[
    {
        "game_time": 10.069139691535383,
        "vehicle_location": {
            "x": -32.57908248901367,
            "y": 193.91998291015625,
            "z": -0.23887763917446136
        },
        "vehicle_velocity": {
            "x": 2.1859734058380127,
            "y": 1.5811854600906372,
            "z": 0.0010769558139145374
        },
        "vehicle_throttle": 0.75,
        "unique_collisions": 0,
        "solid_lane_crosses": 0,
        "double_solid_lane_crosses": 0
    },
    {
        "game_time": 11.101678081322461,
        "vehicle_location": {
            "x": -29.80851936340332,
            "y": 197.61419677734375,
            "z": -0.23749873042106628
        },
        "vehicle_velocity": {
            "x": 1.0821576118469238,
            "y": 5.539865493774414,
            "z": -0.00034425733610987663
        },
        "vehicle_throttle": 0.0,
        "unique_collisions": 0,
        "solid_lane_crosses": 0,
        "double_solid_lane_crosses": 0
    },
    {
        "game_time": 12.156462177168578,
        "vehicle_location": {
            "x": -31.02395248413086,
            "y": 202.4689178466797,
            "z": -0.23798950016498566
        },
        "vehicle_velocity": {
            "x": -3.966987133026123,
            "y": 2.727959156036377,
            "z": -0.0005703162751160562
        },
        "vehicle_throttle": 0.75,
        "unique_collisions": 0,
        "solid_lane_crosses": 0,
        "double_solid_lane_crosses": 0
    },
    {
        "game_time": 13.204361252021044,
        "vehicle_location": {
            "x": -35.61091613769531,
            "y": 202.81549072265625,
            "z": -0.23844245076179504
        },
        "vehicle_velocity": {
            "x": -2.828645944595337,
            "y": -2.8303864002227783,
            "z": 0.00035808561369776726
        },
        "vehicle_throttle": 0.75,
        "unique_collisions": 0,
        "solid_lane_crosses": 0,
        "double_solid_lane_crosses": 0
    },
    {
        "game_time": 14.271470464300364,
        "vehicle_location": {
            "x": -36.07095718383789,
            "y": 198.42323303222656,
            "z": -0.23877978324890137
        },
        "vehicle_velocity": {
            "x": 2.6686110496520996,
            "y": -4.296105861663818,
            "z": 0.00025453089619986713
        },
        "vehicle_throttle": 0.75,
        "unique_collisions": 0,
        "solid_lane_crosses": 0,
        "double_solid_lane_crosses": 0
    },
    {
        "game_time": 15.36180762713775,
        "vehicle_location": {
            "x": -32.64276123046875,
            "y": 193.50149536132812,
            "z": -0.23651915788650513
        },
        "vehicle_velocity": {
            "x": 1.0240230560302734,
            "y": -4.730096817016602,
            "z": -6.289481825660914e-05
        },
        "vehicle_throttle": 0.75,
        "unique_collisions": 0,
        "solid_lane_crosses": 2,
        "double_solid_lane_crosses": 0
    },
    {
        "game_time": 16.487738700117916,
        "vehicle_location": {
            "x": -33.65303421020508,
            "y": 187.9210662841797,
            "z": -0.1631183922290802
        },
        "vehicle_velocity": {
            "x": -2.9093706607818604,
            "y": -3.3739356994628906,
            "z": -0.06480199843645096
        },
        "vehicle_throttle": 0.75,
        "unique_collisions": 0,
        "solid_lane_crosses": 3,
        "double_solid_lane_crosses": 0
    },
    {
        "game_time": 17.540110615547746,
        "vehicle_location": {
            "x": -38.31050491333008,
            "y": 185.67825317382812,
            "z": -0.1666504591703415
        },
        "vehicle_velocity": {
            "x": -4.86810302734375,
            "y": 0.5030563473701477,
            "z": 0.03718552365899086
        },
        "vehicle_throttle": 0.75,
        "unique_collisions": 0,
        "solid_lane_crosses": 3,
        "double_solid_lane_crosses": 0
    },
    {
        "game_time": 18.566161159891635,
        "vehicle_location": {
            "x": -42.76799774169922,
            "y": 188.25595092773438,
            "z": -0.2346130758523941
        },
        "vehicle_velocity": {
            "x": -2.2720675468444824,
            "y": 4.495337963104248,
            "z": 0.009118347428739071
        },
        "vehicle_throttle": 0.75,
        "unique_collisions": 0,
        "solid_lane_crosses": 3,
        "double_solid_lane_crosses": 0
    },
    {
        "game_time": 19.59280635556206,
        "vehicle_location": {
            "x": -44.37739562988281,
            "y": 193.48130798339844,
            "z": -0.23712821304798126
        },
        "vehicle_velocity": {
            "x": -2.1191203594207764,
            "y": 4.595861911773682,
            "z": 0.0002099037083098665
        },
        "vehicle_throttle": 0.75,
        "unique_collisions": 0,
        "solid_lane_crosses": 3,
        "double_solid_lane_crosses": 0
    },
    {
        "game_time": 20.640887276735157,
        "vehicle_location": {
            "x": -48.32572555541992,
            "y": 197.13999938964844,
            "z": -0.2375561147928238
        },
        "vehicle_velocity": {
            "x": -5.511360168457031,
            "y": 1.3206701278686523,
            "z": 0.00012201786012155935
        },
        "vehicle_throttle": 0.0,
        "unique_collisions": 0,
        "solid_lane_crosses": 3,
        "double_solid_lane_crosses": 0
    },
    {
        "game_time": 21.688140376936644,
        "vehicle_location": {
            "x": -53.56066131591797,
            "y": 196.22579956054688,
            "z": -0.23687778413295746
        },
        "vehicle_velocity": {
            "x": -4.018316745758057,
            "y": -3.412551164627075,
            "z": -9.007930202642456e-05
        },
        "vehicle_throttle": 0.75,
        "unique_collisions": 0,
        "solid_lane_crosses": 3,
        "double_solid_lane_crosses": 0
    },
    {
        "game_time": 22.746231488417834,
        "vehicle_location": {
            "x": -56.684261322021484,
            "y": 191.47789001464844,
            "z": -0.23799678683280945
        },
        "vehicle_velocity": {
            "x": -2.7963078022003174,
            "y": -5.045474052429199,
            "z": -0.0001832962007028982
        },
        "vehicle_throttle": 0.0,
        "unique_collisions": 0,
        "solid_lane_crosses": 3,
        "double_solid_lane_crosses": 0
    },
    {
        "game_time": 23.792427407111973,
        "vehicle_location": {
            "x": -60.42189407348633,
            "y": 187.3048858642578,
            "z": -0.23662768304347992
        },
        "vehicle_velocity": {
            "x": -3.6541106700897217,
            "y": -3.515299081802368,
            "z": -0.0002104187005897984
        },
        "vehicle_throttle": 0.75,
        "unique_collisions": 0,
        "solid_lane_crosses": 3,
        "double_solid_lane_crosses": 0
    },
    {
        "game_time": 24.79877016833052,
        "vehicle_location": {
            "x": -64.1656723022461,
            "y": 183.45985412597656,
            "z": -0.23748336732387543
        },
        "vehicle_velocity": {
            "x": -3.4623863697052,
            "y": -4.003608703613281,
            "z": 0.0008830165606923401
        },
        "vehicle_throttle": 0.75,
        "unique_collisions": 0,
        "solid_lane_crosses": 3,
        "double_solid_lane_crosses": 0
    },
    {
        "game_time": 25.85342672234401,
        "vehicle_location": {
            "x": -67.66808319091797,
            "y": 178.9049835205078,
            "z": -0.238355815410614
        },
        "vehicle_velocity": {
            "x": -3.08321213722229,
            "y": -5.013339042663574,
            "z": 4.814147905563004e-05
        },
        "vehicle_throttle": 0.0,
        "unique_collisions": 0,
        "solid_lane_crosses": 3,
        "double_solid_lane_crosses": 0
    },
    {
        "game_time": 26.867813562508672,
        "vehicle_location": {
            "x": -70.39448547363281,
            "y": 174.05723571777344,
            "z": -0.23723971843719482
        },
        "vehicle_velocity": {
            "x": -2.2251265048980713,
            "y": -4.9555559158325195,
            "z": -0.00013761520676780492
        },
        "vehicle_throttle": 0.0,
        "unique_collisions": 0,
        "solid_lane_crosses": 3,
        "double_solid_lane_crosses": 0
    },
    {
        "game_time": 27.932205747347325,
        "vehicle_location": {
            "x": -72.46956634521484,
            "y": 168.76272583007812,
            "z": -0.236585795879364
        },
        "vehicle_velocity": {
            "x": -1.5482664108276367,
            "y": -4.82363748550415,
            "z": 0.016109390184283257
        },
        "vehicle_throttle": 0.75,
        "unique_collisions": 0,
        "solid_lane_crosses": 3,
        "double_solid_lane_crosses": 0
    },
    {
        "game_time": 28.98878714023158,
        "vehicle_location": {
            "x": -73.6749267578125,
            "y": 163.82777404785156,
            "z": -0.23502670228481293
        },
        "vehicle_velocity": {
            "x": -0.45451274514198303,
            "y": -2.5363590717315674,
            "z": 0.008807935751974583
        },
        "vehicle_throttle": 0.0,
        "unique_collisions": 0,
        "solid_lane_crosses": 3,
        "double_solid_lane_crosses": 0
    },
    {
        "game_time": 30.010468583088368,
        "vehicle_location": {
            "x": -73.95269012451172,
            "y": 162.09527587890625,
            "z": -0.23673908412456512
        },
        "vehicle_velocity": {
            "x": -0.07181577384471893,
            "y": -0.6310099959373474,
            "z": -0.00024542809114791453
        },
        "vehicle_throttle": 0.75,
        "unique_collisions": 0,
        "solid_lane_crosses": 3,
        "double_solid_lane_crosses": 0
    },
    {
        "game_time": 31.06766498228535,
        "vehicle_location": {
            "x": -74.04019165039062,
            "y": 161.3881378173828,
            "z": -0.23702506721019745
        },
        "vehicle_velocity": {
            "x": -0.0020255758427083492,
            "y": -0.019531266763806343,
            "z": 0.000570812204387039
        },
        "vehicle_throttle": 0.75,
        "unique_collisions": 0,
        "solid_lane_crosses": 3,
        "double_solid_lane_crosses": 0
    },
    {
        "game_time": 32.1292085996829,
        "vehicle_location": {
            "x": -74.06961822509766,
            "y": 161.14739990234375,
            "z": -0.23726649582386017
        },
        "vehicle_velocity": {
            "x": -0.00019977829651907086,
            "y": 0.000517861160915345,
            "z": -2.9878616260248236e-05
        },
        "vehicle_throttle": 0.0,
        "unique_collisions": 0,
        "solid_lane_crosses": 3,
        "double_solid_lane_crosses": 0
    },
    {
        "game_time": 33.19465781515464,
        "vehicle_location": {
            "x": -74.06961059570312,
            "y": 161.1469268798828,
            "z": -0.23760604858398438
        },
        "vehicle_velocity": {
            "x": 1.7074069091904676e-07,
            "y": 1.8056782664643833e-06,
            "z": -0.0004148197185713798
        },
        "vehicle_throttle": 0.0,
        "unique_collisions": 0,
        "solid_lane_crosses": 3,
        "double_solid_lane_crosses": 0
    },
    {
        "game_time": 34.23859673878178,
        "vehicle_location": {
            "x": -74.06961059570312,
            "y": 161.1469268798828,
            "z": -0.23761074244976044
        },
        "vehicle_velocity": {
            "x": 8.153076436201445e-09,
            "y": -8.669164275332264e-10,
            "z": 0.00046964167268015444
        },
        "vehicle_throttle": 0.0,
        "unique_collisions": 0,
        "solid_lane_crosses": 3,
        "double_solid_lane_crosses": 0
    },
    {
        "game_time": 35.29118068283424,
        "vehicle_location": {
            "x": -74.06961059570312,
            "y": 161.1469268798828,
            "z": -0.23758132755756378
        },
        "vehicle_velocity": {
            "x": -3.39276589045312e-08,
            "y": -1.7777506133853649e-09,
            "z": -0.0001164531713584438
        },
        "vehicle_throttle": 0.0,
        "unique_collisions": 0,
        "solid_lane_crosses": 3,
        "double_solid_lane_crosses": 0
    },
    {
        "game_time": 36.32628258643672,
        "vehicle_location": {
            "x": -74.06961059570312,
            "y": 161.1469268798828,
            "z": -0.2375825047492981
        },
        "vehicle_velocity": {
            "x": -4.337143266752719e-08,
            "y": 5.292957627744954e-09,
            "z": -0.0002325916284462437
        },
        "vehicle_throttle": 0.0,
        "unique_collisions": 0,
        "solid_lane_crosses": 3,
        "double_solid_lane_crosses": 0
    },
    {
        "game_time": 37.336434283759445,
        "vehicle_location": {
            "x": -74.06961059570312,
            "y": 161.1469268798828,
            "z": -0.23762114346027374
        },
        "vehicle_velocity": {
            "x": 2.051213421339071e-08,
            "y": 2.2960573442531995e-09,
            "z": -0.00035567281884141266
        },
        "vehicle_throttle": 0.0,
        "unique_collisions": 0,
        "solid_lane_crosses": 3,
        "double_solid_lane_crosses": 0
    },
    {
        "game_time": 38.4021650548093,
        "vehicle_location": {
            "x": -74.06961059570312,
            "y": 161.1469268798828,
            "z": -0.2375825047492981
        },
        "vehicle_velocity": {
            "x": 4.417843868509408e-08,
            "y": 9.129072608971e-09,
            "z": 0.00033253669971600175
        },
        "vehicle_throttle": 0.0,
        "unique_collisions": 0,
        "solid_lane_crosses": 3,
        "double_solid_lane_crosses": 0
    },
    {
        "game_time": 39.43890701746568,
        "vehicle_location": {
            "x": -74.06961059570312,
            "y": 161.1469268798828,
            "z": -0.2376076877117157
        },
        "vehicle_velocity": {
            "x": 6.100395211205978e-08,
            "y": -3.805084691776983e-09,
            "z": 9.116172441281378e-05
        },
        "vehicle_throttle": 0.0,
        "unique_collisions": 0,
        "solid_lane_crosses": 3,
        "double_solid_lane_crosses": 0
    },
    {
        "game_time": 40.48544663703069,
        "vehicle_location": {
            "x": -74.06961059570312,
            "y": 161.1469268798828,
            "z": -0.23760612308979034
        },
        "vehicle_velocity": {
            "x": 4.1462895339350325e-09,
            "y": 4.907325212855085e-09,
            "z": -0.00047821045154705644
        },
        "vehicle_throttle": 0.0,
        "unique_collisions": 0,
        "solid_lane_crosses": 3,
        "double_solid_lane_crosses": 0
    },
    {
        "game_time": 41.53212971938774,
        "vehicle_location": {
            "x": -74.06961059570312,
            "y": 161.1469268798828,
            "z": -0.237568661570549
        },
        "vehicle_velocity": {
            "x": 2.2774269137215697e-09,
            "y": 1.5910216477621475e-09,
            "z": -1.8086433556163684e-05
        },
        "vehicle_throttle": 0.0,
        "unique_collisions": 0,
        "solid_lane_crosses": 3,
        "double_solid_lane_crosses": 0
    },
    {
        "game_time": 42.55586668057367,
        "vehicle_location": {
            "x": -74.06961059570312,
            "y": 161.1469268798828,
            "z": -0.2376444935798645
        },
        "vehicle_velocity": {
            "x": 3.925045177766151e-08,
            "y": 1.0157640950581026e-08,
            "z": -0.0003011894295923412
        },
        "vehicle_throttle": 0.0,
        "unique_collisions": 0,
        "solid_lane_crosses": 3,
        "double_solid_lane_crosses": 0
    },
    {
        "game_time": 43.59996654605493,
        "vehicle_location": {
            "x": -74.06961059570312,
            "y": 161.1469268798828,
            "z": -0.237619087100029
        },
        "vehicle_velocity": {
            "x": 1.1191343851635338e-08,
            "y": 1.2927732218059873e-09,
            "z": 7.542609819211066e-05
        },
        "vehicle_throttle": 0.0,
        "unique_collisions": 0,
        "solid_lane_crosses": 3,
        "double_solid_lane_crosses": 0
    },
    {
        "game_time": 44.671190600376576,
        "vehicle_location": {
            "x": -74.06961059570312,
            "y": 161.1469268798828,
            "z": -0.23758453130722046
        },
        "vehicle_velocity": {
            "x": 6.867426627366058e-09,
            "y": 2.110446706282687e-09,
            "z": -0.0003778362297452986
        },
        "vehicle_throttle": 0.0,
        "unique_collisions": 0,
        "solid_lane_crosses": 3,
        "double_solid_lane_crosses": 0
    },
    {
        "game_time": 45.713356688153,
        "vehicle_location": {
            "x": -74.06961059570312,
            "y": 161.1469268798828,
            "z": -0.23759905993938446
        },
        "vehicle_velocity": {
            "x": 2.7974687011322885e-09,
            "y": -6.98676783095209e-10,
            "z": -4.0330887713935226e-05
        },
        "vehicle_throttle": 0.0,
        "unique_collisions": 0,
        "solid_lane_crosses": 3,
        "double_solid_lane_crosses": 0
    },
    {
        "game_time": 46.77692235028371,
        "vehicle_location": {
            "x": -74.06961059570312,
            "y": 161.1469268798828,
            "z": -0.23761199414730072
        },
        "vehicle_velocity": {
            "x": 3.5448479707156366e-08,
            "y": -1.4199486031429842e-08,
            "z": 0.00033361910027451813
        },
        "vehicle_throttle": 0.0,
        "unique_collisions": 0,
        "solid_lane_crosses": 3,
        "double_solid_lane_crosses": 0
    },
    {
        "game_time": 47.80634095473215,
        "vehicle_location": {
            "x": -74.06961059570312,
            "y": 161.1469268798828,
            "z": -0.2375892996788025
        },
        "vehicle_velocity": {
            "x": 7.512397370845747e-10,
            "y": 1.3343305349522439e-09,
            "z": 0.00034918784513138235
        },
        "vehicle_throttle": 0.0,
        "unique_collisions": 0,
        "solid_lane_crosses": 3,
        "double_solid_lane_crosses": 0
    },
    {
        "game_time": 48.83585923118517,
        "vehicle_location": {
            "x": -74.06961059570312,
            "y": 161.1469268798828,
            "z": -0.23759722709655762
        },
        "vehicle_velocity": {
            "x": 1.4326649200313568e-08,
            "y": 1.5576787859572505e-08,
            "z": -0.0003975295985583216
        },
        "vehicle_throttle": 0.0,
        "unique_collisions": 0,
        "solid_lane_crosses": 3,
        "double_solid_lane_crosses": 0
    },
    {
        "game_time": 49.897531661670655,
        "vehicle_location": {
            "x": -74.1080093383789,
            "y": 160.83502197265625,
            "z": -0.23862597346305847
        },
        "vehicle_velocity": {
            "x": -0.1485656499862671,
            "y": -1.2463942766189575,
            "z": 0.0003853273228742182
        },
        "vehicle_throttle": 0.75,
        "unique_collisions": 0,
        "solid_lane_crosses": 3,
        "double_solid_lane_crosses": 0
    },
    {
        "game_time": 50.981068757828325,
        "vehicle_location": {
            "x": -74.27918243408203,
            "y": 158.7166748046875,
            "z": -0.23898513615131378
        },
        "vehicle_velocity": {
            "x": -0.17290948331356049,
            "y": -3.865043878555298,
            "z": -0.0003318405069876462
        },
        "vehicle_throttle": 0.75,
        "unique_collisions": 0,
        "solid_lane_crosses": 3,
        "double_solid_lane_crosses": 0
    },
    {
        "game_time": 52.06025443924591,
        "vehicle_location": {
            "x": -74.50646209716797,
            "y": 153.01187133789062,
            "z": -0.2363664209842682
        },
        "vehicle_velocity": {
            "x": -0.11054618656635284,
            "y": -4.433561325073242,
            "z": -0.0011790465796366334
        },
        "vehicle_throttle": 0.0,
        "unique_collisions": 0,
        "solid_lane_crosses": 3,
        "double_solid_lane_crosses": 0
    },
    {
        "game_time": 53.15584670333192,
        "vehicle_location": {
            "x": -74.56160736083984,
            "y": 150.49952697753906,
            "z": -0.23860004544258118
        },
        "vehicle_velocity": {
            "x": -0.04119524732232094,
            "y": -2.1005699634552,
            "z": -0.00027899740962311625
        },
        "vehicle_throttle": 0.75,
        "unique_collisions": 0,
        "solid_lane_crosses": 3,
        "double_solid_lane_crosses": 0
    },
    {
        "game_time": 54.24045254616067,
        "vehicle_location": {
            "x": -74.6003189086914,
            "y": 147.09384155273438,
            "z": -0.23690570890903473
        },
        "vehicle_velocity": {
            "x": 0.0007036562892608345,
            "y": -4.007354736328125,
            "z": 0.005232286173850298
        },
        "vehicle_throttle": 0.0,
        "unique_collisions": 0,
        "solid_lane_crosses": 3,
        "double_solid_lane_crosses": 0
    },
    {
        "game_time": 55.25307342549786,
        "vehicle_location": {
            "x": -74.59091186523438,
            "y": 142.6414031982422,
            "z": -0.22975394129753113
        },
        "vehicle_velocity": {
            "x": 0.12081001698970795,
            "y": -5.44197416305542,
            "z": 0.010350456461310387
        },
        "vehicle_throttle": 0.0,
        "unique_collisions": 0,
        "solid_lane_crosses": 3,
        "double_solid_lane_crosses": 0
    },
    {
        "game_time": 56.326298703905195,
        "vehicle_location": {
            "x": -74.44883728027344,
            "y": 137.9393768310547,
            "z": -0.21955348551273346
        },
        "vehicle_velocity": {
            "x": 0.12896886467933655,
            "y": -3.56620717048645,
            "z": 0.006663465406745672
        },
        "vehicle_throttle": 0.0,
        "unique_collisions": 0,
        "solid_lane_crosses": 3,
        "double_solid_lane_crosses": 0
    },
    {
        "game_time": 57.381070140283555,
        "vehicle_location": {
            "x": -74.26774597167969,
            "y": 133.66851806640625,
            "z": -0.20985102653503418
        },
        "vehicle_velocity": {
            "x": 0.09624304622411728,
            "y": -3.915778636932373,
            "z": 0.009854798205196857
        },
        "vehicle_throttle": 0.0,
        "unique_collisions": 0,
        "solid_lane_crosses": 3,
        "double_solid_lane_crosses": 0
    },
    {
        "game_time": 58.40292471786961,
        "vehicle_location": {
            "x": -74.14916229248047,
            "y": 129.82583618164062,
            "z": -0.20137740671634674
        },
        "vehicle_velocity": {
            "x": 0.11759577691555023,
            "y": -4.340084552764893,
            "z": 0.011143636889755726
        },
        "vehicle_throttle": 0.75,
        "unique_collisions": 0,
        "solid_lane_crosses": 3,
        "double_solid_lane_crosses": 0
    },
    {
        "game_time": 59.409871300216764,
        "vehicle_location": {
            "x": -74.14177703857422,
            "y": 124.49314880371094,
            "z": -0.18689139187335968
        },
        "vehicle_velocity": {
            "x": -0.5831298828125,
            "y": -5.0167765617370605,
            "z": 0.012514200061559677
        },
        "vehicle_throttle": 0.4307161867618561,
        "unique_collisions": 0,
        "solid_lane_crosses": 3,
        "double_solid_lane_crosses": 0
    },
    {
        "game_time": 60.48657503677532,
        "vehicle_location": {
            "x": -75.18959045410156,
            "y": 118.97489929199219,
            "z": -0.14879146218299866
        },
        "vehicle_velocity": {
            "x": -0.8232706785202026,
            "y": -3.7076597213745117,
            "z": 0.04597252234816551
        },
        "vehicle_throttle": 0.0,
        "unique_collisions": 0,
        "solid_lane_crosses": 3,
        "double_solid_lane_crosses": 0
    },
    {
        "game_time": 61.5504206395708,
        "vehicle_location": {
            "x": -75.52371215820312,
            "y": 117.4675521850586,
            "z": -0.13253982365131378
        },
        "vehicle_velocity": {
            "x": -0.35828402638435364,
            "y": -1.5718313455581665,
            "z": 0.020118869841098785
        },
        "vehicle_throttle": 0.75,
        "unique_collisions": 0,
        "solid_lane_crosses": 3,
        "double_solid_lane_crosses": 0
    },
    {
        "game_time": 62.556707497220486,
        "vehicle_location": {
            "x": -76.10616302490234,
            "y": 114.87431335449219,
            "z": -0.09715846925973892
        },
        "vehicle_velocity": {
            "x": -0.8452422618865967,
            "y": -3.744384288787842,
            "z": 0.04779790714383125
        },
        "vehicle_throttle": 0.75,
        "unique_collisions": 0,
        "solid_lane_crosses": 3,
        "double_solid_lane_crosses": 0
    },
    {
        "game_time": 63.5900309975259,
        "vehicle_location": {
            "x": -77.01393127441406,
            "y": 109.54324340820312,
            "z": -0.027032852172851562
        },
        "vehicle_velocity": {
            "x": -0.5411553978919983,
            "y": -4.977909088134766,
            "z": 0.0674407109618187
        },
        "vehicle_throttle": 0.75,
        "unique_collisions": 0,
        "solid_lane_crosses": 3,
        "double_solid_lane_crosses": 0
    },
    {
        "game_time": 64.66541187977418,
        "vehicle_location": {
            "x": -77.39177703857422,
            "y": 103.77316284179688,
            "z": 0.05969230458140373
        },
        "vehicle_velocity": {
            "x": -0.24539536237716675,
            "y": -5.659695148468018,
            "z": 0.09650438278913498
        },
        "vehicle_throttle": 0.5481762886047363,
        "unique_collisions": 0,
        "solid_lane_crosses": 3,
        "double_solid_lane_crosses": 0
    },
    {
        "game_time": 65.71537508396432,
        "vehicle_location": {
            "x": -77.52701568603516,
            "y": 98.03073120117188,
            "z": 0.1617230921983719
        },
        "vehicle_velocity": {
            "x": -0.09259944409132004,
            "y": -5.51556396484375,
            "z": 0.09718383848667145
        },
        "vehicle_throttle": 0.0,
        "unique_collisions": 0,
        "solid_lane_crosses": 3,
        "double_solid_lane_crosses": 0
    },
    {
        "game_time": 66.74146223952994,
        "vehicle_location": {
            "x": -77.58332061767578,
            "y": 92.51860809326172,
            "z": 0.260068416595459
        },
        "vehicle_velocity": {
            "x": -0.03918225318193436,
            "y": -5.013368606567383,
            "z": 0.08879481256008148
        },
        "vehicle_throttle": 0.75,
        "unique_collisions": 0,
        "solid_lane_crosses": 3,
        "double_solid_lane_crosses": 0
    },
    {
        "game_time": 67.77546187443659,
        "vehicle_location": {
            "x": -77.61592102050781,
            "y": 86.9542236328125,
            "z": 0.3569009304046631
        },
        "vehicle_velocity": {
            "x": -0.024282360449433327,
            "y": -5.741032600402832,
            "z": 0.10175725817680359
        },
        "vehicle_throttle": 0.26838114857673645,
        "unique_collisions": 0,
        "solid_lane_crosses": 3,
        "double_solid_lane_crosses": 0
    },
    {
        "game_time": 68.78242035908625,
        "vehicle_location": {
            "x": -77.63813018798828,
            "y": 81.3955078125,
            "z": 0.4557589590549469
        },
        "vehicle_velocity": {
            "x": -0.017908889800310135,
            "y": -5.527233600616455,
            "z": 0.09769100695848465
        },
        "vehicle_throttle": 0.0,
        "unique_collisions": 0,
        "solid_lane_crosses": 3,
        "double_solid_lane_crosses": 0
    },
    {
        "game_time": 69.85264560906217,
        "vehicle_location": {
            "x": -77.65678405761719,
            "y": 75.6591567993164,
            "z": 0.5434733629226685
        },
        "vehicle_velocity": {
            "x": -0.016037655994296074,
            "y": -5.204816818237305,
            "z": 0.05311433598399162
        },
        "vehicle_throttle": 0.75,
        "unique_collisions": 0,
        "solid_lane_crosses": 3,
        "double_solid_lane_crosses": 0
    },
    {
        "game_time": 70.89066480426118,
        "vehicle_location": {
            "x": -77.67333221435547,
            "y": 70.0037841796875,
            "z": 0.5879316329956055
        },
        "vehicle_velocity": {
            "x": -0.016775595024228096,
            "y": -5.8433732986450195,
            "z": 0.03152012825012207
        },
        "vehicle_throttle": 0.0,
        "unique_collisions": 0,
        "solid_lane_crosses": 3,
        "double_solid_lane_crosses": 0
    },
    {
        "game_time": 71.95926543651149,
        "vehicle_location": {
            "x": -77.68948364257812,
            "y": 64.24195098876953,
            "z": 0.5829184055328369
        },
        "vehicle_velocity": {
            "x": -0.013856535777449608,
            "y": -4.988042831420898,
            "z": -0.04204310476779938
        },
        "vehicle_throttle": 0.75,
        "unique_collisions": 0,
        "solid_lane_crosses": 3,
        "double_solid_lane_crosses": 0
    },
    {
        "game_time": 72.98517892463133,
        "vehicle_location": {
            "x": -77.70468139648438,
            "y": 58.73027801513672,
            "z": 0.5270941257476807
        },
        "vehicle_velocity": {
            "x": -0.015660425648093224,
            "y": -5.702750205993652,
            "z": -0.06998083740472794
        },
        "vehicle_throttle": 0.3429391384124756,
        "unique_collisions": 0,
        "solid_lane_crosses": 3,
        "double_solid_lane_crosses": 0
    },
    {
        "game_time": 74.03514873376116,
        "vehicle_location": {
            "x": -77.72052001953125,
            "y": 52.938899993896484,
            "z": 0.4183586835861206
        },
        "vehicle_velocity": {
            "x": -0.014717708341777325,
            "y": -5.373411655426025,
            "z": -0.1380792260169983
        },
        "vehicle_throttle": 0.0,
        "unique_collisions": 0,
        "solid_lane_crosses": 3,
        "double_solid_lane_crosses": 0
    },
    {
        "game_time": 75.03684688499197,
        "vehicle_location": {
            "x": -77.73513793945312,
            "y": 47.5908088684082,
            "z": 0.2760658264160156
        },
        "vehicle_velocity": {
            "x": -0.014153664000332355,
            "y": -5.185604095458984,
            "z": -0.14738470315933228
        },
        "vehicle_throttle": 0.75,
        "unique_collisions": 0,
        "solid_lane_crosses": 3,
        "double_solid_lane_crosses": 0
    },
    {
        "game_time": 76.06236432818696,
        "vehicle_location": {
            "x": -77.75053405761719,
            "y": 41.95354080200195,
            "z": 0.11711753904819489
        },
        "vehicle_velocity": {
            "x": -0.015818817541003227,
            "y": -5.799125671386719,
            "z": -0.14327354729175568
        },
        "vehicle_throttle": 0.0,
        "unique_collisions": 0,
        "solid_lane_crosses": 3,
        "double_solid_lane_crosses": 0
    },
    {
        "game_time": 77.09787335013971,
        "vehicle_location": {
            "x": -77.76580810546875,
            "y": 36.35850143432617,
            "z": -0.009533767588436604
        },
        "vehicle_velocity": {
            "x": -0.01366665679961443,
            "y": -5.017651081085205,
            "z": -0.09407998621463776
        },
        "vehicle_throttle": 0.0,
        "unique_collisions": 0,
        "solid_lane_crosses": 3,
        "double_solid_lane_crosses": 0
    },
    {
        "game_time": 78.1418720218353,
        "vehicle_location": {
            "x": -77.77423095703125,
            "y": 33.2181396484375,
            "z": -0.06971263885498047
        },
        "vehicle_velocity": {
            "x": -0.006266349460929632,
            "y": -2.322614908218384,
            "z": -0.0393400676548481
        },
        "vehicle_throttle": 0.0,
        "unique_collisions": 0,
        "solid_lane_crosses": 3,
        "double_solid_lane_crosses": 0
    },
    {
        "game_time": 79.17934795236215,
        "vehicle_location": {
            "x": -77.77693939208984,
            "y": 32.233219146728516,
            "z": -0.08515194058418274
        },
        "vehicle_velocity": {
            "x": -0.000454781053122133,
            "y": -0.1648252308368683,
            "z": -0.0027578447479754686
        },
        "vehicle_throttle": 0.75,
        "unique_collisions": 0,
        "solid_lane_crosses": 3,
        "double_solid_lane_crosses": 0
    },
    {
        "game_time": 80.20271207718179,
        "vehicle_location": {
            "x": -77.77874755859375,
            "y": 31.586322784423828,
            "z": -0.09737502783536911
        },
        "vehicle_velocity": {
            "x": -0.0028430121019482613,
            "y": -1.0368622541427612,
            "z": -0.017571382224559784
        },
        "vehicle_throttle": 0.75,
        "unique_collisions": 0,
        "solid_lane_crosses": 3,
        "double_solid_lane_crosses": 0
    },
    {
        "game_time": 81.2385577741079,
        "vehicle_location": {
            "x": -77.78376770019531,
            "y": 29.700544357299805,
            "z": -0.12377658486366272
        },
        "vehicle_velocity": {
            "x": -0.004648684523999691,
            "y": -1.830227017402649,
            "z": -0.015526032075285912
        },
        "vehicle_throttle": 0.75,
        "unique_collisions": 0,
        "solid_lane_crosses": 3,
        "double_solid_lane_crosses": 0
    },
    {
        "game_time": 82.30069030961022,
        "vehicle_location": {
            "x": -77.79486083984375,
            "y": 25.677841186523438,
            "z": -0.16780398786067963
        },
        "vehicle_velocity": {
            "x": -0.015560891479253769,
            "y": -5.69152307510376,
            "z": -0.027760930359363556
        },
        "vehicle_throttle": 0.0,
        "unique_collisions": 0,
        "solid_lane_crosses": 3,
        "double_solid_lane_crosses": 0
    },
    {
        "game_time": 83.33740859245881,
        "vehicle_location": {
            "x": -77.80795288085938,
            "y": 20.89205551147461,
            "z": -0.18956299126148224
        },
        "vehicle_velocity": {
            "x": -0.012432274408638477,
            "y": -4.520163059234619,
            "z": -0.023451117798686028
        },
        "vehicle_throttle": 0.0,
        "unique_collisions": 0,
        "solid_lane_crosses": 3,
        "double_solid_lane_crosses": 0
    },
    {
        "game_time": 84.33887702180073,
        "vehicle_location": {
            "x": -77.83629608154297,
            "y": 16.72577476501465,
            "z": -0.21330329775810242
        },
        "vehicle_velocity": {
            "x": -0.08861649036407471,
            "y": -4.072812080383301,
            "z": -0.012252402491867542
        },
        "vehicle_throttle": 0.75,
        "unique_collisions": 0,
        "solid_lane_crosses": 3,
        "double_solid_lane_crosses": 0
    },
    {
        "game_time": 85.39368061488494,
        "vehicle_location": {
            "x": -78.18452453613281,
            "y": 12.065424919128418,
            "z": -0.23430289328098297
        },
        "vehicle_velocity": {
            "x": -1.0309627056121826,
            "y": -5.6050896644592285,
            "z": -0.0075711822137236595
        },
        "vehicle_throttle": 0.49706605076789856,
        "unique_collisions": 0,
        "solid_lane_crosses": 3,
        "double_solid_lane_crosses": 0
    },
    {
        "game_time": 86.44356437539682,
        "vehicle_location": {
            "x": -79.97900390625,
            "y": 6.5491180419921875,
            "z": -0.23814426362514496
        },
        "vehicle_velocity": {
            "x": -2.73703670501709,
            "y": -4.73075532913208,
            "z": -0.004180374089628458
        },
        "vehicle_throttle": 0.0,
        "unique_collisions": 0,
        "solid_lane_crosses": 3,
        "double_solid_lane_crosses": 0
    },
    {
        "game_time": 87.45655281608924,
        "vehicle_location": {
            "x": -83.3062973022461,
            "y": 2.3264474868774414,
            "z": -0.24395781755447388
        },
        "vehicle_velocity": {
            "x": -4.048007488250732,
            "y": -3.7220022678375244,
            "z": -0.009162583388388157
        },
        "vehicle_throttle": 0.75,
        "unique_collisions": 0,
        "solid_lane_crosses": 3,
        "double_solid_lane_crosses": 0
    },
    {
        "game_time": 88.50790848722681,
        "vehicle_location": {
            "x": -88.12461853027344,
            "y": -0.7771256566047668,
            "z": -0.2507336735725403
        },
        "vehicle_velocity": {
            "x": -4.872324466705322,
            "y": -1.9638983011245728,
            "z": -0.004247140605002642
        },
        "vehicle_throttle": 0.6344830989837646,
        "unique_collisions": 0,
        "solid_lane_crosses": 3,
        "double_solid_lane_crosses": 0
    },
    {
        "game_time": 89.53852091124281,
        "vehicle_location": {
            "x": -93.44707489013672,
            "y": -2.2143540382385254,
            "z": -0.24710452556610107
        },
        "vehicle_velocity": {
            "x": -5.536787509918213,
            "y": -0.8280072808265686,
            "z": 0.03526150807738304
        },
        "vehicle_throttle": 0.47988593578338623,
        "unique_collisions": 0,
        "solid_lane_crosses": 3,
        "double_solid_lane_crosses": 0
    },
    {
        "game_time": 90.594395771157,
        "vehicle_location": {
            "x": -99.17243194580078,
            "y": -2.8076064586639404,
            "z": -0.2353072315454483
        },
        "vehicle_velocity": {
            "x": -5.121645450592041,
            "y": -0.2835531234741211,
            "z": -0.006340889725834131
        },
        "vehicle_throttle": 0.75,
        "unique_collisions": 0,
        "solid_lane_crosses": 3,
        "double_solid_lane_crosses": 0
    },
    {
        "game_time": 91.63100435445085,
        "vehicle_location": {
            "x": -104.8489990234375,
            "y": -3.030118703842163,
            "z": -0.23768989741802216
        },
        "vehicle_velocity": {
            "x": -5.4897637367248535,
            "y": -0.13061128556728363,
            "z": -0.00016414641868323088
        },
        "vehicle_throttle": 0.0,
        "unique_collisions": 0,
        "solid_lane_crosses": 3,
        "double_solid_lane_crosses": 0
    },
    {
        "game_time": 92.64621968520805,
        "vehicle_location": {
            "x": -110.33670043945312,
            "y": -3.1332926750183105,
            "z": -0.2379525750875473
        },
        "vehicle_velocity": {
            "x": -5.757046222686768,
            "y": -0.05987777188420296,
            "z": -5.664825494022807e-06
        },
        "vehicle_throttle": 0.0,
        "unique_collisions": 0,
        "solid_lane_crosses": 3,
        "double_solid_lane_crosses": 0
    },
    {
        "game_time": 93.67570897331461,
        "vehicle_location": {
            "x": -115.90634155273438,
            "y": -3.1918983459472656,
            "z": -0.23700836300849915
        },
        "vehicle_velocity": {
            "x": -5.214569091796875,
            "y": -0.045916419476270676,
            "z": 9.20295690320927e-07
        },
        "vehicle_throttle": 0.75,
        "unique_collisions": 0,
        "solid_lane_crosses": 3,
        "double_solid_lane_crosses": 0
    },
    {
        "game_time": 94.72371105151251,
        "vehicle_location": {
            "x": -121.6686782836914,
            "y": -3.234304666519165,
            "z": -0.23745906352996826
        },
        "vehicle_velocity": {
            "x": -5.342466354370117,
            "y": -0.03506241366267204,
            "z": 1.3732909565078444e-06
        },
        "vehicle_throttle": 0.1819252371788025,
        "unique_collisions": 0,
        "solid_lane_crosses": 3,
        "double_solid_lane_crosses": 0
    },
    {
        "game_time": 95.74932224070653,
        "vehicle_location": {
            "x": -127.2354736328125,
            "y": -3.267897367477417,
            "z": -0.23807543516159058
        },
        "vehicle_velocity": {
            "x": -5.806466579437256,
            "y": -0.03306804224848747,
            "z": -3.976821972173639e-06
        },
        "vehicle_throttle": 0.0,
        "unique_collisions": 0,
        "solid_lane_crosses": 3,
        "double_solid_lane_crosses": 0
    },
    {
        "game_time": 96.7632260560058,
        "vehicle_location": {
            "x": -132.716552734375,
            "y": -3.2807202339172363,
            "z": -0.23693400621414185
        },
        "vehicle_velocity": {
            "x": -5.161843299865723,
            "y": 0.040307167917490005,
            "z": -7.534026735811494e-07
        },
        "vehicle_throttle": 0.75,
        "unique_collisions": 0,
        "solid_lane_crosses": 3,
        "double_solid_lane_crosses": 0
    },
    {
        "game_time": 97.81048792274669,
        "vehicle_location": {
            "x": -138.43515014648438,
            "y": -2.8505194187164307,
            "z": -0.2374378889799118
        },
        "vehicle_velocity": {
            "x": -5.25093412399292,
            "y": 1.0832529067993164,
            "z": -1.7824173482949845e-05
        },
        "vehicle_throttle": 0.0,
        "unique_collisions": 0,
        "solid_lane_crosses": 3,
        "double_solid_lane_crosses": 0
    },
    {
        "game_time": 98.82082110410556,
        "vehicle_location": {
            "x": -143.55287170410156,
            "y": -1.1676890850067139,
            "z": -0.2376089096069336
        },
        "vehicle_velocity": {
            "x": -4.713447570800781,
            "y": 3.0688323974609375,
            "z": -8.347511175088584e-05
        },
        "vehicle_throttle": 0.1307877004146576,
        "unique_collisions": 0,
        "solid_lane_crosses": 3,
        "double_solid_lane_crosses": 0
    },
    {
        "game_time": 99.8692927560769,
        "vehicle_location": {
            "x": -147.08645629882812,
            "y": 3.0753438472747803,
            "z": -0.23673072457313538
        },
        "vehicle_velocity": {
            "x": -1.6327872276306152,
            "y": 4.888582229614258,
            "z": -0.00011053084745071828
        },
        "vehicle_throttle": 0.75,
        "unique_collisions": 0,
        "solid_lane_crosses": 3,
        "double_solid_lane_crosses": 0
    },
    {
        "game_time": 100.88701244117692,
        "vehicle_location": {
            "x": -148.32821655273438,
            "y": 8.4052734375,
            "z": -0.2381424605846405
        },
        "vehicle_velocity": {
            "x": -0.6044946312904358,
            "y": 5.806400775909424,
            "z": -9.040832082973793e-06
        },
        "vehicle_throttle": 0.0,
        "unique_collisions": 0,
        "solid_lane_crosses": 3,
        "double_solid_lane_crosses": 0
    },
    {
        "game_time": 101.91448740893975,
        "vehicle_location": {
            "x": -148.76663208007812,
            "y": 13.96409797668457,
            "z": -0.23681636154651642
        },
        "vehicle_velocity": {
            "x": -0.23523539304733276,
            "y": 5.11336088180542,
            "z": 8.964538551481382e-07
        },
        "vehicle_throttle": 0.75,
        "unique_collisions": 0,
        "solid_lane_crosses": 3,
        "double_solid_lane_crosses": 1
    },
    {
        "game_time": 102.96920963237062,
        "vehicle_location": {
            "x": -148.92149353027344,
            "y": 19.720340728759766,
            "z": -0.23805198073387146
        },
        "vehicle_velocity": {
            "x": -0.09968218952417374,
            "y": 5.672206401824951,
            "z": -1.8119811784345075e-06
        },
        "vehicle_throttle": 0.0,
        "unique_collisions": 0,
        "solid_lane_crosses": 3,
        "double_solid_lane_crosses": 1
    },
    {
        "game_time": 104.01117161335424,
        "vehicle_location": {
            "x": -148.9821319580078,
            "y": 25.36614227294922,
            "z": -0.23764419555664062
        },
        "vehicle_velocity": {
            "x": -0.039359256625175476,
            "y": 5.6479692459106445,
            "z": 2.1505354652617825e-06
        },
        "vehicle_throttle": 0.28853264451026917,
        "unique_collisions": 0,
        "solid_lane_crosses": 3,
        "double_solid_lane_crosses": 1
    },
    {
        "game_time": 105.04322329023853,
        "vehicle_location": {
            "x": -149.0079803466797,
            "y": 31.004047393798828,
            "z": -0.23703047633171082
        },
        "vehicle_velocity": {
            "x": -0.015137660317122936,
            "y": 5.180315971374512,
            "z": 1.8310546465727384e-06
        },
        "vehicle_throttle": 0.75,
        "unique_collisions": 0,
        "solid_lane_crosses": 3,
        "double_solid_lane_crosses": 1
    },
    {
        "game_time": 106.09223035210744,
        "vehicle_location": {
            "x": -149.0207061767578,
            "y": 36.68644332885742,
            "z": -0.2381199151277542
        },
        "vehicle_velocity": {
            "x": -0.00972109567373991,
            "y": 5.800273895263672,
            "z": -3.204345603080583e-06
        },
        "vehicle_throttle": 0.0,
        "unique_collisions": 0,
        "solid_lane_crosses": 3,
        "double_solid_lane_crosses": 1
    },
    {
        "game_time": 107.13445637421682,
        "vehicle_location": {
            "x": -149.02752685546875,
            "y": 42.31999969482422,
            "z": -0.23694559931755066
        },
        "vehicle_velocity": {
            "x": -0.0051610213704407215,
            "y": 5.210779190063477,
            "z": 2.5272368020523572e-06
        },
        "vehicle_throttle": 0.75,
        "unique_collisions": 0,
        "solid_lane_crosses": 3,
        "double_solid_lane_crosses": 1
    },
    {
        "game_time": 108.14836766244844,
        "vehicle_location": {
            "x": -149.03204345703125,
            "y": 47.90031051635742,
            "z": -0.23793479800224304
        },
        "vehicle_velocity": {
            "x": -0.003934288863092661,
            "y": 5.6169610023498535,
            "z": -2.5129318146355217e-06
        },
        "vehicle_throttle": 0.0,
        "unique_collisions": 0,
        "solid_lane_crosses": 3,
        "double_solid_lane_crosses": 1
    },
    {
        "game_time": 109.15886885719374,
        "vehicle_location": {
            "x": -149.03565979003906,
            "y": 53.357460021972656,
            "z": -0.23764747381210327
        },
        "vehicle_velocity": {
            "x": -0.0030950945802032948,
            "y": 5.600005149841309,
            "z": 1.7547606603329768e-06
        },
        "vehicle_throttle": 0.40590107440948486,
        "unique_collisions": 0,
        "solid_lane_crosses": 3,
        "double_solid_lane_crosses": 1
    },
    {
        "game_time": 110.17706668702886,
        "vehicle_location": {
            "x": -149.0387725830078,
            "y": 58.9203987121582,
            "z": -0.2368893027305603
        },
        "vehicle_velocity": {
            "x": -0.002829758683219552,
            "y": 5.122740745544434,
            "z": -4.76837158203125e-07
        },
        "vehicle_throttle": 0.75,
        "unique_collisions": 0,
        "solid_lane_crosses": 3,
        "double_solid_lane_crosses": 1
    },
    {
        "game_time": 111.20382580487058,
        "vehicle_location": {
            "x": -149.04183959960938,
            "y": 64.53309631347656,
            "z": -0.2379169762134552
        },
        "vehicle_velocity": {
            "x": -0.0029681760352104902,
            "y": 5.601419448852539,
            "z": -1.9073486328125e-06
        },
        "vehicle_throttle": 0.0,
        "unique_collisions": 0,
        "solid_lane_crosses": 3,
        "double_solid_lane_crosses": 1
    },
    {
        "game_time": 112.24573117541149,
        "vehicle_location": {
            "x": -149.04478454589844,
            "y": 70.13327026367188,
            "z": -0.23768867552280426
        },
        "vehicle_velocity": {
            "x": -0.0029721716418862343,
            "y": 5.583949565887451,
            "z": 1.8310546465727384e-06
        },
        "vehicle_throttle": 0.5143280625343323,
        "unique_collisions": 0,
        "solid_lane_crosses": 3,
        "double_solid_lane_crosses": 1
    }
]