[
    {
        "game_time": 5.250426287297159,
        "vehicle_location": {
            "x": 15.535811424255371,
            "y": 201.58392333984375,
            "z": -0.01159259770065546
        },
        "vehicle_velocity": {
            "x": 1.796907663345337,
            "y": -0.343749076128006,
            "z": -0.0010791682871058583
        },
        "vehicle_throttle": 0.75,
        "unique_collisions": 0,
        "solid_lane_crosses": 0,
        "double_solid_lane_crosses": 0
    },
    {
        "game_time": 6.280340469442308,
        "vehicle_location": {
            "x": 16.568479537963867,
            "y": 201.37542724609375,
            "z": -0.00849182065576315
        },
        "vehicle_velocity": {
            "x": 0.33404529094696045,
            "y": -0.09793887287378311,
            "z": -0.0005890178726986051
        },
        "vehicle_throttle": 0.0,
        "unique_collisions": 0,
        "solid_lane_crosses": 0,
        "double_solid_lane_crosses": 0
    },
    {
        "game_time": 7.281709681730717,
        "vehicle_location": {
            "x": 16.927106857299805,
            "y": 201.2854766845703,
            "z": -0.00783286988735199
        },
        "vehicle_velocity": {
            "x": 0.405771940946579,
            "y": -0.11605069041252136,
            "z": -3.2138825190486386e-05
        },
        "vehicle_throttle": 0.75,
        "unique_collisions": 0,
        "solid_lane_crosses": 0,
        "double_solid_lane_crosses": 0
    },
    {
        "game_time": 8.321638862602413,
        "vehicle_location": {
            "x": 17.080270767211914,
            "y": 201.24766540527344,
            "z": -0.0072489166632294655
        },
        "vehicle_velocity": {
            "x": 0.0002982989535667002,
            "y": -0.0002172287495341152,
            "z": 0.001522650709375739
        },
        "vehicle_throttle": 0.75,
        "unique_collisions": 0,
        "solid_lane_crosses": 0,
        "double_solid_lane_crosses": 0
    },
    {
        "game_time": 9.345801119226962,
        "vehicle_location": {
            "x": 17.26215934753418,
            "y": 201.2029266357422,
            "z": -0.008913231082260609
        },
        "vehicle_velocity": {
            "x": 0.5632311701774597,
            "y": -0.15000638365745544,
            "z": 0.0007737827254459262
        },
        "vehicle_throttle": 0.75,
        "unique_collisions": 0,
        "solid_lane_crosses": 0,
        "double_solid_lane_crosses": 0
    },
    {
        "game_time": 10.399844709318131,
        "vehicle_location": {
            "x": 18.327091217041016,
            "y": 200.9276123046875,
            "z": -0.009783821180462837
        },
        "vehicle_velocity": {
            "x": 1.9276663064956665,
            "y": -0.8024682998657227,
            "z": 0.0013801621971651912
        },
        "vehicle_throttle": 0.75,
        "unique_collisions": 0,
        "solid_lane_crosses": 0,
        "double_solid_lane_crosses": 0
    },
    {
        "game_time": 11.435480429790914,
        "vehicle_location": {
            "x": 20.905309677124023,
            "y": 199.81375122070312,
            "z": -0.00880435947328806
        },
        "vehicle_velocity": {
            "x": 2.80715274810791,
            "y": -1.4990829229354858,
            "z": 0.0002584219037089497
        },
        "vehicle_throttle": 0.75,
        "unique_collisions": 0,
        "solid_lane_crosses": 0,
        "double_solid_lane_crosses": 0
    },
    {
        "game_time": 12.4667401406914,
        "vehicle_location": {
            "x": 23.53453254699707,
            "y": 198.1044921875,
            "z": -0.006534270942211151
        },
        "vehicle_velocity": {
            "x": 2.1101722717285156,
            "y": -1.9674568176269531,
            "z": 0.0008825159166008234
        },
        "vehicle_throttle": 0.75,
        "unique_collisions": 0,
        "solid_lane_crosses": 0,
        "double_solid_lane_crosses": 0
    },
    {
        "game_time": 13.508441651239991,
        "vehicle_location": {
            "x": 25.754989624023438,
            "y": 195.8592987060547,
            "z": -0.008493156172335148
        },
        "vehicle_velocity": {
            "x": 1.9748106002807617,
            "y": -2.407843828201294,
            "z": 0.00012863158190157264
        },
        "vehicle_throttle": 0.75,
        "unique_collisions": 0,
        "solid_lane_crosses": 0,
        "double_solid_lane_crosses": 0
    },
    {
        "game_time": 14.508805044926703,
        "vehicle_location": {
            "x": 27.595848083496094,
            "y": 193.22225952148438,
            "z": -0.008914146572351456
        },
        "vehicle_velocity": {
            "x": 1.5763481855392456,
            "y": -3.084299325942993,
            "z": -0.00018214702140539885
        },
        "vehicle_throttle": 0.75,
        "unique_collisions": 0,
        "solid_lane_crosses": 0,
        "double_solid_lane_crosses": 0
    },
    {
        "game_time": 15.555209041573107,
        "vehicle_location": {
            "x": 29.100326538085938,
            "y": 190.2185516357422,
            "z": -0.005779609549790621
        },
        "vehicle_velocity": {
            "x": 1.0234605073928833,
            "y": -2.467761516571045,
            "z": 0.0008826446137391031
        },
        "vehicle_throttle": 0.75,
        "unique_collisions": 0,
        "solid_lane_crosses": 0,
        "double_solid_lane_crosses": 0
    },
    {
        "game_time": 16.607087473385036,
        "vehicle_location": {
            "x": 30.141815185546875,
            "y": 187.1148223876953,
            "z": -0.006497306749224663
        },
        "vehicle_velocity": {
            "x": 0.666566014289856,
            "y": -2.6774206161499023,
            "z": 0.0006426763138733804
        },
        "vehicle_throttle": 0.0,
        "unique_collisions": 0,
        "solid_lane_crosses": 0,
        "double_solid_lane_crosses": 0
    },
    {
        "game_time": 17.64296697359532,
        "vehicle_location": {
            "x": 30.51812171936035,
            "y": 185.6056671142578,
            "z": -0.009715957567095757
        },
        "vehicle_velocity": {
            "x": 0.40390312671661377,
            "y": -1.7122290134429932,
            "z": 0.0005998181877657771
        },
        "vehicle_throttle": 0.75,
        "unique_collisions": 0,
        "solid_lane_crosses": 0,
        "double_solid_lane_crosses": 0
    },
    {
        "game_time": 18.660612386651337,
        "vehicle_location": {
            "x": 30.96440887451172,
            "y": 182.8767547607422,
            "z": -0.006187477149069309
        },
        "vehicle_velocity": {
            "x": 0.2921200096607208,
            "y": -2.6238927841186523,
            "z": -5.142211739439517e-05
        },
        "vehicle_throttle": 0.0,
        "unique_collisions": 0,
        "solid_lane_crosses": 0,
        "double_solid_lane_crosses": 0
    },
    {
        "game_time": 19.722454686649144,
        "vehicle_location": {
            "x": 31.23699188232422,
            "y": 179.7599334716797,
            "z": -0.007535247597843409
        },
        "vehicle_velocity": {
            "x": -0.006806139834225178,
            "y": -3.2730729579925537,
            "z": 0.00019377708667889237
        },
        "vehicle_throttle": 0.0,
        "unique_collisions": 0,
        "solid_lane_crosses": 0,
        "double_solid_lane_crosses": 0
    },
    {
        "game_time": 20.72521895635873,
        "vehicle_location": {
            "x": 31.36847496032715,
            "y": 176.55198669433594,
            "z": -0.00521442387253046
        },
        "vehicle_velocity": {
            "x": 0.07759520411491394,
            "y": -2.6432478427886963,
            "z": 0.0013359832810238004
        },
        "vehicle_throttle": 0.75,
        "unique_collisions": 0,
        "solid_lane_crosses": 0,
        "double_solid_lane_crosses": 0
    },
    {
        "game_time": 21.755448984913528,
        "vehicle_location": {
            "x": 31.44692039489746,
            "y": 173.24420166015625,
            "z": -0.006138534285128117
        },
        "vehicle_velocity": {
            "x": 0.08806644380092621,
            "y": -3.1306750774383545,
            "z": -0.0007183551788330078
        },
        "vehicle_throttle": 0.75,
        "unique_collisions": 0,
        "solid_lane_crosses": 0,
        "double_solid_lane_crosses": 0
    },
    {
        "game_time": 22.809558753855526,
        "vehicle_location": {
            "x": 31.48368263244629,
            "y": 170.73446655273438,
            "z": -0.006018485873937607
        },
        "vehicle_velocity": {
            "x": 0.012338565662503242,
            "y": -1.1682976484298706,
            "z": 0.00012825964950025082
        },
        "vehicle_throttle": 0.75,
        "unique_collisions": 0,
        "solid_lane_crosses": 0,
        "double_solid_lane_crosses": 0
    },
    {
        "game_time": 23.8283603573218,
        "vehicle_location": {
            "x": 31.50303077697754,
            "y": 168.76060485839844,
            "z": -0.007495116908103228
        },
        "vehicle_velocity": {
            "x": 0.014239614829421043,
            "y": -2.072977304458618,
            "z": 0.0002936172531917691
        },
        "vehicle_throttle": 0.75,
        "unique_collisions": 0,
        "solid_lane_crosses": 0,
        "double_solid_lane_crosses": 0
    },
    {
        "game_time": 24.858332605101168,
        "vehicle_location": {
            "x": 31.522855758666992,
            "y": 165.7792510986328,
            "z": -0.0065101622603833675
        },
        "vehicle_velocity": {
            "x": 0.01563216932117939,
            "y": -2.8846688270568848,
            "z": 0.0008654784760437906
        },
        "vehicle_throttle": 0.75,
        "unique_collisions": 0,
        "solid_lane_crosses": 0,
        "double_solid_lane_crosses": 0
    },
    {
        "game_time": 25.954779946245253,
        "vehicle_location": {
            "x": 31.533918380737305,
            "y": 162.3157196044922,
            "z": -0.009002418257296085
        },
        "vehicle_velocity": {
            "x": 0.008056501857936382,
            "y": -3.445622682571411,
            "z": 0.00035389422555454075
        },
        "vehicle_throttle": 0.0,
        "unique_collisions": 0,
        "solid_lane_crosses": 0,
        "double_solid_lane_crosses": 0
    },
    {
        "game_time": 26.98645685520023,
        "vehicle_location": {
            "x": 31.5408992767334,
            "y": 159.11744689941406,
            "z": -0.0063395691104233265
        },
        "vehicle_velocity": {
            "x": 0.004647746682167053,
            "y": -2.8687386512756348,
            "z": 0.00038289546500891447
        },
        "vehicle_throttle": 0.75,
        "unique_collisions": 0,
        "solid_lane_crosses": 0,
        "double_solid_lane_crosses": 0
    },
    {
        "game_time": 27.987838513217866,
        "vehicle_location": {
            "x": 31.54544448852539,
            "y": 156.0524444580078,
            "z": -0.00859474204480648
        },
        "vehicle_velocity": {
            "x": 0.004251159727573395,
            "y": -3.1474575996398926,
            "z": 0.0007367372163571417
        },
        "vehicle_throttle": 0.0,
        "unique_collisions": 0,
        "solid_lane_crosses": 0,
        "double_solid_lane_crosses": 0
    },
    {
        "game_time": 29.039932155050337,
        "vehicle_location": {
            "x": 31.548248291015625,
            "y": 153.22727966308594,
            "z": -0.00951816514134407
        },
        "vehicle_velocity": {
            "x": 0.004128099884837866,
            "y": -3.4340341091156006,
            "z": -0.00027976036653853953
        },
        "vehicle_throttle": 0.75,
        "unique_collisions": 0,
        "solid_lane_crosses": 0,
        "double_solid_lane_crosses": 0
    },
    {
        "game_time": 30.139303254894912,
        "vehicle_location": {
            "x": 31.551401138305664,
            "y": 148.82127380371094,
            "z": -0.006684379652142525
        },
        "vehicle_velocity": {
            "x": 0.0023865115363150835,
            "y": -3.5991246700286865,
            "z": 0.0002491474151611328
        },
        "vehicle_throttle": 0.75,
        "unique_collisions": 0,
        "solid_lane_crosses": 0,
        "double_solid_lane_crosses": 0
    },
    {
        "game_time": 31.148495423607528,
        "vehicle_location": {
            "x": 31.55337905883789,
            "y": 145.2677459716797,
            "z": -0.008842963725328445
        },
        "vehicle_velocity": {
            "x": 0.0018303123069927096,
            "y": -3.5167174339294434,
            "z": -0.0005428600125014782
        },
        "vehicle_throttle": 0.75,
        "unique_collisions": 0,
        "solid_lane_crosses": 0,
        "double_solid_lane_crosses": 0
    },
    {
        "game_time": 32.19680423010141,
        "vehicle_location": {
            "x": 31.555150985717773,
            "y": 141.5717010498047,
            "z": -0.007265395950525999
        },
        "vehicle_velocity": {
            "x": 0.0015416371170431376,
            "y": -3.3668313026428223,
            "z": 0.00026446342235431075
        },
        "vehicle_throttle": 0.0,
        "unique_collisions": 0,
        "solid_lane_crosses": 0,
        "double_solid_lane_crosses": 0
    },
    {
        "game_time": 33.25964772608131,
        "vehicle_location": {
            "x": 31.556129455566406,
            "y": 139.35467529296875,
            "z": -0.008611869998276234
        },
        "vehicle_velocity": {
            "x": -0.0003043989127036184,
            "y": -2.0248823165893555,
            "z": 0.0011255693389102817
        },
        "vehicle_throttle": 0.75,
        "unique_collisions": 0,
        "solid_lane_crosses": 0,
        "double_solid_lane_crosses": 0
    },
    {
        "game_time": 34.31349429581314,
        "vehicle_location": {
            "x": 31.556358337402344,
            "y": 138.37905883789062,
            "z": -0.0092010498046875
        },
        "vehicle_velocity": {
            "x": 0.0002504040312487632,
            "y": -0.7317208647727966,
            "z": 0.0008108758484013379
        },
        "vehicle_throttle": 0.75,
        "unique_collisions": 0,
        "solid_lane_crosses": 0,
        "double_solid_lane_crosses": 0
    },
    {
        "game_time": 35.37435950431973,
        "vehicle_location": {
            "x": 31.55728530883789,
            "y": 136.1682586669922,
            "z": -0.00947574619203806
        },
        "vehicle_velocity": {
            "x": 0.0015110985841602087,
            "y": -3.2529189586639404,
            "z": -0.00014789581473451108
        },
        "vehicle_throttle": 0.75,
        "unique_collisions": 0,
        "solid_lane_crosses": 0,
        "double_solid_lane_crosses": 0
    },
    {
        "game_time": 36.43486395385116,
        "vehicle_location": {
            "x": 31.55931282043457,
            "y": 131.59129333496094,
            "z": -0.006524581927806139
        },
        "vehicle_velocity": {
            "x": 0.0017666933126747608,
            "y": -4.417244911193848,
            "z": -0.0001301860756939277
        },
        "vehicle_throttle": 0.0,
        "unique_collisions": 0,
        "solid_lane_crosses": 0,
        "double_solid_lane_crosses": 0
    },
    {
        "game_time": 37.50481758546084,
        "vehicle_location": {
            "x": 31.56060791015625,
            "y": 128.35716247558594,
            "z": -0.0048065185546875
        },
        "vehicle_velocity": {
            "x": 0.00017690984532237053,
            "y": -1.3123201131820679,
            "z": 0.0004911947180517018
        },
        "vehicle_throttle": 0.75,
        "unique_collisions": 0,
        "solid_lane_crosses": 0,
        "double_solid_lane_crosses": 0
    },
    {
        "game_time": 38.546556235291064,
        "vehicle_location": {
            "x": 31.561458587646484,
            "y": 126.31785583496094,
            "z": -0.005767326336354017
        },
        "vehicle_velocity": {
            "x": 0.00044225985766388476,
            "y": -1.7516273260116577,
            "z": -7.202148117357865e-05
        },
        "vehicle_throttle": 0.0,
        "unique_collisions": 0,
        "solid_lane_crosses": 0,
        "double_solid_lane_crosses": 0
    },
    {
        "game_time": 39.619205181486905,
        "vehicle_location": {
            "x": 31.561031341552734,
            "y": 125.44954681396484,
            "z": -0.00875038094818592
        },
        "vehicle_velocity": {
            "x": -0.0003081978647969663,
            "y": -0.6356058120727539,
            "z": -0.00016078472253866494
        },
        "vehicle_throttle": 0.75,
        "unique_collisions": 0,
        "solid_lane_crosses": 0,
        "double_solid_lane_crosses": 0
    },
    {
        "game_time": 40.70576192904264,
        "vehicle_location": {
            "x": 31.56193733215332,
            "y": 125.04576873779297,
            "z": -0.007442168891429901
        },
        "vehicle_velocity": {
            "x": 0.0005411345046013594,
            "y": -0.006909355521202087,
            "z": 0.00020976066298317164
        },
        "vehicle_throttle": 0.0,
        "unique_collisions": 0,
        "solid_lane_crosses": 0,
        "double_solid_lane_crosses": 0
    },
    {
        "game_time": 41.77584781963378,
        "vehicle_location": {
            "x": 31.562496185302734,
            "y": 124.90023803710938,
            "z": -0.007108077872544527
        },
        "vehicle_velocity": {
            "x": 2.7436522032076027e-07,
            "y": -0.10792979598045349,
            "z": -0.0013206672156229615
        },
        "vehicle_throttle": 0.75,
        "unique_collisions": 0,
        "solid_lane_crosses": 0,
        "double_solid_lane_crosses": 0
    },
    {
        "game_time": 42.79472381900996,
        "vehicle_location": {
            "x": 31.562490463256836,
            "y": 124.81819152832031,
            "z": -0.007680663838982582
        },
        "vehicle_velocity": {
            "x": 7.211263437056914e-05,
            "y": -0.06239019334316254,
            "z": -0.0015234374441206455
        },
        "vehicle_throttle": 0.75,
        "unique_collisions": 0,
        "solid_lane_crosses": 0,
        "double_solid_lane_crosses": 0
    },
    {
        "game_time": 43.83045566175133,
        "vehicle_location": {
            "x": 31.562618255615234,
            "y": 124.78939819335938,
            "z": -0.007791976910084486
        },
        "vehicle_velocity": {
            "x": -1.0597707841952797e-05,
            "y": -0.0010426546214148402,
            "z": -0.0012334537459537387
        },
        "vehicle_throttle": 0.0,
        "unique_collisions": 0,
        "solid_lane_crosses": 0,
        "double_solid_lane_crosses": 0
    },
    {
        "game_time": 44.882711752317846,
        "vehicle_location": {
            "x": 31.562679290771484,
            "y": 124.76702117919922,
            "z": -0.007626228034496307
        },
        "vehicle_velocity": {
            "x": 5.864499144081492e-06,
            "y": 0.0001475177996326238,
            "z": 0.0006154965958558023
        },
        "vehicle_throttle": 0.0,
        "unique_collisions": 0,
        "solid_lane_crosses": 0,
        "double_solid_lane_crosses": 0
    },
    {
        "game_time": 45.88286025915295,
        "vehicle_location": {
            "x": 31.562679290771484,
            "y": 124.7669677734375,
            "z": -0.007714614737778902
        },
        "vehicle_velocity": {
            "x": -3.0790761940124867e-08,
            "y": 1.839746204268522e-07,
            "z": 0.0008120870334096253
        },
        "vehicle_throttle": 0.0,
        "unique_collisions": 0,
        "solid_lane_crosses": 0,
        "double_solid_lane_crosses": 0
    },
    {
        "game_time": 46.8955509243533,
        "vehicle_location": {
            "x": 31.562679290771484,
            "y": 124.7669677734375,
            "z": -0.0077137756161391735
        },
        "vehicle_velocity": {
            "x": 4.3029288576690305e-08,
            "y": 1.210273548046814e-09,
            "z": -1.1682510603350238e-06
        },
        "vehicle_throttle": 0.0,
        "unique_collisions": 0,
        "solid_lane_crosses": 0,
        "double_solid_lane_crosses": 0
    },
    {
        "game_time": 47.978740870021284,
        "vehicle_location": {
            "x": 31.562679290771484,
            "y": 124.7669677734375,
            "z": -0.007685851771384478
        },
        "vehicle_velocity": {
            "x": 2.1635068847558614e-08,
            "y": 3.5853753299619484e-09,
            "z": 7.145881681935862e-05
        },
        "vehicle_throttle": 0.0,
        "unique_collisions": 0,
        "solid_lane_crosses": 0,
        "double_solid_lane_crosses": 0
    },
    {
        "game_time": 49.059261408634484,
        "vehicle_location": {
            "x": 31.562679290771484,
            "y": 124.7669677734375,
            "z": -0.007719764485955238
        },
        "vehicle_velocity": {
            "x": 0.0,
            "y": 0.0,
            "z": 0.0
        },
        "vehicle_throttle": 0.0,
        "unique_collisions": 0,
        "solid_lane_crosses": 0,
        "double_solid_lane_crosses": 0
    },
    {
        "game_time": 50.14343250449747,
        "vehicle_location": {
            "x": 31.562679290771484,
            "y": 124.7669677734375,
            "z": -0.007704238872975111
        },
        "vehicle_velocity": {
            "x": 3.920967994730518e-09,
            "y": -8.150625951941493e-09,
            "z": 4.0187835111282766e-05
        },
        "vehicle_throttle": 0.0,
        "unique_collisions": 0,
        "solid_lane_crosses": 0,
        "double_solid_lane_crosses": 0
    },
    {
        "game_time": 51.194264077581465,
        "vehicle_location": {
            "x": 31.562679290771484,
            "y": 124.7669677734375,
            "z": -0.007656135596334934
        },
        "vehicle_velocity": {
            "x": -3.289845285081583e-09,
            "y": 1.2407503469091807e-08,
            "z": 0.00039225578075274825
        },
        "vehicle_throttle": 0.0,
        "unique_collisions": 0,
        "solid_lane_crosses": 0,
        "double_solid_lane_crosses": 0
    },
    {
        "game_time": 52.19940353836864,
        "vehicle_location": {
            "x": 31.562679290771484,
            "y": 124.7669677734375,
            "z": -0.0077023315243422985
        },
        "vehicle_velocity": {
            "x": -8.721564626057443e-08,
            "y": 7.015094638518349e-08,
            "z": 0.0005743884830735624
        },
        "vehicle_throttle": 0.0,
        "unique_collisions": 0,
        "solid_lane_crosses": 0,
        "double_solid_lane_crosses": 0
    },
    {
        "game_time": 53.22593052778393,
        "vehicle_location": {
            "x": 31.562679290771484,
            "y": 124.7669677734375,
            "z": -0.007663612253963947
        },
        "vehicle_velocity": {
            "x": -6.919555772810781e-08,
            "y": 2.073005944680517e-08,
            "z": 0.0007496022735722363
        },
        "vehicle_throttle": 0.0,
        "unique_collisions": 0,
        "solid_lane_crosses": 0,
        "double_solid_lane_crosses": 0
    },
    {
        "game_time": 54.25292057264596,
        "vehicle_location": {
            "x": 31.562679290771484,
            "y": 124.7669677734375,
            "z": -0.007710532750934362
        },
        "vehicle_velocity": {
            "x": 8.299075204831752e-08,
            "y": -2.8470468649288705e-08,
            "z": -0.00023805140517652035
        },
        "vehicle_throttle": 0.0,
        "unique_collisions": 0,
        "solid_lane_crosses": 0,
        "double_solid_lane_crosses": 0
    },
    {
        "game_time": 55.336291144602,
        "vehicle_location": {
            "x": 31.562679290771484,
            "y": 124.7669677734375,
            "z": -0.007699699141085148
        },
        "vehicle_velocity": {
            "x": 3.997281794454466e-08,
            "y": -1.4255408409269421e-08,
            "z": 0.0006139326142147183
        },
        "vehicle_throttle": 0.0,
        "unique_collisions": 0,
        "solid_lane_crosses": 0,
        "double_solid_lane_crosses": 0
    },
    {
        "game_time": 56.35414632130414,
        "vehicle_location": {
            "x": 31.562679290771484,
            "y": 124.7669677734375,
            "z": -0.007749252021312714
        },
        "vehicle_velocity": {
            "x": 7.272768698385335e-08,
            "y": -4.187892699292206e-08,
            "z": -0.0011698150774464011
        },
        "vehicle_throttle": 0.0,
        "unique_collisions": 0,
        "solid_lane_crosses": 0,
        "double_solid_lane_crosses": 0
    },
    {
        "game_time": 57.416945985518396,
        "vehicle_location": {
            "x": 31.562679290771484,
            "y": 124.7669677734375,
            "z": -0.007738723419606686
        },
        "vehicle_velocity": {
            "x": 1.0228490765484821e-07,
            "y": -3.2761899859679033e-08,
            "z": -0.0003862476150970906
        },
        "vehicle_throttle": 0.0,
        "unique_collisions": 0,
        "solid_lane_crosses": 0,
        "double_solid_lane_crosses": 0
    },
    {
        "game_time": 58.47949760686606,
        "vehicle_location": {
            "x": 31.562679290771484,
            "y": 124.7669677734375,
            "z": -0.007769202813506126
        },
        "vehicle_velocity": {
            "x": -6.950551778572844e-08,
            "y": -7.990383465994455e-08,
            "z": -0.0010960197541862726
        },
        "vehicle_throttle": 0.0,
        "unique_collisions": 0,
        "solid_lane_crosses": 0,
        "double_solid_lane_crosses": 0
    },
    {
        "game_time": 59.56444214936346,
        "vehicle_location": {
            "x": 31.562679290771484,
            "y": 124.7669677734375,
            "z": -0.007720413152128458
        },
        "vehicle_velocity": {
            "x": 4.4939110210862054e-08,
            "y": 2.3825752037964776e-08,
            "z": 0.0005628776270896196
        },
        "vehicle_throttle": 0.0,
        "unique_collisions": 0,
        "solid_lane_crosses": 0,
        "double_solid_lane_crosses": 0
    },
    {
        "game_time": 60.655677855946124,
        "vehicle_location": {
            "x": 31.562679290771484,
            "y": 124.7669677734375,
            "z": -0.0076593016274273396
        },
        "vehicle_velocity": {
            "x": -6.432993160387923e-08,
            "y": -1.6525200763339853e-08,
            "z": 0.0010566568234935403
        },
        "vehicle_throttle": 0.0,
        "unique_collisions": 0,
        "solid_lane_crosses": 0,
        "double_solid_lane_crosses": 0
    },
    {
        "game_time": 61.737641592510045,
        "vehicle_location": {
            "x": 31.562679290771484,
            "y": 124.7669677734375,
            "z": -0.007697753608226776
        },
        "vehicle_velocity": {
            "x": -2.3439687524273722e-08,
            "y": 5.149768611545369e-09,
            "z": 0.00010595798084978014
        },
        "vehicle_throttle": 0.0,
        "unique_collisions": 0,
        "solid_lane_crosses": 0,
        "double_solid_lane_crosses": 0
    },
    {
        "game_time": 62.801948324777186,
        "vehicle_location": {
            "x": 31.562679290771484,
            "y": 124.7669677734375,
            "z": -0.007703056093305349
        },
        "vehicle_velocity": {
            "x": 8.855237609850519e-08,
            "y": -4.8656357165555164e-08,
            "z": 0.00016828060324769467
        },
        "vehicle_throttle": 0.0,
        "unique_collisions": 0,
        "solid_lane_crosses": 0,
        "double_solid_lane_crosses": 0
    },
    {
        "game_time": 63.80490919854492,
        "vehicle_location": {
            "x": 31.562679290771484,
            "y": 124.7669677734375,
            "z": -0.007721900939941406
        },
        "vehicle_velocity": {
            "x": -8.44056557980366e-08,
            "y": -2.578357083393712e-08,
            "z": 0.0007871770649217069
        },
        "vehicle_throttle": 0.0,
        "unique_collisions": 0,
        "solid_lane_crosses": 0,
        "double_solid_lane_crosses": 0
    },
    {
        "game_time": 64.84406990278512,
        "vehicle_location": {
            "x": 31.562679290771484,
            "y": 124.7669677734375,
            "z": -0.007730827201157808
        },
        "vehicle_velocity": {
            "x": 2.0600609218490717e-08,
            "y": -9.659708588571903e-09,
            "z": -0.0002926254237536341
        },
        "vehicle_throttle": 0.0,
        "unique_collisions": 0,
        "solid_lane_crosses": 0,
        "double_solid_lane_crosses": 0
    },
    {
        "game_time": 65.93194414209574,
        "vehicle_location": {
            "x": 31.562679290771484,
            "y": 124.7669677734375,
            "z": -0.007699126843363047
        },
        "vehicle_velocity": {
            "x": -7.224927855986607e-08,
            "y": -3.339102505606206e-08,
            "z": 0.0001471662544645369
        },
        "vehicle_throttle": 0.0,
        "unique_collisions": 0,
        "solid_lane_crosses": 0,
        "double_solid_lane_crosses": 0
    },
    {
        "game_time": 67.01339360233396,
        "vehicle_location": {
            "x": 31.562679290771484,
            "y": 124.7669677734375,
            "z": -0.007719192188233137
        },
        "vehicle_velocity": {
            "x": 8.196077061484175e-08,
            "y": -8.870975065633502e-09,
            "z": -0.0007775974227115512
        },
        "vehicle_throttle": 0.0,
        "unique_collisions": 0,
        "solid_lane_crosses": 0,
        "double_solid_lane_crosses": 0
    },
    {
        "game_time": 68.07514130976051,
        "vehicle_location": {
            "x": 31.562679290771484,
            "y": 124.7669677734375,
            "z": -0.007698325905948877
        },
        "vehicle_velocity": {
            "x": 7.630162279781416e-09,
            "y": 2.343999216947168e-09,
            "z": 5.012988913222216e-05
        },
        "vehicle_throttle": 0.0,
        "unique_collisions": 0,
        "solid_lane_crosses": 0,
        "double_solid_lane_crosses": 0
    },
    {
        "game_time": 69.09475136455148,
        "vehicle_location": {
            "x": 31.562679290771484,
            "y": 124.7669677734375,
            "z": -0.007714195176959038
        },
        "vehicle_velocity": {
            "x": -5.286015891670104e-08,
            "y": 4.518619789450895e-08,
            "z": 0.00018091678794007748
        },
        "vehicle_throttle": 0.0,
        "unique_collisions": 0,
        "solid_lane_crosses": 0,
        "double_solid_lane_crosses": 0
    },
    {
        "game_time": 70.12479739356786,
        "vehicle_location": {
            "x": 31.562679290771484,
            "y": 124.7669677734375,
            "z": -0.007676391396671534
        },
        "vehicle_velocity": {
            "x": -1.0803430150474469e-08,
            "y": 2.291553791167189e-08,
            "z": 0.0004408836248330772
        },
        "vehicle_throttle": 0.0,
        "unique_collisions": 0,
        "solid_lane_crosses": 0,
        "double_solid_lane_crosses": 0
    },
    {
        "game_time": 71.14347733091563,
        "vehicle_location": {
            "x": 31.562679290771484,
            "y": 124.7669677734375,
            "z": -0.007759628351777792
        },
        "vehicle_velocity": {
            "x": 1.658029802342753e-08,
            "y": -3.845508445010637e-08,
            "z": -0.0009602450882084668
        },
        "vehicle_throttle": 0.0,
        "unique_collisions": 0,
        "solid_lane_crosses": 0,
        "double_solid_lane_crosses": 0
    },
    {
        "game_time": 72.16038338001817,
        "vehicle_location": {
            "x": 31.562679290771484,
            "y": 124.7669677734375,
            "z": -0.007745895069092512
        },
        "vehicle_velocity": {
            "x": -5.5089092398930006e-08,
            "y": -4.663861474796249e-08,
            "z": 0.00014763354556635022
        },
        "vehicle_throttle": 0.0,
        "unique_collisions": 0,
        "solid_lane_crosses": 0,
        "double_solid_lane_crosses": 0
    },
    {
        "game_time": 73.17412668745965,
        "vehicle_location": {
            "x": 31.562679290771484,
            "y": 124.7669677734375,
            "z": -0.007751808036118746
        },
        "vehicle_velocity": {
            "x": 4.740650894063947e-08,
            "y": -1.4254305291672154e-08,
            "z": -0.0006459140568040311
        },
        "vehicle_throttle": 0.0,
        "unique_collisions": 0,
        "solid_lane_crosses": 0,
        "double_solid_lane_crosses": 0
    },
    {
        "game_time": 74.21960288379341,
        "vehicle_location": {
            "x": 31.562679290771484,
            "y": 124.7669677734375,
            "z": -0.007779388222843409
        },
        "vehicle_velocity": {
            "x": 8.378937366160244e-08,
            "y": 2.458334158461639e-08,
            "z": -0.0007561492966488004
        },
        "vehicle_throttle": 0.0,
        "unique_collisions": 0,
        "solid_lane_crosses": 0,
        "double_solid_lane_crosses": 0
    },
    {
        "game_time": 75.29422398004681,
        "vehicle_location": {
            "x": 31.562679290771484,
            "y": 124.7669677734375,
            "z": -0.007790145929902792
        },
        "vehicle_velocity": {
            "x": 7.943523883113812e-08,
            "y": 1.2050040965050357e-08,
            "z": 0.0003839301934931427
        },
        "vehicle_throttle": 0.0,
        "unique_collisions": 0,
        "solid_lane_crosses": 0,
        "double_solid_lane_crosses": 0
    },
    {
        "game_time": 76.32592352945358,
        "vehicle_location": {
            "x": 31.562679290771484,
            "y": 124.7669677734375,
            "z": -0.007739829830825329
        },
        "vehicle_velocity": {
            "x": 7.057665385445944e-08,
            "y": 6.228212612313655e-08,
            "z": 7.86876626079902e-05
        },
        "vehicle_throttle": 0.0,
        "unique_collisions": 0,
        "solid_lane_crosses": 0,
        "double_solid_lane_crosses": 0
    },
    {
        "game_time": 77.38330619502813,
        "vehicle_location": {
            "x": 31.562679290771484,
            "y": 124.7669677734375,
            "z": -0.007657126989215612
        },
        "vehicle_velocity": {
            "x": -5.710779760192963e-08,
            "y": 3.134952919481293e-08,
            "z": -0.00016005038924049586
        },
        "vehicle_throttle": 0.0,
        "unique_collisions": 0,
        "solid_lane_crosses": 0,
        "double_solid_lane_crosses": 0
    },
    {
        "game_time": 78.44166675861925,
        "vehicle_location": {
            "x": 31.562782287597656,
            "y": 124.71531677246094,
            "z": -0.008900146000087261
        },
        "vehicle_velocity": {
            "x": 0.001037886831909418,
            "y": -0.44593626260757446,
            "z": -0.00040356634417548776
        },
        "vehicle_throttle": 0.75,
        "unique_collisions": 0,
        "solid_lane_crosses": 0,
        "double_solid_lane_crosses": 0
    },
    {
        "game_time": 79.444027335383,
        "vehicle_location": {
            "x": 31.563053131103516,
            "y": 123.8751449584961,
            "z": -0.010121078230440617
        },
        "vehicle_velocity": {
            "x": 0.0010060652857646346,
            "y": -2.123505115509033,
            "z": -0.00020998955005779862
        },
        "vehicle_throttle": 0.75,
        "unique_collisions": 0,
        "solid_lane_crosses": 0,
        "double_solid_lane_crosses": 0
    },
    {
        "game_time": 80.51502726320177,
        "vehicle_location": {
            "x": 31.563913345336914,
            "y": 121.0077896118164,
            "z": -0.007207450922578573
        },
        "vehicle_velocity": {
            "x": 0.0009308477747254074,
            "y": -2.5047311782836914,
            "z": -8.935928235587198e-06
        },
        "vehicle_throttle": 0.75,
        "unique_collisions": 0,
        "solid_lane_crosses": 0,
        "double_solid_lane_crosses": 0
    },
    {
        "game_time": 81.58912237454206,
        "vehicle_location": {
            "x": 31.565109252929688,
            "y": 117.7342758178711,
            "z": -0.006709403824061155
        },
        "vehicle_velocity": {
            "x": 0.0010692428331822157,
            "y": -2.7481698989868164,
            "z": 0.0003966426884289831
        },
        "vehicle_throttle": 0.75,
        "unique_collisions": 0,
        "solid_lane_crosses": 0,
        "double_solid_lane_crosses": 0
    },
    {
        "game_time": 82.63754343893379,
        "vehicle_location": {
            "x": 31.56637954711914,
            "y": 114.49005889892578,
            "z": -0.007906493730843067
        },
        "vehicle_velocity": {
            "x": 0.0011516037629917264,
            "y": -2.9474687576293945,
            "z": -9.538650192553177e-05
        },
        "vehicle_throttle": 0.75,
        "unique_collisions": 0,
        "solid_lane_crosses": 0,
        "double_solid_lane_crosses": 0
    },
    {
        "game_time": 83.71330324281007,
        "vehicle_location": {
            "x": 31.56810760498047,
            "y": 110.07435607910156,
            "z": -0.009301910176873207
        },
        "vehicle_velocity": {
            "x": 0.0021037100814282894,
            "y": -5.276894569396973,
            "z": 0.00048461914411745965
        },
        "vehicle_throttle": 0.75,
        "unique_collisions": 0,
        "solid_lane_crosses": 0,
        "double_solid_lane_crosses": 0
    },
    {
        "game_time": 84.7294816384092,
        "vehicle_location": {
            "x": 31.569923400878906,
            "y": 104.69879913330078,
            "z": -0.008523444645106792
        },
        "vehicle_velocity": {
            "x": 0.0025036006700247526,
            "y": -5.493046283721924,
            "z": -9.607314859749749e-05
        },
        "vehicle_throttle": 0.3119387626647949,
        "unique_collisions": 0,
        "solid_lane_crosses": 0,
        "double_solid_lane_crosses": 0
    },
    {
        "game_time": 85.73693570774049,
        "vehicle_location": {
            "x": 31.572460174560547,
            "y": 99.35271453857422,
            "z": -0.006471442990005016
        },
        "vehicle_velocity": {
            "x": 0.005728198681026697,
            "y": -5.053637981414795,
            "z": -2.1076202756376006e-06
        },
        "vehicle_throttle": 0.7228777408599854,
        "unique_collisions": 0,
        "solid_lane_crosses": 0,
        "double_solid_lane_crosses": 0
    }
]