[
    {
        "game_time": 9.486777042970061,
        "vehicle_location": {
            "x": -32.85846710205078,
            "y": 193.76548767089844,
            "z": -0.16969691216945648
        },
        "vehicle_velocity": {
            "x": 0.8839237093925476,
            "y": 0.7855993509292603,
            "z": 0.011949505656957626
        },
        "vehicle_throttle": 0.75,
        "unique_collisions": 0,
        "solid_lane_crosses": 0,
        "double_solid_lane_crosses": 0
    },
    {
        "game_time": 10.517186013050377,
        "vehicle_location": {
            "x": -31.89841079711914,
            "y": 194.48834228515625,
            "z": -0.15020683407783508
        },
        "vehicle_velocity": {
            "x": 0.20768100023269653,
            "y": 0.9068794250488281,
            "z": 0.004215863533318043
        },
        "vehicle_throttle": 0.75,
        "unique_collisions": 1,
        "solid_lane_crosses": 0,
        "double_solid_lane_crosses": 0
    },
    {
        "game_time": 11.540449543856084,
        "vehicle_location": {
            "x": -31.608171463012695,
            "y": 195.45892333984375,
            "z": -0.16102302074432373
        },
        "vehicle_velocity": {
            "x": -0.2836345434188843,
            "y": 1.0078721046447754,
            "z": -0.002229028847068548
        },
        "vehicle_throttle": 0.0,
        "unique_collisions": 1,
        "solid_lane_crosses": 1,
        "double_solid_lane_crosses": 0
    },
    {
        "game_time": 12.58968967013061,
        "vehicle_location": {
            "x": -31.676822662353516,
            "y": 195.9207000732422,
            "z": -0.16333457827568054
        },
        "vehicle_velocity": {
            "x": -0.1729171872138977,
            "y": 0.2974666953086853,
            "z": -0.002709378721192479
        },
        "vehicle_throttle": 0.75,
        "unique_collisions": 1,
        "solid_lane_crosses": 1,
        "double_solid_lane_crosses": 0
    },
    {
        "game_time": 13.657769238576293,
        "vehicle_location": {
            "x": -31.79400062561035,
            "y": 196.238037109375,
            "z": -0.16202041506767273
        },
        "vehicle_velocity": {
            "x": -0.2966535985469818,
            "y": 0.4212387502193451,
            "z": -0.00034606445115059614
        },
        "vehicle_throttle": 0.75,
        "unique_collisions": 1,
        "solid_lane_crosses": 1,
        "double_solid_lane_crosses": 0
    },
    {
        "game_time": 14.711181198246777,
        "vehicle_location": {
            "x": -32.072959899902344,
            "y": 196.77786254882812,
            "z": -0.16158297657966614
        },
        "vehicle_velocity": {
            "x": -0.5974239706993103,
            "y": 0.580856442451477,
            "z": 0.00010345075133955106
        },
        "vehicle_throttle": 0.75,
        "unique_collisions": 1,
        "solid_lane_crosses": 1,
        "double_solid_lane_crosses": 0
    },
    {
        "game_time": 15.777278555557132,
        "vehicle_location": {
            "x": -32.69121551513672,
            "y": 197.4710235595703,
            "z": -0.160822331905365
        },
        "vehicle_velocity": {
            "x": -1.0300331115722656,
            "y": 0.516682505607605,
            "z": 0.0006461092852987349
        },
        "vehicle_throttle": 0.75,
        "unique_collisions": 1,
        "solid_lane_crosses": 1,
        "double_solid_lane_crosses": 0
    },
    {
        "game_time": 16.819680370390415,
        "vehicle_location": {
            "x": -33.80559158325195,
            "y": 198.04981994628906,
            "z": -0.1595521867275238
        },
        "vehicle_velocity": {
            "x": -1.6188634634017944,
            "y": 0.08730518817901611,
            "z": 0.0023061386309564114
        },
        "vehicle_throttle": 0.75,
        "unique_collisions": 1,
        "solid_lane_crosses": 1,
        "double_solid_lane_crosses": 0
    },
    {
        "game_time": 17.83901019115001,
        "vehicle_location": {
            "x": -35.15908432006836,
            "y": 198.0971221923828,
            "z": -0.15564082562923431
        },
        "vehicle_velocity": {
            "x": -0.925878643989563,
            "y": -0.5632385611534119,
            "z": 7.736078987363726e-05
        },
        "vehicle_throttle": 0.0,
        "unique_collisions": 1,
        "solid_lane_crosses": 1,
        "double_solid_lane_crosses": 0
    },
    {
        "game_time": 18.864460132084787,
        "vehicle_location": {
            "x": -35.486595153808594,
            "y": 197.9340362548828,
            "z": -0.16047580540180206
        },
        "vehicle_velocity": {
            "x": 0.0019445189973339438,
            "y": 0.001085347612388432,
            "z": 0.0007048843544907868
        },
        "vehicle_throttle": 0.0,
        "unique_collisions": 1,
        "solid_lane_crosses": 1,
        "double_solid_lane_crosses": 0
    },
    {
        "game_time": 19.892757911235094,
        "vehicle_location": {
            "x": -35.48566436767578,
            "y": 197.9313507080078,
            "z": -0.16095039248466492
        },
        "vehicle_velocity": {
            "x": 0.0013387431390583515,
            "y": 0.0001254542003152892,
            "z": 0.00010027684038504958
        },
        "vehicle_throttle": 0.0,
        "unique_collisions": 1,
        "solid_lane_crosses": 1,
        "double_solid_lane_crosses": 0
    },
    {
        "game_time": 20.9023806322366,
        "vehicle_location": {
            "x": -35.485443115234375,
            "y": 197.931640625,
            "z": -0.16098617017269135
        },
        "vehicle_velocity": {
            "x": 0.0012010479113087058,
            "y": -7.052742876112461e-05,
            "z": 0.0005706711090169847
        },
        "vehicle_throttle": 0.0,
        "unique_collisions": 1,
        "solid_lane_crosses": 1,
        "double_solid_lane_crosses": 0
    },
    {
        "game_time": 21.970368158072233,
        "vehicle_location": {
            "x": -35.48536682128906,
            "y": 197.93206787109375,
            "z": -0.1610291302204132
        },
        "vehicle_velocity": {
            "x": 0.0016151242889463902,
            "y": 5.6011358537944034e-05,
            "z": 0.00010839577589649707
        },
        "vehicle_throttle": 0.0,
        "unique_collisions": 1,
        "solid_lane_crosses": 1,
        "double_solid_lane_crosses": 0
    },
    {
        "game_time": 22.976087893359363,
        "vehicle_location": {
            "x": -35.485069274902344,
            "y": 197.93243408203125,
            "z": -0.16098330914974213
        },
        "vehicle_velocity": {
            "x": 0.0013377646682783961,
            "y": 1.8780370737658814e-05,
            "z": 0.0002501318231225014
        },
        "vehicle_throttle": 0.0,
        "unique_collisions": 1,
        "solid_lane_crosses": 1,
        "double_solid_lane_crosses": 0
    },
    {
        "game_time": 24.016356827691197,
        "vehicle_location": {
            "x": -35.48488998413086,
            "y": 197.93289184570312,
            "z": -0.1610439270734787
        },
        "vehicle_velocity": {
            "x": 0.001321123680099845,
            "y": 8.97841528058052e-05,
            "z": 0.00021672881848644465
        },
        "vehicle_throttle": 0.0,
        "unique_collisions": 1,
        "solid_lane_crosses": 1,
        "double_solid_lane_crosses": 0
    }
]