[
    {
        "game_time": 6.246150381863117,
        "vehicle_location": {
            "x": 15.500656127929688,
            "y": 201.5882110595703,
            "z": -0.011717643588781357
        },
        "vehicle_velocity": {
            "x": 1.7474976778030396,
            "y": -0.3474402129650116,
            "z": 5.6571960158180445e-05
        },
        "vehicle_throttle": 0.75,
        "unique_collisions": 0,
        "solid_lane_crosses": 0,
        "double_solid_lane_crosses": 0
    },
    {
        "game_time": 7.281572706997395,
        "vehicle_location": {
            "x": 18.349302291870117,
            "y": 200.87562561035156,
            "z": -0.00948890671133995
        },
        "vehicle_velocity": {
            "x": 3.6843416690826416,
            "y": -1.372184157371521,
            "z": -2.8705596832878655e-06
        },
        "vehicle_throttle": 0.75,
        "unique_collisions": 0,
        "solid_lane_crosses": 0,
        "double_solid_lane_crosses": 0
    },
    {
        "game_time": 8.32098428811878,
        "vehicle_location": {
            "x": 22.435991287231445,
            "y": 198.81019592285156,
            "z": -0.00537326792255044
        },
        "vehicle_velocity": {
            "x": 3.0275423526763916,
            "y": -2.169595718383789,
            "z": 0.0010688257170841098
        },
        "vehicle_throttle": 0.75,
        "unique_collisions": 0,
        "solid_lane_crosses": 0,
        "double_solid_lane_crosses": 0
    },
    {
        "game_time": 9.336580818518996,
        "vehicle_location": {
            "x": 25.33734893798828,
            "y": 196.27232360839844,
            "z": -0.008389396592974663
        },
        "vehicle_velocity": {
            "x": 2.342068672180176,
            "y": -3.022463321685791,
            "z": 0.0009812259813770652
        },
        "vehicle_throttle": 0.75,
        "unique_collisions": 0,
        "solid_lane_crosses": 0,
        "double_solid_lane_crosses": 0
    },
    {
        "game_time": 10.363376999273896,
        "vehicle_location": {
            "x": 27.563566207885742,
            "y": 193.128173828125,
            "z": -0.0065097808837890625
        },
        "vehicle_velocity": {
            "x": 1.6439554691314697,
            "y": -3.057579517364502,
            "z": 0.0005329465493559837
        },
        "vehicle_throttle": 0.0,
        "unique_collisions": 0,
        "solid_lane_crosses": 0,
        "double_solid_lane_crosses": 0
    },
    {
        "game_time": 11.398785496130586,
        "vehicle_location": {
            "x": 29.203754425048828,
            "y": 189.8005828857422,
            "z": -0.006336631719022989
        },
        "vehicle_velocity": {
            "x": 1.087884783744812,
            "y": -3.364518404006958,
            "z": -0.0003911781241185963
        },
        "vehicle_throttle": 0.0,
        "unique_collisions": 0,
        "solid_lane_crosses": 0,
        "double_solid_lane_crosses": 0
    },
    {
        "game_time": 12.442250249907374,
        "vehicle_location": {
            "x": 30.301210403442383,
            "y": 186.26040649414062,
            "z": -0.005729522556066513
        },
        "vehicle_velocity": {
            "x": 0.8010832667350769,
            "y": -3.19374680519104,
            "z": 0.0005224609049037099
        },
        "vehicle_throttle": 0.75,
        "unique_collisions": 0,
        "solid_lane_crosses": 0,
        "double_solid_lane_crosses": 0
    },
    {
        "game_time": 13.499130954965949,
        "vehicle_location": {
            "x": 30.945209503173828,
            "y": 182.4925079345703,
            "z": -0.0049058529548347
        },
        "vehicle_velocity": {
            "x": 0.3252386152744293,
            "y": -3.031536817550659,
            "z": -0.0009245777036994696
        },
        "vehicle_throttle": 0.0,
        "unique_collisions": 0,
        "solid_lane_crosses": 0,
        "double_solid_lane_crosses": 0
    },
    {
        "game_time": 14.505209658294916,
        "vehicle_location": {
            "x": 31.082399368286133,
            "y": 181.33001708984375,
            "z": -0.008894157595932484
        },
        "vehicle_velocity": {
            "x": 0.07246121019124985,
            "y": -0.664419412612915,
            "z": 0.00038079259684309363
        },
        "vehicle_throttle": 0.75,
        "unique_collisions": 0,
        "solid_lane_crosses": 0,
        "double_solid_lane_crosses": 0
    },
    {
        "game_time": 15.54499335307628,
        "vehicle_location": {
            "x": 31.243051528930664,
            "y": 179.2610321044922,
            "z": -0.00867210328578949
        },
        "vehicle_velocity": {
            "x": 0.08104988932609558,
            "y": -2.831681489944458,
            "z": 0.0002171421074308455
        },
        "vehicle_throttle": 0.0,
        "unique_collisions": 0,
        "solid_lane_crosses": 0,
        "double_solid_lane_crosses": 0
    },
    {
        "game_time": 16.6025186246261,
        "vehicle_location": {
            "x": 31.32049560546875,
            "y": 177.8053436279297,
            "z": -0.00404155720025301
        },
        "vehicle_velocity": {
            "x": 0.00028044823557138443,
            "y": 0.0006017213454470038,
            "z": -0.001889734179712832
        },
        "vehicle_throttle": 0.75,
        "unique_collisions": 0,
        "solid_lane_crosses": 0,
        "double_solid_lane_crosses": 0
    },
    {
        "game_time": 17.609218834899366,
        "vehicle_location": {
            "x": 31.33660125732422,
            "y": 177.473388671875,
            "z": -0.007559051271528006
        },
        "vehicle_velocity": {
            "x": -0.00021999749878887087,
            "y": -0.007927444763481617,
            "z": -0.0002727890096139163
        },
        "vehicle_throttle": 0.0,
        "unique_collisions": 0,
        "solid_lane_crosses": 0,
        "double_solid_lane_crosses": 0
    },
    {
        "game_time": 18.615469296462834,
        "vehicle_location": {
            "x": 31.346200942993164,
            "y": 177.25955200195312,
            "z": -0.007310790941119194
        },
        "vehicle_velocity": {
            "x": 0.005535637494176626,
            "y": -0.13263948261737823,
            "z": -0.001314573222771287
        },
        "vehicle_throttle": 0.75,
        "unique_collisions": 0,
        "solid_lane_crosses": 0,
        "double_solid_lane_crosses": 0
    },
    {
        "game_time": 19.679192683659494,
        "vehicle_location": {
            "x": 31.35152244567871,
            "y": 177.1561737060547,
            "z": -0.00790355633944273
        },
        "vehicle_velocity": {
            "x": 0.007108405698090792,
            "y": -0.15791477262973785,
            "z": -0.00011037826334359124
        },
        "vehicle_throttle": 0.75,
        "unique_collisions": 0,
        "solid_lane_crosses": 0,
        "double_solid_lane_crosses": 0
    },
    {
        "game_time": 20.748777677305043,
        "vehicle_location": {
            "x": 31.354238510131836,
            "y": 177.09718322753906,
            "z": -0.007706718053668737
        },
        "vehicle_velocity": {
            "x": 1.3090458196529653e-05,
            "y": -0.0008421452948823571,
            "z": -0.0010188388405367732
        },
        "vehicle_throttle": 0.0,
        "unique_collisions": 0,
        "solid_lane_crosses": 0,
        "double_solid_lane_crosses": 0
    },
    {
        "game_time": 21.75020247232169,
        "vehicle_location": {
            "x": 31.355838775634766,
            "y": 177.06809997558594,
            "z": -0.0076836394146084785
        },
        "vehicle_velocity": {
            "x": 3.892865061061457e-05,
            "y": -0.0004844931827392429,
            "z": -0.00027832985506393015
        },
        "vehicle_throttle": 0.0,
        "unique_collisions": 0,
        "solid_lane_crosses": 0,
        "double_solid_lane_crosses": 0
    },
    {
        "game_time": 22.833398054353893,
        "vehicle_location": {
            "x": 31.365013122558594,
            "y": 176.90536499023438,
            "z": -0.007178458850830793
        },
        "vehicle_velocity": {
            "x": 0.021968800574541092,
            "y": -0.3954773545265198,
            "z": 0.0012504863552749157
        },
        "vehicle_throttle": 0.75,
        "unique_collisions": 0,
        "solid_lane_crosses": 0,
        "double_solid_lane_crosses": 0
    },
    {
        "game_time": 23.889378021471202,
        "vehicle_location": {
            "x": 31.412687301635742,
            "y": 175.21347045898438,
            "z": -0.009487266652286053
        },
        "vehicle_velocity": {
            "x": 0.03186650574207306,
            "y": -2.842341184616089,
            "z": -0.0007548618013970554
        },
        "vehicle_throttle": 0.75,
        "unique_collisions": 0,
        "solid_lane_crosses": 0,
        "double_solid_lane_crosses": 0
    },
    {
        "game_time": 24.94666116591543,
        "vehicle_location": {
            "x": 31.47496223449707,
            "y": 171.88198852539062,
            "z": -0.009371528401970863
        },
        "vehicle_velocity": {
            "x": 0.0010409353999421,
            "y": -3.737205743789673,
            "z": -0.0005089569021947682
        },
        "vehicle_throttle": 0.0,
        "unique_collisions": 0,
        "solid_lane_crosses": 0,
        "double_solid_lane_crosses": 0
    },
    {
        "game_time": 25.998619898222387,
        "vehicle_location": {
            "x": 31.50942611694336,
            "y": 168.21376037597656,
            "z": -0.006103401072323322
        },
        "vehicle_velocity": {
            "x": 0.02533404529094696,
            "y": -3.18033766746521,
            "z": 0.0004674959054682404
        },
        "vehicle_throttle": 0.75,
        "unique_collisions": 0,
        "solid_lane_crosses": 0,
        "double_solid_lane_crosses": 0
    },
    {
        "game_time": 27.013731128536165,
        "vehicle_location": {
            "x": 31.527067184448242,
            "y": 164.64340209960938,
            "z": -0.007625770289450884
        },
        "vehicle_velocity": {
            "x": 0.01314208097755909,
            "y": -3.38257098197937,
            "z": -5.0511360313976184e-05
        },
        "vehicle_throttle": 0.75,
        "unique_collisions": 0,
        "solid_lane_crosses": 0,
        "double_solid_lane_crosses": 0
    },
    {
        "game_time": 28.0844942079857,
        "vehicle_location": {
            "x": 31.53798484802246,
            "y": 160.5584716796875,
            "z": -0.008357277140021324
        },
        "vehicle_velocity": {
            "x": 0.00937079731374979,
            "y": -3.836329460144043,
            "z": 0.00041362762567587197
        },
        "vehicle_throttle": 0.75,
        "unique_collisions": 0,
        "solid_lane_crosses": 0,
        "double_solid_lane_crosses": 0
    },
    {
        "game_time": 29.124308145605028,
        "vehicle_location": {
            "x": 31.544513702392578,
            "y": 156.49205017089844,
            "z": -0.008881873451173306
        },
        "vehicle_velocity": {
            "x": 0.0026665269397199154,
            "y": -4.218990802764893,
            "z": -0.0002972507500089705
        },
        "vehicle_throttle": 0.0,
        "unique_collisions": 0,
        "solid_lane_crosses": 0,
        "double_solid_lane_crosses": 0
    },
    {
        "game_time": 30.12938194628805,
        "vehicle_location": {
            "x": 31.548673629760742,
            "y": 152.40658569335938,
            "z": -0.009478949941694736
        },
        "vehicle_velocity": {
            "x": 0.0025779157876968384,
            "y": -4.93509578704834,
            "z": 0.0005077791283838451
        },
        "vehicle_throttle": 0.75,
        "unique_collisions": 0,
        "solid_lane_crosses": 0,
        "double_solid_lane_crosses": 0
    },
    {
        "game_time": 31.175690582953393,
        "vehicle_location": {
            "x": 31.55280113220215,
            "y": 146.84495544433594,
            "z": -0.008508376777172089
        },
        "vehicle_velocity": {
            "x": 0.001316993497312069,
            "y": -5.570502758026123,
            "z": -9.388922990183346e-06
        },
        "vehicle_throttle": 0.37401482462882996,
        "unique_collisions": 0,
        "solid_lane_crosses": 0,
        "double_solid_lane_crosses": 0
    },
    {
        "game_time": 32.23367878515273,
        "vehicle_location": {
            "x": 31.55512046813965,
            "y": 142.28665161132812,
            "z": -0.0036326597910374403
        },
        "vehicle_velocity": {
            "x": 0.000988238025456667,
            "y": -2.2602555751800537,
            "z": 1.9989012798760086e-05
        },
        "vehicle_throttle": 0.75,
        "unique_collisions": 0,
        "solid_lane_crosses": 0,
        "double_solid_lane_crosses": 0
    },
    {
        "game_time": 33.26692795101553,
        "vehicle_location": {
            "x": 31.55550765991211,
            "y": 140.6720733642578,
            "z": -0.0057301330380141735
        },
        "vehicle_velocity": {
            "x": -0.00226996885612607,
            "y": -0.266554594039917,
            "z": -0.0012310600141063333
        },
        "vehicle_throttle": 0.0,
        "unique_collisions": 0,
        "solid_lane_crosses": 0,
        "double_solid_lane_crosses": 0
    },
    {
        "game_time": 34.270340542308986,
        "vehicle_location": {
            "x": 31.555870056152344,
            "y": 140.3081512451172,
            "z": -0.0076184081844985485
        },
        "vehicle_velocity": {
            "x": 0.0006063590990379453,
            "y": -0.013620997779071331,
            "z": -0.00030291557777673006
        },
        "vehicle_throttle": 0.0,
        "unique_collisions": 0,
        "solid_lane_crosses": 0,
        "double_solid_lane_crosses": 0
    },
    {
        "game_time": 35.31929480563849,
        "vehicle_location": {
            "x": 31.55742645263672,
            "y": 140.11477661132812,
            "z": -0.0078050228767097
        },
        "vehicle_velocity": {
            "x": 9.506268543191254e-05,
            "y": -0.3116036057472229,
            "z": 0.0005527210305444896
        },
        "vehicle_throttle": 0.75,
        "unique_collisions": 0,
        "solid_lane_crosses": 0,
        "double_solid_lane_crosses": 0
    },
    {
        "game_time": 36.326975733973086,
        "vehicle_location": {
            "x": 31.557050704956055,
            "y": 140.01260375976562,
            "z": -0.007759361062198877
        },
        "vehicle_velocity": {
            "x": 0.0010186723666265607,
            "y": -0.1083347499370575,
            "z": 0.00037598609924316406
        },
        "vehicle_throttle": 0.75,
        "unique_collisions": 0,
        "solid_lane_crosses": 0,
        "double_solid_lane_crosses": 0
    },
    {
        "game_time": 37.39623757544905,
        "vehicle_location": {
            "x": 31.557254791259766,
            "y": 139.94212341308594,
            "z": -0.00786464661359787
        },
        "vehicle_velocity": {
            "x": 0.0008221280295401812,
            "y": -0.09256025403738022,
            "z": -0.0003095722058787942
        },
        "vehicle_throttle": 0.75,
        "unique_collisions": 0,
        "solid_lane_crosses": 0,
        "double_solid_lane_crosses": 0
    },
    {
        "game_time": 38.4574105842039,
        "vehicle_location": {
            "x": 31.55722427368164,
            "y": 139.90121459960938,
            "z": -0.007655410561710596
        },
        "vehicle_velocity": {
            "x": 7.109803846105933e-05,
            "y": -0.06322009861469269,
            "z": -0.0003166007809340954
        },
        "vehicle_throttle": 0.75,
        "unique_collisions": 0,
        "solid_lane_crosses": 0,
        "double_solid_lane_crosses": 0
    },
    {
        "game_time": 39.518222720362246,
        "vehicle_location": {
            "x": 31.557334899902344,
            "y": 139.88778686523438,
            "z": -0.0077272034250199795
        },
        "vehicle_velocity": {
            "x": 9.307882464781869e-08,
            "y": 2.4637667593196966e-05,
            "z": 3.7860871088923886e-05
        },
        "vehicle_throttle": 0.0,
        "unique_collisions": 0,
        "solid_lane_crosses": 0,
        "double_solid_lane_crosses": 0
    },
    {
        "game_time": 40.543475528247654,
        "vehicle_location": {
            "x": 31.557334899902344,
            "y": 139.88778686523438,
            "z": -0.007707023527473211
        },
        "vehicle_velocity": {
            "x": -1.1910425712358119e-07,
            "y": 2.9600295547993483e-08,
            "z": 0.0008452367619611323
        },
        "vehicle_throttle": 0.0,
        "unique_collisions": 0,
        "solid_lane_crosses": 0,
        "double_solid_lane_crosses": 0
    },
    {
        "game_time": 41.58741914015263,
        "vehicle_location": {
            "x": 31.557334899902344,
            "y": 139.88778686523438,
            "z": -0.007701110560446978
        },
        "vehicle_velocity": {
            "x": -2.8736415913499513e-08,
            "y": 2.4700760548057588e-08,
            "z": 3.5328863305039704e-05
        },
        "vehicle_throttle": 0.0,
        "unique_collisions": 0,
        "solid_lane_crosses": 0,
        "double_solid_lane_crosses": 0
    },
    {
        "game_time": 42.6525786081329,
        "vehicle_location": {
            "x": 31.557334899902344,
            "y": 139.88778686523438,
            "z": -0.007759971544146538
        },
        "vehicle_velocity": {
            "x": 0.0,
            "y": 0.0,
            "z": 0.0
        },
        "vehicle_throttle": 0.0,
        "unique_collisions": 0,
        "solid_lane_crosses": 0,
        "double_solid_lane_crosses": 0
    },
    {
        "game_time": 43.67398121673614,
        "vehicle_location": {
            "x": 31.557334899902344,
            "y": 139.88778686523438,
            "z": -0.007709388621151447
        },
        "vehicle_velocity": {
            "x": 3.492914402158931e-08,
            "y": 2.0248007714940286e-08,
            "z": -0.00031744001898914576
        },
        "vehicle_throttle": 0.0,
        "unique_collisions": 0,
        "solid_lane_crosses": 0,
        "double_solid_lane_crosses": 0
    },
    {
        "game_time": 44.70743896532804,
        "vehicle_location": {
            "x": 31.557334899902344,
            "y": 139.88778686523438,
            "z": -0.007694778498262167
        },
        "vehicle_velocity": {
            "x": 0.0,
            "y": 0.0,
            "z": 0.0
        },
        "vehicle_throttle": 0.0,
        "unique_collisions": 0,
        "solid_lane_crosses": 0,
        "double_solid_lane_crosses": 0
    },
    {
        "game_time": 45.75179404485971,
        "vehicle_location": {
            "x": 31.557334899902344,
            "y": 139.88778686523438,
            "z": -0.007734641898423433
        },
        "vehicle_velocity": {
            "x": 4.621981020136445e-08,
            "y": 1.4234610823393723e-08,
            "z": -0.0005608368082903326
        },
        "vehicle_throttle": 0.0,
        "unique_collisions": 0,
        "solid_lane_crosses": 0,
        "double_solid_lane_crosses": 0
    },
    {
        "game_time": 46.79923661146313,
        "vehicle_location": {
            "x": 31.557334899902344,
            "y": 139.88778686523438,
            "z": -0.0076950835064053535
        },
        "vehicle_velocity": {
            "x": 2.6586481904899983e-09,
            "y": 2.409606070230552e-09,
            "z": -7.423400529660285e-05
        },
        "vehicle_throttle": 0.0,
        "unique_collisions": 0,
        "solid_lane_crosses": 0,
        "double_solid_lane_crosses": 0
    },
    {
        "game_time": 47.86954547371715,
        "vehicle_location": {
            "x": 31.557334899902344,
            "y": 139.88778686523438,
            "z": -0.0077519225887954235
        },
        "vehicle_velocity": {
            "x": -1.7453399436817563e-07,
            "y": 5.7263466857193634e-08,
            "z": 0.00011754035949707031
        },
        "vehicle_throttle": 0.0,
        "unique_collisions": 0,
        "solid_lane_crosses": 0,
        "double_solid_lane_crosses": 0
    },
    {
        "game_time": 48.90677798818797,
        "vehicle_location": {
            "x": 31.557334899902344,
            "y": 139.88778686523438,
            "z": -0.0077490233816206455
        },
        "vehicle_velocity": {
            "x": 1.956813155956638e-09,
            "y": 2.340785520971167e-08,
            "z": 1.548767068015877e-05
        },
        "vehicle_throttle": 0.0,
        "unique_collisions": 0,
        "solid_lane_crosses": 0,
        "double_solid_lane_crosses": 0
    },
    {
        "game_time": 49.94123460818082,
        "vehicle_location": {
            "x": 31.557334899902344,
            "y": 139.88778686523438,
            "z": -0.0077432249672710896
        },
        "vehicle_velocity": {
            "x": -1.1112291531389928e-07,
            "y": -2.7918263256765385e-08,
            "z": -0.0009298896766267717
        },
        "vehicle_throttle": 0.0,
        "unique_collisions": 0,
        "solid_lane_crosses": 0,
        "double_solid_lane_crosses": 0
    },
    {
        "game_time": 51.01134792808443,
        "vehicle_location": {
            "x": 31.557334899902344,
            "y": 139.88778686523438,
            "z": -0.007714233361184597
        },
        "vehicle_velocity": {
            "x": 3.2904363678198933e-08,
            "y": -1.983414144035578e-08,
            "z": -1.3504028174793348e-05
        },
        "vehicle_throttle": 0.0,
        "unique_collisions": 0,
        "solid_lane_crosses": 0,
        "double_solid_lane_crosses": 0
    },
    {
        "game_time": 52.03182101715356,
        "vehicle_location": {
            "x": 31.557334899902344,
            "y": 139.88778686523438,
            "z": -0.007693748455494642
        },
        "vehicle_velocity": {
            "x": -9.650899102098265e-08,
            "y": 1.082874945268486e-07,
            "z": 0.0003813648072537035
        },
        "vehicle_throttle": 0.0,
        "unique_collisions": 0,
        "solid_lane_crosses": 0,
        "double_solid_lane_crosses": 0
    },
    {
        "game_time": 53.07696782518178,
        "vehicle_location": {
            "x": 31.557334899902344,
            "y": 139.88778686523438,
            "z": -0.007716026157140732
        },
        "vehicle_velocity": {
            "x": 2.2709034652734772e-08,
            "y": -2.3632189538602688e-08,
            "z": 0.00013477801985573024
        },
        "vehicle_throttle": 0.0,
        "unique_collisions": 0,
        "solid_lane_crosses": 0,
        "double_solid_lane_crosses": 0
    },
    {
        "game_time": 54.08362552244216,
        "vehicle_location": {
            "x": 31.557334899902344,
            "y": 139.88778686523438,
            "z": -0.007694587577134371
        },
        "vehicle_velocity": {
            "x": 3.5929925701339016e-08,
            "y": 4.778138418259914e-08,
            "z": 2.5653838747530244e-05
        },
        "vehicle_throttle": 0.0,
        "unique_collisions": 0,
        "solid_lane_crosses": 0,
        "double_solid_lane_crosses": 0
    },
    {
        "game_time": 55.105090723372996,
        "vehicle_location": {
            "x": 31.557334899902344,
            "y": 139.88778686523438,
            "z": -0.007690238766372204
        },
        "vehicle_velocity": {
            "x": -6.342586544860751e-08,
            "y": -8.83795436834589e-08,
            "z": -0.00021790027676615864
        },
        "vehicle_throttle": 0.0,
        "unique_collisions": 0,
        "solid_lane_crosses": 0,
        "double_solid_lane_crosses": 0
    },
    {
        "game_time": 56.16344065312296,
        "vehicle_location": {
            "x": 31.557334899902344,
            "y": 139.88778686523438,
            "z": -0.007716217078268528
        },
        "vehicle_velocity": {
            "x": -2.617136374283291e-08,
            "y": 1.8795402567661768e-08,
            "z": 0.0008598422864452004
        },
        "vehicle_throttle": 0.0,
        "unique_collisions": 0,
        "solid_lane_crosses": 0,
        "double_solid_lane_crosses": 0
    },
    {
        "game_time": 57.24890560377389,
        "vehicle_location": {
            "x": 31.557334899902344,
            "y": 139.88778686523438,
            "z": -0.00772869074717164
        },
        "vehicle_velocity": {
            "x": 2.2840117352984635e-08,
            "y": 2.6065081204507123e-09,
            "z": 0.0010321044828742743
        },
        "vehicle_throttle": 0.0,
        "unique_collisions": 0,
        "solid_lane_crosses": 0,
        "double_solid_lane_crosses": 0
    },
    {
        "game_time": 58.299144559539855,
        "vehicle_location": {
            "x": 31.557334899902344,
            "y": 139.88778686523438,
            "z": -0.007710151374340057
        },
        "vehicle_velocity": {
            "x": 4.4583391201058475e-08,
            "y": 6.36114165786239e-08,
            "z": 0.0005763149238191545
        },
        "vehicle_throttle": 0.0,
        "unique_collisions": 0,
        "solid_lane_crosses": 0,
        "double_solid_lane_crosses": 0
    },
    {
        "game_time": 59.31664339732379,
        "vehicle_location": {
            "x": 31.557334899902344,
            "y": 139.88778686523438,
            "z": -0.007666358724236488
        },
        "vehicle_velocity": {
            "x": -7.98971910853652e-08,
            "y": 4.139487863596969e-09,
            "z": 0.00022099494526628405
        },
        "vehicle_throttle": 0.0,
        "unique_collisions": 0,
        "solid_lane_crosses": 0,
        "double_solid_lane_crosses": 0
    },
    {
        "game_time": 60.37709850538522,
        "vehicle_location": {
            "x": 31.557334899902344,
            "y": 139.88778686523438,
            "z": -0.007701682858169079
        },
        "vehicle_velocity": {
            "x": 0.0,
            "y": 0.0,
            "z": 0.0
        },
        "vehicle_throttle": 0.0,
        "unique_collisions": 0,
        "solid_lane_crosses": 0,
        "double_solid_lane_crosses": 0
    },
    {
        "game_time": 61.42291964497417,
        "vehicle_location": {
            "x": 31.557334899902344,
            "y": 139.88778686523438,
            "z": -0.00766895292326808
        },
        "vehicle_velocity": {
            "x": 3.7558848475782725e-08,
            "y": 2.5523140934069488e-08,
            "z": -0.0002118062984663993
        },
        "vehicle_throttle": 0.0,
        "unique_collisions": 0,
        "solid_lane_crosses": 0,
        "double_solid_lane_crosses": 0
    },
    {
        "game_time": 62.428780005313456,
        "vehicle_location": {
            "x": 31.557334899902344,
            "y": 139.88778686523438,
            "z": -0.007744445465505123
        },
        "vehicle_velocity": {
            "x": 3.046224605895986e-08,
            "y": -7.481111197193968e-08,
            "z": -0.0005457877996377647
        },
        "vehicle_throttle": 0.0,
        "unique_collisions": 0,
        "solid_lane_crosses": 0,
        "double_solid_lane_crosses": 0
    },
    {
        "game_time": 63.49731367174536,
        "vehicle_location": {
            "x": 31.557334899902344,
            "y": 139.88778686523438,
            "z": -0.007713203318417072
        },
        "vehicle_velocity": {
            "x": -2.9302297477329375e-08,
            "y": 8.170463416945495e-09,
            "z": -0.00028129099518992007
        },
        "vehicle_throttle": 0.0,
        "unique_collisions": 0,
        "solid_lane_crosses": 0,
        "double_solid_lane_crosses": 0
    },
    {
        "game_time": 64.567895851098,
        "vehicle_location": {
            "x": 31.557334899902344,
            "y": 139.88778686523438,
            "z": -0.007711143232882023
        },
        "vehicle_velocity": {
            "x": 1.3919130736894658e-08,
            "y": 1.2478952982064584e-08,
            "z": 6.054878031136468e-05
        },
        "vehicle_throttle": 0.0,
        "unique_collisions": 0,
        "solid_lane_crosses": 0,
        "double_solid_lane_crosses": 0
    },
    {
        "game_time": 65.61905108299106,
        "vehicle_location": {
            "x": 31.557334899902344,
            "y": 139.88778686523438,
            "z": -0.007703895214945078
        },
        "vehicle_velocity": {
            "x": -1.8713063809627783e-07,
            "y": -6.455929479898259e-08,
            "z": -0.00035503387334756553
        },
        "vehicle_throttle": 0.0,
        "unique_collisions": 0,
        "solid_lane_crosses": 0,
        "double_solid_lane_crosses": 0
    },
    {
        "game_time": 66.64180635940284,
        "vehicle_location": {
            "x": 31.557334899902344,
            "y": 139.88778686523438,
            "z": -0.0077070617116987705
        },
        "vehicle_velocity": {
            "x": 2.279996813570051e-08,
            "y": -1.575799601916117e-09,
            "z": 0.00024652958381921053
        },
        "vehicle_throttle": 0.0,
        "unique_collisions": 0,
        "solid_lane_crosses": 0,
        "double_solid_lane_crosses": 0
    },
    {
        "game_time": 67.70963090192527,
        "vehicle_location": {
            "x": 31.557334899902344,
            "y": 139.88778686523438,
            "z": -0.007697753608226776
        },
        "vehicle_velocity": {
            "x": 5.117961521250436e-08,
            "y": 4.724481073026254e-08,
            "z": -0.00015392780187539756
        },
        "vehicle_throttle": 0.0,
        "unique_collisions": 0,
        "solid_lane_crosses": 0,
        "double_solid_lane_crosses": 0
    },
    {
        "game_time": 68.72205708827823,
        "vehicle_location": {
            "x": 31.557334899902344,
            "y": 139.88778686523438,
            "z": -0.007720565423369408
        },
        "vehicle_velocity": {
            "x": 1.3272383192486359e-08,
            "y": 2.2753816608656052e-09,
            "z": 0.0006195878959260881
        },
        "vehicle_throttle": 0.0,
        "unique_collisions": 0,
        "solid_lane_crosses": 0,
        "double_solid_lane_crosses": 0
    },
    {
        "game_time": 69.76866210345179,
        "vehicle_location": {
            "x": 31.557334899902344,
            "y": 139.88778686523438,
            "z": -0.0077333832159638405
        },
        "vehicle_velocity": {
            "x": 2.8221103676173698e-08,
            "y": -4.603260350677374e-08,
            "z": -0.00012034415703965351
        },
        "vehicle_throttle": 0.0,
        "unique_collisions": 0,
        "solid_lane_crosses": 0,
        "double_solid_lane_crosses": 0
    },
    {
        "game_time": 70.82907577138394,
        "vehicle_location": {
            "x": 31.557334899902344,
            "y": 139.88778686523438,
            "z": -0.007693137973546982
        },
        "vehicle_velocity": {
            "x": 1.0574930797702109e-07,
            "y": -4.0496601627637574e-08,
            "z": 0.00023444651742465794
        },
        "vehicle_throttle": 0.0,
        "unique_collisions": 0,
        "solid_lane_crosses": 0,
        "double_solid_lane_crosses": 0
    },
    {
        "game_time": 71.90471442695707,
        "vehicle_location": {
            "x": 31.557334899902344,
            "y": 139.88778686523438,
            "z": -0.00769603718072176
        },
        "vehicle_velocity": {
            "x": 5.496809407645742e-08,
            "y": 7.32135063685746e-08,
            "z": 0.0006065558991394937
        },
        "vehicle_throttle": 0.0,
        "unique_collisions": 0,
        "solid_lane_crosses": 0,
        "double_solid_lane_crosses": 0
    },
    {
        "game_time": 72.91456971038133,
        "vehicle_location": {
            "x": 31.557334899902344,
            "y": 139.88778686523438,
            "z": -0.007719459477812052
        },
        "vehicle_velocity": {
            "x": 2.4300911505292788e-08,
            "y": -3.6567225691896965e-08,
            "z": -0.00039326667319983244
        },
        "vehicle_throttle": 0.0,
        "unique_collisions": 0,
        "solid_lane_crosses": 0,
        "double_solid_lane_crosses": 0
    },
    {
        "game_time": 74.00038178358227,
        "vehicle_location": {
            "x": 31.557334899902344,
            "y": 139.88778686523438,
            "z": -0.007715797051787376
        },
        "vehicle_velocity": {
            "x": 2.412316391087188e-08,
            "y": 7.26561353303623e-08,
            "z": 0.0020963954739272594
        },
        "vehicle_throttle": 0.0,
        "unique_collisions": 0,
        "solid_lane_crosses": 0,
        "double_solid_lane_crosses": 0
    },
    {
        "game_time": 75.02579243388027,
        "vehicle_location": {
            "x": 31.557334899902344,
            "y": 139.88778686523438,
            "z": -0.007661590352654457
        },
        "vehicle_velocity": {
            "x": -3.676911575212216e-08,
            "y": 1.1647731668062988e-09,
            "z": -6.811141793150455e-05
        },
        "vehicle_throttle": 0.0,
        "unique_collisions": 0,
        "solid_lane_crosses": 0,
        "double_solid_lane_crosses": 0
    },
    {
        "game_time": 76.10875959973782,
        "vehicle_location": {
            "x": 31.557334899902344,
            "y": 139.88778686523438,
            "z": -0.007783202920109034
        },
        "vehicle_velocity": {
            "x": 5.320479168346992e-09,
            "y": -2.8672738849877533e-08,
            "z": -0.001096162828616798
        },
        "vehicle_throttle": 0.0,
        "unique_collisions": 0,
        "solid_lane_crosses": 0,
        "double_solid_lane_crosses": 0
    },
    {
        "game_time": 77.17247452307492,
        "vehicle_location": {
            "x": 31.557334899902344,
            "y": 139.88778686523438,
            "z": -0.007693824823945761
        },
        "vehicle_velocity": {
            "x": -1.6366723798455496e-07,
            "y": -5.899538635389945e-08,
            "z": 0.00015848636394366622
        },
        "vehicle_throttle": 0.0,
        "unique_collisions": 0,
        "solid_lane_crosses": 0,
        "double_solid_lane_crosses": 0
    },
    {
        "game_time": 78.18909183423966,
        "vehicle_location": {
            "x": 31.557334899902344,
            "y": 139.88778686523438,
            "z": -0.007773475255817175
        },
        "vehicle_velocity": {
            "x": -1.0385831927806066e-07,
            "y": 6.981777289638558e-08,
            "z": 0.0008567809709347785
        },
        "vehicle_throttle": 0.0,
        "unique_collisions": 0,
        "solid_lane_crosses": 0,
        "double_solid_lane_crosses": 0
    },
    {
        "game_time": 79.22083972301334,
        "vehicle_location": {
            "x": 31.557334899902344,
            "y": 139.88778686523438,
            "z": -0.007697906345129013
        },
        "vehicle_velocity": {
            "x": -1.725933529428403e-08,
            "y": 4.948546905580997e-09,
            "z": -1.71661376953125e-05
        },
        "vehicle_throttle": 0.0,
        "unique_collisions": 0,
        "solid_lane_crosses": 0,
        "double_solid_lane_crosses": 0
    },
    {
        "game_time": 80.23147372622043,
        "vehicle_location": {
            "x": 31.557334899902344,
            "y": 139.88778686523438,
            "z": -0.0077157593332231045
        },
        "vehicle_velocity": {
            "x": 1.4467150144525931e-08,
            "y": -1.6168064220778433e-08,
            "z": -0.00040397641714662313
        },
        "vehicle_throttle": 0.0,
        "unique_collisions": 0,
        "solid_lane_crosses": 0,
        "double_solid_lane_crosses": 0
    },
    {
        "game_time": 81.32600174751133,
        "vehicle_location": {
            "x": 31.557558059692383,
            "y": 139.7967987060547,
            "z": -0.007787246722728014
        },
        "vehicle_velocity": {
            "x": 0.0013372014509513974,
            "y": -0.26929304003715515,
            "z": 5.319118281477131e-05
        },
        "vehicle_throttle": 0.75,
        "unique_collisions": 0,
        "solid_lane_crosses": 0,
        "double_solid_lane_crosses": 0
    },
    {
        "game_time": 82.36866552662104,
        "vehicle_location": {
            "x": 31.5579776763916,
            "y": 138.1429443359375,
            "z": -0.00950569100677967
        },
        "vehicle_velocity": {
            "x": 0.0008009467273950577,
            "y": -2.805112600326538,
            "z": -0.00029163359431549907
        },
        "vehicle_throttle": 0.75,
        "unique_collisions": 0,
        "solid_lane_crosses": 0,
        "double_solid_lane_crosses": 0
    },
    {
        "game_time": 83.39032646920532,
        "vehicle_location": {
            "x": 31.558773040771484,
            "y": 134.7365264892578,
            "z": -0.007166137453168631
        },
        "vehicle_velocity": {
            "x": 0.0014225348131731153,
            "y": -3.152179479598999,
            "z": 5.0587652367539704e-05
        },
        "vehicle_throttle": 0.75,
        "unique_collisions": 0,
        "solid_lane_crosses": 0,
        "double_solid_lane_crosses": 0
    },
    {
        "game_time": 84.43192448746413,
        "vehicle_location": {
            "x": 31.55998992919922,
            "y": 131.0111083984375,
            "z": -0.008462791331112385
        },
        "vehicle_velocity": {
            "x": 0.0014855517074465752,
            "y": -3.654677629470825,
            "z": 7.534027099609375e-05
        },
        "vehicle_throttle": 0.75,
        "unique_collisions": 0,
        "solid_lane_crosses": 0,
        "double_solid_lane_crosses": 0
    },
    {
        "game_time": 85.45907231327146,
        "vehicle_location": {
            "x": 31.56096649169922,
            "y": 128.37879943847656,
            "z": -0.0020739745814353228
        },
        "vehicle_velocity": {
            "x": 6.331290933303535e-05,
            "y": -0.002889229916036129,
            "z": 0.00014900683891028166
        },
        "vehicle_throttle": 0.75,
        "unique_collisions": 0,
        "solid_lane_crosses": 0,
        "double_solid_lane_crosses": 0
    },
    {
        "game_time": 86.45908744353801,
        "vehicle_location": {
            "x": 31.56144905090332,
            "y": 127.07133483886719,
            "z": -0.009618988260626793
        },
        "vehicle_velocity": {
            "x": 0.0009288669680245221,
            "y": -2.5400302410125732,
            "z": -0.00020645141194108874
        },
        "vehicle_throttle": 0.75,
        "unique_collisions": 0,
        "solid_lane_crosses": 0,
        "double_solid_lane_crosses": 0
    },
    {
        "game_time": 87.52328905183822,
        "vehicle_location": {
            "x": 31.562679290771484,
            "y": 123.88215637207031,
            "z": -0.008232002146542072
        },
        "vehicle_velocity": {
            "x": 0.0011453386396169662,
            "y": -3.0434205532073975,
            "z": 0.00017253875557798892
        },
        "vehicle_throttle": 0.75,
        "unique_collisions": 0,
        "solid_lane_crosses": 0,
        "double_solid_lane_crosses": 0
    },
    {
        "game_time": 88.52702818531543,
        "vehicle_location": {
            "x": 31.563934326171875,
            "y": 120.626708984375,
            "z": -0.008747978135943413
        },
        "vehicle_velocity": {
            "x": 0.00132296874653548,
            "y": -3.358639717102051,
            "z": 0.0006339693209156394
        },
        "vehicle_throttle": 0.75,
        "unique_collisions": 0,
        "solid_lane_crosses": 0,
        "double_solid_lane_crosses": 0
    },
    {
        "game_time": 89.54453354422003,
        "vehicle_location": {
            "x": 31.565292358398438,
            "y": 117.14310455322266,
            "z": -0.009288329631090164
        },
        "vehicle_velocity": {
            "x": 0.0015139427268877625,
            "y": -3.7672224044799805,
            "z": -2.8314589144429192e-05
        },
        "vehicle_throttle": 0.75,
        "unique_collisions": 0,
        "solid_lane_crosses": 0,
        "double_solid_lane_crosses": 0
    },
    {
        "game_time": 90.56755019444972,
        "vehicle_location": {
            "x": 31.567289352416992,
            "y": 112.46793365478516,
            "z": -0.004546966403722763
        },
        "vehicle_velocity": {
            "x": 0.002743828808888793,
            "y": -3.850816011428833,
            "z": -0.0006575012230314314
        },
        "vehicle_throttle": 0.0,
        "unique_collisions": 0,
        "solid_lane_crosses": 0,
        "double_solid_lane_crosses": 0
    },
    {
        "game_time": 91.64494524803013,
        "vehicle_location": {
            "x": 31.567996978759766,
            "y": 110.92272186279297,
            "z": -0.006938285659998655
        },
        "vehicle_velocity": {
            "x": -2.0325287550804205e-06,
            "y": 0.0026007683482021093,
            "z": -3.122329508187249e-05
        },
        "vehicle_throttle": 0.0,
        "unique_collisions": 0,
        "solid_lane_crosses": 0,
        "double_solid_lane_crosses": 0
    },
    {
        "game_time": 92.66866572853178,
        "vehicle_location": {
            "x": 31.5679988861084,
            "y": 110.92216491699219,
            "z": -0.007721557281911373
        },
        "vehicle_velocity": {
            "x": -1.6251581413939675e-08,
            "y": 9.181603388697113e-08,
            "z": -0.00038865089300088584
        },
        "vehicle_throttle": 0.0,
        "unique_collisions": 0,
        "solid_lane_crosses": 0,
        "double_solid_lane_crosses": 0
    },
    {
        "game_time": 93.7304727351293,
        "vehicle_location": {
            "x": 31.5679988861084,
            "y": 110.92216491699219,
            "z": -0.0076874541118741035
        },
        "vehicle_velocity": {
            "x": -6.314202494195342e-08,
            "y": -6.563850352137024e-09,
            "z": 0.0007966470438987017
        },
        "vehicle_throttle": 0.0,
        "unique_collisions": 0,
        "solid_lane_crosses": 0,
        "double_solid_lane_crosses": 0
    },
    {
        "game_time": 94.74382160138339,
        "vehicle_location": {
            "x": 31.5679988861084,
            "y": 110.92216491699219,
            "z": -0.007730293087661266
        },
        "vehicle_velocity": {
            "x": 1.3539258247874386e-07,
            "y": -4.997127600603335e-09,
            "z": 0.00018775938951876014
        },
        "vehicle_throttle": 0.0,
        "unique_collisions": 0,
        "solid_lane_crosses": 0,
        "double_solid_lane_crosses": 0
    },
    {
        "game_time": 95.8011763440445,
        "vehicle_location": {
            "x": 31.5679988861084,
            "y": 110.92216491699219,
            "z": -0.007709999103099108
        },
        "vehicle_velocity": {
            "x": 1.1401943389444114e-08,
            "y": -4.944454179423019e-09,
            "z": 2.0313261757110013e-06
        },
        "vehicle_throttle": 0.0,
        "unique_collisions": 0,
        "solid_lane_crosses": 0,
        "double_solid_lane_crosses": 0
    },
    {
        "game_time": 96.82724300492555,
        "vehicle_location": {
            "x": 31.5679988861084,
            "y": 110.92216491699219,
            "z": -0.007777328137308359
        },
        "vehicle_velocity": {
            "x": 1.0687583795743194e-07,
            "y": -3.13284189701335e-08,
            "z": -0.0007291125948540866
        },
        "vehicle_throttle": 0.0,
        "unique_collisions": 0,
        "solid_lane_crosses": 0,
        "double_solid_lane_crosses": 0
    },
    {
        "game_time": 97.82883123401552,
        "vehicle_location": {
            "x": 31.5679988861084,
            "y": 110.92216491699219,
            "z": -0.007671584840863943
        },
        "vehicle_velocity": {
            "x": -7.3961734514682576e-09,
            "y": -7.841033777822304e-08,
            "z": 0.0004949665162712336
        },
        "vehicle_throttle": 0.0,
        "unique_collisions": 0,
        "solid_lane_crosses": 0,
        "double_solid_lane_crosses": 0
    },
    {
        "game_time": 98.85615137126297,
        "vehicle_location": {
            "x": 31.5679988861084,
            "y": 110.92216491699219,
            "z": -0.007689666468650103
        },
        "vehicle_velocity": {
            "x": -3.01459230911405e-08,
            "y": 2.9178517380046287e-08,
            "z": 1.8444061424816027e-05
        },
        "vehicle_throttle": 0.0,
        "unique_collisions": 0,
        "solid_lane_crosses": 0,
        "double_solid_lane_crosses": 0
    },
    {
        "game_time": 99.91036937665194,
        "vehicle_location": {
            "x": 31.5679988861084,
            "y": 110.92216491699219,
            "z": -0.007664375007152557
        },
        "vehicle_velocity": {
            "x": -5.817323867063351e-08,
            "y": 1.930201953825872e-08,
            "z": 0.000723290431778878
        },
        "vehicle_throttle": 0.0,
        "unique_collisions": 0,
        "solid_lane_crosses": 0,
        "double_solid_lane_crosses": 0
    },
    {
        "game_time": 101.00330904405564,
        "vehicle_location": {
            "x": 31.5679988861084,
            "y": 110.92216491699219,
            "z": -0.007711105048656464
        },
        "vehicle_velocity": {
            "x": 1.0493707947034636e-07,
            "y": -3.3916056629834657e-09,
            "z": 0.00023916720238048583
        },
        "vehicle_throttle": 0.0,
        "unique_collisions": 0,
        "solid_lane_crosses": 0,
        "double_solid_lane_crosses": 0
    },
    {
        "game_time": 102.09007425885648,
        "vehicle_location": {
            "x": 31.5679988861084,
            "y": 110.92216491699219,
            "z": -0.007735137827694416
        },
        "vehicle_velocity": {
            "x": -4.9200032492535684e-08,
            "y": -2.533209553234883e-08,
            "z": 0.000639901147224009
        },
        "vehicle_throttle": 0.0,
        "unique_collisions": 0,
        "solid_lane_crosses": 0,
        "double_solid_lane_crosses": 0
    },
    {
        "game_time": 103.12090490479022,
        "vehicle_location": {
            "x": 31.5679988861084,
            "y": 110.92216491699219,
            "z": -0.007686500437557697
        },
        "vehicle_velocity": {
            "x": -1.9794315520016426e-08,
            "y": 1.2259487869314967e-09,
            "z": 1.5592574982292717e-06
        },
        "vehicle_throttle": 0.0,
        "unique_collisions": 0,
        "solid_lane_crosses": 0,
        "double_solid_lane_crosses": 0
    },
    {
        "game_time": 104.14810695219785,
        "vehicle_location": {
            "x": 31.5679988861084,
            "y": 110.92216491699219,
            "z": -0.00772998807951808
        },
        "vehicle_velocity": {
            "x": 1.2655272030315246e-07,
            "y": 1.729040383091629e-10,
            "z": 0.0003872632805723697
        },
        "vehicle_throttle": 0.0,
        "unique_collisions": 0,
        "solid_lane_crosses": 0,
        "double_solid_lane_crosses": 0
    },
    {
        "game_time": 105.19208115059882,
        "vehicle_location": {
            "x": 31.5679988861084,
            "y": 110.92216491699219,
            "z": -0.007719802670180798
        },
        "vehicle_velocity": {
            "x": 1.4570565554095083e-07,
            "y": -4.7406469860789e-08,
            "z": 6.884097820147872e-05
        },
        "vehicle_throttle": 0.0,
        "unique_collisions": 0,
        "solid_lane_crosses": 0,
        "double_solid_lane_crosses": 0
    },
    {
        "game_time": 106.19618884753436,
        "vehicle_location": {
            "x": 31.5679988861084,
            "y": 110.92216491699219,
            "z": -0.007732238620519638
        },
        "vehicle_velocity": {
            "x": -2.8409933960915623e-08,
            "y": -2.3741108634567354e-08,
            "z": 0.0002953243092633784
        },
        "vehicle_throttle": 0.0,
        "unique_collisions": 0,
        "solid_lane_crosses": 0,
        "double_solid_lane_crosses": 0
    },
    {
        "game_time": 107.257726973854,
        "vehicle_location": {
            "x": 31.5679988861084,
            "y": 110.92216491699219,
            "z": -0.007715644780546427
        },
        "vehicle_velocity": {
            "x": 1.281842827438595e-07,
            "y": 5.101981415123191e-08,
            "z": 7.502079097321257e-05
        },
        "vehicle_throttle": 0.0,
        "unique_collisions": 0,
        "solid_lane_crosses": 0,
        "double_solid_lane_crosses": 0
    },
    {
        "game_time": 108.30824785772711,
        "vehicle_location": {
            "x": 31.5679988861084,
            "y": 110.92216491699219,
            "z": -0.0077094268053770065
        },
        "vehicle_velocity": {
            "x": -4.957875177069582e-08,
            "y": 5.874837327723981e-08,
            "z": 0.00037295339279808104
        },
        "vehicle_throttle": 0.0,
        "unique_collisions": 0,
        "solid_lane_crosses": 0,
        "double_solid_lane_crosses": 0
    },
    {
        "game_time": 109.32446191739291,
        "vehicle_location": {
            "x": 31.5679988861084,
            "y": 110.92216491699219,
            "z": -0.007698593195527792
        },
        "vehicle_velocity": {
            "x": 1.09821751692607e-08,
            "y": -2.6340913894529194e-09,
            "z": 1.1067390005337074e-05
        },
        "vehicle_throttle": 0.0,
        "unique_collisions": 0,
        "solid_lane_crosses": 0,
        "double_solid_lane_crosses": 0
    },
    {
        "game_time": 110.39436565246433,
        "vehicle_location": {
            "x": 31.5679988861084,
            "y": 110.92216491699219,
            "z": -0.007704391144216061
        },
        "vehicle_velocity": {
            "x": 9.478916318528263e-09,
            "y": 1.027645790685483e-08,
            "z": 0.0005544567247852683
        },
        "vehicle_throttle": 0.0,
        "unique_collisions": 0,
        "solid_lane_crosses": 0,
        "double_solid_lane_crosses": 0
    },
    {
        "game_time": 111.44486761186272,
        "vehicle_location": {
            "x": 31.5679988861084,
            "y": 110.92216491699219,
            "z": -0.007788505405187607
        },
        "vehicle_velocity": {
            "x": -6.345140235453073e-08,
            "y": -1.7053341849759818e-08,
            "z": -0.0004499053757172078
        },
        "vehicle_throttle": 0.0,
        "unique_collisions": 0,
        "solid_lane_crosses": 0,
        "double_solid_lane_crosses": 0
    },
    {
        "game_time": 112.4618076281622,
        "vehicle_location": {
            "x": 31.5679988861084,
            "y": 110.92216491699219,
            "z": -0.007696914486587048
        },
        "vehicle_velocity": {
            "x": 1.2653535463869048e-07,
            "y": 6.180416622925122e-09,
            "z": 0.0004364347259979695
        },
        "vehicle_throttle": 0.0,
        "unique_collisions": 0,
        "solid_lane_crosses": 0,
        "double_solid_lane_crosses": 0
    },
    {
        "game_time": 113.51958132255822,
        "vehicle_location": {
            "x": 31.5679988861084,
            "y": 110.92216491699219,
            "z": -0.007778243627399206
        },
        "vehicle_velocity": {
            "x": -4.483005966449127e-09,
            "y": 1.4607270060196242e-08,
            "z": -0.0001168441740446724
        },
        "vehicle_throttle": 0.0,
        "unique_collisions": 0,
        "solid_lane_crosses": 0,
        "double_solid_lane_crosses": 0
    },
    {
        "game_time": 114.52158786263317,
        "vehicle_location": {
            "x": 31.5679988861084,
            "y": 110.92216491699219,
            "z": -0.007703361567109823
        },
        "vehicle_velocity": {
            "x": -7.752389308279817e-08,
            "y": -6.010873221384827e-08,
            "z": -0.00018777846707962453
        },
        "vehicle_throttle": 0.0,
        "unique_collisions": 0,
        "solid_lane_crosses": 0,
        "double_solid_lane_crosses": 0
    },
    {
        "game_time": 115.5966212907806,
        "vehicle_location": {
            "x": 31.5679988861084,
            "y": 110.92216491699219,
            "z": -0.007712936028838158
        },
        "vehicle_velocity": {
            "x": 4.044152390747513e-08,
            "y": -1.5519220353255037e-09,
            "z": 6.637573278567288e-06
        },
        "vehicle_throttle": 0.0,
        "unique_collisions": 0,
        "solid_lane_crosses": 0,
        "double_solid_lane_crosses": 0
    },
    {
        "game_time": 116.62835770566016,
        "vehicle_location": {
            "x": 31.5679988861084,
            "y": 110.92216491699219,
            "z": -0.007710265927016735
        },
        "vehicle_velocity": {
            "x": 1.2304699481546777e-08,
            "y": -6.060826840403877e-10,
            "z": 0.00023443698592018336
        },
        "vehicle_throttle": 0.0,
        "unique_collisions": 0,
        "solid_lane_crosses": 0,
        "double_solid_lane_crosses": 0
    },
    {
        "game_time": 117.67296916525811,
        "vehicle_location": {
            "x": 31.5679988861084,
            "y": 110.92216491699219,
            "z": -0.007714385632425547
        },
        "vehicle_velocity": {
            "x": -1.468307075924713e-08,
            "y": -1.5847199108520726e-08,
            "z": 0.00036994932452216744
        },
        "vehicle_throttle": 0.0,
        "unique_collisions": 0,
        "solid_lane_crosses": 0,
        "double_solid_lane_crosses": 0
    },
    {
        "game_time": 118.73549231793731,
        "vehicle_location": {
            "x": 31.5679988861084,
            "y": 110.92216491699219,
            "z": -0.0077041625045239925
        },
        "vehicle_velocity": {
            "x": -3.5632773176530463e-08,
            "y": 3.815890536884581e-08,
            "z": -0.00019608020375017077
        },
        "vehicle_throttle": 0.0,
        "unique_collisions": 0,
        "solid_lane_crosses": 0,
        "double_solid_lane_crosses": 0
    },
    {
        "game_time": 119.77681714948267,
        "vehicle_location": {
            "x": 31.5679988861084,
            "y": 110.92216491699219,
            "z": -0.007710151374340057
        },
        "vehicle_velocity": {
            "x": -1.5888430127120046e-08,
            "y": 2.5414832904857576e-08,
            "z": -0.0001918268098961562
        },
        "vehicle_throttle": 0.0,
        "unique_collisions": 0,
        "solid_lane_crosses": 0,
        "double_solid_lane_crosses": 0
    },
    {
        "game_time": 120.83168592210859,
        "vehicle_location": {
            "x": 31.5679988861084,
            "y": 110.92216491699219,
            "z": -0.007686805445700884
        },
        "vehicle_velocity": {
            "x": -4.5992926800408895e-08,
            "y": 5.61007027499727e-08,
            "z": 0.00024058340932242572
        },
        "vehicle_throttle": 0.0,
        "unique_collisions": 0,
        "solid_lane_crosses": 0,
        "double_solid_lane_crosses": 0
    },
    {
        "game_time": 121.83365949150175,
        "vehicle_location": {
            "x": 31.5679988861084,
            "y": 110.92216491699219,
            "z": -0.00766765559092164
        },
        "vehicle_velocity": {
            "x": -2.4743501469970397e-08,
            "y": -1.513489422677594e-08,
            "z": 0.0003215408360119909
        },
        "vehicle_throttle": 0.0,
        "unique_collisions": 0,
        "solid_lane_crosses": 0,
        "double_solid_lane_crosses": 0
    },
    {
        "game_time": 122.89245979022235,
        "vehicle_location": {
            "x": 31.5679988861084,
            "y": 110.92216491699219,
            "z": -0.0076770782470703125
        },
        "vehicle_velocity": {
            "x": -3.7669114050231656e-08,
            "y": 4.1800667816005443e-08,
            "z": -9.941100870491937e-05
        },
        "vehicle_throttle": 0.0,
        "unique_collisions": 0,
        "solid_lane_crosses": 0,
        "double_solid_lane_crosses": 0
    },
    {
        "game_time": 123.91816685441881,
        "vehicle_location": {
            "x": 31.5679988861084,
            "y": 110.92216491699219,
            "z": -0.007695579435676336
        },
        "vehicle_velocity": {
            "x": 1.1734232430171687e-07,
            "y": -1.666041882231184e-08,
            "z": 0.0003246402775403112
        },
        "vehicle_throttle": 0.0,
        "unique_collisions": 0,
        "solid_lane_crosses": 0,
        "double_solid_lane_crosses": 0
    },
    {
        "game_time": 124.91866294015199,
        "vehicle_location": {
            "x": 31.5679988861084,
            "y": 110.92216491699219,
            "z": -0.007692069746553898
        },
        "vehicle_velocity": {
            "x": -2.303243817891598e-08,
            "y": 3.036143425561022e-08,
            "z": -0.0002603197062853724
        },
        "vehicle_throttle": 0.0,
        "unique_collisions": 0,
        "solid_lane_crosses": 0,
        "double_solid_lane_crosses": 0
    },
    {
        "game_time": 125.91946764383465,
        "vehicle_location": {
            "x": 31.5679988861084,
            "y": 110.92216491699219,
            "z": -0.00778694124892354
        },
        "vehicle_velocity": {
            "x": 8.281683250288552e-08,
            "y": 1.7654985029480486e-08,
            "z": -0.0003309345047455281
        },
        "vehicle_throttle": 0.0,
        "unique_collisions": 0,
        "solid_lane_crosses": 0,
        "double_solid_lane_crosses": 0
    },
    {
        "game_time": 126.98577684629709,
        "vehicle_location": {
            "x": 31.5679988861084,
            "y": 110.92216491699219,
            "z": -0.007689246907830238
        },
        "vehicle_velocity": {
            "x": 1.9022799335743912e-08,
            "y": 7.332391582792752e-09,
            "z": 0.0003424262977205217
        },
        "vehicle_throttle": 0.0,
        "unique_collisions": 0,
        "solid_lane_crosses": 0,
        "double_solid_lane_crosses": 0
    },
    {
        "game_time": 128.02881555166095,
        "vehicle_location": {
            "x": 31.5679988861084,
            "y": 110.92216491699219,
            "z": -0.007727393880486488
        },
        "vehicle_velocity": {
            "x": -6.742959612893173e-08,
            "y": -8.174135501803903e-08,
            "z": -0.0010558509966358542
        },
        "vehicle_throttle": 0.0,
        "unique_collisions": 0,
        "solid_lane_crosses": 0,
        "double_solid_lane_crosses": 0
    },
    {
        "game_time": 129.06985115166754,
        "vehicle_location": {
            "x": 31.5679988861084,
            "y": 110.92216491699219,
            "z": -0.007758788764476776
        },
        "vehicle_velocity": {
            "x": -2.96007200972781e-08,
            "y": 7.52189421859839e-09,
            "z": -0.0008835220360197127
        },
        "vehicle_throttle": 0.0,
        "unique_collisions": 0,
        "solid_lane_crosses": 0,
        "double_solid_lane_crosses": 0
    },
    {
        "game_time": 130.09531551692635,
        "vehicle_location": {
            "x": 31.5679988861084,
            "y": 110.92216491699219,
            "z": -0.007731208577752113
        },
        "vehicle_velocity": {
            "x": 1.3526599218494084e-07,
            "y": -4.4057426151766776e-08,
            "z": -0.0007662773132324219
        },
        "vehicle_throttle": 0.0,
        "unique_collisions": 0,
        "solid_lane_crosses": 0,
        "double_solid_lane_crosses": 0
    },
    {
        "game_time": 131.09928726125509,
        "vehicle_location": {
            "x": 31.5679988861084,
            "y": 110.92216491699219,
            "z": -0.007668762002140284
        },
        "vehicle_velocity": {
            "x": -2.9392962730412364e-08,
            "y": 2.8053966261154528e-08,
            "z": -0.00048410415183752775
        },
        "vehicle_throttle": 0.0,
        "unique_collisions": 0,
        "solid_lane_crosses": 0,
        "double_solid_lane_crosses": 0
    },
    {
        "game_time": 132.1422061463818,
        "vehicle_location": {
            "x": 31.5679988861084,
            "y": 110.92216491699219,
            "z": -0.007712631020694971
        },
        "vehicle_velocity": {
            "x": 2.6656254092927156e-08,
            "y": 3.3285598721732867e-09,
            "z": -0.0005947112804278731
        },
        "vehicle_throttle": 0.0,
        "unique_collisions": 0,
        "solid_lane_crosses": 0,
        "double_solid_lane_crosses": 0
    },
    {
        "game_time": 133.1804975150153,
        "vehicle_location": {
            "x": 31.5679988861084,
            "y": 110.92216491699219,
            "z": -0.007679786533117294
        },
        "vehicle_velocity": {
            "x": -4.73066066319916e-08,
            "y": 5.7312306012136105e-08,
            "z": 0.0004079198697581887
        },
        "vehicle_throttle": 0.0,
        "unique_collisions": 0,
        "solid_lane_crosses": 0,
        "double_solid_lane_crosses": 0
    },
    {
        "game_time": 134.2101227445528,
        "vehicle_location": {
            "x": 31.5679988861084,
            "y": 110.92216491699219,
            "z": -0.007738227490335703
        },
        "vehicle_velocity": {
            "x": -2.1666554772536983e-08,
            "y": -3.3438350754977364e-08,
            "z": -0.00021635055600199848
        },
        "vehicle_throttle": 0.0,
        "unique_collisions": 0,
        "solid_lane_crosses": 0,
        "double_solid_lane_crosses": 0
    },
    {
        "game_time": 135.25146596413106,
        "vehicle_location": {
            "x": 31.5679988861084,
            "y": 110.92216491699219,
            "z": -0.007683486677706242
        },
        "vehicle_velocity": {
            "x": -5.84166066630587e-08,
            "y": 3.1035710890137125e-08,
            "z": -0.0002783536911010742
        },
        "vehicle_throttle": 0.0,
        "unique_collisions": 0,
        "solid_lane_crosses": 0,
        "double_solid_lane_crosses": 0
    },
    {
        "game_time": 136.30148143786937,
        "vehicle_location": {
            "x": 31.5679988861084,
            "y": 110.92216491699219,
            "z": -0.007686233147978783
        },
        "vehicle_velocity": {
            "x": 1.1406363853438961e-07,
            "y": 3.7577713385417155e-08,
            "z": 0.0005146312760189176
        },
        "vehicle_throttle": 0.0,
        "unique_collisions": 0,
        "solid_lane_crosses": 0,
        "double_solid_lane_crosses": 0
    },
    {
        "game_time": 137.34733638633043,
        "vehicle_location": {
            "x": 31.5679988861084,
            "y": 110.92216491699219,
            "z": -0.007688941899687052
        },
        "vehicle_velocity": {
            "x": -1.2573768692902831e-08,
            "y": 3.2943625605241778e-09,
            "z": 0.00012251376756466925
        },
        "vehicle_throttle": 0.75,
        "unique_collisions": 0,
        "solid_lane_crosses": 0,
        "double_solid_lane_crosses": 0
    },
    {
        "game_time": 138.38488643523306,
        "vehicle_location": {
            "x": 31.568422317504883,
            "y": 110.0244140625,
            "z": -0.010054892860352993
        },
        "vehicle_velocity": {
            "x": 0.0008027883595786989,
            "y": -2.190673351287842,
            "z": -0.00016278267139568925
        },
        "vehicle_throttle": 0.75,
        "unique_collisions": 0,
        "solid_lane_crosses": 0,
        "double_solid_lane_crosses": 0
    },
    {
        "game_time": 139.45472483430058,
        "vehicle_location": {
            "x": 31.559125900268555,
            "y": 106.51361846923828,
            "z": -0.00956165324896574
        },
        "vehicle_velocity": {
            "x": -0.022067179903388023,
            "y": -4.419521808624268,
            "z": -0.0001889133418444544
        },
        "vehicle_throttle": 0.75,
        "unique_collisions": 0,
        "solid_lane_crosses": 0,
        "double_solid_lane_crosses": 0
    },
    {
        "game_time": 140.54217813629657,
        "vehicle_location": {
            "x": 31.1038761138916,
            "y": 100.97968292236328,
            "z": -0.006255798041820526
        },
        "vehicle_velocity": {
            "x": -1.0192168951034546,
            "y": -4.717782020568848,
            "z": -0.0017165374010801315
        },
        "vehicle_throttle": 0.75,
        "unique_collisions": 0,
        "solid_lane_crosses": 0,
        "double_solid_lane_crosses": 0
    },
    {
        "game_time": 141.54391663428396,
        "vehicle_location": {
            "x": 29.345298767089844,
            "y": 96.1221694946289,
            "z": -0.006232909858226776
        },
        "vehicle_velocity": {
            "x": -2.463639974594116,
            "y": -4.172906398773193,
            "z": -2.0475386918406002e-05
        },
        "vehicle_throttle": 0.75,
        "unique_collisions": 0,
        "solid_lane_crosses": 0,
        "double_solid_lane_crosses": 0
    },
    {
        "game_time": 142.60689012613147,
        "vehicle_location": {
            "x": 25.831483840942383,
            "y": 91.85440826416016,
            "z": -0.005934104789048433
        },
        "vehicle_velocity": {
            "x": -3.853416919708252,
            "y": -2.9285433292388916,
            "z": 0.0004299974243622273
        },
        "vehicle_throttle": 0.75,
        "unique_collisions": 0,
        "solid_lane_crosses": 0,
        "double_solid_lane_crosses": 0
    },
    {
        "game_time": 143.68396812211722,
        "vehicle_location": {
            "x": 21.08383560180664,
            "y": 88.90074157714844,
            "z": -0.007576255593448877
        },
        "vehicle_velocity": {
            "x": -4.478940486907959,
            "y": -2.5659236907958984,
            "z": -8.964538551481382e-07
        },
        "vehicle_throttle": 0.75,
        "unique_collisions": 0,
        "solid_lane_crosses": 0,
        "double_solid_lane_crosses": 0
    }
]