[
    {
        "game_time": 8.608036330901086,
        "vehicle_location": {
            "x": -32.86186599731445,
            "y": 193.76925659179688,
            "z": -0.17127731442451477
        },
        "vehicle_velocity": {
            "x": 0.8855928778648376,
            "y": 0.7901124358177185,
            "z": -0.004104165825992823
        },
        "vehicle_throttle": 0.75,
        "unique_collisions": 0,
        "solid_lane_crosses": 0,
        "double_solid_lane_crosses": 0
    },
    {
        "game_time": 9.64286794885993,
        "vehicle_location": {
            "x": -31.588233947753906,
            "y": 195.06455993652344,
            "z": -0.16175255179405212
        },
        "vehicle_velocity": {
            "x": 0.7800018787384033,
            "y": 2.614708423614502,
            "z": -0.0010205268627032638
        },
        "vehicle_throttle": 0.75,
        "unique_collisions": 0,
        "solid_lane_crosses": 0,
        "double_solid_lane_crosses": 0
    },
    {
        "game_time": 10.686464586295187,
        "vehicle_location": {
            "x": -31.483009338378906,
            "y": 198.02645874023438,
            "z": -0.15755115449428558
        },
        "vehicle_velocity": {
            "x": -2.221458911895752,
            "y": 3.0332555770874023,
            "z": -0.00013478279288392514
        },
        "vehicle_throttle": 0.75,
        "unique_collisions": 0,
        "solid_lane_crosses": 0,
        "double_solid_lane_crosses": 0
    },
    {
        "game_time": 11.705759464763105,
        "vehicle_location": {
            "x": -34.54282760620117,
            "y": 200.04962158203125,
            "z": -0.15729865431785583
        },
        "vehicle_velocity": {
            "x": -4.610666275024414,
            "y": -0.8145527243614197,
            "z": -9.648799459682778e-05
        },
        "vehicle_throttle": 0.75,
        "unique_collisions": 0,
        "solid_lane_crosses": 0,
        "double_solid_lane_crosses": 0
    },
    {
        "game_time": 12.706632622517645,
        "vehicle_location": {
            "x": -37.88166809082031,
            "y": 197.9914093017578,
            "z": -0.14149849116802216
        },
        "vehicle_velocity": {
            "x": -0.8673308491706848,
            "y": -3.632007360458374,
            "z": 0.0007238626130856574
        },
        "vehicle_throttle": 0.75,
        "unique_collisions": 0,
        "solid_lane_crosses": 0,
        "double_solid_lane_crosses": 0
    },
    {
        "game_time": 13.763922409154475,
        "vehicle_location": {
            "x": -39.71540069580078,
            "y": 194.8844757080078,
            "z": -0.161147803068161
        },
        "vehicle_velocity": {
            "x": -3.021327257156372,
            "y": -1.7044626474380493,
            "z": -0.0012079334119334817
        },
        "vehicle_throttle": 0.75,
        "unique_collisions": 0,
        "solid_lane_crosses": 0,
        "double_solid_lane_crosses": 0
    },
    {
        "game_time": 14.767664845101535,
        "vehicle_location": {
            "x": -43.28375244140625,
            "y": 193.70042419433594,
            "z": -0.16934196650981903
        },
        "vehicle_velocity": {
            "x": -4.577922821044922,
            "y": -0.6895262002944946,
            "z": -0.00042294501326978207
        },
        "vehicle_throttle": 0.0,
        "unique_collisions": 0,
        "solid_lane_crosses": 0,
        "double_solid_lane_crosses": 0
    },
    {
        "game_time": 15.79364232905209,
        "vehicle_location": {
            "x": -46.983245849609375,
            "y": 192.98443603515625,
            "z": -0.1570151150226593
        },
        "vehicle_velocity": {
            "x": -3.216597557067871,
            "y": -0.7337560653686523,
            "z": 0.0003667545097414404
        },
        "vehicle_throttle": 0.75,
        "unique_collisions": 0,
        "solid_lane_crosses": 0,
        "double_solid_lane_crosses": 0
    },
    {
        "game_time": 16.806208696216345,
        "vehicle_location": {
            "x": -50.65287399291992,
            "y": 191.98863220214844,
            "z": -0.1639876514673233
        },
        "vehicle_velocity": {
            "x": -3.967700481414795,
            "y": -1.485015869140625,
            "z": 8.25118986540474e-05
        },
        "vehicle_throttle": 0.75,
        "unique_collisions": 0,
        "solid_lane_crosses": 0,
        "double_solid_lane_crosses": 0
    },
    {
        "game_time": 17.828368621878326,
        "vehicle_location": {
            "x": -54.65022277832031,
            "y": 190.3855743408203,
            "z": -0.15077579021453857
        },
        "vehicle_velocity": {
            "x": -3.150379180908203,
            "y": -1.4774357080459595,
            "z": -0.0007051563006825745
        },
        "vehicle_throttle": 0.75,
        "unique_collisions": 0,
        "solid_lane_crosses": 0,
        "double_solid_lane_crosses": 0
    },
    {
        "game_time": 18.857922038063407,
        "vehicle_location": {
            "x": -57.72007369995117,
            "y": 188.67320251464844,
            "z": -0.15697841346263885
        },
        "vehicle_velocity": {
            "x": -2.3348042964935303,
            "y": -1.4823352098464966,
            "z": 2.282619425386656e-05
        },
        "vehicle_throttle": 0.0,
        "unique_collisions": 0,
        "solid_lane_crosses": 0,
        "double_solid_lane_crosses": 0
    },
    {
        "game_time": 19.865575967356563,
        "vehicle_location": {
            "x": -59.77476501464844,
            "y": 187.3224639892578,
            "z": -0.17131130397319794
        },
        "vehicle_velocity": {
            "x": -2.270798683166504,
            "y": -1.757853627204895,
            "z": -5.192279786569998e-05
        },
        "vehicle_throttle": 0.75,
        "unique_collisions": 0,
        "solid_lane_crosses": 0,
        "double_solid_lane_crosses": 0
    },
    {
        "game_time": 20.924899040721357,
        "vehicle_location": {
            "x": -62.60334777832031,
            "y": 184.93829345703125,
            "z": -0.16353020071983337
        },
        "vehicle_velocity": {
            "x": -2.8902266025543213,
            "y": -2.831854820251465,
            "z": -0.0001942443777807057
        },
        "vehicle_throttle": 0.75,
        "unique_collisions": 0,
        "solid_lane_crosses": 0,
        "double_solid_lane_crosses": 0
    },
    {
        "game_time": 21.956090482883155,
        "vehicle_location": {
            "x": -65.5849609375,
            "y": 181.69520568847656,
            "z": -0.15136268734931946
        },
        "vehicle_velocity": {
            "x": -2.2012648582458496,
            "y": -2.8343286514282227,
            "z": -0.00013178348308429122
        },
        "vehicle_throttle": 0.75,
        "unique_collisions": 0,
        "solid_lane_crosses": 0,
        "double_solid_lane_crosses": 0
    },
    {
        "game_time": 22.969920658506453,
        "vehicle_location": {
            "x": -67.74526977539062,
            "y": 178.7989044189453,
            "z": -0.16931377351284027
        },
        "vehicle_velocity": {
            "x": -2.113415241241455,
            "y": -3.287877082824707,
            "z": 5.0921440561069176e-05
        },
        "vehicle_throttle": 0.75,
        "unique_collisions": 0,
        "solid_lane_crosses": 0,
        "double_solid_lane_crosses": 0
    },
    {
        "game_time": 23.97388438694179,
        "vehicle_location": {
            "x": -69.93392181396484,
            "y": 175.05577087402344,
            "z": -0.15850238502025604
        },
        "vehicle_velocity": {
            "x": -1.7779083251953125,
            "y": -3.680851459503174,
            "z": 2.2068023099564016e-05
        },
        "vehicle_throttle": 0.75,
        "unique_collisions": 0,
        "solid_lane_crosses": 0,
        "double_solid_lane_crosses": 0
    },
    {
        "game_time": 25.020750595256686,
        "vehicle_location": {
            "x": -71.53923797607422,
            "y": 171.5434112548828,
            "z": -0.1680704802274704
        },
        "vehicle_velocity": {
            "x": -1.3930867910385132,
            "y": -3.6439335346221924,
            "z": -0.00025835036649368703
        },
        "vehicle_throttle": 0.75,
        "unique_collisions": 0,
        "solid_lane_crosses": 0,
        "double_solid_lane_crosses": 0
    },
    {
        "game_time": 26.056857571937144,
        "vehicle_location": {
            "x": -72.92436981201172,
            "y": 167.28526306152344,
            "z": -0.15761668980121613
        },
        "vehicle_velocity": {
            "x": -0.9904401302337646,
            "y": -3.97505521774292,
            "z": -0.0030973004177212715
        },
        "vehicle_throttle": 0.0,
        "unique_collisions": 0,
        "solid_lane_crosses": 0,
        "double_solid_lane_crosses": 0
    },
    {
        "game_time": 27.10415610484779,
        "vehicle_location": {
            "x": -73.72662353515625,
            "y": 163.617431640625,
            "z": -0.16808685660362244
        },
        "vehicle_velocity": {
            "x": -0.581705629825592,
            "y": -3.7263295650482178,
            "z": 0.00039234160794876516
        },
        "vehicle_throttle": 0.75,
        "unique_collisions": 0,
        "solid_lane_crosses": 0,
        "double_solid_lane_crosses": 0
    },
    {
        "game_time": 28.145977333188057,
        "vehicle_location": {
            "x": -74.22905731201172,
            "y": 159.10972595214844,
            "z": -0.16653652489185333
        },
        "vehicle_velocity": {
            "x": -0.29275286197662354,
            "y": -4.85816764831543,
            "z": -9.237289486918598e-05
        },
        "vehicle_throttle": 0.0,
        "unique_collisions": 0,
        "solid_lane_crosses": 0,
        "double_solid_lane_crosses": 0
    },
    {
        "game_time": 29.166682444512844,
        "vehicle_location": {
            "x": -74.42617797851562,
            "y": 155.50355529785156,
            "z": -0.14926902949810028
        },
        "vehicle_velocity": {
            "x": -0.08732807636260986,
            "y": -2.061285972595215,
            "z": 3.9625167119083926e-05
        },
        "vehicle_throttle": 0.0,
        "unique_collisions": 0,
        "solid_lane_crosses": 0,
        "double_solid_lane_crosses": 0
    },
    {
        "game_time": 30.17392313107848,
        "vehicle_location": {
            "x": -74.45994567871094,
            "y": 154.7609100341797,
            "z": -0.15690940618515015
        },
        "vehicle_velocity": {
            "x": 0.00019946691463701427,
            "y": 0.00530954310670495,
            "z": -1.0490417707842425e-06
        },
        "vehicle_throttle": 0.0,
        "unique_collisions": 0,
        "solid_lane_crosses": 0,
        "double_solid_lane_crosses": 0
    },
    {
        "game_time": 31.249390821903944,
        "vehicle_location": {
            "x": -74.4600830078125,
            "y": 154.75856018066406,
            "z": -0.16100123524665833
        },
        "vehicle_velocity": {
            "x": -4.560245724860579e-05,
            "y": -0.0010915797902271152,
            "z": -0.0003819370176643133
        },
        "vehicle_throttle": 0.0,
        "unique_collisions": 0,
        "solid_lane_crosses": 0,
        "double_solid_lane_crosses": 0
    },
    {
        "game_time": 32.3252713419497,
        "vehicle_location": {
            "x": -74.4601058959961,
            "y": 154.7582244873047,
            "z": -0.16163508594036102
        },
        "vehicle_velocity": {
            "x": 1.613784093024151e-07,
            "y": 3.6137373626843328e-06,
            "z": 3.6792753235204145e-05
        },
        "vehicle_throttle": 0.0,
        "unique_collisions": 0,
        "solid_lane_crosses": 0,
        "double_solid_lane_crosses": 0
    },
    {
        "game_time": 33.348122330382466,
        "vehicle_location": {
            "x": -74.4601058959961,
            "y": 154.7582244873047,
            "z": -0.1616213172674179
        },
        "vehicle_velocity": {
            "x": -2.906128138135955e-08,
            "y": -8.824872388402127e-09,
            "z": -9.613037036615424e-06
        },
        "vehicle_throttle": 0.0,
        "unique_collisions": 0,
        "solid_lane_crosses": 0,
        "double_solid_lane_crosses": 0
    },
    {
        "game_time": 34.39537484757602,
        "vehicle_location": {
            "x": -74.4601058959961,
            "y": 154.7582244873047,
            "z": -0.16164261102676392
        },
        "vehicle_velocity": {
            "x": -2.1596793242650847e-09,
            "y": -5.610738540440252e-10,
            "z": 0.0002453136257827282
        },
        "vehicle_throttle": 0.0,
        "unique_collisions": 0,
        "solid_lane_crosses": 0,
        "double_solid_lane_crosses": 0
    },
    {
        "game_time": 35.425624046474695,
        "vehicle_location": {
            "x": -74.4601058959961,
            "y": 154.7582244873047,
            "z": -0.1616310477256775
        },
        "vehicle_velocity": {
            "x": -1.7588078549124475e-08,
            "y": -3.954859550958645e-09,
            "z": -0.00028632162138819695
        },
        "vehicle_throttle": 0.0,
        "unique_collisions": 0,
        "solid_lane_crosses": 0,
        "double_solid_lane_crosses": 0
    },
    {
        "game_time": 36.48146335594356,
        "vehicle_location": {
            "x": -74.4601058959961,
            "y": 154.7582244873047,
            "z": -0.1616186797618866
        },
        "vehicle_velocity": {
            "x": -2.7020115034304126e-09,
            "y": -1.768308166560928e-09,
            "z": 0.0005337715265341103
        },
        "vehicle_throttle": 0.0,
        "unique_collisions": 0,
        "solid_lane_crosses": 0,
        "double_solid_lane_crosses": 0
    },
    {
        "game_time": 37.506588072516024,
        "vehicle_location": {
            "x": -74.4601058959961,
            "y": 154.7582244873047,
            "z": -0.1615937352180481
        },
        "vehicle_velocity": {
            "x": 3.695674877235433e-09,
            "y": 2.87435297785521e-09,
            "z": 6.499290611827746e-05
        },
        "vehicle_throttle": 0.0,
        "unique_collisions": 0,
        "solid_lane_crosses": 0,
        "double_solid_lane_crosses": 0
    },
    {
        "game_time": 38.52754313778132,
        "vehicle_location": {
            "x": -74.4601058959961,
            "y": 154.7582244873047,
            "z": -0.16166408360004425
        },
        "vehicle_velocity": {
            "x": -2.0148704038547294e-08,
            "y": -4.847139578600945e-09,
            "z": -0.0006837272667326033
        },
        "vehicle_throttle": 0.0,
        "unique_collisions": 0,
        "solid_lane_crosses": 0,
        "double_solid_lane_crosses": 0
    },
    {
        "game_time": 39.54731359984726,
        "vehicle_location": {
            "x": -74.4601058959961,
            "y": 154.7582244873047,
            "z": -0.16167235374450684
        },
        "vehicle_velocity": {
            "x": -1.8122300105005706e-08,
            "y": -1.9329877698481823e-09,
            "z": 0.000161399831995368
        },
        "vehicle_throttle": 0.0,
        "unique_collisions": 0,
        "solid_lane_crosses": 0,
        "double_solid_lane_crosses": 0
    },
    {
        "game_time": 40.55225396063179,
        "vehicle_location": {
            "x": -74.4601058959961,
            "y": 154.7582244873047,
            "z": -0.16161517798900604
        },
        "vehicle_velocity": {
            "x": 2.1226567170629096e-08,
            "y": 6.362464333165008e-09,
            "z": -0.0002895736542996019
        },
        "vehicle_throttle": 0.0,
        "unique_collisions": 0,
        "solid_lane_crosses": 0,
        "double_solid_lane_crosses": 0
    },
    {
        "game_time": 41.58268701378256,
        "vehicle_location": {
            "x": -74.4601058959961,
            "y": 154.7582244873047,
            "z": -0.16165362298488617
        },
        "vehicle_velocity": {
            "x": 1.230854085321198e-08,
            "y": 7.031381255018232e-09,
            "z": -0.00024930000654421747
        },
        "vehicle_throttle": 0.0,
        "unique_collisions": 0,
        "solid_lane_crosses": 0,
        "double_solid_lane_crosses": 0
    },
    {
        "game_time": 42.607513623312116,
        "vehicle_location": {
            "x": -74.4601058959961,
            "y": 154.7582244873047,
            "z": -0.16161955893039703
        },
        "vehicle_velocity": {
            "x": -8.461103484513899e-10,
            "y": -1.49876652755232e-10,
            "z": -0.00023968696768861264
        },
        "vehicle_throttle": 0.0,
        "unique_collisions": 0,
        "solid_lane_crosses": 0,
        "double_solid_lane_crosses": 0
    },
    {
        "game_time": 43.65181228239089,
        "vehicle_location": {
            "x": -74.4601058959961,
            "y": 154.7582244873047,
            "z": -0.16162650287151337
        },
        "vehicle_velocity": {
            "x": -2.2646769792800114e-08,
            "y": -1.0521545856789771e-09,
            "z": -2.8591155569301918e-05
        },
        "vehicle_throttle": 0.0,
        "unique_collisions": 0,
        "solid_lane_crosses": 0,
        "double_solid_lane_crosses": 0
    },
    {
        "game_time": 44.69515367504209,
        "vehicle_location": {
            "x": -74.4601058959961,
            "y": 154.7582244873047,
            "z": -0.16162967681884766
        },
        "vehicle_velocity": {
            "x": 1.8614583652265537e-08,
            "y": 5.899262855990628e-09,
            "z": 3.1442639738088474e-05
        },
        "vehicle_throttle": 0.0,
        "unique_collisions": 0,
        "solid_lane_crosses": 0,
        "double_solid_lane_crosses": 0
    },
    {
        "game_time": 45.75974970217794,
        "vehicle_location": {
            "x": -74.4601058959961,
            "y": 154.7582244873047,
            "z": -0.16160354018211365
        },
        "vehicle_velocity": {
            "x": -3.066907439119859e-08,
            "y": -5.07693354023786e-09,
            "z": 0.00031384945032186806
        },
        "vehicle_throttle": 0.0,
        "unique_collisions": 0,
        "solid_lane_crosses": 0,
        "double_solid_lane_crosses": 0
    },
    {
        "game_time": 46.789632987231016,
        "vehicle_location": {
            "x": -74.4601058959961,
            "y": 154.7582244873047,
            "z": -0.16161461174488068
        },
        "vehicle_velocity": {
            "x": 3.4992446273918176e-08,
            "y": -9.91218218615586e-09,
            "z": 7.924079545773566e-05
        },
        "vehicle_throttle": 0.0,
        "unique_collisions": 0,
        "solid_lane_crosses": 0,
        "double_solid_lane_crosses": 0
    },
    {
        "game_time": 47.7983896676451,
        "vehicle_location": {
            "x": -74.4601058959961,
            "y": 154.7582244873047,
            "z": -0.16168197989463806
        },
        "vehicle_velocity": {
            "x": -1.4888986932248827e-08,
            "y": -1.4548778848322286e-09,
            "z": -0.0001364231138722971
        },
        "vehicle_throttle": 0.0,
        "unique_collisions": 0,
        "solid_lane_crosses": 0,
        "double_solid_lane_crosses": 0
    },
    {
        "game_time": 48.8415913823992,
        "vehicle_location": {
            "x": -74.4601058959961,
            "y": 154.7582244873047,
            "z": -0.1616302877664566
        },
        "vehicle_velocity": {
            "x": -4.784864504614461e-09,
            "y": -5.055517116048236e-10,
            "z": -0.0003824520099442452
        },
        "vehicle_throttle": 0.0,
        "unique_collisions": 0,
        "solid_lane_crosses": 0,
        "double_solid_lane_crosses": 0
    },
    {
        "game_time": 49.878430869430304,
        "vehicle_location": {
            "x": -74.4697036743164,
            "y": 154.52883911132812,
            "z": -0.1686570644378662
        },
        "vehicle_velocity": {
            "x": -0.036321237683296204,
            "y": -0.8721898198127747,
            "z": -0.0003578090691007674
        },
        "vehicle_throttle": 0.75,
        "unique_collisions": 0,
        "solid_lane_crosses": 0,
        "double_solid_lane_crosses": 0
    },
    {
        "game_time": 50.89323078095913,
        "vehicle_location": {
            "x": -74.51588439941406,
            "y": 152.72683715820312,
            "z": -0.16703811287879944
        },
        "vehicle_velocity": {
            "x": -0.027260413393378258,
            "y": -2.619609832763672,
            "z": -0.0002226447977591306
        },
        "vehicle_throttle": 0.75,
        "unique_collisions": 0,
        "solid_lane_crosses": 0,
        "double_solid_lane_crosses": 0
    },
    {
        "game_time": 51.92132241465151,
        "vehicle_location": {
            "x": -74.5744400024414,
            "y": 149.32667541503906,
            "z": -0.16558600962162018
        },
        "vehicle_velocity": {
            "x": 0.04428457096219063,
            "y": -3.8932080268859863,
            "z": 0.0005319595220498741
        },
        "vehicle_throttle": 0.75,
        "unique_collisions": 0,
        "solid_lane_crosses": 0,
        "double_solid_lane_crosses": 0
    },
    {
        "game_time": 52.93539033643901,
        "vehicle_location": {
            "x": -74.34330749511719,
            "y": 144.70274353027344,
            "z": -0.16411830484867096
        },
        "vehicle_velocity": {
            "x": 0.7960031032562256,
            "y": -5.264814853668213,
            "z": 0.012388791888952255
        },
        "vehicle_throttle": 0.75,
        "unique_collisions": 0,
        "solid_lane_crosses": 0,
        "double_solid_lane_crosses": 0
    }
]