[
    {
        "game_time": 8.00657417671755,
        "vehicle_location": {
            "x": -32.3824577331543,
            "y": 194.07379150390625,
            "z": -0.0046220398508012295
        },
        "vehicle_velocity": {
            "x": 2.5326380729675293,
            "y": 2.106351375579834,
            "z": 0.010946769267320633
        },
        "vehicle_throttle": 0.75,
        "unique_collisions": 0,
        "solid_lane_crosses": 0,
        "double_solid_lane_crosses": 0
    },
    {
        "game_time": 9.030434438027442,
        "vehicle_location": {
            "x": -30.22916603088379,
            "y": 198.22972106933594,
            "z": -0.001542053185403347
        },
        "vehicle_velocity": {
            "x": -0.4648575782775879,
            "y": 5.432239055633545,
            "z": 0.0004925965913571417
        },
        "vehicle_throttle": 0.4932332932949066,
        "unique_collisions": 0,
        "solid_lane_crosses": 0,
        "double_solid_lane_crosses": 0
    },
    {
        "game_time": 10.03295357292518,
        "vehicle_location": {
            "x": -32.925662994384766,
            "y": 202.51370239257812,
            "z": -0.0018841552082449198
        },
        "vehicle_velocity": {
            "x": -5.088937282562256,
            "y": 2.0952770709991455,
            "z": -0.0003519153397064656
        },
        "vehicle_throttle": 0.20571766793727875,
        "unique_collisions": 0,
        "solid_lane_crosses": 0,
        "double_solid_lane_crosses": 0
    },
    {
        "game_time": 11.041447396855801,
        "vehicle_location": {
            "x": -37.98859405517578,
            "y": 202.04830932617188,
            "z": -0.001899032504297793
        },
        "vehicle_velocity": {
            "x": -4.152353286743164,
            "y": -3.5870349407196045,
            "z": -0.0002824878611136228
        },
        "vehicle_throttle": 0.24469351768493652,
        "unique_collisions": 0,
        "solid_lane_crosses": 0,
        "double_solid_lane_crosses": 0
    },
    {
        "game_time": 12.091052792500705,
        "vehicle_location": {
            "x": -39.94530487060547,
            "y": 197.06312561035156,
            "z": -0.0021254729945212603
        },
        "vehicle_velocity": {
            "x": 0.24566850066184998,
            "y": -5.503801345825195,
            "z": 0.0005591201479546726
        },
        "vehicle_throttle": 0.0,
        "unique_collisions": 0,
        "solid_lane_crosses": 0,
        "double_solid_lane_crosses": 0
    },
    {
        "game_time": 13.101446947548538,
        "vehicle_location": {
            "x": -41.82701873779297,
            "y": 192.1942596435547,
            "z": -0.0018964385380968451
        },
        "vehicle_velocity": {
            "x": -4.734183311462402,
            "y": -2.8057022094726562,
            "z": 0.0001391267724102363
        },
        "vehicle_throttle": 0.0,
        "unique_collisions": 0,
        "solid_lane_crosses": 0,
        "double_solid_lane_crosses": 0
    },
    {
        "game_time": 14.130465611815453,
        "vehicle_location": {
            "x": -47.154441833496094,
            "y": 191.5768585205078,
            "z": -0.0021936798002570868
        },
        "vehicle_velocity": {
            "x": -5.395994186401367,
            "y": 0.09289061278104782,
            "z": -8.782386430539191e-05
        },
        "vehicle_throttle": 0.4263129234313965,
        "unique_collisions": 0,
        "solid_lane_crosses": 0,
        "double_solid_lane_crosses": 0
    },
    {
        "game_time": 15.164617707487196,
        "vehicle_location": {
            "x": -52.72359085083008,
            "y": 190.640625,
            "z": -0.002400970319285989
        },
        "vehicle_velocity": {
            "x": -5.18145751953125,
            "y": -1.788747787475586,
            "z": -1.5888213965808973e-05
        },
        "vehicle_throttle": 0.2907136380672455,
        "unique_collisions": 0,
        "solid_lane_crosses": 0,
        "double_solid_lane_crosses": 0
    },
    {
        "game_time": 16.187851610593498,
        "vehicle_location": {
            "x": -57.81203079223633,
            "y": 188.2948760986328,
            "z": -0.0024197387974709272
        },
        "vehicle_velocity": {
            "x": -4.680382251739502,
            "y": -2.8803024291992188,
            "z": -1.7232894606422633e-05
        },
        "vehicle_throttle": 0.28447872400283813,
        "unique_collisions": 0,
        "solid_lane_crosses": 0,
        "double_solid_lane_crosses": 0
    },
    {
        "game_time": 17.22135303914547,
        "vehicle_location": {
            "x": -62.362220764160156,
            "y": 184.9130401611328,
            "z": -0.0024826813023537397
        },
        "vehicle_velocity": {
            "x": -4.0078206062316895,
            "y": -3.759294033050537,
            "z": 2.703189784369897e-05
        },
        "vehicle_throttle": 0.16034892201423645,
        "unique_collisions": 0,
        "solid_lane_crosses": 0,
        "double_solid_lane_crosses": 0
    },
    {
        "game_time": 18.23948274832219,
        "vehicle_location": {
            "x": -66.14178466796875,
            "y": 180.79977416992188,
            "z": -0.0024635314475744963
        },
        "vehicle_velocity": {
            "x": -3.3502633571624756,
            "y": -4.360343933105469,
            "z": -6.30378690402722e-06
        },
        "vehicle_throttle": 0.23454827070236206,
        "unique_collisions": 0,
        "solid_lane_crosses": 0,
        "double_solid_lane_crosses": 0
    },
    {
        "game_time": 19.25270901247859,
        "vehicle_location": {
            "x": -69.23162078857422,
            "y": 176.17330932617188,
            "z": -0.002490157959982753
        },
        "vehicle_velocity": {
            "x": -2.710653066635132,
            "y": -4.796651363372803,
            "z": 1.4228820873540826e-05
        },
        "vehicle_throttle": 0.17461657524108887,
        "unique_collisions": 0,
        "solid_lane_crosses": 1,
        "double_solid_lane_crosses": 0
    },
    {
        "game_time": 20.267900748178363,
        "vehicle_location": {
            "x": -71.53520965576172,
            "y": 171.279052734375,
            "z": -0.0024163054767996073
        },
        "vehicle_velocity": {
            "x": -1.7893002033233643,
            "y": -4.872659206390381,
            "z": 0.000736827845685184
        },
        "vehicle_throttle": 0.75,
        "unique_collisions": 0,
        "solid_lane_crosses": 1,
        "double_solid_lane_crosses": 0
    },
    {
        "game_time": 21.32270984351635,
        "vehicle_location": {
            "x": -73.03834533691406,
            "y": 166.63333129882812,
            "z": -0.0021614073775708675
        },
        "vehicle_velocity": {
            "x": -1.084614634513855,
            "y": -4.008108615875244,
            "z": 3.54385374521371e-05
        },
        "vehicle_throttle": 0.75,
        "unique_collisions": 0,
        "solid_lane_crosses": 1,
        "double_solid_lane_crosses": 0
    },
    {
        "game_time": 22.36707384418696,
        "vehicle_location": {
            "x": -73.87386322021484,
            "y": 162.34214782714844,
            "z": -0.002324447501450777
        },
        "vehicle_velocity": {
            "x": -0.515265703201294,
            "y": -3.9613735675811768,
            "z": -0.0012230491265654564
        },
        "vehicle_throttle": 0.75,
        "unique_collisions": 0,
        "solid_lane_crosses": 1,
        "double_solid_lane_crosses": 0
    },
    {
        "game_time": 23.38120204769075,
        "vehicle_location": {
            "x": -74.26705169677734,
            "y": 158.1195526123047,
            "z": -0.0017410278087481856
        },
        "vehicle_velocity": {
            "x": -0.23501954972743988,
            "y": -3.684157609939575,
            "z": -8.131980575853959e-05
        },
        "vehicle_throttle": 0.0,
        "unique_collisions": 0,
        "solid_lane_crosses": 1,
        "double_solid_lane_crosses": 0
    },
    {
        "game_time": 24.427602162584662,
        "vehicle_location": {
            "x": -74.37615203857422,
            "y": 156.49688720703125,
            "z": -0.0019605255220085382
        },
        "vehicle_velocity": {
            "x": 6.319081876426935e-05,
            "y": 0.0018171488773077726,
            "z": -0.0001948404242284596
        },
        "vehicle_throttle": 0.0,
        "unique_collisions": 0,
        "solid_lane_crosses": 1,
        "double_solid_lane_crosses": 0
    },
    {
        "game_time": 25.465738431550562,
        "vehicle_location": {
            "x": -74.37616729736328,
            "y": 156.49610900878906,
            "z": -0.0025627899449318647
        },
        "vehicle_velocity": {
            "x": 4.382981160233612e-07,
            "y": 7.30228111933684e-06,
            "z": 7.736682891845703e-05
        },
        "vehicle_throttle": 0.0,
        "unique_collisions": 0,
        "solid_lane_crosses": 1,
        "double_solid_lane_crosses": 0
    },
    {
        "game_time": 26.474305077455938,
        "vehicle_location": {
            "x": -74.37616729736328,
            "y": 156.49610900878906,
            "z": -0.0025368498172611
        },
        "vehicle_velocity": {
            "x": 1.2278613681360184e-08,
            "y": 1.6305762295942827e-10,
            "z": -0.00014028072473593056
        },
        "vehicle_throttle": 0.0,
        "unique_collisions": 0,
        "solid_lane_crosses": 1,
        "double_solid_lane_crosses": 0
    },
    {
        "game_time": 27.476835344918072,
        "vehicle_location": {
            "x": -74.37616729736328,
            "y": 156.49610900878906,
            "z": -0.002571716206148267
        },
        "vehicle_velocity": {
            "x": 2.7155186543836862e-08,
            "y": 9.640467091287519e-09,
            "z": 0.00017152786313090473
        },
        "vehicle_throttle": 0.0,
        "unique_collisions": 0,
        "solid_lane_crosses": 1,
        "double_solid_lane_crosses": 0
    },
    {
        "game_time": 28.516091370023787,
        "vehicle_location": {
            "x": -74.37616729736328,
            "y": 156.49610900878906,
            "z": -0.0025779723655432463
        },
        "vehicle_velocity": {
            "x": -1.454362585917579e-08,
            "y": 1.7752209702237565e-09,
            "z": 0.0005005645798519254
        },
        "vehicle_throttle": 0.0,
        "unique_collisions": 0,
        "solid_lane_crosses": 1,
        "double_solid_lane_crosses": 0
    },
    {
        "game_time": 29.546162432059646,
        "vehicle_location": {
            "x": -74.37616729736328,
            "y": 156.49610900878906,
            "z": -0.002522049006074667
        },
        "vehicle_velocity": {
            "x": -5.630152699609425e-08,
            "y": 5.855042672919808e-09,
            "z": 7.368087244685739e-05
        },
        "vehicle_throttle": 0.0,
        "unique_collisions": 0,
        "solid_lane_crosses": 1,
        "double_solid_lane_crosses": 0
    },
    {
        "game_time": 30.55972497072071,
        "vehicle_location": {
            "x": -74.37616729736328,
            "y": 156.49610900878906,
            "z": -0.0025474547874182463
        },
        "vehicle_velocity": {
            "x": -3.541381232707863e-08,
            "y": 5.1688915370107225e-09,
            "z": -0.00011199474101886153
        },
        "vehicle_throttle": 0.0,
        "unique_collisions": 0,
        "solid_lane_crosses": 1,
        "double_solid_lane_crosses": 0
    },
    {
        "game_time": 31.56047083903104,
        "vehicle_location": {
            "x": -74.37616729736328,
            "y": 156.49610900878906,
            "z": -0.0024818419478833675
        },
        "vehicle_velocity": {
            "x": 5.062308261472026e-08,
            "y": -1.7651485606506867e-08,
            "z": 0.00019137859635520726
        },
        "vehicle_throttle": 0.0,
        "unique_collisions": 0,
        "solid_lane_crosses": 1,
        "double_solid_lane_crosses": 0
    },
    {
        "game_time": 32.59166988078505,
        "vehicle_location": {
            "x": -74.37616729736328,
            "y": 156.49610900878906,
            "z": -0.0025193023029714823
        },
        "vehicle_velocity": {
            "x": -3.578224294642496e-08,
            "y": 5.707197825444155e-09,
            "z": 3.18193415296264e-05
        },
        "vehicle_throttle": 0.0,
        "unique_collisions": 0,
        "solid_lane_crosses": 1,
        "double_solid_lane_crosses": 0
    },
    {
        "game_time": 33.602544302120805,
        "vehicle_location": {
            "x": -74.37616729736328,
            "y": 156.49610900878906,
            "z": -0.002530593890696764
        },
        "vehicle_velocity": {
            "x": -6.3251430759692084e-09,
            "y": 1.602304261494325e-10,
            "z": 0.0001382207847200334
        },
        "vehicle_throttle": 0.0,
        "unique_collisions": 0,
        "solid_lane_crosses": 1,
        "double_solid_lane_crosses": 0
    },
    {
        "game_time": 34.67080923169851,
        "vehicle_location": {
            "x": -74.37616729736328,
            "y": 156.49610900878906,
            "z": -0.0025499723851680756
        },
        "vehicle_velocity": {
            "x": -2.144297184258903e-08,
            "y": 3.6474456788226917e-09,
            "z": -0.00014660357555840164
        },
        "vehicle_throttle": 0.0,
        "unique_collisions": 0,
        "solid_lane_crosses": 1,
        "double_solid_lane_crosses": 0
    },
    {
        "game_time": 35.708403101190925,
        "vehicle_location": {
            "x": -74.37616729736328,
            "y": 156.49610900878906,
            "z": -0.0025460815522819757
        },
        "vehicle_velocity": {
            "x": 3.601459575008903e-09,
            "y": -9.784089982645128e-09,
            "z": -0.00023810862330719829
        },
        "vehicle_throttle": 0.0,
        "unique_collisions": 0,
        "solid_lane_crosses": 1,
        "double_solid_lane_crosses": 0
    },
    {
        "game_time": 36.72280415147543,
        "vehicle_location": {
            "x": -74.37616729736328,
            "y": 156.49610900878906,
            "z": -0.0025721739511936903
        },
        "vehicle_velocity": {
            "x": 2.670792476067163e-08,
            "y": -1.6528741708654593e-09,
            "z": -0.000179090493475087
        },
        "vehicle_throttle": 0.0,
        "unique_collisions": 0,
        "solid_lane_crosses": 1,
        "double_solid_lane_crosses": 0
    },
    {
        "game_time": 37.73621458560228,
        "vehicle_location": {
            "x": -74.37616729736328,
            "y": 156.49610900878906,
            "z": -0.0025292967911809683
        },
        "vehicle_velocity": {
            "x": -1.0536882477651943e-08,
            "y": 7.795910028640662e-10,
            "z": 0.0004403877246659249
        },
        "vehicle_throttle": 0.0,
        "unique_collisions": 0,
        "solid_lane_crosses": 1,
        "double_solid_lane_crosses": 0
    },
    {
        "game_time": 38.792641850188375,
        "vehicle_location": {
            "x": -74.37616729736328,
            "y": 156.49610900878906,
            "z": -0.0025913238059729338
        },
        "vehicle_velocity": {
            "x": -2.911186669507515e-08,
            "y": 4.7084629528626465e-09,
            "z": 0.00015993595297913998
        },
        "vehicle_throttle": 0.0,
        "unique_collisions": 0,
        "solid_lane_crosses": 1,
        "double_solid_lane_crosses": 0
    },
    {
        "game_time": 39.844467950984836,
        "vehicle_location": {
            "x": -74.37616729736328,
            "y": 156.49610900878906,
            "z": -0.0025659180246293545
        },
        "vehicle_velocity": {
            "x": 2.5816342841267215e-08,
            "y": 1.2092318257828083e-08,
            "z": 0.00021625995577778667
        },
        "vehicle_throttle": 0.0,
        "unique_collisions": 0,
        "solid_lane_crosses": 1,
        "double_solid_lane_crosses": 0
    },
    {
        "game_time": 40.885722138918936,
        "vehicle_location": {
            "x": -74.37616729736328,
            "y": 156.49610900878906,
            "z": -0.0025717925745993853
        },
        "vehicle_velocity": {
            "x": -2.24347054822438e-10,
            "y": -3.0304792009161474e-10,
            "z": 2.4890898657758953e-06
        },
        "vehicle_throttle": 0.0,
        "unique_collisions": 0,
        "solid_lane_crosses": 1,
        "double_solid_lane_crosses": 0
    },
    {
        "game_time": 41.91246729530394,
        "vehicle_location": {
            "x": -74.37616729736328,
            "y": 156.49610900878906,
            "z": -0.0025508117396384478
        },
        "vehicle_velocity": {
            "x": -2.0450926285775495e-08,
            "y": 5.884246423448758e-09,
            "z": -0.00023134707589633763
        },
        "vehicle_throttle": 0.0,
        "unique_collisions": 0,
        "solid_lane_crosses": 1,
        "double_solid_lane_crosses": 0
    },
    {
        "game_time": 42.95530227012932,
        "vehicle_location": {
            "x": -74.37616729736328,
            "y": 156.49610900878906,
            "z": -0.00256767263635993
        },
        "vehicle_velocity": {
            "x": -4.112410323386939e-08,
            "y": 3.758720890090217e-09,
            "z": 0.00016664981376379728
        },
        "vehicle_throttle": 0.0,
        "unique_collisions": 0,
        "solid_lane_crosses": 1,
        "double_solid_lane_crosses": 0
    },
    {
        "game_time": 44.00171152316034,
        "vehicle_location": {
            "x": -74.37616729736328,
            "y": 156.49610900878906,
            "z": -0.0025679778773337603
        },
        "vehicle_velocity": {
            "x": 3.3090426398985073e-08,
            "y": -1.5088894578241252e-09,
            "z": 0.00019466399680823088
        },
        "vehicle_throttle": 0.0,
        "unique_collisions": 0,
        "solid_lane_crosses": 1,
        "double_solid_lane_crosses": 0
    },
    {
        "game_time": 45.00884405244142,
        "vehicle_location": {
            "x": -74.37616729736328,
            "y": 156.49610900878906,
            "z": -0.002560195978730917
        },
        "vehicle_velocity": {
            "x": -3.3374969454769143e-09,
            "y": 2.151638173186754e-10,
            "z": 1.9693374269991182e-05
        },
        "vehicle_throttle": 0.0,
        "unique_collisions": 0,
        "solid_lane_crosses": 1,
        "double_solid_lane_crosses": 0
    },
    {
        "game_time": 46.01086717378348,
        "vehicle_location": {
            "x": -74.37616729736328,
            "y": 156.49610900878906,
            "z": -0.002550277626141906
        },
        "vehicle_velocity": {
            "x": -1.0852022391816263e-08,
            "y": -3.3153864098522945e-09,
            "z": -0.00013012408453505486
        },
        "vehicle_throttle": 0.0,
        "unique_collisions": 0,
        "solid_lane_crosses": 1,
        "double_solid_lane_crosses": 0
    },
    {
        "game_time": 47.05890181940049,
        "vehicle_location": {
            "x": -74.37616729736328,
            "y": 156.49610900878906,
            "z": -0.0025568390265107155
        },
        "vehicle_velocity": {
            "x": -4.3493617596368495e-08,
            "y": 3.781852608852887e-09,
            "z": -9.989261161535978e-05
        },
        "vehicle_throttle": 0.0,
        "unique_collisions": 0,
        "solid_lane_crosses": 1,
        "double_solid_lane_crosses": 0
    },
    {
        "game_time": 48.081243608146906,
        "vehicle_location": {
            "x": -74.37616729736328,
            "y": 156.49610900878906,
            "z": -0.002532424870878458
        },
        "vehicle_velocity": {
            "x": -1.20165042361009e-08,
            "y": 3.368750611798532e-09,
            "z": -0.00013383387704379857
        },
        "vehicle_throttle": 0.0,
        "unique_collisions": 0,
        "solid_lane_crosses": 1,
        "double_solid_lane_crosses": 0
    },
    {
        "game_time": 49.12792041245848,
        "vehicle_location": {
            "x": -74.37654876708984,
            "y": 156.49026489257812,
            "z": -0.002651061862707138
        },
        "vehicle_velocity": {
            "x": -0.010315739549696445,
            "y": -0.15893837809562683,
            "z": -6.256579945329577e-05
        },
        "vehicle_throttle": 0.75,
        "unique_collisions": 0,
        "solid_lane_crosses": 1,
        "double_solid_lane_crosses": 0
    },
    {
        "game_time": 50.13404401578009,
        "vehicle_location": {
            "x": -74.46715545654297,
            "y": 154.09112548828125,
            "z": -0.003759689163416624
        },
        "vehicle_velocity": {
            "x": -0.1376192569732666,
            "y": -4.587440490722656,
            "z": 0.00010645866132108495
        },
        "vehicle_throttle": 0.75,
        "unique_collisions": 0,
        "solid_lane_crosses": 1,
        "double_solid_lane_crosses": 0
    },
    {
        "game_time": 51.176604917272925,
        "vehicle_location": {
            "x": -74.55939483642578,
            "y": 148.3992462158203,
            "z": -0.002344970591366291
        },
        "vehicle_velocity": {
            "x": 0.11811479181051254,
            "y": -5.431848049163818,
            "z": 0.0035314320120960474
        },
        "vehicle_throttle": 0.3280068337917328,
        "unique_collisions": 0,
        "solid_lane_crosses": 1,
        "double_solid_lane_crosses": 0
    },
    {
        "game_time": 52.22267317865044,
        "vehicle_location": {
            "x": -74.04182434082031,
            "y": 142.68341064453125,
            "z": 0.005057067610323429
        },
        "vehicle_velocity": {
            "x": 0.7232712507247925,
            "y": -5.487829685211182,
            "z": 0.008337574079632759
        },
        "vehicle_throttle": 0.17564457654953003,
        "unique_collisions": 0,
        "solid_lane_crosses": 1,
        "double_solid_lane_crosses": 0
    }
]