[
    {
        "game_time": 8.45255810720846,
        "vehicle_location": {
            "x": -32.295101165771484,
            "y": 194.13763427734375,
            "z": -0.003832931397482753
        },
        "vehicle_velocity": {
            "x": 2.5805375576019287,
            "y": 2.2401347160339355,
            "z": 0.0005012368783354759
        },
        "vehicle_throttle": 0.75,
        "unique_collisions": 0,
        "solid_lane_crosses": 0,
        "double_solid_lane_crosses": 0
    },
    {
        "game_time": 9.467921008821577,
        "vehicle_location": {
            "x": -30.275835037231445,
            "y": 197.9987030029297,
            "z": -0.0006222533993422985
        },
        "vehicle_velocity": {
            "x": -0.3603300154209137,
            "y": 3.8792059421539307,
            "z": 0.0003896856214851141
        },
        "vehicle_throttle": 0.75,
        "unique_collisions": 0,
        "solid_lane_crosses": 0,
        "double_solid_lane_crosses": 0
    },
    {
        "game_time": 10.531883366871625,
        "vehicle_location": {
            "x": -32.73847198486328,
            "y": 202.25558471679688,
            "z": -0.001207809429615736
        },
        "vehicle_velocity": {
            "x": -4.751819133758545,
            "y": 2.2871503829956055,
            "z": 8.855342457536608e-05
        },
        "vehicle_throttle": 0.75,
        "unique_collisions": 0,
        "solid_lane_crosses": 0,
        "double_solid_lane_crosses": 0
    },
    {
        "game_time": 11.550331512931734,
        "vehicle_location": {
            "x": -37.68436813354492,
            "y": 202.1912841796875,
            "z": -0.0008316802559420466
        },
        "vehicle_velocity": {
            "x": -3.3434770107269287,
            "y": -2.578709363937378,
            "z": 0.0004100418009329587
        },
        "vehicle_throttle": 0.0,
        "unique_collisions": 0,
        "solid_lane_crosses": 0,
        "double_solid_lane_crosses": 0
    },
    {
        "game_time": 12.593456496950239,
        "vehicle_location": {
            "x": -39.25278854370117,
            "y": 200.22401428222656,
            "z": -0.0016963195521384478
        },
        "vehicle_velocity": {
            "x": -0.34756961464881897,
            "y": -1.2471275329589844,
            "z": 1.1062621524615679e-05
        },
        "vehicle_throttle": 0.75,
        "unique_collisions": 0,
        "solid_lane_crosses": 0,
        "double_solid_lane_crosses": 0
    },
    {
        "game_time": 13.662595696281642,
        "vehicle_location": {
            "x": -39.45679473876953,
            "y": 197.07839965820312,
            "z": -0.0034281921107321978
        },
        "vehicle_velocity": {
            "x": 1.0593184232711792,
            "y": -5.14486026763916,
            "z": 3.952980023314012e-06
        },
        "vehicle_throttle": 0.75,
        "unique_collisions": 0,
        "solid_lane_crosses": 0,
        "double_solid_lane_crosses": 0
    },
    {
        "game_time": 14.689656655769795,
        "vehicle_location": {
            "x": -38.74311065673828,
            "y": 191.37925720214844,
            "z": -0.002922439482063055
        },
        "vehicle_velocity": {
            "x": -0.8859798312187195,
            "y": -5.6681437492370605,
            "z": -0.0002119064301950857
        },
        "vehicle_throttle": 0.0,
        "unique_collisions": 0,
        "solid_lane_crosses": 0,
        "double_solid_lane_crosses": 0
    },
    {
        "game_time": 15.691129525657743,
        "vehicle_location": {
            "x": -42.01611328125,
            "y": 187.61566162109375,
            "z": -0.0013550567673519254
        },
        "vehicle_velocity": {
            "x": -5.1668596267700195,
            "y": -1.0732682943344116,
            "z": -0.0008051585755310953
        },
        "vehicle_throttle": 0.75,
        "unique_collisions": 0,
        "solid_lane_crosses": 0,
        "double_solid_lane_crosses": 0
    },
    {
        "game_time": 16.722091839183122,
        "vehicle_location": {
            "x": -47.07839584350586,
            "y": 188.9716033935547,
            "z": -0.0018746948335319757
        },
        "vehicle_velocity": {
            "x": -3.9955437183380127,
            "y": 3.77386736869812,
            "z": 0.00010264396405545995
        },
        "vehicle_throttle": 0.44571244716644287,
        "unique_collisions": 0,
        "solid_lane_crosses": 0,
        "double_solid_lane_crosses": 0
    },
    {
        "game_time": 17.742506202775985,
        "vehicle_location": {
            "x": -51.91794967651367,
            "y": 191.13980102539062,
            "z": -0.0019175719935446978
        },
        "vehicle_velocity": {
            "x": -5.438750267028809,
            "y": -1.2877659797668457,
            "z": 0.0005451440811157227
        },
        "vehicle_throttle": 0.46847689151763916,
        "unique_collisions": 0,
        "solid_lane_crosses": 0,
        "double_solid_lane_crosses": 0
    },
    {
        "game_time": 18.74883633153513,
        "vehicle_location": {
            "x": -56.96614456176758,
            "y": 189.02574157714844,
            "z": -0.0024800109677016735
        },
        "vehicle_velocity": {
            "x": -4.76815938949585,
            "y": -2.842073917388916,
            "z": -1.7824173482949845e-05
        },
        "vehicle_throttle": 0.26599156856536865,
        "unique_collisions": 0,
        "solid_lane_crosses": 0,
        "double_solid_lane_crosses": 0
    },
    {
        "game_time": 19.768985585775226,
        "vehicle_location": {
            "x": -61.53057861328125,
            "y": 185.779296875,
            "z": -0.0025889587122946978
        },
        "vehicle_velocity": {
            "x": -4.073336124420166,
            "y": -3.746898651123047,
            "z": -2.3021697415970266e-05
        },
        "vehicle_throttle": 0.0,
        "unique_collisions": 0,
        "solid_lane_crosses": 0,
        "double_solid_lane_crosses": 0
    },
    {
        "game_time": 20.797537594567984,
        "vehicle_location": {
            "x": -65.4637451171875,
            "y": 181.73751831054688,
            "z": -0.0024149322416633368
        },
        "vehicle_velocity": {
            "x": -3.446824073791504,
            "y": -4.220397472381592,
            "z": 4.215240551275201e-06
        },
        "vehicle_throttle": 0.26636701822280884,
        "unique_collisions": 0,
        "solid_lane_crosses": 0,
        "double_solid_lane_crosses": 0
    },
    {
        "game_time": 21.84527471801266,
        "vehicle_location": {
            "x": -68.74919891357422,
            "y": 177.0291748046875,
            "z": -0.0023574065417051315
        },
        "vehicle_velocity": {
            "x": -2.7449791431427,
            "y": -4.728614807128906,
            "z": -1.7013549950206652e-05
        },
        "vehicle_throttle": 0.5577784776687622,
        "unique_collisions": 0,
        "solid_lane_crosses": 0,
        "double_solid_lane_crosses": 0
    },
    {
        "game_time": 22.89966230513528,
        "vehicle_location": {
            "x": -71.3274917602539,
            "y": 171.85134887695312,
            "z": -0.0024287414271384478
        },
        "vehicle_velocity": {
            "x": -2.040287494659424,
            "y": -4.924951553344727,
            "z": 5.4645538511977065e-06
        },
        "vehicle_throttle": 0.0,
        "unique_collisions": 0,
        "solid_lane_crosses": 0,
        "double_solid_lane_crosses": 0
    },
    {
        "game_time": 23.924102670978755,
        "vehicle_location": {
            "x": -72.75535583496094,
            "y": 167.7904510498047,
            "z": -0.0014711761614307761
        },
        "vehicle_velocity": {
            "x": -0.9260120391845703,
            "y": -3.0008251667022705,
            "z": -0.003223152132704854
        },
        "vehicle_throttle": 0.0,
        "unique_collisions": 0,
        "solid_lane_crosses": 0,
        "double_solid_lane_crosses": 0
    },
    {
        "game_time": 24.987041398417205,
        "vehicle_location": {
            "x": -73.27162170410156,
            "y": 165.87600708007812,
            "z": -0.0022476196754723787
        },
        "vehicle_velocity": {
            "x": -0.29298898577690125,
            "y": -1.142095923423767,
            "z": -4.696845735452371e-06
        },
        "vehicle_throttle": 0.75,
        "unique_collisions": 0,
        "solid_lane_crosses": 0,
        "double_solid_lane_crosses": 0
    },
    {
        "game_time": 25.999804218765348,
        "vehicle_location": {
            "x": -73.43742370605469,
            "y": 165.2435302734375,
            "z": -0.0018573760753497481
        },
        "vehicle_velocity": {
            "x": -0.010031875222921371,
            "y": -0.04226931557059288,
            "z": -7.562637165392516e-06
        },
        "vehicle_throttle": 0.75,
        "unique_collisions": 0,
        "solid_lane_crosses": 0,
        "double_solid_lane_crosses": 0
    },
    {
        "game_time": 27.033179334830493,
        "vehicle_location": {
            "x": -73.49702453613281,
            "y": 164.99462890625,
            "z": -0.002631301758810878
        },
        "vehicle_velocity": {
            "x": 0.00021912174997851253,
            "y": -0.00023976613010745496,
            "z": 1.8806456864695065e-05
        },
        "vehicle_throttle": 0.0,
        "unique_collisions": 0,
        "solid_lane_crosses": 0,
        "double_solid_lane_crosses": 0
    },
    {
        "game_time": 28.096508539747447,
        "vehicle_location": {
            "x": -73.50728607177734,
            "y": 164.94540405273438,
            "z": -0.0025857542641460896
        },
        "vehicle_velocity": {
            "x": -0.008182848803699017,
            "y": -0.04155484586954117,
            "z": -0.00012445449829101562
        },
        "vehicle_throttle": 0.75,
        "unique_collisions": 0,
        "solid_lane_crosses": 0,
        "double_solid_lane_crosses": 0
    },
    {
        "game_time": 29.116816075053066,
        "vehicle_location": {
            "x": -73.5118179321289,
            "y": 164.9231414794922,
            "z": -0.0026300048921257257
        },
        "vehicle_velocity": {
            "x": -0.006879753898829222,
            "y": -0.0352461040019989,
            "z": 0.0002774143067654222
        },
        "vehicle_throttle": 0.75,
        "unique_collisions": 0,
        "solid_lane_crosses": 0,
        "double_solid_lane_crosses": 0
    },
    {
        "game_time": 30.18146229116246,
        "vehicle_location": {
            "x": -73.5125732421875,
            "y": 164.91957092285156,
            "z": -0.0026262663304805756
        },
        "vehicle_velocity": {
            "x": 2.0308743842178956e-05,
            "y": -2.8489243049989454e-05,
            "z": -0.00019766806508414447
        },
        "vehicle_throttle": 0.0,
        "unique_collisions": 0,
        "solid_lane_crosses": 0,
        "double_solid_lane_crosses": 0
    },
    {
        "game_time": 31.223603024613112,
        "vehicle_location": {
            "x": -73.51274108886719,
            "y": 164.9188690185547,
            "z": -0.0026158904656767845
        },
        "vehicle_velocity": {
            "x": -3.2927431448115385e-07,
            "y": -3.048603502975311e-07,
            "z": -7.706641918048263e-05
        },
        "vehicle_throttle": 0.0,
        "unique_collisions": 0,
        "solid_lane_crosses": 0,
        "double_solid_lane_crosses": 0
    },
    {
        "game_time": 32.2975976835005,
        "vehicle_location": {
            "x": -73.51284790039062,
            "y": 164.9183807373047,
            "z": -0.0026065825950354338
        },
        "vehicle_velocity": {
            "x": -1.0847438716155011e-06,
            "y": 9.889081411529332e-07,
            "z": -0.00023405074898619205
        },
        "vehicle_throttle": 0.0,
        "unique_collisions": 0,
        "solid_lane_crosses": 0,
        "double_solid_lane_crosses": 0
    },
    {
        "game_time": 33.348785088863224,
        "vehicle_location": {
            "x": -73.51284790039062,
            "y": 164.9183807373047,
            "z": -0.002609787043184042
        },
        "vehicle_velocity": {
            "x": -2.8292128639861858e-09,
            "y": 1.850818698301282e-08,
            "z": -8.184432954294607e-05
        },
        "vehicle_throttle": 0.0,
        "unique_collisions": 0,
        "solid_lane_crosses": 0,
        "double_solid_lane_crosses": 0
    },
    {
        "game_time": 34.37003219826147,
        "vehicle_location": {
            "x": -73.51284790039062,
            "y": 164.9183807373047,
            "z": -0.002610168419778347
        },
        "vehicle_velocity": {
            "x": 3.067329146233533e-08,
            "y": 3.1037370451514334e-09,
            "z": -6.907463102834299e-05
        },
        "vehicle_throttle": 0.0,
        "unique_collisions": 0,
        "solid_lane_crosses": 0,
        "double_solid_lane_crosses": 0
    },
    {
        "game_time": 35.43390877684578,
        "vehicle_location": {
            "x": -73.51284790039062,
            "y": 164.9183807373047,
            "z": -0.002611083909869194
        },
        "vehicle_velocity": {
            "x": -4.547850540603804e-09,
            "y": 5.998694319053754e-10,
            "z": -9.17434681468876e-06
        },
        "vehicle_throttle": 0.0,
        "unique_collisions": 0,
        "solid_lane_crosses": 0,
        "double_solid_lane_crosses": 0
    },
    {
        "game_time": 36.50189780490473,
        "vehicle_location": {
            "x": -73.51284790039062,
            "y": 164.9183807373047,
            "z": -0.0025770568754523993
        },
        "vehicle_velocity": {
            "x": 1.816455252878768e-08,
            "y": 5.380559553458397e-09,
            "z": -0.0001497840858064592
        },
        "vehicle_throttle": 0.0,
        "unique_collisions": 0,
        "solid_lane_crosses": 0,
        "double_solid_lane_crosses": 0
    },
    {
        "game_time": 37.53153504291549,
        "vehicle_location": {
            "x": -73.51284790039062,
            "y": 164.9183807373047,
            "z": -0.002546234056353569
        },
        "vehicle_velocity": {
            "x": -1.456418363687817e-08,
            "y": 1.1124497989456472e-09,
            "z": -0.00048790930304676294
        },
        "vehicle_throttle": 0.0,
        "unique_collisions": 0,
        "solid_lane_crosses": 0,
        "double_solid_lane_crosses": 0
    },
    {
        "game_time": 38.5692097065039,
        "vehicle_location": {
            "x": -73.51284790039062,
            "y": 164.9183807373047,
            "z": -0.002615966834127903
        },
        "vehicle_velocity": {
            "x": -8.636034110054425e-09,
            "y": 1.2318421838131144e-09,
            "z": -0.00023262976901605725
        },
        "vehicle_throttle": 0.0,
        "unique_collisions": 0,
        "solid_lane_crosses": 0,
        "double_solid_lane_crosses": 0
    },
    {
        "game_time": 39.6153281503357,
        "vehicle_location": {
            "x": -73.51284790039062,
            "y": 164.9183807373047,
            "z": -0.002644500695168972
        },
        "vehicle_velocity": {
            "x": 3.271255621939417e-08,
            "y": 2.6638991013072655e-09,
            "z": 0.0006656360346823931
        },
        "vehicle_throttle": 0.0,
        "unique_collisions": 0,
        "solid_lane_crosses": 0,
        "double_solid_lane_crosses": 0
    },
    {
        "game_time": 40.67625674651936,
        "vehicle_location": {
            "x": -73.51284790039062,
            "y": 164.9183807373047,
            "z": -0.0026435088366270065
        },
        "vehicle_velocity": {
            "x": -7.488080711048894e-10,
            "y": -1.390823289870724e-10,
            "z": 8.646010974189267e-05
        },
        "vehicle_throttle": 0.0,
        "unique_collisions": 0,
        "solid_lane_crosses": 0,
        "double_solid_lane_crosses": 0
    },
    {
        "game_time": 41.720218795817345,
        "vehicle_location": {
            "x": -73.51284790039062,
            "y": 164.9183807373047,
            "z": -0.002650299109518528
        },
        "vehicle_velocity": {
            "x": -8.133818063527087e-09,
            "y": 1.2442071817275746e-09,
            "z": 0.00036359785008244216
        },
        "vehicle_throttle": 0.0,
        "unique_collisions": 0,
        "solid_lane_crosses": 0,
        "double_solid_lane_crosses": 0
    },
    {
        "game_time": 42.73741277633235,
        "vehicle_location": {
            "x": -73.51284790039062,
            "y": 164.9183807373047,
            "z": -0.0025479889009147882
        },
        "vehicle_velocity": {
            "x": 1.6028758320629777e-09,
            "y": 3.500416900781289e-10,
            "z": -4.922866719425656e-05
        },
        "vehicle_throttle": 0.0,
        "unique_collisions": 0,
        "solid_lane_crosses": 0,
        "double_solid_lane_crosses": 0
    },
    {
        "game_time": 43.78545831190422,
        "vehicle_location": {
            "x": -73.51284790039062,
            "y": 164.9183807373047,
            "z": -0.0025566101539880037
        },
        "vehicle_velocity": {
            "x": -1.0468705902155762e-08,
            "y": 7.906190147011216e-10,
            "z": -0.0003907775681000203
        },
        "vehicle_throttle": 0.0,
        "unique_collisions": 0,
        "solid_lane_crosses": 0,
        "double_solid_lane_crosses": 0
    },
    {
        "game_time": 44.83451717393473,
        "vehicle_location": {
            "x": -73.51284790039062,
            "y": 164.9183807373047,
            "z": -0.0025707243476063013
        },
        "vehicle_velocity": {
            "x": -3.3326983395198795e-09,
            "y": 8.79023964728276e-10,
            "z": 9.621620120014995e-05
        },
        "vehicle_throttle": 0.0,
        "unique_collisions": 0,
        "solid_lane_crosses": 0,
        "double_solid_lane_crosses": 0
    },
    {
        "game_time": 45.87540035741404,
        "vehicle_location": {
            "x": -73.51284790039062,
            "y": 164.9183807373047,
            "z": -0.002643432468175888
        },
        "vehicle_velocity": {
            "x": 5.5065701332068784e-08,
            "y": -1.577198460722684e-08,
            "z": 0.00019659042300190777
        },
        "vehicle_throttle": 0.0,
        "unique_collisions": 0,
        "solid_lane_crosses": 0,
        "double_solid_lane_crosses": 0
    },
    {
        "game_time": 46.9479547762312,
        "vehicle_location": {
            "x": -73.51284790039062,
            "y": 164.9183807373047,
            "z": -0.002644119318574667
        },
        "vehicle_velocity": {
            "x": -6.9553167669766935e-09,
            "y": 2.306643348548576e-10,
            "z": -0.0005401038797572255
        },
        "vehicle_throttle": 0.0,
        "unique_collisions": 0,
        "solid_lane_crosses": 0,
        "double_solid_lane_crosses": 0
    },
    {
        "game_time": 48.00756794447079,
        "vehicle_location": {
            "x": -73.51284790039062,
            "y": 164.9183807373047,
            "z": -0.002629623282700777
        },
        "vehicle_velocity": {
            "x": -9.524119271020481e-09,
            "y": 1.1333590732576226e-09,
            "z": -0.0002481269766576588
        },
        "vehicle_throttle": 0.0,
        "unique_collisions": 0,
        "solid_lane_crosses": 0,
        "double_solid_lane_crosses": 0
    },
    {
        "game_time": 49.03911628900096,
        "vehicle_location": {
            "x": -73.51284790039062,
            "y": 164.9183807373047,
            "z": -0.002604598877951503
        },
        "vehicle_velocity": {
            "x": -4.677039644462866e-09,
            "y": 8.385780958519717e-09,
            "z": 0.0002997112169396132
        },
        "vehicle_throttle": 0.0,
        "unique_collisions": 0,
        "solid_lane_crosses": 0,
        "double_solid_lane_crosses": 0
    },
    {
        "game_time": 50.04873495968059,
        "vehicle_location": {
            "x": -73.51284790039062,
            "y": 164.9183807373047,
            "z": -0.0025759886484593153
        },
        "vehicle_velocity": {
            "x": 2.34742891791484e-08,
            "y": 2.6209254766484946e-09,
            "z": -7.854461728129536e-05
        },
        "vehicle_throttle": 0.0,
        "unique_collisions": 0,
        "solid_lane_crosses": 0,
        "double_solid_lane_crosses": 0
    },
    {
        "game_time": 51.066991176921874,
        "vehicle_location": {
            "x": -73.53450012207031,
            "y": 164.81329345703125,
            "z": -0.0007131957681849599
        },
        "vehicle_velocity": {
            "x": -0.05823422223329544,
            "y": -0.2755158841609955,
            "z": 0.007053785026073456
        },
        "vehicle_throttle": 0.75,
        "unique_collisions": 0,
        "solid_lane_crosses": 0,
        "double_solid_lane_crosses": 0
    },
    {
        "game_time": 52.069600582588464,
        "vehicle_location": {
            "x": -73.81959533691406,
            "y": 163.33944702148438,
            "z": -0.003390350379049778
        },
        "vehicle_velocity": {
            "x": -0.41383445262908936,
            "y": -2.744030714035034,
            "z": -0.0024102116003632545
        },
        "vehicle_throttle": 0.0,
        "unique_collisions": 0,
        "solid_lane_crosses": 0,
        "double_solid_lane_crosses": 0
    },
    {
        "game_time": 53.07555204862729,
        "vehicle_location": {
            "x": -74.15233612060547,
            "y": 160.55409240722656,
            "z": -0.0017560577252879739
        },
        "vehicle_velocity": {
            "x": -0.19792482256889343,
            "y": -2.5546882152557373,
            "z": -0.0005321598146110773
        },
        "vehicle_throttle": 0.75,
        "unique_collisions": 0,
        "solid_lane_crosses": 0,
        "double_solid_lane_crosses": 0
    },
    {
        "game_time": 54.17806739592925,
        "vehicle_location": {
            "x": -74.42296600341797,
            "y": 155.82888793945312,
            "z": -0.0018269347492605448
        },
        "vehicle_velocity": {
            "x": -0.042073436081409454,
            "y": -4.741542816162109,
            "z": -0.001288561848923564
        },
        "vehicle_throttle": 0.0,
        "unique_collisions": 0,
        "solid_lane_crosses": 0,
        "double_solid_lane_crosses": 0
    },
    {
        "game_time": 55.22912756027654,
        "vehicle_location": {
            "x": -74.51875305175781,
            "y": 152.4037628173828,
            "z": -0.0028445434290915728
        },
        "vehicle_velocity": {
            "x": -0.06933318078517914,
            "y": -2.9755215644836426,
            "z": 0.00011521815758896992
        },
        "vehicle_throttle": 0.0,
        "unique_collisions": 0,
        "solid_lane_crosses": 0,
        "double_solid_lane_crosses": 0
    },
    {
        "game_time": 56.25529554160312,
        "vehicle_location": {
            "x": -74.57449340820312,
            "y": 148.9689178466797,
            "z": -0.003298110794275999
        },
        "vehicle_velocity": {
            "x": 0.06959207355976105,
            "y": -4.0324015617370605,
            "z": -0.00016817569849081337
        },
        "vehicle_throttle": 0.0,
        "unique_collisions": 0,
        "solid_lane_crosses": 0,
        "double_solid_lane_crosses": 0
    },
    {
        "game_time": 57.26403553271666,
        "vehicle_location": {
            "x": -74.43212890625,
            "y": 145.21983337402344,
            "z": 0.0006806945893913507
        },
        "vehicle_velocity": {
            "x": 0.6559926271438599,
            "y": -4.482797622680664,
            "z": 0.005767988972365856
        },
        "vehicle_throttle": 0.75,
        "unique_collisions": 0,
        "solid_lane_crosses": 0,
        "double_solid_lane_crosses": 0
    },
    {
        "game_time": 58.351210050750524,
        "vehicle_location": {
            "x": -72.75464630126953,
            "y": 140.2982635498047,
            "z": 0.008732757531106472
        },
        "vehicle_velocity": {
            "x": 2.794440507888794,
            "y": -3.852757453918457,
            "z": 0.006848020479083061
        },
        "vehicle_throttle": 0.0,
        "unique_collisions": 0,
        "solid_lane_crosses": 0,
        "double_solid_lane_crosses": 0
    },
    {
        "game_time": 59.40615682164207,
        "vehicle_location": {
            "x": -70.09807586669922,
            "y": 137.79183959960938,
            "z": 0.010759277269244194
        },
        "vehicle_velocity": {
            "x": 1.8304756879806519,
            "y": -0.8068011999130249,
            "z": -0.006182708777487278
        },
        "vehicle_throttle": 0.75,
        "unique_collisions": 0,
        "solid_lane_crosses": 0,
        "double_solid_lane_crosses": 0
    },
    {
        "game_time": 60.43523468496278,
        "vehicle_location": {
            "x": -67.44806671142578,
            "y": 136.6920928955078,
            "z": 0.0035102081019431353
        },
        "vehicle_velocity": {
            "x": 3.046067714691162,
            "y": -0.912923276424408,
            "z": -0.0033081243745982647
        },
        "vehicle_throttle": 0.75,
        "unique_collisions": 0,
        "solid_lane_crosses": 0,
        "double_solid_lane_crosses": 0
    },
    {
        "game_time": 61.447559107560664,
        "vehicle_location": {
            "x": -64.01171112060547,
            "y": 135.9808807373047,
            "z": -0.0043557737953960896
        },
        "vehicle_velocity": {
            "x": 4.103860378265381,
            "y": -0.5544836521148682,
            "z": 0.000991773558780551
        },
        "vehicle_throttle": 0.0,
        "unique_collisions": 0,
        "solid_lane_crosses": 0,
        "double_solid_lane_crosses": 0
    },
    {
        "game_time": 62.50551475258544,
        "vehicle_location": {
            "x": -60.18807601928711,
            "y": 135.6029815673828,
            "z": -0.0020560454577207565
        },
        "vehicle_velocity": {
            "x": 3.5436694622039795,
            "y": -0.2551719546318054,
            "z": 9.429454803466797e-05
        },
        "vehicle_throttle": 0.75,
        "unique_collisions": 0,
        "solid_lane_crosses": 0,
        "double_solid_lane_crosses": 0
    },
    {
        "game_time": 63.536521695088595,
        "vehicle_location": {
            "x": -56.19503402709961,
            "y": 135.37229919433594,
            "z": -0.003210525494068861
        },
        "vehicle_velocity": {
            "x": 4.042335033416748,
            "y": -0.19475439190864563,
            "z": -0.00016036987653933465
        },
        "vehicle_throttle": 0.0,
        "unique_collisions": 0,
        "solid_lane_crosses": 0,
        "double_solid_lane_crosses": 0
    },
    {
        "game_time": 64.58616701187566,
        "vehicle_location": {
            "x": -52.144344329833984,
            "y": 135.21246337890625,
            "z": -0.003133392194285989
        },
        "vehicle_velocity": {
            "x": 4.134185314178467,
            "y": -0.14395785331726074,
            "z": -0.00020392418082337826
        },
        "vehicle_throttle": 0.0,
        "unique_collisions": 0,
        "solid_lane_crosses": 0,
        "double_solid_lane_crosses": 0
    },
    {
        "game_time": 65.6293368008919,
        "vehicle_location": {
            "x": -48.06216812133789,
            "y": 135.08795166015625,
            "z": -0.002336654579266906
        },
        "vehicle_velocity": {
            "x": 3.901231288909912,
            "y": -0.1109866127371788,
            "z": 0.000223455426748842
        },
        "vehicle_throttle": 0.75,
        "unique_collisions": 0,
        "solid_lane_crosses": 0,
        "double_solid_lane_crosses": 0
    },
    {
        "game_time": 66.672887861263,
        "vehicle_location": {
            "x": -43.916038513183594,
            "y": 134.97802734375,
            "z": -0.0024869537446647882
        },
        "vehicle_velocity": {
            "x": 3.7997686862945557,
            "y": -0.0970543846487999,
            "z": 0.00033761977101676166
        },
        "vehicle_throttle": 0.0,
        "unique_collisions": 0,
        "solid_lane_crosses": 0,
        "double_solid_lane_crosses": 0
    },
    {
        "game_time": 67.69690666766837,
        "vehicle_location": {
            "x": -40.348472595214844,
            "y": 134.8905487060547,
            "z": -0.0028884124476462603
        },
        "vehicle_velocity": {
            "x": 3.721874237060547,
            "y": -0.08973392099142075,
            "z": 0.0004125356499571353
        },
        "vehicle_throttle": 0.0,
        "unique_collisions": 0,
        "solid_lane_crosses": 0,
        "double_solid_lane_crosses": 0
    },
    {
        "game_time": 68.7397119817324,
        "vehicle_location": {
            "x": -37.9643669128418,
            "y": 134.83387756347656,
            "z": -0.002427444327622652
        },
        "vehicle_velocity": {
            "x": 1.1925570964813232,
            "y": -0.028158990666270256,
            "z": 0.00040089606773108244
        },
        "vehicle_throttle": 0.0,
        "unique_collisions": 0,
        "solid_lane_crosses": 0,
        "double_solid_lane_crosses": 0
    },
    {
        "game_time": 69.77184005221352,
        "vehicle_location": {
            "x": -37.23177719116211,
            "y": 134.81655883789062,
            "z": -0.0033856199588626623
        },
        "vehicle_velocity": {
            "x": 0.9964639544487,
            "y": -0.02351061813533306,
            "z": 0.00024530410883016884
        },
        "vehicle_throttle": 0.0,
        "unique_collisions": 0,
        "solid_lane_crosses": 0,
        "double_solid_lane_crosses": 0
    },
    {
        "game_time": 70.77715227520093,
        "vehicle_location": {
            "x": -37.03955841064453,
            "y": 134.8112335205078,
            "z": -0.0023955535143613815
        },
        "vehicle_velocity": {
            "x": -0.005721905268728733,
            "y": 0.00022292918583843857,
            "z": 0.00013282298459671438
        },
        "vehicle_throttle": 0.75,
        "unique_collisions": 0,
        "solid_lane_crosses": 0,
        "double_solid_lane_crosses": 0
    },
    {
        "game_time": 71.83284816751257,
        "vehicle_location": {
            "x": -36.95279312133789,
            "y": 134.80908203125,
            "z": -0.0025871277321130037
        },
        "vehicle_velocity": {
            "x": 0.09874051809310913,
            "y": -0.0023680299054831266,
            "z": -0.00018687725241761655
        },
        "vehicle_throttle": 0.75,
        "unique_collisions": 0,
        "solid_lane_crosses": 0,
        "double_solid_lane_crosses": 0
    },
    {
        "game_time": 72.88536548661068,
        "vehicle_location": {
            "x": -36.93326187133789,
            "y": 134.80874633789062,
            "z": -0.0025654600467532873
        },
        "vehicle_velocity": {
            "x": -8.383723979932256e-06,
            "y": 5.124495601194212e-07,
            "z": -9.910106746247038e-05
        },
        "vehicle_throttle": 0.0,
        "unique_collisions": 0,
        "solid_lane_crosses": 0,
        "double_solid_lane_crosses": 0
    },
    {
        "game_time": 73.90567322587594,
        "vehicle_location": {
            "x": -36.93326950073242,
            "y": 134.80874633789062,
            "z": -0.002544403076171875
        },
        "vehicle_velocity": {
            "x": 2.6196575575454517e-08,
            "y": -1.80107146974251e-08,
            "z": -1.0924339221674018e-05
        },
        "vehicle_throttle": 0.0,
        "unique_collisions": 0,
        "solid_lane_crosses": 0,
        "double_solid_lane_crosses": 0
    },
    {
        "game_time": 74.95105218747631,
        "vehicle_location": {
            "x": -36.93326950073242,
            "y": 134.80874633789062,
            "z": -0.002566223032772541
        },
        "vehicle_velocity": {
            "x": -1.5465813518744653e-08,
            "y": -1.4861603503391052e-08,
            "z": 0.00012495994451455772
        },
        "vehicle_throttle": 0.0,
        "unique_collisions": 0,
        "solid_lane_crosses": 0,
        "double_solid_lane_crosses": 0
    },
    {
        "game_time": 75.99091255897656,
        "vehicle_location": {
            "x": -36.93326950073242,
            "y": 134.80874633789062,
            "z": -0.0025910185649991035
        },
        "vehicle_velocity": {
            "x": -8.033413045893667e-09,
            "y": 1.1200979699310665e-08,
            "z": 0.00032026765984483063
        },
        "vehicle_throttle": 0.0,
        "unique_collisions": 0,
        "solid_lane_crosses": 0,
        "double_solid_lane_crosses": 0
    },
    {
        "game_time": 77.04509075777605,
        "vehicle_location": {
            "x": -36.93326950073242,
            "y": 134.80874633789062,
            "z": -0.002550277626141906
        },
        "vehicle_velocity": {
            "x": 1.0173013542669196e-09,
            "y": 4.093257288673158e-09,
            "z": 0.00030933378729969263
        },
        "vehicle_throttle": 0.0,
        "unique_collisions": 0,
        "solid_lane_crosses": 0,
        "double_solid_lane_crosses": 0
    },
    {
        "game_time": 78.06192524777725,
        "vehicle_location": {
            "x": -36.93326950073242,
            "y": 134.80874633789062,
            "z": -0.0025646972935646772
        },
        "vehicle_velocity": {
            "x": 1.4965102934638708e-08,
            "y": -1.9092458725111783e-09,
            "z": -3.2701493182685226e-05
        },
        "vehicle_throttle": 0.0,
        "unique_collisions": 0,
        "solid_lane_crosses": 0,
        "double_solid_lane_crosses": 0
    },
    {
        "game_time": 79.09198247501627,
        "vehicle_location": {
            "x": -36.93326950073242,
            "y": 134.80874633789062,
            "z": -0.002591705182567239
        },
        "vehicle_velocity": {
            "x": -1.2814577843300867e-08,
            "y": 2.2442186775606388e-08,
            "z": 0.0003705215349327773
        },
        "vehicle_throttle": 0.0,
        "unique_collisions": 0,
        "solid_lane_crosses": 0,
        "double_solid_lane_crosses": 0
    },
    {
        "game_time": 80.1057618544437,
        "vehicle_location": {
            "x": -36.93326950073242,
            "y": 134.80874633789062,
            "z": -0.0025804899632930756
        },
        "vehicle_velocity": {
            "x": 1.4181942731283925e-08,
            "y": 8.933734862992537e-10,
            "z": 0.00026665686164051294
        },
        "vehicle_throttle": 0.0,
        "unique_collisions": 0,
        "solid_lane_crosses": 0,
        "double_solid_lane_crosses": 0
    },
    {
        "game_time": 81.12948236940429,
        "vehicle_location": {
            "x": -36.93326950073242,
            "y": 134.80874633789062,
            "z": -0.002568816998973489
        },
        "vehicle_velocity": {
            "x": 0.0,
            "y": 0.0,
            "z": 0.0
        },
        "vehicle_throttle": 0.0,
        "unique_collisions": 0,
        "solid_lane_crosses": 0,
        "double_solid_lane_crosses": 0
    },
    {
        "game_time": 82.15776719758287,
        "vehicle_location": {
            "x": -36.93326950073242,
            "y": 134.80874633789062,
            "z": -0.0025619505904614925
        },
        "vehicle_velocity": {
            "x": -6.639977900846361e-09,
            "y": 1.3602201143214643e-08,
            "z": 0.00016279697592835873
        },
        "vehicle_throttle": 0.0,
        "unique_collisions": 0,
        "solid_lane_crosses": 0,
        "double_solid_lane_crosses": 0
    },
    {
        "game_time": 83.17431418085471,
        "vehicle_location": {
            "x": -36.93326950073242,
            "y": 134.80874633789062,
            "z": -0.002558059524744749
        },
        "vehicle_velocity": {
            "x": 1.066632204782536e-08,
            "y": 4.679470677615427e-08,
            "z": 0.00026332377456128597
        },
        "vehicle_throttle": 0.0,
        "unique_collisions": 0,
        "solid_lane_crosses": 0,
        "double_solid_lane_crosses": 0
    },
    {
        "game_time": 84.22178616421297,
        "vehicle_location": {
            "x": -36.93326950073242,
            "y": 134.80874633789062,
            "z": -0.002567138522863388
        },
        "vehicle_velocity": {
            "x": 9.63344692905821e-09,
            "y": -7.086214726115259e-09,
            "z": 6.533145642606542e-05
        },
        "vehicle_throttle": 0.0,
        "unique_collisions": 0,
        "solid_lane_crosses": 0,
        "double_solid_lane_crosses": 0
    },
    {
        "game_time": 85.24953886913136,
        "vehicle_location": {
            "x": -36.93326950073242,
            "y": 134.80874633789062,
            "z": -0.0025645445566624403
        },
        "vehicle_velocity": {
            "x": 0.0,
            "y": 0.0,
            "z": 0.0
        },
        "vehicle_throttle": 0.0,
        "unique_collisions": 0,
        "solid_lane_crosses": 0,
        "double_solid_lane_crosses": 0
    },
    {
        "game_time": 86.26122616464272,
        "vehicle_location": {
            "x": -36.93326950073242,
            "y": 134.80874633789062,
            "z": -0.0025695799849927425
        },
        "vehicle_velocity": {
            "x": -5.23627941007021e-09,
            "y": 7.784487721096411e-09,
            "z": 0.00027251243591308594
        },
        "vehicle_throttle": 0.0,
        "unique_collisions": 0,
        "solid_lane_crosses": 0,
        "double_solid_lane_crosses": 0
    },
    {
        "game_time": 87.31214860221371,
        "vehicle_location": {
            "x": -36.93326950073242,
            "y": 134.80874633789062,
            "z": -0.0025560760404914618
        },
        "vehicle_velocity": {
            "x": -2.3840812657383026e-10,
            "y": -9.846493759235742e-11,
            "z": 4.5204160414868966e-06
        },
        "vehicle_throttle": 0.0,
        "unique_collisions": 0,
        "solid_lane_crosses": 0,
        "double_solid_lane_crosses": 0
    },
    {
        "game_time": 88.33304235199466,
        "vehicle_location": {
            "x": -36.93326950073242,
            "y": 134.80874633789062,
            "z": -0.0025301361456513405
        },
        "vehicle_velocity": {
            "x": 8.070035306673162e-09,
            "y": 3.1760830410121343e-08,
            "z": 0.00016076087194960564
        },
        "vehicle_throttle": 0.0,
        "unique_collisions": 0,
        "solid_lane_crosses": 0,
        "double_solid_lane_crosses": 0
    },
    {
        "game_time": 89.3503631404601,
        "vehicle_location": {
            "x": -36.93326950073242,
            "y": 134.80874633789062,
            "z": -0.002588424598798156
        },
        "vehicle_velocity": {
            "x": 1.108657965431803e-08,
            "y": -3.27771552122158e-08,
            "z": 0.00018515586270950735
        },
        "vehicle_throttle": 0.0,
        "unique_collisions": 0,
        "solid_lane_crosses": 0,
        "double_solid_lane_crosses": 0
    },
    {
        "game_time": 90.37504541082308,
        "vehicle_location": {
            "x": -36.93326950073242,
            "y": 134.80874633789062,
            "z": -0.0025639343075454235
        },
        "vehicle_velocity": {
            "x": 3.838426909652526e-09,
            "y": -3.6596008445854977e-09,
            "z": -0.0002630758099257946
        },
        "vehicle_throttle": 0.0,
        "unique_collisions": 0,
        "solid_lane_crosses": 0,
        "double_solid_lane_crosses": 0
    },
    {
        "game_time": 91.39769057976082,
        "vehicle_location": {
            "x": -36.93326950073242,
            "y": 134.80874633789062,
            "z": -0.0025470734108239412
        },
        "vehicle_velocity": {
            "x": 1.1326535265254734e-08,
            "y": 4.6101895634365064e-08,
            "z": 4.9233436584472656e-05
        },
        "vehicle_throttle": 0.0,
        "unique_collisions": 0,
        "solid_lane_crosses": 0,
        "double_solid_lane_crosses": 0
    },
    {
        "game_time": 92.43701670086011,
        "vehicle_location": {
            "x": -36.93326950073242,
            "y": 134.80874633789062,
            "z": -0.0025812529493123293
        },
        "vehicle_velocity": {
            "x": 1.5036899725373587e-08,
            "y": -1.1913393827001073e-08,
            "z": 2.1634101358358748e-05
        },
        "vehicle_throttle": 0.0,
        "unique_collisions": 0,
        "solid_lane_crosses": 0,
        "double_solid_lane_crosses": 0
    },
    {
        "game_time": 93.47782040433958,
        "vehicle_location": {
            "x": -36.93326950073242,
            "y": 134.80874633789062,
            "z": -0.002580261090770364
        },
        "vehicle_velocity": {
            "x": -1.1249914333433253e-09,
            "y": 7.81979547781475e-09,
            "z": -0.0001854991860454902
        },
        "vehicle_throttle": 0.0,
        "unique_collisions": 0,
        "solid_lane_crosses": 0,
        "double_solid_lane_crosses": 0
    },
    {
        "game_time": 94.4975998592563,
        "vehicle_location": {
            "x": -36.93326950073242,
            "y": 134.80874633789062,
            "z": -0.0025605009868741035
        },
        "vehicle_velocity": {
            "x": -7.030803050867007e-09,
            "y": 2.2775516583806166e-08,
            "z": -9.56630683504045e-05
        },
        "vehicle_throttle": 0.0,
        "unique_collisions": 0,
        "solid_lane_crosses": 0,
        "double_solid_lane_crosses": 0
    },
    {
        "game_time": 95.53784881578758,
        "vehicle_location": {
            "x": -36.80387496948242,
            "y": 134.805908203125,
            "z": -0.0034365844912827015
        },
        "vehicle_velocity": {
            "x": 0.9163166880607605,
            "y": -0.021732930094003677,
            "z": -3.877639755955897e-05
        },
        "vehicle_throttle": 0.0,
        "unique_collisions": 0,
        "solid_lane_crosses": 0,
        "double_solid_lane_crosses": 0
    },
    {
        "game_time": 96.57260384550318,
        "vehicle_location": {
            "x": -35.535736083984375,
            "y": 134.7763214111328,
            "z": -0.0025040435139089823
        },
        "vehicle_velocity": {
            "x": 2.105158567428589,
            "y": -0.04897373914718628,
            "z": -0.0001682424481259659
        },
        "vehicle_throttle": 0.75,
        "unique_collisions": 0,
        "solid_lane_crosses": 0,
        "double_solid_lane_crosses": 0
    },
    {
        "game_time": 97.6087870192714,
        "vehicle_location": {
            "x": -32.62215805053711,
            "y": 134.70932006835938,
            "z": -0.003128662006929517
        },
        "vehicle_velocity": {
            "x": 3.318424701690674,
            "y": -0.07612494379281998,
            "z": 0.0001300144213018939
        },
        "vehicle_throttle": 0.0,
        "unique_collisions": 0,
        "solid_lane_crosses": 0,
        "double_solid_lane_crosses": 0
    },
    {
        "game_time": 98.64346008421853,
        "vehicle_location": {
            "x": -28.48927116394043,
            "y": 134.6149444580078,
            "z": -0.0029797363094985485
        },
        "vehicle_velocity": {
            "x": 5.218893527984619,
            "y": -0.11889275908470154,
            "z": 2.6044845071737655e-05
        },
        "vehicle_throttle": 0.0,
        "unique_collisions": 0,
        "solid_lane_crosses": 0,
        "double_solid_lane_crosses": 0
    },
    {
        "game_time": 99.69579438818619,
        "vehicle_location": {
            "x": -22.740732192993164,
            "y": 134.48435974121094,
            "z": -0.002616042969748378
        },
        "vehicle_velocity": {
            "x": 5.6464996337890625,
            "y": -0.1281098872423172,
            "z": 3.681182761283708e-06
        },
        "vehicle_throttle": 0.0,
        "unique_collisions": 0,
        "solid_lane_crosses": 0,
        "double_solid_lane_crosses": 0
    },
    {
        "game_time": 100.74092091573402,
        "vehicle_location": {
            "x": -17.029478073120117,
            "y": 134.87351989746094,
            "z": -0.0025578306522220373
        },
        "vehicle_velocity": {
            "x": 5.227524757385254,
            "y": 1.6731678247451782,
            "z": -0.0001301193260587752
        },
        "vehicle_throttle": 0.0,
        "unique_collisions": 0,
        "solid_lane_crosses": 0,
        "double_solid_lane_crosses": 0
    },
    {
        "game_time": 101.76560294022784,
        "vehicle_location": {
            "x": -12.501248359680176,
            "y": 137.96153259277344,
            "z": -0.0023960876278579235
        },
        "vehicle_velocity": {
            "x": 2.888416051864624,
            "y": 4.688374042510986,
            "z": 1.6341209629899822e-05
        },
        "vehicle_throttle": 0.0,
        "unique_collisions": 0,
        "solid_lane_crosses": 0,
        "double_solid_lane_crosses": 0
    },
    {
        "game_time": 102.82258060527965,
        "vehicle_location": {
            "x": -10.50107479095459,
            "y": 143.3334197998047,
            "z": -0.0024516296107321978
        },
        "vehicle_velocity": {
            "x": 1.0651133060455322,
            "y": 5.365730285644531,
            "z": 6.719589146086946e-05
        },
        "vehicle_throttle": 0.0,
        "unique_collisions": 0,
        "solid_lane_crosses": 0,
        "double_solid_lane_crosses": 0
    },
    {
        "game_time": 103.83162621827796,
        "vehicle_location": {
            "x": -9.80330753326416,
            "y": 148.83226013183594,
            "z": -0.0024463653098791838
        },
        "vehicle_velocity": {
            "x": 0.33264023065567017,
            "y": 5.423555374145508,
            "z": 4.181861640972784e-06
        },
        "vehicle_throttle": 0.23732084035873413,
        "unique_collisions": 0,
        "solid_lane_crosses": 0,
        "double_solid_lane_crosses": 0
    },
    {
        "game_time": 104.8535116747953,
        "vehicle_location": {
            "x": -9.528081893920898,
            "y": 154.43630981445312,
            "z": -0.0023851776495575905
        },
        "vehicle_velocity": {
            "x": 0.1759701520204544,
            "y": 5.456429958343506,
            "z": 1.9741057712963084e-06
        },
        "vehicle_throttle": 0.423647940158844,
        "unique_collisions": 0,
        "solid_lane_crosses": 0,
        "double_solid_lane_crosses": 0
    },
    {
        "game_time": 105.89288744935766,
        "vehicle_location": {
            "x": -9.394901275634766,
            "y": 160.15159606933594,
            "z": -0.002525405725464225
        },
        "vehicle_velocity": {
            "x": 0.09230087697505951,
            "y": 5.563538551330566,
            "z": 4.5108795347914565e-06
        },
        "vehicle_throttle": 0.0997917577624321,
        "unique_collisions": 0,
        "solid_lane_crosses": 0,
        "double_solid_lane_crosses": 0
    },
    {
        "game_time": 106.94631718145683,
        "vehicle_location": {
            "x": -9.31890869140625,
            "y": 165.95127868652344,
            "z": -0.0025254820939153433
        },
        "vehicle_velocity": {
            "x": 0.05736647546291351,
            "y": 5.484846591949463,
            "z": -5.960464477539062e-07
        },
        "vehicle_throttle": 0.08005125820636749,
        "unique_collisions": 0,
        "solid_lane_crosses": 0,
        "double_solid_lane_crosses": 0
    },
    {
        "game_time": 107.9581372239627,
        "vehicle_location": {
            "x": -9.26868724822998,
            "y": 171.50987243652344,
            "z": -0.0023819732014089823
        },
        "vehicle_velocity": {
            "x": 0.035337600857019424,
            "y": 5.429468154907227,
            "z": -4.382133283797884e-06
        },
        "vehicle_throttle": 0.3832763731479645,
        "unique_collisions": 0,
        "solid_lane_crosses": 0,
        "double_solid_lane_crosses": 0
    },
    {
        "game_time": 108.97637824108824,
        "vehicle_location": {
            "x": -9.226978302001953,
            "y": 177.1051788330078,
            "z": -0.0024475096724927425
        },
        "vehicle_velocity": {
            "x": 0.03923775255680084,
            "y": 5.519802570343018,
            "z": 3.0517576306010596e-06
        },
        "vehicle_throttle": 0.2953580319881439,
        "unique_collisions": 0,
        "solid_lane_crosses": 0,
        "double_solid_lane_crosses": 0
    },
    {
        "game_time": 110.00515660690144,
        "vehicle_location": {
            "x": -9.20055103302002,
            "y": 182.7708282470703,
            "z": -0.0026052093598991632
        },
        "vehicle_velocity": {
            "x": -0.009121879935264587,
            "y": 5.56010627746582,
            "z": 4.95910626341356e-07
        },
        "vehicle_throttle": 0.0,
        "unique_collisions": 0,
        "solid_lane_crosses": 0,
        "double_solid_lane_crosses": 0
    },
    {
        "game_time": 111.05218812031671,
        "vehicle_location": {
            "x": -9.809871673583984,
            "y": 188.45864868164062,
            "z": -0.002306976355612278
        },
        "vehicle_velocity": {
            "x": -1.8715006113052368,
            "y": 5.082722187042236,
            "z": -0.00023441790835931897
        },
        "vehicle_throttle": 0.4631693959236145,
        "unique_collisions": 0,
        "solid_lane_crosses": 0,
        "double_solid_lane_crosses": 0
    },
    {
        "game_time": 112.09353905497119,
        "vehicle_location": {
            "x": -14.01369857788086,
            "y": 191.8014678955078,
            "z": -0.002378921490162611
        },
        "vehicle_velocity": {
            "x": -5.399549961090088,
            "y": 1.60969078540802,
            "z": -1.2431144568836316e-05
        },
        "vehicle_throttle": 0.0,
        "unique_collisions": 0,
        "solid_lane_crosses": 0,
        "double_solid_lane_crosses": 0
    },
    {
        "game_time": 113.11713900743052,
        "vehicle_location": {
            "x": -19.35841941833496,
            "y": 193.56748962402344,
            "z": -0.002538299420848489
        },
        "vehicle_velocity": {
            "x": -5.216503620147705,
            "y": 1.6764212846755981,
            "z": 1.0442734037496848e-06
        },
        "vehicle_throttle": 0.09825145453214645,
        "unique_collisions": 0,
        "solid_lane_crosses": 0,
        "double_solid_lane_crosses": 0
    },
    {
        "game_time": 114.12978680664673,
        "vehicle_location": {
            "x": -24.657594680786133,
            "y": 195.27127075195312,
            "z": -0.0023956298828125
        },
        "vehicle_velocity": {
            "x": -5.169954299926758,
            "y": 1.6533313989639282,
            "z": -5.130767931404989e-06
        },
        "vehicle_throttle": 0.36111709475517273,
        "unique_collisions": 0,
        "solid_lane_crosses": 0,
        "double_solid_lane_crosses": 0
    },
    {
        "game_time": 115.18393564643338,
        "vehicle_location": {
            "x": -30.319538116455078,
            "y": 196.4121856689453,
            "z": -0.0023387144319713116
        },
        "vehicle_velocity": {
            "x": -5.408097267150879,
            "y": 0.5412437915802002,
            "z": -2.3970604161149822e-05
        },
        "vehicle_throttle": 0.5325820446014404,
        "unique_collisions": 0,
        "solid_lane_crosses": 0,
        "double_solid_lane_crosses": 0
    },
    {
        "game_time": 116.20771967293695,
        "vehicle_location": {
            "x": -35.93513870239258,
            "y": 196.8562774658203,
            "z": -0.0025460051838308573
        },
        "vehicle_velocity": {
            "x": -5.570842742919922,
            "y": 0.10906071215867996,
            "z": 2.5749204723979346e-07
        },
        "vehicle_throttle": 0.10167692601680756,
        "unique_collisions": 0,
        "solid_lane_crosses": 0,
        "double_solid_lane_crosses": 0
    },
    {
        "game_time": 117.22032937733456,
        "vehicle_location": {
            "x": -41.50654602050781,
            "y": 197.0644073486328,
            "z": -0.00258636474609375
        },
        "vehicle_velocity": {
            "x": -5.52152681350708,
            "y": 0.19315560162067413,
            "z": 1.7356871921947459e-06
        },
        "vehicle_throttle": 0.0,
        "unique_collisions": 0,
        "solid_lane_crosses": 0,
        "double_solid_lane_crosses": 0
    }
]