[
    {
        "game_time": 8.228374738711864,
        "vehicle_location": {
            "x": -32.93629837036133,
            "y": 193.75518798828125,
            "z": -0.010493659414350986
        },
        "vehicle_velocity": {
            "x": 1.1997535228729248,
            "y": 1.0525894165039062,
            "z": 0.0011036109644919634
        },
        "vehicle_throttle": 0.75,
        "unique_collisions": 0,
        "solid_lane_crosses": 0,
        "double_solid_lane_crosses": 0
    },
    {
        "game_time": 9.248777890112251,
        "vehicle_location": {
            "x": -31.88092041015625,
            "y": 195.0022735595703,
            "z": -0.023462485522031784
        },
        "vehicle_velocity": {
            "x": -0.008102252148091793,
            "y": 0.18424205482006073,
            "z": 0.01309937797486782
        },
        "vehicle_throttle": 0.75,
        "unique_collisions": 1,
        "solid_lane_crosses": 0,
        "double_solid_lane_crosses": 0
    },
    {
        "game_time": 10.319330076221377,
        "vehicle_location": {
            "x": -32.092987060546875,
            "y": 194.99598693847656,
            "z": -0.029227828606963158
        },
        "vehicle_velocity": {
            "x": -0.283486008644104,
            "y": -0.0289298128336668,
            "z": 0.0006089889793656766
        },
        "vehicle_throttle": 0.75,
        "unique_collisions": 1,
        "solid_lane_crosses": 0,
        "double_solid_lane_crosses": 0
    },
    {
        "game_time": 11.37163457321003,
        "vehicle_location": {
            "x": -32.35477828979492,
            "y": 194.94241333007812,
            "z": -0.03002975322306156
        },
        "vehicle_velocity": {
            "x": -0.3029448091983795,
            "y": 0.012379446066915989,
            "z": -0.0008928102324716747
        },
        "vehicle_throttle": 0.75,
        "unique_collisions": 1,
        "solid_lane_crosses": 0,
        "double_solid_lane_crosses": 0
    },
    {
        "game_time": 12.393333787564188,
        "vehicle_location": {
            "x": -32.61870193481445,
            "y": 194.90855407714844,
            "z": -0.03037494607269764
        },
        "vehicle_velocity": {
            "x": -0.3441722095012665,
            "y": 0.06328081339597702,
            "z": -0.003569183638319373
        },
        "vehicle_throttle": 0.75,
        "unique_collisions": 1,
        "solid_lane_crosses": 0,
        "double_solid_lane_crosses": 0
    },
    {
        "game_time": 13.40020547946915,
        "vehicle_location": {
            "x": -32.9090576171875,
            "y": 194.91754150390625,
            "z": -0.029513206332921982
        },
        "vehicle_velocity": {
            "x": -0.44886934757232666,
            "y": 0.09438870847225189,
            "z": -0.0023302168119698763
        },
        "vehicle_throttle": 0.75,
        "unique_collisions": 1,
        "solid_lane_crosses": 0,
        "double_solid_lane_crosses": 0
    },
    {
        "game_time": 14.42819874593988,
        "vehicle_location": {
            "x": -33.230186462402344,
            "y": 195.01388549804688,
            "z": -0.02177581749856472
        },
        "vehicle_velocity": {
            "x": 0.011488864198327065,
            "y": -0.0008584975730627775,
            "z": 0.007924223318696022
        },
        "vehicle_throttle": 0.75,
        "unique_collisions": 1,
        "solid_lane_crosses": 0,
        "double_solid_lane_crosses": 0
    },
    {
        "game_time": 15.441414246801287,
        "vehicle_location": {
            "x": -33.29832077026367,
            "y": 195.04893493652344,
            "z": -0.02020309492945671
        },
        "vehicle_velocity": {
            "x": -0.060703277587890625,
            "y": 0.015440613962709904,
            "z": -0.003199144033715129
        },
        "vehicle_throttle": 0.75,
        "unique_collisions": 1,
        "solid_lane_crosses": 0,
        "double_solid_lane_crosses": 0
    },
    {
        "game_time": 16.441559875849634,
        "vehicle_location": {
            "x": -33.34443283081055,
            "y": 195.0583038330078,
            "z": -0.01925533264875412
        },
        "vehicle_velocity": {
            "x": -0.02323266677558422,
            "y": 0.00861823558807373,
            "z": 0.0011223014444112778
        },
        "vehicle_throttle": 0.75,
        "unique_collisions": 1,
        "solid_lane_crosses": 0,
        "double_solid_lane_crosses": 0
    },
    {
        "game_time": 17.492678894195706,
        "vehicle_location": {
            "x": -33.37677001953125,
            "y": 195.0653839111328,
            "z": -0.01860397309064865
        },
        "vehicle_velocity": {
            "x": -0.029718739911913872,
            "y": 0.006609301548451185,
            "z": -0.0001553916954435408
        },
        "vehicle_throttle": 0.75,
        "unique_collisions": 1,
        "solid_lane_crosses": 0,
        "double_solid_lane_crosses": 0
    },
    {
        "game_time": 18.518426620867103,
        "vehicle_location": {
            "x": -33.40753936767578,
            "y": 195.07305908203125,
            "z": -0.018437804654240608
        },
        "vehicle_velocity": {
            "x": -0.049532148987054825,
            "y": 0.015044012106955051,
            "z": -0.0008654743432998657
        },
        "vehicle_throttle": 0.75,
        "unique_collisions": 1,
        "solid_lane_crosses": 0,
        "double_solid_lane_crosses": 0
    },
    {
        "game_time": 19.52734568947926,
        "vehicle_location": {
            "x": -33.427207946777344,
            "y": 195.0760040283203,
            "z": -0.016011390835046768
        },
        "vehicle_velocity": {
            "x": -0.03323601558804512,
            "y": 0.0034306226298213005,
            "z": 0.0029714652337133884
        },
        "vehicle_throttle": 0.75,
        "unique_collisions": 1,
        "solid_lane_crosses": 0,
        "double_solid_lane_crosses": 0
    }
]