[
    {
        "game_time": 10.314576894044876,
        "vehicle_location": {
            "x": -32.33251953125,
            "y": 194.1073760986328,
            "z": -0.0040149688720703125
        },
        "vehicle_velocity": {
            "x": 2.5642876625061035,
            "y": 2.1811981201171875,
            "z": -2.2158621504786424e-05
        },
        "vehicle_throttle": 0.75,
        "unique_collisions": 0,
        "solid_lane_crosses": 0,
        "double_solid_lane_crosses": 0
    },
    {
        "game_time": 11.330866230651736,
        "vehicle_location": {
            "x": -30.225563049316406,
            "y": 198.30245971679688,
            "z": -0.0013240814441815019
        },
        "vehicle_velocity": {
            "x": -0.548686683177948,
            "y": 5.284932613372803,
            "z": -5.815982513013296e-05
        },
        "vehicle_throttle": 0.75,
        "unique_collisions": 0,
        "solid_lane_crosses": 0,
        "double_solid_lane_crosses": 0
    },
    {
        "game_time": 12.381167577579618,
        "vehicle_location": {
            "x": -33.20965576171875,
            "y": 202.64810180664062,
            "z": -0.0017417906783521175
        },
        "vehicle_velocity": {
            "x": -5.147078037261963,
            "y": 1.7269731760025024,
            "z": -0.0008477210649289191
        },
        "vehicle_throttle": 0.6766809225082397,
        "unique_collisions": 0,
        "solid_lane_crosses": 0,
        "double_solid_lane_crosses": 0
    },
    {
        "game_time": 13.430102339014411,
        "vehicle_location": {
            "x": -38.39470291137695,
            "y": 201.7162322998047,
            "z": -0.0019033050630241632
        },
        "vehicle_velocity": {
            "x": -3.848097085952759,
            "y": -4.099619388580322,
            "z": 0.0012867831392213702
        },
        "vehicle_throttle": 0.22803211212158203,
        "unique_collisions": 0,
        "solid_lane_crosses": 0,
        "double_solid_lane_crosses": 0
    },
    {
        "game_time": 14.552624851465225,
        "vehicle_location": {
            "x": -39.86684036254883,
            "y": 196.18063354492188,
            "z": -0.0020891570020467043
        },
        "vehicle_velocity": {
            "x": 0.7463482022285461,
            "y": -5.3681182861328125,
            "z": 0.00015556334983557463
        },
        "vehicle_throttle": 0.75,
        "unique_collisions": 0,
        "solid_lane_crosses": 0,
        "double_solid_lane_crosses": 0
    },
    {
        "game_time": 15.595208864659071,
        "vehicle_location": {
            "x": -39.640769958496094,
            "y": 190.41476440429688,
            "z": -0.0031646727584302425
        },
        "vehicle_velocity": {
            "x": -1.4377793073654175,
            "y": -5.7185797691345215,
            "z": -0.00020745277288369834
        },
        "vehicle_throttle": 0.0,
        "unique_collisions": 0,
        "solid_lane_crosses": 0,
        "double_solid_lane_crosses": 0
    },
    {
        "game_time": 16.611473869532347,
        "vehicle_location": {
            "x": -43.218929290771484,
            "y": 186.8252716064453,
            "z": -0.0018856810638681054
        },
        "vehicle_velocity": {
            "x": -5.601532459259033,
            "y": -0.8176321387290955,
            "z": -0.00013337134441826493
        },
        "vehicle_throttle": 0.0,
        "unique_collisions": 0,
        "solid_lane_crosses": 0,
        "double_solid_lane_crosses": 0
    },
    {
        "game_time": 17.666397845372558,
        "vehicle_location": {
            "x": -48.1879768371582,
            "y": 188.69390869140625,
            "z": -0.0024060821160674095
        },
        "vehicle_velocity": {
            "x": -3.8793959617614746,
            "y": 4.414734363555908,
            "z": 0.0013158225920051336
        },
        "vehicle_throttle": 0.0,
        "unique_collisions": 0,
        "solid_lane_crosses": 0,
        "double_solid_lane_crosses": 0
    },
    {
        "game_time": 18.7010903917253,
        "vehicle_location": {
            "x": -53.00879669189453,
            "y": 190.8895721435547,
            "z": -0.0019285583402961493
        },
        "vehicle_velocity": {
            "x": -5.3618268966674805,
            "y": -1.4367034435272217,
            "z": 0.0025289154145866632
        },
        "vehicle_throttle": 0.5500055551528931,
        "unique_collisions": 0,
        "solid_lane_crosses": 0,
        "double_solid_lane_crosses": 0
    },
    {
        "game_time": 19.711935348808765,
        "vehicle_location": {
            "x": -57.95444107055664,
            "y": 188.50677490234375,
            "z": -0.0023339842446148396
        },
        "vehicle_velocity": {
            "x": -4.451437473297119,
            "y": -3.0407769680023193,
            "z": -1.9340513972565532e-05
        },
        "vehicle_throttle": 0.5113158822059631,
        "unique_collisions": 0,
        "solid_lane_crosses": 0,
        "double_solid_lane_crosses": 0
    },
    {
        "game_time": 20.74829568527639,
        "vehicle_location": {
            "x": -62.43370819091797,
            "y": 185.00384521484375,
            "z": -0.0020773315336555243
        },
        "vehicle_velocity": {
            "x": -3.890678882598877,
            "y": -3.5986735820770264,
            "z": 2.177238457079511e-05
        },
        "vehicle_throttle": 0.75,
        "unique_collisions": 0,
        "solid_lane_crosses": 0,
        "double_solid_lane_crosses": 0
    },
    {
        "game_time": 21.756443090736866,
        "vehicle_location": {
            "x": -66.18441009521484,
            "y": 180.86593627929688,
            "z": -0.002386016771197319
        },
        "vehicle_velocity": {
            "x": -3.212451934814453,
            "y": -4.347598552703857,
            "z": -1.8653869119589217e-05
        },
        "vehicle_throttle": 0.0,
        "unique_collisions": 0,
        "solid_lane_crosses": 0,
        "double_solid_lane_crosses": 0
    },
    {
        "game_time": 22.77025269716978,
        "vehicle_location": {
            "x": -69.25979614257812,
            "y": 176.250244140625,
            "z": -0.002865447895601392
        },
        "vehicle_velocity": {
            "x": -2.8653762340545654,
            "y": -5.001809120178223,
            "z": 1.430511474609375e-05
        },
        "vehicle_throttle": 0.30569127202033997,
        "unique_collisions": 0,
        "solid_lane_crosses": 0,
        "double_solid_lane_crosses": 0
    },
    {
        "game_time": 23.85821158066392,
        "vehicle_location": {
            "x": -71.79045867919922,
            "y": 170.79554748535156,
            "z": -0.0018129729432985187
        },
        "vehicle_velocity": {
            "x": -1.678721308708191,
            "y": -4.881947994232178,
            "z": -8.630752745375503e-06
        },
        "vehicle_throttle": 0.75,
        "unique_collisions": 0,
        "solid_lane_crosses": 0,
        "double_solid_lane_crosses": 0
    },
    {
        "game_time": 24.887114834040403,
        "vehicle_location": {
            "x": -73.37590026855469,
            "y": 165.34718322753906,
            "z": -0.003178253071382642
        },
        "vehicle_velocity": {
            "x": -1.3403233289718628,
            "y": -5.760356903076172,
            "z": 0.0005127525073476136
        },
        "vehicle_throttle": 0.00761446263641119,
        "unique_collisions": 0,
        "solid_lane_crosses": 0,
        "double_solid_lane_crosses": 0
    },
    {
        "game_time": 25.899753145873547,
        "vehicle_location": {
            "x": -74.12641143798828,
            "y": 159.7883758544922,
            "z": -0.0027021788991987705
        },
        "vehicle_velocity": {
            "x": -0.447646826505661,
            "y": -5.5765061378479,
            "z": 0.00028048513922840357
        },
        "vehicle_throttle": 0.0,
        "unique_collisions": 0,
        "solid_lane_crosses": 0,
        "double_solid_lane_crosses": 0
    },
    {
        "game_time": 26.951805036514997,
        "vehicle_location": {
            "x": -74.35830688476562,
            "y": 156.32550048828125,
            "z": -0.0015027618501335382
        },
        "vehicle_velocity": {
            "x": -0.051218803972005844,
            "y": -1.1509186029434204,
            "z": -0.00023598670668434352
        },
        "vehicle_throttle": 0.0,
        "unique_collisions": 0,
        "solid_lane_crosses": 0,
        "double_solid_lane_crosses": 0
    },
    {
        "game_time": 28.021987039595842,
        "vehicle_location": {
            "x": -74.36339569091797,
            "y": 156.21664428710938,
            "z": -0.0026139067485928535
        },
        "vehicle_velocity": {
            "x": -2.490692395440419e-06,
            "y": -7.493251177947968e-05,
            "z": 0.00032285688212141395
        },
        "vehicle_throttle": 0.0,
        "unique_collisions": 0,
        "solid_lane_crosses": 0,
        "double_solid_lane_crosses": 0
    },
    {
        "game_time": 29.046939622610807,
        "vehicle_location": {
            "x": -74.36339569091797,
            "y": 156.21664428710938,
            "z": -0.0025850676465779543
        },
        "vehicle_velocity": {
            "x": -1.4710781925941774e-08,
            "y": 4.121130459111555e-08,
            "z": 2.4752616809564643e-05
        },
        "vehicle_throttle": 0.0,
        "unique_collisions": 0,
        "solid_lane_crosses": 0,
        "double_solid_lane_crosses": 0
    },
    {
        "game_time": 30.10217403434217,
        "vehicle_location": {
            "x": -74.36339569091797,
            "y": 156.21664428710938,
            "z": -0.0025804138276726007
        },
        "vehicle_velocity": {
            "x": 2.590711112304689e-08,
            "y": 9.200436856815486e-09,
            "z": 0.00016909599071368575
        },
        "vehicle_throttle": 0.0,
        "unique_collisions": 0,
        "solid_lane_crosses": 0,
        "double_solid_lane_crosses": 0
    },
    {
        "game_time": 31.16535998135805,
        "vehicle_location": {
            "x": -74.36339569091797,
            "y": 156.21664428710938,
            "z": -0.0026238251011818647
        },
        "vehicle_velocity": {
            "x": 3.0550648233429456e-08,
            "y": 1.2765868362407673e-08,
            "z": -0.00013615608622785658
        },
        "vehicle_throttle": 0.0,
        "unique_collisions": 0,
        "solid_lane_crosses": 0,
        "double_solid_lane_crosses": 0
    },
    {
        "game_time": 32.21725941821933,
        "vehicle_location": {
            "x": -74.36339569091797,
            "y": 156.21664428710938,
            "z": -0.0026033781468868256
        },
        "vehicle_velocity": {
            "x": 2.6949518172614262e-08,
            "y": 1.1878820593835826e-08,
            "z": -0.00027667044196277857
        },
        "vehicle_throttle": 0.0,
        "unique_collisions": 0,
        "solid_lane_crosses": 0,
        "double_solid_lane_crosses": 0
    },
    {
        "game_time": 33.30596685409546,
        "vehicle_location": {
            "x": -74.36339569091797,
            "y": 156.21664428710938,
            "z": -0.002621993888169527
        },
        "vehicle_velocity": {
            "x": 9.493463792864532e-09,
            "y": 1.656323966869877e-08,
            "z": -0.0002842331014107913
        },
        "vehicle_throttle": 0.0,
        "unique_collisions": 0,
        "solid_lane_crosses": 0,
        "double_solid_lane_crosses": 0
    },
    {
        "game_time": 34.34813476353884,
        "vehicle_location": {
            "x": -74.36339569091797,
            "y": 156.21664428710938,
            "z": -0.0025857542641460896
        },
        "vehicle_velocity": {
            "x": -3.8160163029488103e-08,
            "y": -1.0335591937860045e-08,
            "z": -8.96453821042087e-06
        },
        "vehicle_throttle": 0.0,
        "unique_collisions": 0,
        "solid_lane_crosses": 0,
        "double_solid_lane_crosses": 0
    },
    {
        "game_time": 35.40534826926887,
        "vehicle_location": {
            "x": -74.36339569091797,
            "y": 156.21664428710938,
            "z": -0.002576446393504739
        },
        "vehicle_velocity": {
            "x": -1.9693620956218183e-08,
            "y": 2.938163490284751e-09,
            "z": -4.730224463855848e-05
        },
        "vehicle_throttle": 0.0,
        "unique_collisions": 0,
        "solid_lane_crosses": 0,
        "double_solid_lane_crosses": 0
    },
    {
        "game_time": 36.45196491666138,
        "vehicle_location": {
            "x": -74.36339569091797,
            "y": 156.21664428710938,
            "z": -0.002608413575217128
        },
        "vehicle_velocity": {
            "x": 8.5843341324221e-09,
            "y": 2.2269391664053728e-08,
            "z": 1.1405944860598538e-05
        },
        "vehicle_throttle": 0.0,
        "unique_collisions": 0,
        "solid_lane_crosses": 0,
        "double_solid_lane_crosses": 0
    },
    {
        "game_time": 37.48302469961345,
        "vehicle_location": {
            "x": -74.36339569091797,
            "y": 156.21664428710938,
            "z": -0.0026004791725426912
        },
        "vehicle_velocity": {
            "x": 1.521697257089727e-08,
            "y": 1.0639059411232665e-08,
            "z": 0.00019671439076773822
        },
        "vehicle_throttle": 0.0,
        "unique_collisions": 0,
        "solid_lane_crosses": 0,
        "double_solid_lane_crosses": 0
    },
    {
        "game_time": 38.51262676343322,
        "vehicle_location": {
            "x": -74.36339569091797,
            "y": 156.21664428710938,
            "z": -0.0025757597759366035
        },
        "vehicle_velocity": {
            "x": 6.3287810547763e-09,
            "y": 2.564039647268146e-08,
            "z": 0.0003665399563033134
        },
        "vehicle_throttle": 0.0,
        "unique_collisions": 0,
        "solid_lane_crosses": 0,
        "double_solid_lane_crosses": 0
    },
    {
        "game_time": 39.53302540257573,
        "vehicle_location": {
            "x": -74.36339569091797,
            "y": 156.21664428710938,
            "z": -0.0026223754975944757
        },
        "vehicle_velocity": {
            "x": 2.2855394021803477e-08,
            "y": 8.525757877464457e-09,
            "z": -0.0005487632588483393
        },
        "vehicle_throttle": 0.0,
        "unique_collisions": 0,
        "solid_lane_crosses": 0,
        "double_solid_lane_crosses": 0
    },
    {
        "game_time": 40.577764458954334,
        "vehicle_location": {
            "x": -74.36339569091797,
            "y": 156.21664428710938,
            "z": -0.0026176453102380037
        },
        "vehicle_velocity": {
            "x": 3.101650136727585e-08,
            "y": 9.462628014489383e-09,
            "z": -0.00038228987250477076
        },
        "vehicle_throttle": 0.0,
        "unique_collisions": 0,
        "solid_lane_crosses": 0,
        "double_solid_lane_crosses": 0
    },
    {
        "game_time": 41.632082445546985,
        "vehicle_location": {
            "x": -74.36339569091797,
            "y": 156.21664428710938,
            "z": -0.002582550048828125
        },
        "vehicle_velocity": {
            "x": 8.881770874324957e-09,
            "y": 1.008130290358622e-08,
            "z": -0.00025699613615870476
        },
        "vehicle_throttle": 0.0,
        "unique_collisions": 0,
        "solid_lane_crosses": 0,
        "double_solid_lane_crosses": 0
    },
    {
        "game_time": 42.67940076254308,
        "vehicle_location": {
            "x": -74.36339569091797,
            "y": 156.21664428710938,
            "z": -0.00259819021448493
        },
        "vehicle_velocity": {
            "x": -2.2450285186437213e-08,
            "y": -5.934402302898434e-09,
            "z": -0.0004272270016372204
        },
        "vehicle_throttle": 0.0,
        "unique_collisions": 0,
        "solid_lane_crosses": 0,
        "double_solid_lane_crosses": 0
    },
    {
        "game_time": 43.74882744252682,
        "vehicle_location": {
            "x": -74.36339569091797,
            "y": 156.21664428710938,
            "z": -0.002583465538918972
        },
        "vehicle_velocity": {
            "x": 1.9837372633446648e-08,
            "y": 1.2252802328305279e-08,
            "z": -0.00032485960400663316
        },
        "vehicle_throttle": 0.0,
        "unique_collisions": 0,
        "solid_lane_crosses": 0,
        "double_solid_lane_crosses": 0
    },
    {
        "game_time": 44.792160518467426,
        "vehicle_location": {
            "x": -74.36339569091797,
            "y": 156.21664428710938,
            "z": -0.0025772093795239925
        },
        "vehicle_velocity": {
            "x": 7.0786447814441544e-09,
            "y": 3.9380996241789035e-09,
            "z": 0.00015836715465411544
        },
        "vehicle_throttle": 0.0,
        "unique_collisions": 0,
        "solid_lane_crosses": 0,
        "double_solid_lane_crosses": 0
    },
    {
        "game_time": 45.8610186483711,
        "vehicle_location": {
            "x": -74.36339569091797,
            "y": 156.21664428710938,
            "z": -0.002596359234303236
        },
        "vehicle_velocity": {
            "x": 1.5265863240188082e-08,
            "y": -1.4641156731443061e-08,
            "z": 0.0003685379051603377
        },
        "vehicle_throttle": 0.0,
        "unique_collisions": 0,
        "solid_lane_crosses": 0,
        "double_solid_lane_crosses": 0
    },
    {
        "game_time": 46.92762247286737,
        "vehicle_location": {
            "x": -74.36339569091797,
            "y": 156.21664428710938,
            "z": -0.0025908660609275103
        },
        "vehicle_velocity": {
            "x": -5.521251011941786e-08,
            "y": -1.1786058351503925e-08,
            "z": 0.00013717651017941535
        },
        "vehicle_throttle": 0.0,
        "unique_collisions": 0,
        "solid_lane_crosses": 0,
        "double_solid_lane_crosses": 0
    },
    {
        "game_time": 48.00496935099363,
        "vehicle_location": {
            "x": -74.36339569091797,
            "y": 156.21664428710938,
            "z": -0.0025806427001953125
        },
        "vehicle_velocity": {
            "x": 3.055718167388477e-08,
            "y": 1.3432591039475028e-08,
            "z": 2.7890204364666715e-05
        },
        "vehicle_throttle": 0.0,
        "unique_collisions": 0,
        "solid_lane_crosses": 0,
        "double_solid_lane_crosses": 0
    },
    {
        "game_time": 49.01882639527321,
        "vehicle_location": {
            "x": -74.36339569091797,
            "y": 156.21664428710938,
            "z": -0.0025741576682776213
        },
        "vehicle_velocity": {
            "x": 4.6789072172259694e-08,
            "y": 1.0287513951823257e-08,
            "z": 0.00018991470278706402
        },
        "vehicle_throttle": 0.0,
        "unique_collisions": 0,
        "solid_lane_crosses": 0,
        "double_solid_lane_crosses": 0
    },
    {
        "game_time": 50.0340809635818,
        "vehicle_location": {
            "x": -74.42337036132812,
            "y": 154.9943084716797,
            "z": -0.0039206696674227715
        },
        "vehicle_velocity": {
            "x": -0.15764014422893524,
            "y": -3.3014183044433594,
            "z": -0.0003770542098209262
        },
        "vehicle_throttle": 0.75,
        "unique_collisions": 0,
        "solid_lane_crosses": 0,
        "double_solid_lane_crosses": 0
    },
    {
        "game_time": 51.05355877801776,
        "vehicle_location": {
            "x": -74.55120086669922,
            "y": 149.7511444091797,
            "z": -0.0018347930163145065
        },
        "vehicle_velocity": {
            "x": -0.044025469571352005,
            "y": -5.468804359436035,
            "z": -0.00015488624921999872
        },
        "vehicle_throttle": 0.0,
        "unique_collisions": 0,
        "solid_lane_crosses": 0,
        "double_solid_lane_crosses": 0
    },
    {
        "game_time": 52.090783946216106,
        "vehicle_location": {
            "x": -74.59950256347656,
            "y": 144.10223388671875,
            "z": 0.0033380889799445868
        },
        "vehicle_velocity": {
            "x": -0.0010903471847996116,
            "y": -5.210513114929199,
            "z": 0.008317012339830399
        },
        "vehicle_throttle": 0.75,
        "unique_collisions": 0,
        "solid_lane_crosses": 0,
        "double_solid_lane_crosses": 0
    },
    {
        "game_time": 53.17109229974449,
        "vehicle_location": {
            "x": -74.45521545410156,
            "y": 138.10711669921875,
            "z": 0.01333640981465578
        },
        "vehicle_velocity": {
            "x": 0.29783403873443604,
            "y": -5.948070526123047,
            "z": 0.011586646549403667
        },
        "vehicle_throttle": 0.0,
        "unique_collisions": 0,
        "solid_lane_crosses": 0,
        "double_solid_lane_crosses": 0
    },
    {
        "game_time": 54.247951816767454,
        "vehicle_location": {
            "x": -74.21934509277344,
            "y": 132.16102600097656,
            "z": 0.028730163350701332
        },
        "vehicle_velocity": {
            "x": 0.18113771080970764,
            "y": -5.1611127853393555,
            "z": 0.012708949856460094
        },
        "vehicle_throttle": 0.6352080702781677,
        "unique_collisions": 0,
        "solid_lane_crosses": 0,
        "double_solid_lane_crosses": 0
    },
    {
        "game_time": 55.30635174922645,
        "vehicle_location": {
            "x": -74.1124038696289,
            "y": 126.3687973022461,
            "z": 0.04169723391532898
        },
        "vehicle_velocity": {
            "x": 0.13948071002960205,
            "y": -5.8240532875061035,
            "z": 0.0144590949639678
        },
        "vehicle_throttle": 0.33568036556243896,
        "unique_collisions": 0,
        "solid_lane_crosses": 0,
        "double_solid_lane_crosses": 0
    },
    {
        "game_time": 56.32714535295963,
        "vehicle_location": {
            "x": -74.81111907958984,
            "y": 120.75041961669922,
            "z": 0.06824447214603424
        },
        "vehicle_velocity": {
            "x": -1.1180263757705688,
            "y": -5.303132057189941,
            "z": 0.04740172252058983
        },
        "vehicle_throttle": 0.0,
        "unique_collisions": 0,
        "solid_lane_crosses": 0,
        "double_solid_lane_crosses": 0
    },
    {
        "game_time": 57.39126096107066,
        "vehicle_location": {
            "x": -76.04991149902344,
            "y": 115.06890106201172,
            "z": 0.1361924707889557
        },
        "vehicle_velocity": {
            "x": -1.2924903631210327,
            "y": -5.712838649749756,
            "z": 0.07747820019721985
        },
        "vehicle_throttle": 0.0,
        "unique_collisions": 0,
        "solid_lane_crosses": 0,
        "double_solid_lane_crosses": 0
    },
    {
        "game_time": 58.40831749327481,
        "vehicle_location": {
            "x": -77.01728820800781,
            "y": 109.50650787353516,
            "z": 0.2081298828125
        },
        "vehicle_velocity": {
            "x": -0.42423713207244873,
            "y": -5.289855003356934,
            "z": 0.07249307632446289
        },
        "vehicle_throttle": 0.13848921656608582,
        "unique_collisions": 0,
        "solid_lane_crosses": 0,
        "double_solid_lane_crosses": 0
    },
    {
        "game_time": 59.47975987568498,
        "vehicle_location": {
            "x": -77.39002990722656,
            "y": 103.6474609375,
            "z": 0.2968311905860901
        },
        "vehicle_velocity": {
            "x": -0.21622039377689362,
            "y": -5.84461784362793,
            "z": 0.09939204901456833
        },
        "vehicle_throttle": 0.0,
        "unique_collisions": 0,
        "solid_lane_crosses": 0,
        "double_solid_lane_crosses": 0
    },
    {
        "game_time": 60.56278864108026,
        "vehicle_location": {
            "x": -77.52049255371094,
            "y": 98.1942367553711,
            "z": 0.39470556378364563
        },
        "vehicle_velocity": {
            "x": -0.062082599848508835,
            "y": -4.04275369644165,
            "z": 0.07171985507011414
        },
        "vehicle_throttle": 0.75,
        "unique_collisions": 0,
        "solid_lane_crosses": 0,
        "double_solid_lane_crosses": 0
    },
    {
        "game_time": 61.61877558194101,
        "vehicle_location": {
            "x": -77.57542419433594,
            "y": 93.61820983886719,
            "z": 0.474047988653183
        },
        "vehicle_velocity": {
            "x": -0.04139997810125351,
            "y": -4.485299110412598,
            "z": 0.07970385998487473
        },
        "vehicle_throttle": 0.0,
        "unique_collisions": 0,
        "solid_lane_crosses": 0,
        "double_solid_lane_crosses": 0
    },
    {
        "game_time": 62.681005442515016,
        "vehicle_location": {
            "x": -77.60369873046875,
            "y": 89.61642456054688,
            "z": 0.5459287762641907
        },
        "vehicle_velocity": {
            "x": -0.020622748881578445,
            "y": -3.541332244873047,
            "z": 0.062229957431554794
        },
        "vehicle_throttle": 0.0,
        "unique_collisions": 0,
        "solid_lane_crosses": 0,
        "double_solid_lane_crosses": 0
    },
    {
        "game_time": 63.71341962739825,
        "vehicle_location": {
            "x": -77.62258911132812,
            "y": 85.76827239990234,
            "z": 0.6128853559494019
        },
        "vehicle_velocity": {
            "x": -0.018467804417014122,
            "y": -4.292026996612549,
            "z": 0.07576058059930801
        },
        "vehicle_throttle": 0.0,
        "unique_collisions": 0,
        "solid_lane_crosses": 0,
        "double_solid_lane_crosses": 0
    },
    {
        "game_time": 64.74623470567167,
        "vehicle_location": {
            "x": -77.63697052001953,
            "y": 81.9660415649414,
            "z": 0.6815770864486694
        },
        "vehicle_velocity": {
            "x": -0.009896347299218178,
            "y": -2.8583996295928955,
            "z": 0.05102936550974846
        },
        "vehicle_throttle": 0.75,
        "unique_collisions": 0,
        "solid_lane_crosses": 0,
        "double_solid_lane_crosses": 0
    },
    {
        "game_time": 65.82382665760815,
        "vehicle_location": {
            "x": -77.6492691040039,
            "y": 78.23592376708984,
            "z": 0.7415094375610352
        },
        "vehicle_velocity": {
            "x": -0.012491464614868164,
            "y": -4.047767162322998,
            "z": 0.06464845687150955
        },
        "vehicle_throttle": 0.75,
        "unique_collisions": 0,
        "solid_lane_crosses": 0,
        "double_solid_lane_crosses": 0
    },
    {
        "game_time": 66.82578694075346,
        "vehicle_location": {
            "x": -77.66038513183594,
            "y": 74.5794448852539,
            "z": 0.7906168103218079
        },
        "vehicle_velocity": {
            "x": -0.00842199381440878,
            "y": -2.9270436763763428,
            "z": 0.033580005168914795
        },
        "vehicle_throttle": 0.75,
        "unique_collisions": 0,
        "solid_lane_crosses": 0,
        "double_solid_lane_crosses": 0
    },
    {
        "game_time": 67.90308338403702,
        "vehicle_location": {
            "x": -77.67118835449219,
            "y": 70.83740234375,
            "z": 0.8179388046264648
        },
        "vehicle_velocity": {
            "x": -0.010942993685603142,
            "y": -3.9947690963745117,
            "z": 0.022808121517300606
        },
        "vehicle_throttle": 0.75,
        "unique_collisions": 0,
        "solid_lane_crosses": 0,
        "double_solid_lane_crosses": 0
    },
    {
        "game_time": 68.97013820521533,
        "vehicle_location": {
            "x": -77.68268585205078,
            "y": 66.73336791992188,
            "z": 0.8259252905845642
        },
        "vehicle_velocity": {
            "x": -0.010269003920257092,
            "y": -3.7560126781463623,
            "z": -0.0007689380436204374
        },
        "vehicle_throttle": 0.75,
        "unique_collisions": 0,
        "solid_lane_crosses": 0,
        "double_solid_lane_crosses": 0
    },
    {
        "game_time": 69.98356663808227,
        "vehicle_location": {
            "x": -77.69389343261719,
            "y": 62.67504119873047,
            "z": 0.8067070841789246
        },
        "vehicle_velocity": {
            "x": -0.009648429229855537,
            "y": -3.5086727142333984,
            "z": -0.020947003737092018
        },
        "vehicle_throttle": 0.0,
        "unique_collisions": 0,
        "solid_lane_crosses": 0,
        "double_solid_lane_crosses": 0
    },
    {
        "game_time": 71.03210482187569,
        "vehicle_location": {
            "x": -77.70460510253906,
            "y": 58.774993896484375,
            "z": 0.7627096176147461
        },
        "vehicle_velocity": {
            "x": -0.01162177324295044,
            "y": -4.261254787445068,
            "z": -0.051100872457027435
        },
        "vehicle_throttle": 0.0,
        "unique_collisions": 0,
        "solid_lane_crosses": 0,
        "double_solid_lane_crosses": 0
    },
    {
        "game_time": 72.10330134257674,
        "vehicle_location": {
            "x": -77.71549987792969,
            "y": 54.79301452636719,
            "z": 0.6959707736968994
        },
        "vehicle_velocity": {
            "x": -0.007724897004663944,
            "y": -2.8298354148864746,
            "z": -0.05422082915902138
        },
        "vehicle_throttle": 0.75,
        "unique_collisions": 0,
        "solid_lane_crosses": 0,
        "double_solid_lane_crosses": 0
    },
    {
        "game_time": 73.11496690660715,
        "vehicle_location": {
            "x": -77.72560119628906,
            "y": 51.093994140625,
            "z": 0.6082028150558472
        },
        "vehicle_velocity": {
            "x": -0.010984259657561779,
            "y": -4.019253253936768,
            "z": -0.09729839861392975
        },
        "vehicle_throttle": 0.75,
        "unique_collisions": 0,
        "solid_lane_crosses": 0,
        "double_solid_lane_crosses": 0
    },
    {
        "game_time": 74.12182533927262,
        "vehicle_location": {
            "x": -77.73655700683594,
            "y": 47.085731506347656,
            "z": 0.49732398986816406
        },
        "vehicle_velocity": {
            "x": -0.010019378736615181,
            "y": -3.6746037006378174,
            "z": -0.10258014500141144
        },
        "vehicle_throttle": 0.75,
        "unique_collisions": 0,
        "solid_lane_crosses": 0,
        "double_solid_lane_crosses": 0
    },
    {
        "game_time": 75.12251509353518,
        "vehicle_location": {
            "x": -77.74748229980469,
            "y": 43.07992935180664,
            "z": 0.3823876976966858
        },
        "vehicle_velocity": {
            "x": -0.01047434564679861,
            "y": -3.8449044227600098,
            "z": -0.1066644936800003
        },
        "vehicle_throttle": 0.0,
        "unique_collisions": 0,
        "solid_lane_crosses": 0,
        "double_solid_lane_crosses": 0
    },
    {
        "game_time": 76.15260947868228,
        "vehicle_location": {
            "x": -77.76130676269531,
            "y": 38.00904083251953,
            "z": 0.2567715346813202
        },
        "vehicle_velocity": {
            "x": -0.01490536518394947,
            "y": -5.467933177947998,
            "z": -0.1080181747674942
        },
        "vehicle_throttle": 0.0,
        "unique_collisions": 0,
        "solid_lane_crosses": 0,
        "double_solid_lane_crosses": 0
    },
    {
        "game_time": 77.18166678026319,
        "vehicle_location": {
            "x": -77.77554321289062,
            "y": 32.79880142211914,
            "z": 0.15974541008472443
        },
        "vehicle_velocity": {
            "x": -0.009524600580334663,
            "y": -3.5330417156219482,
            "z": -0.058028850704431534
        },
        "vehicle_throttle": 0.0,
        "unique_collisions": 0,
        "solid_lane_crosses": 0,
        "double_solid_lane_crosses": 0
    },
    {
        "game_time": 78.21758293174207,
        "vehicle_location": {
            "x": -77.78147888183594,
            "y": 30.59477424621582,
            "z": 0.12286819517612457
        },
        "vehicle_velocity": {
            "x": -0.009034838527441025,
            "y": -0.8724885582923889,
            "z": -0.019198298454284668
        },
        "vehicle_throttle": 0.75,
        "unique_collisions": 0,
        "solid_lane_crosses": 0,
        "double_solid_lane_crosses": 0
    },
    {
        "game_time": 79.21763887442648,
        "vehicle_location": {
            "x": -77.78351593017578,
            "y": 29.850677490234375,
            "z": 0.11179076880216599
        },
        "vehicle_velocity": {
            "x": -0.0023430094588547945,
            "y": -0.8539936542510986,
            "z": -0.009291953407227993
        },
        "vehicle_throttle": 0.0,
        "unique_collisions": 0,
        "solid_lane_crosses": 0,
        "double_solid_lane_crosses": 0
    },
    {
        "game_time": 80.22002564370632,
        "vehicle_location": {
            "x": -77.78572845458984,
            "y": 29.710948944091797,
            "z": 0.10163215547800064
        },
        "vehicle_velocity": {
            "x": -0.0031601744703948498,
            "y": -0.0016188048757612705,
            "z": 0.007603646256029606
        },
        "vehicle_throttle": 0.75,
        "unique_collisions": 1,
        "solid_lane_crosses": 0,
        "double_solid_lane_crosses": 0
    },
    {
        "game_time": 81.2556010466069,
        "vehicle_location": {
            "x": -77.78881072998047,
            "y": 28.42782211303711,
            "z": 0.09522193670272827
        },
        "vehicle_velocity": {
            "x": -0.008933567441999912,
            "y": -3.437486171722412,
            "z": -0.035478170961141586
        },
        "vehicle_throttle": 0.75,
        "unique_collisions": 1,
        "solid_lane_crosses": 0,
        "double_solid_lane_crosses": 0
    },
    {
        "game_time": 82.28688511624932,
        "vehicle_location": {
            "x": -77.79460144042969,
            "y": 26.08563995361328,
            "z": 0.07406158000230789
        },
        "vehicle_velocity": {
            "x": -4.650169557862682e-06,
            "y": -0.0008884264389052987,
            "z": 0.00275485310703516
        },
        "vehicle_throttle": 0.0,
        "unique_collisions": 1,
        "solid_lane_crosses": 0,
        "double_solid_lane_crosses": 0
    },
    {
        "game_time": 83.34561725333333,
        "vehicle_location": {
            "x": -77.79588317871094,
            "y": 25.521562576293945,
            "z": 0.06919494271278381
        },
        "vehicle_velocity": {
            "x": -0.00386461871676147,
            "y": -1.476150631904602,
            "z": -0.0072356220334768295
        },
        "vehicle_throttle": 0.0,
        "unique_collisions": 1,
        "solid_lane_crosses": 0,
        "double_solid_lane_crosses": 0
    },
    {
        "game_time": 84.36111107468605,
        "vehicle_location": {
            "x": -77.8012466430664,
            "y": 23.49993133544922,
            "z": 0.05930984392762184
        },
        "vehicle_velocity": {
            "x": -0.007461352739483118,
            "y": -2.807647943496704,
            "z": -0.014381632208824158
        },
        "vehicle_throttle": 0.75,
        "unique_collisions": 1,
        "solid_lane_crosses": 0,
        "double_solid_lane_crosses": 0
    },
    {
        "game_time": 85.41066171042621,
        "vehicle_location": {
            "x": -77.8104019165039,
            "y": 20.074569702148438,
            "z": 0.041684720665216446
        },
        "vehicle_velocity": {
            "x": -0.01057421788573265,
            "y": -3.531236171722412,
            "z": -0.019735416397452354
        },
        "vehicle_throttle": 0.0,
        "unique_collisions": 1,
        "solid_lane_crosses": 0,
        "double_solid_lane_crosses": 0
    },
    {
        "game_time": 86.4438642077148,
        "vehicle_location": {
            "x": -77.84554290771484,
            "y": 16.23505973815918,
            "z": 0.01839248649775982
        },
        "vehicle_velocity": {
            "x": -0.11111170798540115,
            "y": -5.055778503417969,
            "z": -0.013896064832806587
        },
        "vehicle_throttle": 0.75,
        "unique_collisions": 1,
        "solid_lane_crosses": 0,
        "double_solid_lane_crosses": 0
    },
    {
        "game_time": 87.45060732774436,
        "vehicle_location": {
            "x": -78.50975799560547,
            "y": 10.66018295288086,
            "z": 0.00011230468226131052
        },
        "vehicle_velocity": {
            "x": -1.4929935932159424,
            "y": -5.385505199432373,
            "z": -0.002500247908756137
        },
        "vehicle_throttle": 0.0,
        "unique_collisions": 1,
        "solid_lane_crosses": 0,
        "double_solid_lane_crosses": 0
    },
    {
        "game_time": 88.51606429927051,
        "vehicle_location": {
            "x": -80.80985260009766,
            "y": 5.2917375564575195,
            "z": -0.0046916198916733265
        },
        "vehicle_velocity": {
            "x": -3.164776563644409,
            "y": -4.670596599578857,
            "z": -0.006431827321648598
        },
        "vehicle_throttle": 0.0,
        "unique_collisions": 1,
        "solid_lane_crosses": 0,
        "double_solid_lane_crosses": 0
    },
    {
        "game_time": 89.54376010224223,
        "vehicle_location": {
            "x": -84.29656219482422,
            "y": 1.570757269859314,
            "z": -0.009991073049604893
        },
        "vehicle_velocity": {
            "x": -3.301612377166748,
            "y": -2.372741460800171,
            "z": -0.006242609117180109
        },
        "vehicle_throttle": 0.0,
        "unique_collisions": 1,
        "solid_lane_crosses": 0,
        "double_solid_lane_crosses": 0
    },
    {
        "game_time": 90.55134996213019,
        "vehicle_location": {
            "x": -87.90290832519531,
            "y": -0.6922559142112732,
            "z": -0.014690322801470757
        },
        "vehicle_velocity": {
            "x": -3.033262014389038,
            "y": -1.1627222299575806,
            "z": -0.0031322382856160402
        },
        "vehicle_throttle": 0.75,
        "unique_collisions": 1,
        "solid_lane_crosses": 0,
        "double_solid_lane_crosses": 0
    },
    {
        "game_time": 91.60426915436983,
        "vehicle_location": {
            "x": -91.61811065673828,
            "y": -1.8517591953277588,
            "z": -0.017826156690716743
        },
        "vehicle_velocity": {
            "x": -3.247709274291992,
            "y": -0.6546438336372375,
            "z": -0.0007368230726569891
        },
        "vehicle_throttle": 0.75,
        "unique_collisions": 1,
        "solid_lane_crosses": 0,
        "double_solid_lane_crosses": 0
    },
    {
        "game_time": 92.72926602512598,
        "vehicle_location": {
            "x": -95.99388122558594,
            "y": -2.5741941928863525,
            "z": -0.0117953484877944
        },
        "vehicle_velocity": {
            "x": -4.1984543800354,
            "y": -0.40528950095176697,
            "z": -0.0009093570406548679
        },
        "vehicle_throttle": 0.0,
        "unique_collisions": 1,
        "solid_lane_crosses": 0,
        "double_solid_lane_crosses": 0
    },
    {
        "game_time": 93.77323992364109,
        "vehicle_location": {
            "x": -99.5458984375,
            "y": -2.8633317947387695,
            "z": -0.0026551818009465933
        },
        "vehicle_velocity": {
            "x": -3.02880859375,
            "y": -0.07096245139837265,
            "z": -0.0002464294375386089
        },
        "vehicle_throttle": 0.75,
        "unique_collisions": 1,
        "solid_lane_crosses": 0,
        "double_solid_lane_crosses": 0
    },
    {
        "game_time": 94.8079512603581,
        "vehicle_location": {
            "x": -103.14414978027344,
            "y": -3.0107460021972656,
            "z": -0.0032176971435546875
        },
        "vehicle_velocity": {
            "x": -3.8008840084075928,
            "y": -0.052275266498327255,
            "z": -0.0007242202409543097
        },
        "vehicle_throttle": 0.0,
        "unique_collisions": 1,
        "solid_lane_crosses": 0,
        "double_solid_lane_crosses": 0
    },
    {
        "game_time": 95.86980373039842,
        "vehicle_location": {
            "x": -107.06844329833984,
            "y": -3.10115909576416,
            "z": -0.0031024932395666838
        },
        "vehicle_velocity": {
            "x": -3.8938567638397217,
            "y": -0.07409455627202988,
            "z": 0.00023673057148698717
        },
        "vehicle_throttle": 0.0,
        "unique_collisions": 1,
        "solid_lane_crosses": 0,
        "double_solid_lane_crosses": 0
    },
    {
        "game_time": 96.8766070753336,
        "vehicle_location": {
            "x": -110.550537109375,
            "y": -3.149510145187378,
            "z": -0.0018927764613181353
        },
        "vehicle_velocity": {
            "x": -3.133270263671875,
            "y": -0.03718879818916321,
            "z": -0.000670795445330441
        },
        "vehicle_throttle": 0.0,
        "unique_collisions": 1,
        "solid_lane_crosses": 0,
        "double_solid_lane_crosses": 0
    },
    {
        "game_time": 97.88631973229349,
        "vehicle_location": {
            "x": -113.58232879638672,
            "y": -3.1804497241973877,
            "z": -0.0034651183523237705
        },
        "vehicle_velocity": {
            "x": -3.72507905960083,
            "y": -0.029719363898038864,
            "z": -4.0721894038142636e-05
        },
        "vehicle_throttle": 0.0,
        "unique_collisions": 1,
        "solid_lane_crosses": 0,
        "double_solid_lane_crosses": 0
    },
    {
        "game_time": 98.90870480798185,
        "vehicle_location": {
            "x": -116.81914520263672,
            "y": -3.206733226776123,
            "z": -0.0025296020321547985
        },
        "vehicle_velocity": {
            "x": -3.0967278480529785,
            "y": -0.022741207852959633,
            "z": -0.0001184463471872732
        },
        "vehicle_throttle": 0.0,
        "unique_collisions": 1,
        "solid_lane_crosses": 0,
        "double_solid_lane_crosses": 0
    },
    {
        "game_time": 99.91072767786682,
        "vehicle_location": {
            "x": -119.9455795288086,
            "y": -3.227722406387329,
            "z": -0.003279571421444416
        },
        "vehicle_velocity": {
            "x": -3.8446574211120605,
            "y": -0.023850420489907265,
            "z": -0.0003663825918920338
        },
        "vehicle_throttle": 0.0,
        "unique_collisions": 1,
        "solid_lane_crosses": 0,
        "double_solid_lane_crosses": 0
    },
    {
        "game_time": 100.95331301353872,
        "vehicle_location": {
            "x": -124.00186920166016,
            "y": -3.251829147338867,
            "z": -0.0026384734082967043
        },
        "vehicle_velocity": {
            "x": -4.042738914489746,
            "y": -0.022831298410892487,
            "z": -0.00014129639021120965
        },
        "vehicle_throttle": 0.0,
        "unique_collisions": 1,
        "solid_lane_crosses": 0,
        "double_solid_lane_crosses": 0
    },
    {
        "game_time": 101.95709428563714,
        "vehicle_location": {
            "x": -127.76986694335938,
            "y": -3.272686004638672,
            "z": -0.0025598143693059683
        },
        "vehicle_velocity": {
            "x": -3.940493106842041,
            "y": -0.021140720695257187,
            "z": -0.00024716375628486276
        },
        "vehicle_throttle": 0.75,
        "unique_collisions": 1,
        "solid_lane_crosses": 0,
        "double_solid_lane_crosses": 0
    },
    {
        "game_time": 102.96790669299662,
        "vehicle_location": {
            "x": -131.88653564453125,
            "y": -3.2913851737976074,
            "z": -0.003514633048325777
        },
        "vehicle_velocity": {
            "x": -4.642795085906982,
            "y": 0.1105969026684761,
            "z": 0.00025171280140057206
        },
        "vehicle_throttle": 0.75,
        "unique_collisions": 1,
        "solid_lane_crosses": 0,
        "double_solid_lane_crosses": 0
    },
    {
        "game_time": 104.02257861196995,
        "vehicle_location": {
            "x": -137.0745086669922,
            "y": -3.034357786178589,
            "z": -0.0013188933953642845
        },
        "vehicle_velocity": {
            "x": -3.4013543128967285,
            "y": 0.4489595293998718,
            "z": -0.00017684936756268144
        },
        "vehicle_throttle": 0.75,
        "unique_collisions": 1,
        "solid_lane_crosses": 0,
        "double_solid_lane_crosses": 0
    },
    {
        "game_time": 105.0650803502649,
        "vehicle_location": {
            "x": -141.01527404785156,
            "y": -2.3139588832855225,
            "z": -0.003355483990162611
        },
        "vehicle_velocity": {
            "x": -4.082754611968994,
            "y": 1.3293614387512207,
            "z": -0.0003876686096191406
        },
        "vehicle_throttle": 0.0,
        "unique_collisions": 1,
        "solid_lane_crosses": 0,
        "double_solid_lane_crosses": 0
    },
    {
        "game_time": 106.09776759706438,
        "vehicle_location": {
            "x": -144.60923767089844,
            "y": -0.4638558030128479,
            "z": -0.0026506041176617146
        },
        "vehicle_velocity": {
            "x": -3.316333770751953,
            "y": 2.6117591857910156,
            "z": 0.00026424406678415835
        },
        "vehicle_throttle": 0.0,
        "unique_collisions": 1,
        "solid_lane_crosses": 0,
        "double_solid_lane_crosses": 0
    },
    {
        "game_time": 107.1310448590666,
        "vehicle_location": {
            "x": -146.9728546142578,
            "y": 2.7655131816864014,
            "z": -0.0028227996081113815
        },
        "vehicle_velocity": {
            "x": -1.6364612579345703,
            "y": 3.838236093521118,
            "z": -0.000360355363227427
        },
        "vehicle_throttle": 0.0,
        "unique_collisions": 1,
        "solid_lane_crosses": 0,
        "double_solid_lane_crosses": 0
    },
    {
        "game_time": 108.18597498908639,
        "vehicle_location": {
            "x": -148.0765380859375,
            "y": 6.595357894897461,
            "z": -0.0023120115511119366
        },
        "vehicle_velocity": {
            "x": -0.6797131299972534,
            "y": 3.535355806350708,
            "z": 0.00030370234162546694
        },
        "vehicle_throttle": 0.0,
        "unique_collisions": 1,
        "solid_lane_crosses": 0,
        "double_solid_lane_crosses": 0
    },
    {
        "game_time": 109.18880269117653,
        "vehicle_location": {
            "x": -148.52952575683594,
            "y": 9.77392864227295,
            "z": -0.00177764892578125
        },
        "vehicle_velocity": {
            "x": -0.17075704038143158,
            "y": 2.2470431327819824,
            "z": -5.4101943533169106e-05
        },
        "vehicle_throttle": 0.75,
        "unique_collisions": 1,
        "solid_lane_crosses": 0,
        "double_solid_lane_crosses": 0
    },
    {
        "game_time": 110.20574672147632,
        "vehicle_location": {
            "x": -148.75885009765625,
            "y": 12.971855163574219,
            "z": -0.0028817749116569757
        },
        "vehicle_velocity": {
            "x": -0.19567257165908813,
            "y": 3.4682857990264893,
            "z": 0.0003592681896407157
        },
        "vehicle_throttle": 0.75,
        "unique_collisions": 1,
        "solid_lane_crosses": 0,
        "double_solid_lane_crosses": 1
    },
    {
        "game_time": 111.23193592391908,
        "vehicle_location": {
            "x": -148.89535522460938,
            "y": 16.860563278198242,
            "z": -0.0019535827450454235
        },
        "vehicle_velocity": {
            "x": -0.08893769234418869,
            "y": 3.3703219890594482,
            "z": -0.00023688316287007183
        },
        "vehicle_throttle": 0.75,
        "unique_collisions": 1,
        "solid_lane_crosses": 0,
        "double_solid_lane_crosses": 1
    },
    {
        "game_time": 112.26788191311061,
        "vehicle_location": {
            "x": -148.95750427246094,
            "y": 20.84027099609375,
            "z": -0.002843399066478014
        },
        "vehicle_velocity": {
            "x": -0.00780060887336731,
            "y": 3.7850847244262695,
            "z": 0.00021325587294995785
        },
        "vehicle_throttle": 0.0,
        "unique_collisions": 1,
        "solid_lane_crosses": 0,
        "double_solid_lane_crosses": 1
    },
    {
        "game_time": 113.30087442696095,
        "vehicle_location": {
            "x": -148.98956298828125,
            "y": 24.60888671875,
            "z": -0.0028467560186982155
        },
        "vehicle_velocity": {
            "x": -0.027926381677389145,
            "y": 3.957595109939575,
            "z": -0.0001860237098298967
        },
        "vehicle_throttle": 0.75,
        "unique_collisions": 1,
        "solid_lane_crosses": 0,
        "double_solid_lane_crosses": 1
    },
    {
        "game_time": 114.33570980466902,
        "vehicle_location": {
            "x": -149.00819396972656,
            "y": 28.775634765625,
            "z": -0.0017230986850336194
        },
        "vehicle_velocity": {
            "x": -0.013534916564822197,
            "y": 3.5632808208465576,
            "z": 0.0005145692848600447
        },
        "vehicle_throttle": 0.75,
        "unique_collisions": 1,
        "solid_lane_crosses": 0,
        "double_solid_lane_crosses": 1
    },
    {
        "game_time": 115.3779913932085,
        "vehicle_location": {
            "x": -149.01742553710938,
            "y": 32.90877914428711,
            "z": -0.0033236693125218153
        },
        "vehicle_velocity": {
            "x": -0.008417358621954918,
            "y": 4.357997417449951,
            "z": -0.00016797064745333046
        },
        "vehicle_throttle": 0.0,
        "unique_collisions": 1,
        "solid_lane_crosses": 0,
        "double_solid_lane_crosses": 1
    },
    {
        "game_time": 116.41941196285188,
        "vehicle_location": {
            "x": -149.0236358642578,
            "y": 37.04676818847656,
            "z": -0.0018389892065897584
        },
        "vehicle_velocity": {
            "x": -0.00428011966869235,
            "y": 3.5698506832122803,
            "z": -9.074211266124621e-05
        },
        "vehicle_throttle": 0.0,
        "unique_collisions": 1,
        "solid_lane_crosses": 0,
        "double_solid_lane_crosses": 1
    },
    {
        "game_time": 117.44289267994463,
        "vehicle_location": {
            "x": -149.028076171875,
            "y": 41.47529220581055,
            "z": -0.0026495361234992743
        },
        "vehicle_velocity": {
            "x": -0.002924166154116392,
            "y": 5.052811145782471,
            "z": 8.619308209745213e-05
        },
        "vehicle_throttle": 0.75,
        "unique_collisions": 1,
        "solid_lane_crosses": 0,
        "double_solid_lane_crosses": 1
    },
    {
        "game_time": 118.4886318333447,
        "vehicle_location": {
            "x": -149.03164672851562,
            "y": 46.33761978149414,
            "z": -0.0016680908156558871
        },
        "vehicle_velocity": {
            "x": -0.002672127215191722,
            "y": 4.071290493011475,
            "z": -0.000290937430690974
        },
        "vehicle_throttle": 0.75,
        "unique_collisions": 1,
        "solid_lane_crosses": 0,
        "double_solid_lane_crosses": 1
    },
    {
        "game_time": 119.538828343153,
        "vehicle_location": {
            "x": -149.03414916992188,
            "y": 50.39656066894531,
            "z": -0.00277336104772985
        },
        "vehicle_velocity": {
            "x": -0.0023537755478173494,
            "y": 4.032333850860596,
            "z": 5.021095057600178e-05
        },
        "vehicle_throttle": 0.75,
        "unique_collisions": 1,
        "solid_lane_crosses": 0,
        "double_solid_lane_crosses": 1
    },
    {
        "game_time": 120.59201350435615,
        "vehicle_location": {
            "x": -149.03646850585938,
            "y": 54.55190658569336,
            "z": -0.0024767303839325905
        },
        "vehicle_velocity": {
            "x": -0.0022328654304146767,
            "y": 3.985335111618042,
            "z": -0.0002690315304789692
        },
        "vehicle_throttle": 0.75,
        "unique_collisions": 1,
        "solid_lane_crosses": 0,
        "double_solid_lane_crosses": 1
    },
    {
        "game_time": 121.62251622229815,
        "vehicle_location": {
            "x": -149.03878784179688,
            "y": 58.63808059692383,
            "z": -0.002150573767721653
        },
        "vehicle_velocity": {
            "x": -0.001946783158928156,
            "y": 3.7274272441864014,
            "z": 9.393691470904741e-06
        },
        "vehicle_throttle": 0.75,
        "unique_collisions": 1,
        "solid_lane_crosses": 0,
        "double_solid_lane_crosses": 1
    },
    {
        "game_time": 122.6598545126617,
        "vehicle_location": {
            "x": -149.04107666015625,
            "y": 62.85342025756836,
            "z": -0.0026938628870993853
        },
        "vehicle_velocity": {
            "x": -0.002154193352907896,
            "y": 4.178389549255371,
            "z": 0.0003991842095274478
        },
        "vehicle_throttle": 0.75,
        "unique_collisions": 1,
        "solid_lane_crosses": 0,
        "double_solid_lane_crosses": 1
    },
    {
        "game_time": 123.70171569101512,
        "vehicle_location": {
            "x": -149.0440216064453,
            "y": 68.44524383544922,
            "z": -0.002694473136216402
        },
        "vehicle_velocity": {
            "x": -0.002867208095267415,
            "y": 5.692061424255371,
            "z": 3.4465789212845266e-05
        },
        "vehicle_throttle": 0.0,
        "unique_collisions": 1,
        "solid_lane_crosses": 0,
        "double_solid_lane_crosses": 1
    }
]