[
    {
        "game_time": 7.023444621823728,
        "vehicle_location": {
            "x": 15.348942756652832,
            "y": 201.610107421875,
            "z": -0.0407540500164032
        },
        "vehicle_velocity": {
            "x": 1.227879285812378,
            "y": -0.25426003336906433,
            "z": -0.00023170947679318488
        },
        "vehicle_throttle": 0.75,
        "unique_collisions": 0,
        "solid_lane_crosses": 0,
        "double_solid_lane_crosses": 0
    },
    {
        "game_time": 8.08785836212337,
        "vehicle_location": {
            "x": 18.02260971069336,
            "y": 200.99267578125,
            "z": -0.03911060094833374
        },
        "vehicle_velocity": {
            "x": 3.4106175899505615,
            "y": -1.3168418407440186,
            "z": 0.00014378546620719135
        },
        "vehicle_throttle": 0.75,
        "unique_collisions": 0,
        "solid_lane_crosses": 0,
        "double_solid_lane_crosses": 0
    },
    {
        "game_time": 9.124076523818076,
        "vehicle_location": {
            "x": 22.353361129760742,
            "y": 198.97276306152344,
            "z": -0.03975055739283562
        },
        "vehicle_velocity": {
            "x": 4.732737064361572,
            "y": -3.339052438735962,
            "z": -0.0002685213112272322
        },
        "vehicle_throttle": 0.1589953899383545,
        "unique_collisions": 0,
        "solid_lane_crosses": 0,
        "double_solid_lane_crosses": 0
    },
    {
        "game_time": 10.176118107512593,
        "vehicle_location": {
            "x": 26.022653579711914,
            "y": 195.6316680908203,
            "z": -0.03769916296005249
        },
        "vehicle_velocity": {
            "x": 2.47049880027771,
            "y": -3.3281619548797607,
            "z": -0.0013378142612054944
        },
        "vehicle_throttle": 0.75,
        "unique_collisions": 0,
        "solid_lane_crosses": 0,
        "double_solid_lane_crosses": 0
    },
    {
        "game_time": 11.22856911458075,
        "vehicle_location": {
            "x": 28.680484771728516,
            "y": 191.11505126953125,
            "z": -0.038040924817323685
        },
        "vehicle_velocity": {
            "x": 2.2626495361328125,
            "y": -5.115532875061035,
            "z": 3.228187415516004e-05
        },
        "vehicle_throttle": 0.0,
        "unique_collisions": 0,
        "solid_lane_crosses": 0,
        "double_solid_lane_crosses": 0
    },
    {
        "game_time": 12.263078346848488,
        "vehicle_location": {
            "x": 30.25078010559082,
            "y": 186.58038330078125,
            "z": -0.03858661651611328
        },
        "vehicle_velocity": {
            "x": 1.176169991493225,
            "y": -4.4482011795043945,
            "z": 0.0007061576470732689
        },
        "vehicle_throttle": 0.75,
        "unique_collisions": 0,
        "solid_lane_crosses": 0,
        "double_solid_lane_crosses": 0
    },
    {
        "game_time": 13.32423541136086,
        "vehicle_location": {
            "x": 31.124759674072266,
            "y": 181.06356811523438,
            "z": -0.03483302891254425
        },
        "vehicle_velocity": {
            "x": 0.48243266344070435,
            "y": -4.722268104553223,
            "z": -0.0004820108297280967
        },
        "vehicle_throttle": 0.75,
        "unique_collisions": 0,
        "solid_lane_crosses": 0,
        "double_solid_lane_crosses": 0
    },
    {
        "game_time": 14.415325872600079,
        "vehicle_location": {
            "x": 31.37692642211914,
            "y": 176.54310607910156,
            "z": -0.039158325642347336
        },
        "vehicle_velocity": {
            "x": 0.09865736961364746,
            "y": -4.6781005859375,
            "z": 0.0005140685825608671
        },
        "vehicle_throttle": 0.75,
        "unique_collisions": 0,
        "solid_lane_crosses": 0,
        "double_solid_lane_crosses": 0
    },
    {
        "game_time": 15.508436189964414,
        "vehicle_location": {
            "x": 31.483930587768555,
            "y": 170.73190307617188,
            "z": -0.03609912842512131
        },
        "vehicle_velocity": {
            "x": 0.039224401116371155,
            "y": -4.792630672454834,
            "z": -0.0016159390797838569
        },
        "vehicle_throttle": 0.75,
        "unique_collisions": 0,
        "solid_lane_crosses": 0,
        "double_solid_lane_crosses": 0
    },
    {
        "game_time": 16.536297811195254,
        "vehicle_location": {
            "x": 31.51671028137207,
            "y": 166.15599060058594,
            "z": -0.03904540836811066
        },
        "vehicle_velocity": {
            "x": -0.0027132355608046055,
            "y": -5.085524082183838,
            "z": 0.002420349046587944
        },
        "vehicle_throttle": 0.75,
        "unique_collisions": 0,
        "solid_lane_crosses": 0,
        "double_solid_lane_crosses": 0
    },
    {
        "game_time": 17.634155416861176,
        "vehicle_location": {
            "x": 31.5393009185791,
            "y": 160.58236694335938,
            "z": -0.03553924337029457
        },
        "vehicle_velocity": {
            "x": 0.014908451586961746,
            "y": -3.9873952865600586,
            "z": 6.448745261877775e-05
        },
        "vehicle_throttle": 0.75,
        "unique_collisions": 0,
        "solid_lane_crosses": 0,
        "double_solid_lane_crosses": 0
    },
    {
        "game_time": 18.67405773885548,
        "vehicle_location": {
            "x": 31.545894622802734,
            "y": 155.8197479248047,
            "z": -0.039036061614751816
        },
        "vehicle_velocity": {
            "x": 0.0065568070858716965,
            "y": -5.489856243133545,
            "z": -0.0003924083721358329
        },
        "vehicle_throttle": 0.75,
        "unique_collisions": 0,
        "solid_lane_crosses": 0,
        "double_solid_lane_crosses": 0
    },
    {
        "game_time": 19.731178730726242,
        "vehicle_location": {
            "x": 31.55035972595215,
            "y": 150.68443298339844,
            "z": -0.03653869405388832
        },
        "vehicle_velocity": {
            "x": 0.0027255984023213387,
            "y": -3.782088279724121,
            "z": 0.0007591867470182478
        },
        "vehicle_throttle": 0.75,
        "unique_collisions": 0,
        "solid_lane_crosses": 0,
        "double_solid_lane_crosses": 0
    },
    {
        "game_time": 20.793649695813656,
        "vehicle_location": {
            "x": 31.553110122680664,
            "y": 145.77552795410156,
            "z": -0.03963111713528633
        },
        "vehicle_velocity": {
            "x": 0.003386807395145297,
            "y": -5.717538356781006,
            "z": -0.00039284705417230725
        },
        "vehicle_throttle": 0.75,
        "unique_collisions": 0,
        "solid_lane_crosses": 0,
        "double_solid_lane_crosses": 0
    },
    {
        "game_time": 21.803400564938784,
        "vehicle_location": {
            "x": 31.555498123168945,
            "y": 140.84530639648438,
            "z": -0.036912765353918076
        },
        "vehicle_velocity": {
            "x": 0.0018854668596759439,
            "y": -4.032228946685791,
            "z": 0.00016277312533929944
        },
        "vehicle_throttle": 0.75,
        "unique_collisions": 0,
        "solid_lane_crosses": 0,
        "double_solid_lane_crosses": 0
    },
    {
        "game_time": 22.871163608506322,
        "vehicle_location": {
            "x": 31.557682037353516,
            "y": 135.7310791015625,
            "z": -0.03698799014091492
        },
        "vehicle_velocity": {
            "x": 0.0018780308309942484,
            "y": -4.932939529418945,
            "z": -0.0030784988775849342
        },
        "vehicle_throttle": 0.0,
        "unique_collisions": 0,
        "solid_lane_crosses": 0,
        "double_solid_lane_crosses": 0
    },
    {
        "game_time": 23.909559378400445,
        "vehicle_location": {
            "x": 31.559101104736328,
            "y": 132.3593292236328,
            "z": -0.03876010701060295
        },
        "vehicle_velocity": {
            "x": 0.001319123082794249,
            "y": -3.095306873321533,
            "z": -0.0009149551042355597
        },
        "vehicle_throttle": 0.75,
        "unique_collisions": 0,
        "solid_lane_crosses": 0,
        "double_solid_lane_crosses": 0
    },
    {
        "game_time": 24.93829344585538,
        "vehicle_location": {
            "x": 31.560638427734375,
            "y": 128.6449737548828,
            "z": -0.03385593369603157
        },
        "vehicle_velocity": {
            "x": 0.0010047222021967173,
            "y": -2.4731502532958984,
            "z": 0.00047524450928904116
        },
        "vehicle_throttle": 0.0,
        "unique_collisions": 0,
        "solid_lane_crosses": 0,
        "double_solid_lane_crosses": 0
    },
    {
        "game_time": 26.010718934237957,
        "vehicle_location": {
            "x": 31.56149673461914,
            "y": 126.52556610107422,
            "z": -0.03926757723093033
        },
        "vehicle_velocity": {
            "x": 0.0010901964269578457,
            "y": -2.747410297393799,
            "z": -0.00044935225741937757
        },
        "vehicle_throttle": 0.75,
        "unique_collisions": 0,
        "solid_lane_crosses": 0,
        "double_solid_lane_crosses": 0
    },
    {
        "game_time": 27.092048985883594,
        "vehicle_location": {
            "x": 31.563095092773438,
            "y": 122.53507232666016,
            "z": -0.03594467043876648
        },
        "vehicle_velocity": {
            "x": 0.0014292635023593903,
            "y": -3.5812203884124756,
            "z": 0.0005598020507022738
        },
        "vehicle_throttle": 0.0,
        "unique_collisions": 0,
        "solid_lane_crosses": 0,
        "double_solid_lane_crosses": 0
    },
    {
        "game_time": 28.093520106747746,
        "vehicle_location": {
            "x": 31.56440544128418,
            "y": 119.27267456054688,
            "z": -0.03933177888393402
        },
        "vehicle_velocity": {
            "x": 0.001608518068678677,
            "y": -4.008445739746094,
            "z": 0.00029857634217478335
        },
        "vehicle_throttle": 0.75,
        "unique_collisions": 0,
        "solid_lane_crosses": 0,
        "double_solid_lane_crosses": 0
    },
    {
        "game_time": 29.19705481082201,
        "vehicle_location": {
            "x": 31.565954208374023,
            "y": 115.4031982421875,
            "z": -0.0372113399207592
        },
        "vehicle_velocity": {
            "x": 0.0013150854501873255,
            "y": -3.35966157913208,
            "z": 0.0001955222978722304
        },
        "vehicle_throttle": 0.0,
        "unique_collisions": 0,
        "solid_lane_crosses": 0,
        "double_solid_lane_crosses": 0
    },
    {
        "game_time": 30.282659750431776,
        "vehicle_location": {
            "x": 31.567195892333984,
            "y": 112.32862854003906,
            "z": -0.039383962750434875
        },
        "vehicle_velocity": {
            "x": 0.0014307001838460565,
            "y": -3.6044905185699463,
            "z": -2.3689270165050402e-05
        },
        "vehicle_throttle": 0.75,
        "unique_collisions": 0,
        "solid_lane_crosses": 0,
        "double_solid_lane_crosses": 0
    },
    {
        "game_time": 31.355523242615163,
        "vehicle_location": {
            "x": 31.568178176879883,
            "y": 110.41487121582031,
            "z": -0.03586738556623459
        },
        "vehicle_velocity": {
            "x": 5.655406766891247e-06,
            "y": 0.004464332479983568,
            "z": 0.0004781103052664548
        },
        "vehicle_throttle": 0.0,
        "unique_collisions": 0,
        "solid_lane_crosses": 0,
        "double_solid_lane_crosses": 0
    },
    {
        "game_time": 32.356746978126466,
        "vehicle_location": {
            "x": 31.568178176879883,
            "y": 110.41358184814453,
            "z": -0.03772216662764549
        },
        "vehicle_velocity": {
            "x": -6.696902232761204e-08,
            "y": 2.271357288918807e-06,
            "z": -0.0012907313648611307
        },
        "vehicle_throttle": 0.0,
        "unique_collisions": 0,
        "solid_lane_crosses": 0,
        "double_solid_lane_crosses": 0
    },
    {
        "game_time": 33.417893207632005,
        "vehicle_location": {
            "x": 31.568178176879883,
            "y": 110.41358184814453,
            "z": -0.037680283188819885
        },
        "vehicle_velocity": {
            "x": -8.270639995089368e-08,
            "y": 4.7689908910797385e-08,
            "z": 1.0747909072961193e-05
        },
        "vehicle_throttle": 0.0,
        "unique_collisions": 0,
        "solid_lane_crosses": 0,
        "double_solid_lane_crosses": 0
    },
    {
        "game_time": 34.46542172227055,
        "vehicle_location": {
            "x": 31.568178176879883,
            "y": 110.41358184814453,
            "z": -0.037736739963293076
        },
        "vehicle_velocity": {
            "x": 1.503089634979915e-07,
            "y": -5.056817631299282e-09,
            "z": -0.0002612876705825329
        },
        "vehicle_throttle": 0.0,
        "unique_collisions": 0,
        "solid_lane_crosses": 0,
        "double_solid_lane_crosses": 0
    },
    {
        "game_time": 35.50843521859497,
        "vehicle_location": {
            "x": 31.568178176879883,
            "y": 110.41358184814453,
            "z": -0.03767871856689453
        },
        "vehicle_velocity": {
            "x": 9.81031149649425e-08,
            "y": -2.0949068257891668e-08,
            "z": 0.0009881448931992054
        },
        "vehicle_throttle": 0.0,
        "unique_collisions": 0,
        "solid_lane_crosses": 0,
        "double_solid_lane_crosses": 0
    },
    {
        "game_time": 36.535252935253084,
        "vehicle_location": {
            "x": 31.568178176879883,
            "y": 110.41358184814453,
            "z": -0.0377286896109581
        },
        "vehicle_velocity": {
            "x": -9.901340547457949e-08,
            "y": -7.19802040194395e-09,
            "z": 9.153365681413561e-05
        },
        "vehicle_throttle": 0.0,
        "unique_collisions": 0,
        "solid_lane_crosses": 0,
        "double_solid_lane_crosses": 0
    },
    {
        "game_time": 37.53926333785057,
        "vehicle_location": {
            "x": 31.568178176879883,
            "y": 110.41358184814453,
            "z": -0.03780815005302429
        },
        "vehicle_velocity": {
            "x": 7.480359442979534e-09,
            "y": -9.901329534045544e-09,
            "z": -0.0007568835862912238
        },
        "vehicle_throttle": 0.0,
        "unique_collisions": 0,
        "solid_lane_crosses": 0,
        "double_solid_lane_crosses": 0
    },
    {
        "game_time": 38.62181896902621,
        "vehicle_location": {
            "x": 31.568178176879883,
            "y": 110.41358184814453,
            "z": -0.037728726863861084
        },
        "vehicle_velocity": {
            "x": 2.075671545753721e-08,
            "y": -1.212934819250222e-08,
            "z": -0.001421756693162024
        },
        "vehicle_throttle": 0.0,
        "unique_collisions": 0,
        "solid_lane_crosses": 0,
        "double_solid_lane_crosses": 0
    },
    {
        "game_time": 39.65561733022332,
        "vehicle_location": {
            "x": 31.568178176879883,
            "y": 110.41358184814453,
            "z": -0.037686537951231
        },
        "vehicle_velocity": {
            "x": 6.832291887803876e-08,
            "y": 1.2929759485302839e-08,
            "z": 0.00039908409235067666
        },
        "vehicle_throttle": 0.0,
        "unique_collisions": 0,
        "solid_lane_crosses": 0,
        "double_solid_lane_crosses": 0
    },
    {
        "game_time": 40.670496145263314,
        "vehicle_location": {
            "x": 31.568178176879883,
            "y": 110.41358184814453,
            "z": -0.037699125707149506
        },
        "vehicle_velocity": {
            "x": 5.26205354844933e-08,
            "y": -2.592054926253695e-08,
            "z": 0.0006561756017617881
        },
        "vehicle_throttle": 0.0,
        "unique_collisions": 0,
        "solid_lane_crosses": 0,
        "double_solid_lane_crosses": 0
    },
    {
        "game_time": 41.757265942171216,
        "vehicle_location": {
            "x": 31.568178176879883,
            "y": 110.41358184814453,
            "z": -0.03772083297371864
        },
        "vehicle_velocity": {
            "x": 1.798492021976017e-08,
            "y": 1.956401973757238e-08,
            "z": 0.0006943988846614957
        },
        "vehicle_throttle": 0.0,
        "unique_collisions": 0,
        "solid_lane_crosses": 0,
        "double_solid_lane_crosses": 0
    },
    {
        "game_time": 42.80665029026568,
        "vehicle_location": {
            "x": 31.568178176879883,
            "y": 110.41358184814453,
            "z": -0.037687644362449646
        },
        "vehicle_velocity": {
            "x": 8.38298985783581e-10,
            "y": -4.632126859860364e-08,
            "z": 0.0005370330763980746
        },
        "vehicle_throttle": 0.0,
        "unique_collisions": 0,
        "solid_lane_crosses": 0,
        "double_solid_lane_crosses": 0
    },
    {
        "game_time": 43.8743779566139,
        "vehicle_location": {
            "x": 31.568178176879883,
            "y": 110.41358184814453,
            "z": -0.03771640732884407
        },
        "vehicle_velocity": {
            "x": 6.458009949028565e-08,
            "y": -1.5385877460971642e-08,
            "z": -0.00134191510733217
        },
        "vehicle_throttle": 0.0,
        "unique_collisions": 0,
        "solid_lane_crosses": 0,
        "double_solid_lane_crosses": 0
    },
    {
        "game_time": 44.87666047923267,
        "vehicle_location": {
            "x": 31.568178176879883,
            "y": 110.41358184814453,
            "z": -0.03774368017911911
        },
        "vehicle_velocity": {
            "x": 1.608432831368134e-10,
            "y": -1.3223488970481867e-09,
            "z": -1.8062590243062004e-05
        },
        "vehicle_throttle": 0.0,
        "unique_collisions": 0,
        "solid_lane_crosses": 0,
        "double_solid_lane_crosses": 0
    },
    {
        "game_time": 45.878279846161604,
        "vehicle_location": {
            "x": 31.568178176879883,
            "y": 110.41358184814453,
            "z": -0.03771987929940224
        },
        "vehicle_velocity": {
            "x": 3.424531413998011e-08,
            "y": -5.7332062652903915e-08,
            "z": -0.0006496238638646901
        },
        "vehicle_throttle": 0.0,
        "unique_collisions": 0,
        "solid_lane_crosses": 0,
        "double_solid_lane_crosses": 0
    },
    {
        "game_time": 46.9396836925298,
        "vehicle_location": {
            "x": 31.568178176879883,
            "y": 110.41358184814453,
            "z": -0.03773971647024155
        },
        "vehicle_velocity": {
            "x": 1.4803511305672146e-07,
            "y": -4.457093183418692e-08,
            "z": 8.618831634521484e-05
        },
        "vehicle_throttle": 0.0,
        "unique_collisions": 0,
        "solid_lane_crosses": 0,
        "double_solid_lane_crosses": 0
    },
    {
        "game_time": 47.994601329788566,
        "vehicle_location": {
            "x": 31.568178176879883,
            "y": 110.41358184814453,
            "z": -0.037736739963293076
        },
        "vehicle_velocity": {
            "x": -9.067970552223414e-08,
            "y": -4.6727697267101576e-09,
            "z": 0.0003066491917707026
        },
        "vehicle_throttle": 0.0,
        "unique_collisions": 0,
        "solid_lane_crosses": 0,
        "double_solid_lane_crosses": 0
    },
    {
        "game_time": 49.006037294864655,
        "vehicle_location": {
            "x": 31.568178176879883,
            "y": 110.41358184814453,
            "z": -0.03772499039769173
        },
        "vehicle_velocity": {
            "x": -2.645335728246323e-09,
            "y": 2.607339011362342e-09,
            "z": 2.1305084374034777e-05
        },
        "vehicle_throttle": 0.0,
        "unique_collisions": 0,
        "solid_lane_crosses": 0,
        "double_solid_lane_crosses": 0
    },
    {
        "game_time": 50.05914529785514,
        "vehicle_location": {
            "x": 31.568178176879883,
            "y": 110.41358184814453,
            "z": -0.03773437440395355
        },
        "vehicle_velocity": {
            "x": 8.240785831503672e-09,
            "y": 2.809512977819395e-08,
            "z": -0.00017510414181742817
        },
        "vehicle_throttle": 0.0,
        "unique_collisions": 0,
        "solid_lane_crosses": 0,
        "double_solid_lane_crosses": 0
    },
    {
        "game_time": 51.12761684693396,
        "vehicle_location": {
            "x": 31.568178176879883,
            "y": 110.41358184814453,
            "z": -0.03771320357918739
        },
        "vehicle_velocity": {
            "x": -1.862867016200198e-08,
            "y": -5.0285539288097425e-08,
            "z": -0.0013892555143684149
        },
        "vehicle_throttle": 0.0,
        "unique_collisions": 0,
        "solid_lane_crosses": 0,
        "double_solid_lane_crosses": 0
    },
    {
        "game_time": 52.164976596832275,
        "vehicle_location": {
            "x": 31.568178176879883,
            "y": 110.41358184814453,
            "z": -0.03770419955253601
        },
        "vehicle_velocity": {
            "x": 3.03771905407757e-08,
            "y": -1.0010469964072399e-07,
            "z": -0.0012871170183643699
        },
        "vehicle_throttle": 0.0,
        "unique_collisions": 0,
        "solid_lane_crosses": 0,
        "double_solid_lane_crosses": 0
    },
    {
        "game_time": 53.2343313973397,
        "vehicle_location": {
            "x": 31.568178176879883,
            "y": 110.41358184814453,
            "z": -0.03771568089723587
        },
        "vehicle_velocity": {
            "x": -1.3648534036292403e-07,
            "y": -1.668847104951965e-08,
            "z": 0.0003707122814375907
        },
        "vehicle_throttle": 0.0,
        "unique_collisions": 0,
        "solid_lane_crosses": 0,
        "double_solid_lane_crosses": 0
    },
    {
        "game_time": 54.28189547918737,
        "vehicle_location": {
            "x": 31.568178176879883,
            "y": 110.41358184814453,
            "z": -0.03766795992851257
        },
        "vehicle_velocity": {
            "x": 1.641371198957131e-07,
            "y": 1.3593034475789523e-09,
            "z": 0.0001591062464285642
        },
        "vehicle_throttle": 0.0,
        "unique_collisions": 0,
        "solid_lane_crosses": 0,
        "double_solid_lane_crosses": 0
    },
    {
        "game_time": 55.36192170251161,
        "vehicle_location": {
            "x": 31.568178176879883,
            "y": 110.41358184814453,
            "z": -0.037676580250263214
        },
        "vehicle_velocity": {
            "x": 1.2436769836199346e-08,
            "y": -1.6713783690391892e-09,
            "z": -0.0006635951576754451
        },
        "vehicle_throttle": 0.0,
        "unique_collisions": 0,
        "solid_lane_crosses": 0,
        "double_solid_lane_crosses": 0
    },
    {
        "game_time": 56.44085481856018,
        "vehicle_location": {
            "x": 31.568178176879883,
            "y": 110.41358184814453,
            "z": -0.03767154738306999
        },
        "vehicle_velocity": {
            "x": -1.385806740472617e-07,
            "y": -9.408690715417833e-09,
            "z": 0.0010997152421623468
        },
        "vehicle_throttle": 0.0,
        "unique_collisions": 0,
        "solid_lane_crosses": 0,
        "double_solid_lane_crosses": 0
    },
    {
        "game_time": 57.44964278396219,
        "vehicle_location": {
            "x": 31.568178176879883,
            "y": 110.41358184814453,
            "z": -0.03771808370947838
        },
        "vehicle_velocity": {
            "x": -2.5583922536043247e-08,
            "y": -2.3221797817996048e-08,
            "z": 0.0008778714691288769
        },
        "vehicle_throttle": 0.0,
        "unique_collisions": 0,
        "solid_lane_crosses": 0,
        "double_solid_lane_crosses": 0
    },
    {
        "game_time": 58.521109835244715,
        "vehicle_location": {
            "x": 31.568178176879883,
            "y": 110.41358184814453,
            "z": -0.03767791762948036
        },
        "vehicle_velocity": {
            "x": 1.3054926739641814e-07,
            "y": 8.06975251066433e-08,
            "z": 0.0010537671623751521
        },
        "vehicle_throttle": 0.0,
        "unique_collisions": 0,
        "solid_lane_crosses": 0,
        "double_solid_lane_crosses": 0
    },
    {
        "game_time": 59.54652950447053,
        "vehicle_location": {
            "x": 31.568178176879883,
            "y": 110.41358184814453,
            "z": -0.03771911561489105
        },
        "vehicle_velocity": {
            "x": 1.5190292401712213e-07,
            "y": -3.093505540618935e-08,
            "z": -0.0005460548563860357
        },
        "vehicle_throttle": 0.0,
        "unique_collisions": 0,
        "solid_lane_crosses": 0,
        "double_solid_lane_crosses": 0
    },
    {
        "game_time": 60.61854904796928,
        "vehicle_location": {
            "x": 31.568178176879883,
            "y": 110.41358184814453,
            "z": -0.03776378557085991
        },
        "vehicle_velocity": {
            "x": -3.2858125109669345e-08,
            "y": -4.6478820792117403e-08,
            "z": -0.0012619209010154009
        },
        "vehicle_throttle": 0.0,
        "unique_collisions": 0,
        "solid_lane_crosses": 0,
        "double_solid_lane_crosses": 0
    },
    {
        "game_time": 61.73327549826354,
        "vehicle_location": {
            "x": 31.568178176879883,
            "y": 110.41358184814453,
            "z": -0.03773624449968338
        },
        "vehicle_velocity": {
            "x": 1.9301768361401628e-07,
            "y": -5.453721030335146e-09,
            "z": -0.00011347770487191156
        },
        "vehicle_throttle": 0.0,
        "unique_collisions": 0,
        "solid_lane_crosses": 0,
        "double_solid_lane_crosses": 0
    },
    {
        "game_time": 62.79530310165137,
        "vehicle_location": {
            "x": 31.568178176879883,
            "y": 110.41358184814453,
            "z": -0.037678565829992294
        },
        "vehicle_velocity": {
            "x": -2.398301113260004e-09,
            "y": -3.165593298604108e-08,
            "z": 0.00016067981778178364
        },
        "vehicle_throttle": 0.0,
        "unique_collisions": 0,
        "solid_lane_crosses": 0,
        "double_solid_lane_crosses": 0
    },
    {
        "game_time": 63.85024861525744,
        "vehicle_location": {
            "x": 31.568178176879883,
            "y": 110.41358184814453,
            "z": -0.03773055970668793
        },
        "vehicle_velocity": {
            "x": -8.385154615098145e-08,
            "y": 1.8448640393131654e-09,
            "z": 3.4685133869061247e-05
        },
        "vehicle_throttle": 0.0,
        "unique_collisions": 0,
        "solid_lane_crosses": 0,
        "double_solid_lane_crosses": 0
    },
    {
        "game_time": 64.85244345571846,
        "vehicle_location": {
            "x": 31.568178176879883,
            "y": 110.41358184814453,
            "z": -0.03763805329799652
        },
        "vehicle_velocity": {
            "x": -3.970506412542818e-08,
            "y": 2.520441633180326e-08,
            "z": -0.0004255914536770433
        },
        "vehicle_throttle": 0.0,
        "unique_collisions": 0,
        "solid_lane_crosses": 0,
        "double_solid_lane_crosses": 0
    },
    {
        "game_time": 65.91713669616729,
        "vehicle_location": {
            "x": 31.568178176879883,
            "y": 110.41358184814453,
            "z": -0.03769954666495323
        },
        "vehicle_velocity": {
            "x": -1.2977752206211335e-08,
            "y": 1.6124520385574215e-08,
            "z": 0.0004990148590877652
        },
        "vehicle_throttle": 0.0,
        "unique_collisions": 0,
        "solid_lane_crosses": 0,
        "double_solid_lane_crosses": 0
    },
    {
        "game_time": 66.92322094645351,
        "vehicle_location": {
            "x": 31.568178176879883,
            "y": 110.41358184814453,
            "z": -0.03775501251220703
        },
        "vehicle_velocity": {
            "x": 9.380379140111472e-08,
            "y": 7.996209028249268e-09,
            "z": 0.0005051660700701177
        },
        "vehicle_throttle": 0.0,
        "unique_collisions": 0,
        "solid_lane_crosses": 0,
        "double_solid_lane_crosses": 0
    },
    {
        "game_time": 67.9854132598266,
        "vehicle_location": {
            "x": 31.568178176879883,
            "y": 110.41358184814453,
            "z": -0.037730712443590164
        },
        "vehicle_velocity": {
            "x": 1.3916563545990357e-07,
            "y": 4.682894427787687e-08,
            "z": -8.187294042727444e-06
        },
        "vehicle_throttle": 0.0,
        "unique_collisions": 0,
        "solid_lane_crosses": 0,
        "double_solid_lane_crosses": 0
    },
    {
        "game_time": 69.06892723869532,
        "vehicle_location": {
            "x": 31.568178176879883,
            "y": 110.41358184814453,
            "z": -0.03770660236477852
        },
        "vehicle_velocity": {
            "x": -4.8113362183244135e-09,
            "y": 6.255268658605928e-08,
            "z": 0.0005359745118767023
        },
        "vehicle_throttle": 0.0,
        "unique_collisions": 0,
        "solid_lane_crosses": 0,
        "double_solid_lane_crosses": 0
    },
    {
        "game_time": 70.112811868079,
        "vehicle_location": {
            "x": 31.568178176879883,
            "y": 110.41358184814453,
            "z": -0.03772979602217674
        },
        "vehicle_velocity": {
            "x": 4.988554991314231e-08,
            "y": 4.955937171757796e-08,
            "z": 0.0014928817981854081
        },
        "vehicle_throttle": 0.0,
        "unique_collisions": 0,
        "solid_lane_crosses": 0,
        "double_solid_lane_crosses": 0
    },
    {
        "game_time": 71.16157185751945,
        "vehicle_location": {
            "x": 31.568178176879883,
            "y": 110.41358184814453,
            "z": -0.037714116275310516
        },
        "vehicle_velocity": {
            "x": 1.0677558837102197e-09,
            "y": -4.8882050407428324e-08,
            "z": 0.00033071517827920616
        },
        "vehicle_throttle": 0.0,
        "unique_collisions": 0,
        "solid_lane_crosses": 0,
        "double_solid_lane_crosses": 0
    },
    {
        "game_time": 72.21731295716017,
        "vehicle_location": {
            "x": 31.568178176879883,
            "y": 110.41358184814453,
            "z": -0.03776233643293381
        },
        "vehicle_velocity": {
            "x": 1.2955778672107954e-08,
            "y": 7.998238182871376e-11,
            "z": 0.0006658124621026218
        },
        "vehicle_throttle": 0.0,
        "unique_collisions": 0,
        "solid_lane_crosses": 0,
        "double_solid_lane_crosses": 0
    },
    {
        "game_time": 73.22384068835527,
        "vehicle_location": {
            "x": 31.568178176879883,
            "y": 110.41358184814453,
            "z": -0.03771331533789635
        },
        "vehicle_velocity": {
            "x": -5.147958148654652e-08,
            "y": 2.697235679249843e-08,
            "z": 0.0010915708262473345
        },
        "vehicle_throttle": 0.0,
        "unique_collisions": 0,
        "solid_lane_crosses": 0,
        "double_solid_lane_crosses": 0
    },
    {
        "game_time": 74.29714647959918,
        "vehicle_location": {
            "x": 31.568178176879883,
            "y": 110.41358184814453,
            "z": -0.037784840911626816
        },
        "vehicle_velocity": {
            "x": 1.7841799149209692e-07,
            "y": 4.500586125999462e-09,
            "z": -0.0006335544167086482
        },
        "vehicle_throttle": 0.0,
        "unique_collisions": 0,
        "solid_lane_crosses": 0,
        "double_solid_lane_crosses": 0
    },
    {
        "game_time": 75.32650213968009,
        "vehicle_location": {
            "x": 31.568178176879883,
            "y": 110.41358184814453,
            "z": -0.037778280675411224
        },
        "vehicle_velocity": {
            "x": -1.2277190819531825e-07,
            "y": -2.775988150460762e-08,
            "z": -0.0006855773972347379
        },
        "vehicle_throttle": 0.0,
        "unique_collisions": 0,
        "solid_lane_crosses": 0,
        "double_solid_lane_crosses": 0
    },
    {
        "game_time": 76.38773308042437,
        "vehicle_location": {
            "x": 31.568178176879883,
            "y": 110.41358184814453,
            "z": -0.03772926330566406
        },
        "vehicle_velocity": {
            "x": 6.991592016447612e-08,
            "y": -6.808156172155577e-08,
            "z": -0.0003232383751310408
        },
        "vehicle_throttle": 0.0,
        "unique_collisions": 0,
        "solid_lane_crosses": 0,
        "double_solid_lane_crosses": 0
    },
    {
        "game_time": 77.47019859123975,
        "vehicle_location": {
            "x": 31.568178176879883,
            "y": 110.41353607177734,
            "z": -0.03775695711374283
        },
        "vehicle_velocity": {
            "x": -2.111773255819571e-06,
            "y": 0.0015471819788217545,
            "z": 8.29219789011404e-06
        },
        "vehicle_throttle": 0.75,
        "unique_collisions": 0,
        "solid_lane_crosses": 0,
        "double_solid_lane_crosses": 0
    },
    {
        "game_time": 78.57537287380546,
        "vehicle_location": {
            "x": 31.56852912902832,
            "y": 109.15646362304688,
            "z": -0.039247702807188034
        },
        "vehicle_velocity": {
            "x": 0.0008930732728913426,
            "y": -2.2147789001464844,
            "z": 0.001069784164428711
        },
        "vehicle_throttle": 0.75,
        "unique_collisions": 0,
        "solid_lane_crosses": 0,
        "double_solid_lane_crosses": 0
    },
    {
        "game_time": 79.631722105667,
        "vehicle_location": {
            "x": 31.55450439453125,
            "y": 105.74954986572266,
            "z": -0.03934566304087639
        },
        "vehicle_velocity": {
            "x": -0.05390419811010361,
            "y": -4.250872611999512,
            "z": 0.0007375431014224887
        },
        "vehicle_throttle": 0.75,
        "unique_collisions": 0,
        "solid_lane_crosses": 0,
        "double_solid_lane_crosses": 0
    },
    {
        "game_time": 80.6798987146467,
        "vehicle_location": {
            "x": 30.989253997802734,
            "y": 100.42659759521484,
            "z": -0.035784684121608734
        },
        "vehicle_velocity": {
            "x": -1.2584569454193115,
            "y": -4.9291558265686035,
            "z": 6.4277646742993966e-06
        },
        "vehicle_throttle": 0.6364926099777222,
        "unique_collisions": 0,
        "solid_lane_crosses": 0,
        "double_solid_lane_crosses": 0
    },
    {
        "game_time": 81.75476503372192,
        "vehicle_location": {
            "x": 29.29193687438965,
            "y": 95.88063049316406,
            "z": -0.038600195199251175
        },
        "vehicle_velocity": {
            "x": -2.6483137607574463,
            "y": -4.007471084594727,
            "z": 0.0007134246407076716
        },
        "vehicle_throttle": 0.75,
        "unique_collisions": 0,
        "solid_lane_crosses": 0,
        "double_solid_lane_crosses": 0
    },
    {
        "game_time": 82.82021773792803,
        "vehicle_location": {
            "x": 25.74910545349121,
            "y": 91.67134857177734,
            "z": -0.03510284423828125
        },
        "vehicle_velocity": {
            "x": -3.1543562412261963,
            "y": -2.815457582473755,
            "z": 0.0003108119999524206
        },
        "vehicle_throttle": 0.75,
        "unique_collisions": 0,
        "solid_lane_crosses": 0,
        "double_solid_lane_crosses": 0
    },
    {
        "game_time": 83.86269149184227,
        "vehicle_location": {
            "x": 21.932172775268555,
            "y": 89.6396484375,
            "z": -0.0390484593808651
        },
        "vehicle_velocity": {
            "x": -4.731138706207275,
            "y": -1.2478363513946533,
            "z": 0.0008397388155572116
        },
        "vehicle_throttle": 0.75,
        "unique_collisions": 0,
        "solid_lane_crosses": 0,
        "double_solid_lane_crosses": 0
    },
    {
        "game_time": 84.89401106908917,
        "vehicle_location": {
            "x": 16.638349533081055,
            "y": 88.59822845458984,
            "z": -0.03567977994680405
        },
        "vehicle_velocity": {
            "x": -4.423151016235352,
            "y": -0.3995918929576874,
            "z": 0.000365781772416085
        },
        "vehicle_throttle": 0.75,
        "unique_collisions": 0,
        "solid_lane_crosses": 0,
        "double_solid_lane_crosses": 0
    },
    {
        "game_time": 85.91969082783908,
        "vehicle_location": {
            "x": 11.873666763305664,
            "y": 88.31694793701172,
            "z": -0.03889903798699379
        },
        "vehicle_velocity": {
            "x": -5.413818359375,
            "y": -0.10697069764137268,
            "z": -0.0003724813286680728
        },
        "vehicle_throttle": 0.75,
        "unique_collisions": 0,
        "solid_lane_crosses": 0,
        "double_solid_lane_crosses": 0
    },
    {
        "game_time": 86.976388880983,
        "vehicle_location": {
            "x": 6.671971797943115,
            "y": 88.17259216308594,
            "z": -0.0369352325797081
        },
        "vehicle_velocity": {
            "x": -4.102635860443115,
            "y": -0.07536085695028305,
            "z": -0.0006705665728077292
        },
        "vehicle_throttle": 0.75,
        "unique_collisions": 0,
        "solid_lane_crosses": 0,
        "double_solid_lane_crosses": 0
    },
    {
        "game_time": 88.05039120838046,
        "vehicle_location": {
            "x": 1.3436400890350342,
            "y": 88.10906219482422,
            "z": -0.03907157853245735
        },
        "vehicle_velocity": {
            "x": -5.829098224639893,
            "y": -0.0752202719449997,
            "z": -9.21535465749912e-05
        },
        "vehicle_throttle": 0.0,
        "unique_collisions": 0,
        "solid_lane_crosses": 0,
        "double_solid_lane_crosses": 0
    },
    {
        "game_time": 89.09995708987117,
        "vehicle_location": {
            "x": -3.5407748222351074,
            "y": 88.0804214477539,
            "z": -0.03847949951887131
        },
        "vehicle_velocity": {
            "x": -4.4661383628845215,
            "y": -0.02081906981766224,
            "z": 0.0010780906304717064
        },
        "vehicle_throttle": 0.75,
        "unique_collisions": 0,
        "solid_lane_crosses": 0,
        "double_solid_lane_crosses": 0
    },
    {
        "game_time": 90.15324569121003,
        "vehicle_location": {
            "x": -9.046548843383789,
            "y": 88.06300354003906,
            "z": -0.035338059067726135
        },
        "vehicle_velocity": {
            "x": -4.923445224761963,
            "y": -0.012987835332751274,
            "z": -0.0023504591081291437
        },
        "vehicle_throttle": 0.75,
        "unique_collisions": 0,
        "solid_lane_crosses": 0,
        "double_solid_lane_crosses": 0
    },
    {
        "game_time": 91.16708718333393,
        "vehicle_location": {
            "x": -13.455769538879395,
            "y": 88.05449676513672,
            "z": -0.03903816267848015
        },
        "vehicle_velocity": {
            "x": -4.667595386505127,
            "y": -0.0074722119607031345,
            "z": 4.3001175072276965e-05
        },
        "vehicle_throttle": 0.75,
        "unique_collisions": 0,
        "solid_lane_crosses": 0,
        "double_solid_lane_crosses": 0
    },
    {
        "game_time": 92.18302414473146,
        "vehicle_location": {
            "x": -18.80356788635254,
            "y": 88.04653930664062,
            "z": -0.03525329381227493
        },
        "vehicle_velocity": {
            "x": -4.742367267608643,
            "y": -0.006433251313865185,
            "z": -0.00014490127796307206
        },
        "vehicle_throttle": 0.75,
        "unique_collisions": 0,
        "solid_lane_crosses": 0,
        "double_solid_lane_crosses": 0
    },
    {
        "game_time": 93.22920314222574,
        "vehicle_location": {
            "x": -23.25994110107422,
            "y": 88.0406723022461,
            "z": -0.03916053846478462
        },
        "vehicle_velocity": {
            "x": -4.799543857574463,
            "y": -0.006208907812833786,
            "z": 0.0007670306949876249
        },
        "vehicle_throttle": 0.75,
        "unique_collisions": 0,
        "solid_lane_crosses": 0,
        "double_solid_lane_crosses": 0
    },
    {
        "game_time": 94.30808482598513,
        "vehicle_location": {
            "x": -28.93259048461914,
            "y": 88.03380584716797,
            "z": -0.0355871208012104
        },
        "vehicle_velocity": {
            "x": -4.403452396392822,
            "y": -0.005180773790925741,
            "z": 7.747649942757562e-05
        },
        "vehicle_throttle": 0.75,
        "unique_collisions": 0,
        "solid_lane_crosses": 0,
        "double_solid_lane_crosses": 0
    },
    {
        "game_time": 95.3427878562361,
        "vehicle_location": {
            "x": -33.34416580200195,
            "y": 88.06180572509766,
            "z": -0.039249878376722336
        },
        "vehicle_velocity": {
            "x": -4.9774065017700195,
            "y": 0.09642859548330307,
            "z": 0.0005651473766192794
        },
        "vehicle_throttle": 0.75,
        "unique_collisions": 0,
        "solid_lane_crosses": 0,
        "double_solid_lane_crosses": 0
    },
    {
        "game_time": 96.36796880606562,
        "vehicle_location": {
            "x": -38.66587829589844,
            "y": 88.65110778808594,
            "z": -0.027353286743164062
        },
        "vehicle_velocity": {
            "x": -4.05393648147583,
            "y": 1.2446041107177734,
            "z": 0.017913226038217545
        },
        "vehicle_throttle": 0.75,
        "unique_collisions": 0,
        "solid_lane_crosses": 0,
        "double_solid_lane_crosses": 0
    },
    {
        "game_time": 97.43379977345467,
        "vehicle_location": {
            "x": -42.881858825683594,
            "y": 90.33102416992188,
            "z": -0.01275840774178505
        },
        "vehicle_velocity": {
            "x": -4.107203006744385,
            "y": 2.783827066421509,
            "z": -0.011657499708235264
        },
        "vehicle_throttle": 0.75,
        "unique_collisions": 0,
        "solid_lane_crosses": 0,
        "double_solid_lane_crosses": 0
    },
    {
        "game_time": 98.51172527018934,
        "vehicle_location": {
            "x": -47.19794464111328,
            "y": 93.96136474609375,
            "z": -0.017898214980959892
        },
        "vehicle_velocity": {
            "x": -3.2308170795440674,
            "y": 4.3372907638549805,
            "z": 0.01101013645529747
        },
        "vehicle_throttle": 0.75,
        "unique_collisions": 0,
        "solid_lane_crosses": 0,
        "double_solid_lane_crosses": 0
    },
    {
        "game_time": 99.58463783655316,
        "vehicle_location": {
            "x": -49.53419494628906,
            "y": 98.67603302001953,
            "z": 0.0011098097311332822
        },
        "vehicle_velocity": {
            "x": -1.0748690366744995,
            "y": 4.431131839752197,
            "z": 0.04584236815571785
        },
        "vehicle_throttle": 0.75,
        "unique_collisions": 0,
        "solid_lane_crosses": 0,
        "double_solid_lane_crosses": 0
    },
    {
        "game_time": 100.60752749349922,
        "vehicle_location": {
            "x": -51.1485481262207,
            "y": 103.78202819824219,
            "z": 0.02016502246260643
        },
        "vehicle_velocity": {
            "x": -1.5016770362854004,
            "y": 4.684610843658447,
            "z": -0.002047433750703931
        },
        "vehicle_throttle": 0.75,
        "unique_collisions": 0,
        "solid_lane_crosses": 0,
        "double_solid_lane_crosses": 0
    },
    {
        "game_time": 101.63726440258324,
        "vehicle_location": {
            "x": -52.53957748413086,
            "y": 108.1261978149414,
            "z": 0.016408614814281464
        },
        "vehicle_velocity": {
            "x": -1.4779618978500366,
            "y": 4.616446018218994,
            "z": 0.00017143726290669292
        },
        "vehicle_throttle": 0.75,
        "unique_collisions": 0,
        "solid_lane_crosses": 0,
        "double_solid_lane_crosses": 0
    },
    {
        "game_time": 102.66778311226517,
        "vehicle_location": {
            "x": -54.10072708129883,
            "y": 113.33297729492188,
            "z": 0.01919788308441639
        },
        "vehicle_velocity": {
            "x": -1.205142617225647,
            "y": 4.507672309875488,
            "z": -1.5788078599143773e-05
        },
        "vehicle_throttle": 0.75,
        "unique_collisions": 0,
        "solid_lane_crosses": 0,
        "double_solid_lane_crosses": 0
    },
    {
        "game_time": 103.67202315386385,
        "vehicle_location": {
            "x": -55.314334869384766,
            "y": 117.68379974365234,
            "z": 0.01661064103245735
        },
        "vehicle_velocity": {
            "x": -1.5661354064941406,
            "y": 4.812854290008545,
            "z": 0.0008334254962392151
        },
        "vehicle_throttle": 0.75,
        "unique_collisions": 0,
        "solid_lane_crosses": 0,
        "double_solid_lane_crosses": 0
    },
    {
        "game_time": 104.71105777751654,
        "vehicle_location": {
            "x": -57.072269439697266,
            "y": 122.68881225585938,
            "z": 0.01993049494922161
        },
        "vehicle_velocity": {
            "x": -1.723291277885437,
            "y": 3.7525579929351807,
            "z": -0.00010547637793933973
        },
        "vehicle_throttle": 0.75,
        "unique_collisions": 0,
        "solid_lane_crosses": 0,
        "double_solid_lane_crosses": 0
    },
    {
        "game_time": 105.77495402656496,
        "vehicle_location": {
            "x": -59.27875900268555,
            "y": 127.1527099609375,
            "z": 0.015852736309170723
        },
        "vehicle_velocity": {
            "x": -3.0131895542144775,
            "y": 4.839654922485352,
            "z": -0.00031222819234244525
        },
        "vehicle_throttle": 0.27203720808029175,
        "unique_collisions": 0,
        "solid_lane_crosses": 0,
        "double_solid_lane_crosses": 0
    },
    {
        "game_time": 106.77501922287047,
        "vehicle_location": {
            "x": -62.310791015625,
            "y": 131.5271759033203,
            "z": 0.016631316393613815
        },
        "vehicle_velocity": {
            "x": -3.653320789337158,
            "y": 4.263249397277832,
            "z": -0.00012415408855304122
        },
        "vehicle_throttle": 0.11783851683139801,
        "unique_collisions": 0,
        "solid_lane_crosses": 0,
        "double_solid_lane_crosses": 0
    },
    {
        "game_time": 107.8106179125607,
        "vehicle_location": {
            "x": -65.74199676513672,
            "y": 135.15049743652344,
            "z": 0.01684490218758583
        },
        "vehicle_velocity": {
            "x": -3.713496685028076,
            "y": 3.1390063762664795,
            "z": 0.00034514901926741004
        },
        "vehicle_throttle": 0.75,
        "unique_collisions": 0,
        "solid_lane_crosses": 0,
        "double_solid_lane_crosses": 0
    },
    {
        "game_time": 108.86882897652686,
        "vehicle_location": {
            "x": -70.09122467041016,
            "y": 138.54214477539062,
            "z": 0.019517134875059128
        },
        "vehicle_velocity": {
            "x": -3.8205108642578125,
            "y": 2.36422061920166,
            "z": 0.00038971423055045307
        },
        "vehicle_throttle": 0.75,
        "unique_collisions": 0,
        "solid_lane_crosses": 0,
        "double_solid_lane_crosses": 0
    },
    {
        "game_time": 109.88820287771523,
        "vehicle_location": {
            "x": -74.10821533203125,
            "y": 140.76116943359375,
            "z": 0.016891250386834145
        },
        "vehicle_velocity": {
            "x": -4.674673080444336,
            "y": 1.943568229675293,
            "z": 0.00010129451402463019
        },
        "vehicle_throttle": 0.75,
        "unique_collisions": 0,
        "solid_lane_crosses": 0,
        "double_solid_lane_crosses": 0
    },
    {
        "game_time": 110.93284496385604,
        "vehicle_location": {
            "x": -79.06370544433594,
            "y": 142.63291931152344,
            "z": 0.019751930609345436
        },
        "vehicle_velocity": {
            "x": -3.9201748371124268,
            "y": 1.0383973121643066,
            "z": 0.0003958082234021276
        },
        "vehicle_throttle": 0.75,
        "unique_collisions": 0,
        "solid_lane_crosses": 0,
        "double_solid_lane_crosses": 0
    },
    {
        "game_time": 111.9941500062123,
        "vehicle_location": {
            "x": -83.94927215576172,
            "y": 143.62583923339844,
            "z": 0.015708275139331818
        },
        "vehicle_velocity": {
            "x": -5.741015911102295,
            "y": 0.550571084022522,
            "z": -0.0003093623963650316
        },
        "vehicle_throttle": 0.11229072511196136,
        "unique_collisions": 0,
        "solid_lane_crosses": 0,
        "double_solid_lane_crosses": 0
    },
    {
        "game_time": 113.06338649149984,
        "vehicle_location": {
            "x": -89.11468505859375,
            "y": 144.03904724121094,
            "z": 0.0175878144800663
        },
        "vehicle_velocity": {
            "x": -4.330209255218506,
            "y": 0.17772512137889862,
            "z": 2.71034241450252e-05
        },
        "vehicle_throttle": 0.75,
        "unique_collisions": 0,
        "solid_lane_crosses": 0,
        "double_solid_lane_crosses": 0
    },
    {
        "game_time": 114.11109456792474,
        "vehicle_location": {
            "x": -94.50244140625,
            "y": 144.16458129882812,
            "z": 0.018876265734434128
        },
        "vehicle_velocity": {
            "x": -5.289276599884033,
            "y": 0.14343410730361938,
            "z": 1.012802113109501e-05
        },
        "vehicle_throttle": 0.0,
        "unique_collisions": 0,
        "solid_lane_crosses": 0,
        "double_solid_lane_crosses": 0
    },
    {
        "game_time": 115.16198996268213,
        "vehicle_location": {
            "x": -99.14899444580078,
            "y": 144.2001190185547,
            "z": 0.016550522297620773
        },
        "vehicle_velocity": {
            "x": -4.605773448944092,
            "y": 0.014117497019469738,
            "z": -4.504203752730973e-05
        },
        "vehicle_throttle": 0.75,
        "unique_collisions": 0,
        "solid_lane_crosses": 0,
        "double_solid_lane_crosses": 0
    },
    {
        "game_time": 116.21159889642149,
        "vehicle_location": {
            "x": -104.67649841308594,
            "y": 144.20321655273438,
            "z": 0.019632568582892418
        },
        "vehicle_velocity": {
            "x": -4.942048072814941,
            "y": 0.00031054014107212424,
            "z": -0.0005974006489850581
        },
        "vehicle_throttle": 0.75,
        "unique_collisions": 0,
        "solid_lane_crosses": 0,
        "double_solid_lane_crosses": 0
    }
]