[
    {
        "game_time": 4.81352031393908,
        "vehicle_location": {
            "x": -143.57437133789062,
            "y": -89.6187973022461,
            "z": -0.03979770466685295
        },
        "vehicle_velocity": {
            "x": 0.7843765020370483,
            "y": -0.6407734751701355,
            "z": -0.00042182920151390135
        },
        "vehicle_throttle": 0.75,
        "unique_collisions": 0,
        "solid_lane_crosses": 0,
        "double_solid_lane_crosses": 0
    },
    {
        "game_time": 5.859970352379605,
        "vehicle_location": {
            "x": -142.08370971679688,
            "y": -91.33308410644531,
            "z": -0.03923080489039421
        },
        "vehicle_velocity": {
            "x": 1.560306191444397,
            "y": -3.145609140396118,
            "z": 0.0005307102110236883
        },
        "vehicle_throttle": 0.75,
        "unique_collisions": 0,
        "solid_lane_crosses": 1,
        "double_solid_lane_crosses": 0
    },
    {
        "game_time": 6.894965913845226,
        "vehicle_location": {
            "x": -138.95974731445312,
            "y": -94.57081604003906,
            "z": -0.0377168282866478
        },
        "vehicle_velocity": {
            "x": 4.361747741699219,
            "y": -2.212387800216675,
            "z": -0.000450916268164292
        },
        "vehicle_throttle": 0.75,
        "unique_collisions": 0,
        "solid_lane_crosses": 1,
        "double_solid_lane_crosses": 0
    },
    {
        "game_time": 7.919783050892875,
        "vehicle_location": {
            "x": -134.1315460205078,
            "y": -96.30532836914062,
            "z": -0.03352497145533562
        },
        "vehicle_velocity": {
            "x": 3.653116464614868,
            "y": -0.7570812106132507,
            "z": 0.0009615230374038219
        },
        "vehicle_throttle": 0.0,
        "unique_collisions": 0,
        "solid_lane_crosses": 3,
        "double_solid_lane_crosses": 0
    },
    {
        "game_time": 8.952636058209464,
        "vehicle_location": {
            "x": -131.54054260253906,
            "y": -96.7923355102539,
            "z": -0.039144933223724365
        },
        "vehicle_velocity": {
            "x": 2.9870758056640625,
            "y": -0.24049483239650726,
            "z": 9.220123320119455e-05
        },
        "vehicle_throttle": 0.75,
        "unique_collisions": 0,
        "solid_lane_crosses": 4,
        "double_solid_lane_crosses": 0
    },
    {
        "game_time": 9.999340642942116,
        "vehicle_location": {
            "x": -127.4474868774414,
            "y": -97.2023696899414,
            "z": -0.03710086643695831
        },
        "vehicle_velocity": {
            "x": 4.1187543869018555,
            "y": -0.2869408130645752,
            "z": -0.001352176652289927
        },
        "vehicle_throttle": 0.0,
        "unique_collisions": 0,
        "solid_lane_crosses": 4,
        "double_solid_lane_crosses": 0
    },
    {
        "game_time": 11.11632143962197,
        "vehicle_location": {
            "x": -124.286865234375,
            "y": -97.46477508544922,
            "z": -0.03421764448285103
        },
        "vehicle_velocity": {
            "x": 1.4274065494537354,
            "y": -0.11724282801151276,
            "z": 0.00019909857655875385
        },
        "vehicle_throttle": 0.0,
        "unique_collisions": 0,
        "solid_lane_crosses": 4,
        "double_solid_lane_crosses": 0
    },
    {
        "game_time": 12.23033935087733,
        "vehicle_location": {
            "x": -123.35865020751953,
            "y": -97.53445434570312,
            "z": -0.03570648282766342
        },
        "vehicle_velocity": {
            "x": 0.1675281524658203,
            "y": -0.012143999338150024,
            "z": -0.0014119433471933007
        },
        "vehicle_throttle": 0.75,
        "unique_collisions": 0,
        "solid_lane_crosses": 4,
        "double_solid_lane_crosses": 0
    },
    {
        "game_time": 13.33931863377802,
        "vehicle_location": {
            "x": -122.69133758544922,
            "y": -97.58026885986328,
            "z": -0.03950286656618118
        },
        "vehicle_velocity": {
            "x": 1.2717846632003784,
            "y": -0.08304805308580399,
            "z": 0.0003541326441336423
        },
        "vehicle_throttle": 0.75,
        "unique_collisions": 0,
        "solid_lane_crosses": 4,
        "double_solid_lane_crosses": 0
    },
    {
        "game_time": 14.340873976005241,
        "vehicle_location": {
            "x": -120.55093383789062,
            "y": -97.71720123291016,
            "z": -0.03699367493391037
        },
        "vehicle_velocity": {
            "x": 2.2719714641571045,
            "y": -0.13362513482570648,
            "z": 4.3683052354026586e-05
        },
        "vehicle_throttle": 0.0,
        "unique_collisions": 0,
        "solid_lane_crosses": 4,
        "double_solid_lane_crosses": 0
    },
    {
        "game_time": 15.444902288494632,
        "vehicle_location": {
            "x": -119.34577178955078,
            "y": -97.7916488647461,
            "z": -0.03508441895246506
        },
        "vehicle_velocity": {
            "x": 0.15469330549240112,
            "y": -0.008673625998198986,
            "z": 3.1824110919842497e-05
        },
        "vehicle_throttle": 0.75,
        "unique_collisions": 0,
        "solid_lane_crosses": 4,
        "double_solid_lane_crosses": 0
    },
    {
        "game_time": 16.49530676449649,
        "vehicle_location": {
            "x": -118.9455337524414,
            "y": -97.81062316894531,
            "z": -0.036843642592430115
        },
        "vehicle_velocity": {
            "x": 0.11709894239902496,
            "y": -0.005896407179534435,
            "z": 1.582145705469884e-05
        },
        "vehicle_throttle": 0.75,
        "unique_collisions": 0,
        "solid_lane_crosses": 4,
        "double_solid_lane_crosses": 0
    },
    {
        "game_time": 17.505470995558426,
        "vehicle_location": {
            "x": -118.77522277832031,
            "y": -97.82119750976562,
            "z": -0.03741157427430153
        },
        "vehicle_velocity": {
            "x": 0.00036604501656256616,
            "y": 0.00020318009774200618,
            "z": -0.00026695249835029244
        },
        "vehicle_throttle": 0.0,
        "unique_collisions": 0,
        "solid_lane_crosses": 4,
        "double_solid_lane_crosses": 0
    },
    {
        "game_time": 18.51659048977308,
        "vehicle_location": {
            "x": -118.73995971679688,
            "y": -97.8240966796875,
            "z": -0.037804946303367615
        },
        "vehicle_velocity": {
            "x": 0.1109018623828888,
            "y": -0.006550965830683708,
            "z": 0.00012411117495503277
        },
        "vehicle_throttle": 0.75,
        "unique_collisions": 0,
        "solid_lane_crosses": 4,
        "double_solid_lane_crosses": 0
    },
    {
        "game_time": 19.553703249199316,
        "vehicle_location": {
            "x": -118.53157043457031,
            "y": -97.83583068847656,
            "z": -0.03958595171570778
        },
        "vehicle_velocity": {
            "x": 0.9089058637619019,
            "y": -0.05200253054499626,
            "z": -0.00058123585768044
        },
        "vehicle_throttle": 0.75,
        "unique_collisions": 0,
        "solid_lane_crosses": 4,
        "double_solid_lane_crosses": 0
    },
    {
        "game_time": 20.689721944509074,
        "vehicle_location": {
            "x": -116.84410095214844,
            "y": -97.93303680419922,
            "z": -0.0392698273062706
        },
        "vehicle_velocity": {
            "x": 2.4571118354797363,
            "y": -0.14263425767421722,
            "z": 4.543304385151714e-05
        },
        "vehicle_throttle": 0.75,
        "unique_collisions": 0,
        "solid_lane_crosses": 4,
        "double_solid_lane_crosses": 0
    },
    {
        "game_time": 21.776006740285084,
        "vehicle_location": {
            "x": -113.10602569580078,
            "y": -97.9732666015625,
            "z": -0.0376855842769146
        },
        "vehicle_velocity": {
            "x": 3.8754420280456543,
            "y": 0.1322885900735855,
            "z": 0.00024075507826637477
        },
        "vehicle_throttle": 0.0,
        "unique_collisions": 0,
        "solid_lane_crosses": 4,
        "double_solid_lane_crosses": 0
    },
    {
        "game_time": 22.874221353558823,
        "vehicle_location": {
            "x": -109.62445831298828,
            "y": -97.40464782714844,
            "z": -0.03905593603849411
        },
        "vehicle_velocity": {
            "x": 3.650686502456665,
            "y": 1.3538888692855835,
            "z": -0.0003631687141023576
        },
        "vehicle_throttle": 0.75,
        "unique_collisions": 0,
        "solid_lane_crosses": 4,
        "double_solid_lane_crosses": 0
    },
    {
        "game_time": 23.94361035595648,
        "vehicle_location": {
            "x": -106.28948211669922,
            "y": -95.50575256347656,
            "z": -0.037811048328876495
        },
        "vehicle_velocity": {
            "x": 2.5528228282928467,
            "y": 2.79361629486084,
            "z": 0.015622634440660477
        },
        "vehicle_throttle": 0.75,
        "unique_collisions": 0,
        "solid_lane_crosses": 5,
        "double_solid_lane_crosses": 0
    },
    {
        "game_time": 24.99280582810752,
        "vehicle_location": {
            "x": -103.81277465820312,
            "y": -91.33943176269531,
            "z": -0.037383727729320526
        },
        "vehicle_velocity": {
            "x": 1.276564598083496,
            "y": 5.691553592681885,
            "z": -0.0019858551677316427
        },
        "vehicle_throttle": 0.0,
        "unique_collisions": 0,
        "solid_lane_crosses": 5,
        "double_solid_lane_crosses": 0
    },
    {
        "game_time": 26.0183825136628,
        "vehicle_location": {
            "x": -102.87287139892578,
            "y": -87.07257843017578,
            "z": -0.03828903287649155
        },
        "vehicle_velocity": {
            "x": 0.4032250940799713,
            "y": 3.67185115814209,
            "z": 0.0008139514829963446
        },
        "vehicle_throttle": 0.75,
        "unique_collisions": 0,
        "solid_lane_crosses": 5,
        "double_solid_lane_crosses": 0
    },
    {
        "game_time": 27.05666501983069,
        "vehicle_location": {
            "x": -102.6205825805664,
            "y": -83.77049255371094,
            "z": -0.037583235651254654
        },
        "vehicle_velocity": {
            "x": 0.10223839432001114,
            "y": 2.447519540786743,
            "z": 0.0007564544794149697
        },
        "vehicle_throttle": 0.0,
        "unique_collisions": 0,
        "solid_lane_crosses": 5,
        "double_solid_lane_crosses": 0
    },
    {
        "game_time": 28.0601052173879,
        "vehicle_location": {
            "x": -102.55231475830078,
            "y": -82.41020202636719,
            "z": -0.0364539697766304
        },
        "vehicle_velocity": {
            "x": 0.028369268402457237,
            "y": 0.6116530895233154,
            "z": 0.0002641963947098702
        },
        "vehicle_throttle": 0.75,
        "unique_collisions": 0,
        "solid_lane_crosses": 5,
        "double_solid_lane_crosses": 0
    },
    {
        "game_time": 29.104106796672568,
        "vehicle_location": {
            "x": -102.52666473388672,
            "y": -81.92083740234375,
            "z": -0.03815215826034546
        },
        "vehicle_velocity": {
            "x": 0.01604480855166912,
            "y": 0.32053402066230774,
            "z": -0.0003073835396207869
        },
        "vehicle_throttle": 0.0,
        "unique_collisions": 0,
        "solid_lane_crosses": 5,
        "double_solid_lane_crosses": 0
    },
    {
        "game_time": 30.10426511685364,
        "vehicle_location": {
            "x": -102.52009582519531,
            "y": -81.76895141601562,
            "z": -0.03744262456893921
        },
        "vehicle_velocity": {
            "x": 0.006100890692323446,
            "y": 0.12737774848937988,
            "z": 0.0006319332169368863
        },
        "vehicle_throttle": 0.75,
        "unique_collisions": 0,
        "solid_lane_crosses": 5,
        "double_solid_lane_crosses": 0
    },
    {
        "game_time": 31.119402958778664,
        "vehicle_location": {
            "x": -102.51581573486328,
            "y": -81.67051696777344,
            "z": -0.03754928335547447
        },
        "vehicle_velocity": {
            "x": -3.327498052385636e-05,
            "y": 0.0019742853473871946,
            "z": 0.00022790431103203446
        },
        "vehicle_throttle": 0.0,
        "unique_collisions": 0,
        "solid_lane_crosses": 5,
        "double_solid_lane_crosses": 0
    },
    {
        "game_time": 32.158225192455575,
        "vehicle_location": {
            "x": -102.5035400390625,
            "y": -81.26766967773438,
            "z": -0.039154052734375
        },
        "vehicle_velocity": {
            "x": 0.021402588114142418,
            "y": 1.1110119819641113,
            "z": 0.00022454738791566342
        },
        "vehicle_throttle": 0.75,
        "unique_collisions": 0,
        "solid_lane_crosses": 5,
        "double_solid_lane_crosses": 0
    },
    {
        "game_time": 33.17020319844596,
        "vehicle_location": {
            "x": -102.45752716064453,
            "y": -79.16871643066406,
            "z": -0.039279479533433914
        },
        "vehicle_velocity": {
            "x": 0.047804784029722214,
            "y": 3.0088043212890625,
            "z": 0.00033334255567751825
        },
        "vehicle_throttle": 0.75,
        "unique_collisions": 0,
        "solid_lane_crosses": 5,
        "double_solid_lane_crosses": 0
    },
    {
        "game_time": 34.19765594298951,
        "vehicle_location": {
            "x": -102.41604614257812,
            "y": -75.0329360961914,
            "z": -0.03922969847917557
        },
        "vehicle_velocity": {
            "x": 0.22408811748027802,
            "y": 4.973945617675781,
            "z": 0.0004838275781366974
        },
        "vehicle_throttle": 0.75,
        "unique_collisions": 0,
        "solid_lane_crosses": 5,
        "double_solid_lane_crosses": 0
    },
    {
        "game_time": 35.215128905838355,
        "vehicle_location": {
            "x": -101.83361053466797,
            "y": -69.68463134765625,
            "z": -0.03760654479265213
        },
        "vehicle_velocity": {
            "x": 1.7499561309814453,
            "y": 4.9244279861450195,
            "z": -0.0003271198074799031
        },
        "vehicle_throttle": 0.75,
        "unique_collisions": 0,
        "solid_lane_crosses": 5,
        "double_solid_lane_crosses": 0
    },
    {
        "game_time": 36.2857781003695,
        "vehicle_location": {
            "x": -98.9417724609375,
            "y": -65.3189468383789,
            "z": -0.03713493421673775
        },
        "vehicle_velocity": {
            "x": 3.5644304752349854,
            "y": 2.753666639328003,
            "z": 0.00023475645866710693
        },
        "vehicle_throttle": 0.75,
        "unique_collisions": 0,
        "solid_lane_crosses": 5,
        "double_solid_lane_crosses": 0
    },
    {
        "game_time": 37.288459916366264,
        "vehicle_location": {
            "x": -94.34941864013672,
            "y": -63.18222427368164,
            "z": -0.03707240894436836
        },
        "vehicle_velocity": {
            "x": 5.305025100708008,
            "y": 1.236065149307251,
            "z": -7.476806786144152e-05
        },
        "vehicle_throttle": 0.0,
        "unique_collisions": 0,
        "solid_lane_crosses": 5,
        "double_solid_lane_crosses": 0
    },
    {
        "game_time": 38.330384148983285,
        "vehicle_location": {
            "x": -89.67398834228516,
            "y": -62.38489532470703,
            "z": -0.03883163258433342
        },
        "vehicle_velocity": {
            "x": 4.6781535148620605,
            "y": 0.4193674623966217,
            "z": -0.0005917549133300781
        },
        "vehicle_throttle": 0.75,
        "unique_collisions": 0,
        "solid_lane_crosses": 5,
        "double_solid_lane_crosses": 0
    },
    {
        "game_time": 39.40044119465165,
        "vehicle_location": {
            "x": -84.01316833496094,
            "y": -62.12532043457031,
            "z": -0.03601844608783722
        },
        "vehicle_velocity": {
            "x": 4.8826904296875,
            "y": 0.11030253022909164,
            "z": -0.0012015056563541293
        },
        "vehicle_throttle": 0.75,
        "unique_collisions": 0,
        "solid_lane_crosses": 5,
        "double_solid_lane_crosses": 0
    },
    {
        "game_time": 40.412392428843305,
        "vehicle_location": {
            "x": -79.55140686035156,
            "y": -62.071990966796875,
            "z": -0.0390661247074604
        },
        "vehicle_velocity": {
            "x": 4.957751274108887,
            "y": 0.02891523949801922,
            "z": 0.00014280318282544613
        },
        "vehicle_throttle": 0.75,
        "unique_collisions": 0,
        "solid_lane_crosses": 5,
        "double_solid_lane_crosses": 0
    },
    {
        "game_time": 41.46963639254682,
        "vehicle_location": {
            "x": -74.01990509033203,
            "y": -62.072425842285156,
            "z": -0.03531360626220703
        },
        "vehicle_velocity": {
            "x": 4.250178337097168,
            "y": -0.020347466692328453,
            "z": 0.0004726695769932121
        },
        "vehicle_throttle": 0.75,
        "unique_collisions": 0,
        "solid_lane_crosses": 5,
        "double_solid_lane_crosses": 0
    },
    {
        "game_time": 42.492912471992895,
        "vehicle_location": {
            "x": -69.53853607177734,
            "y": -62.09886169433594,
            "z": -0.03902461752295494
        },
        "vehicle_velocity": {
            "x": 5.098272800445557,
            "y": -0.03602466359734535,
            "z": 0.001382317510433495
        },
        "vehicle_throttle": 0.75,
        "unique_collisions": 0,
        "solid_lane_crosses": 5,
        "double_solid_lane_crosses": 0
    },
    {
        "game_time": 43.49411852634512,
        "vehicle_location": {
            "x": -64.32839965820312,
            "y": -62.13958740234375,
            "z": -0.03533363342285156
        },
        "vehicle_velocity": {
            "x": 4.137106418609619,
            "y": -0.033845625817775726,
            "z": 0.00014479637320619076
        },
        "vehicle_throttle": 0.75,
        "unique_collisions": 0,
        "solid_lane_crosses": 5,
        "double_solid_lane_crosses": 0
    },
    {
        "game_time": 44.56448698579334,
        "vehicle_location": {
            "x": -59.53104782104492,
            "y": -62.18119430541992,
            "z": -0.03852153569459915
        },
        "vehicle_velocity": {
            "x": 5.207818984985352,
            "y": -0.04629391431808472,
            "z": -0.00012935638369526714
        },
        "vehicle_throttle": 0.75,
        "unique_collisions": 0,
        "solid_lane_crosses": 5,
        "double_solid_lane_crosses": 0
    },
    {
        "game_time": 45.60955600324087,
        "vehicle_location": {
            "x": -54.23967742919922,
            "y": -62.2288932800293,
            "z": -0.03629985824227333
        },
        "vehicle_velocity": {
            "x": 4.200518608093262,
            "y": -0.03823966532945633,
            "z": 0.00013339042197912931
        },
        "vehicle_throttle": 0.75,
        "unique_collisions": 0,
        "solid_lane_crosses": 5,
        "double_solid_lane_crosses": 0
    },
    {
        "game_time": 46.62161424080841,
        "vehicle_location": {
            "x": -49.28746032714844,
            "y": -62.27424240112305,
            "z": -0.03963867202401161
        },
        "vehicle_velocity": {
            "x": 5.827271461486816,
            "y": -0.05371145159006119,
            "z": -0.0001737785350997001
        },
        "vehicle_throttle": 0.0,
        "unique_collisions": 0,
        "solid_lane_crosses": 5,
        "double_solid_lane_crosses": 0
    },
    {
        "game_time": 47.6340753051918,
        "vehicle_location": {
            "x": -43.89230728149414,
            "y": -62.32398223876953,
            "z": -0.037817955017089844
        },
        "vehicle_velocity": {
            "x": 5.421913146972656,
            "y": -0.05007610842585564,
            "z": -1.733779936330393e-05
        },
        "vehicle_throttle": 0.0,
        "unique_collisions": 0,
        "solid_lane_crosses": 5,
        "double_solid_lane_crosses": 0
    },
    {
        "game_time": 48.672336120856926,
        "vehicle_location": {
            "x": -38.9432258605957,
            "y": -62.36974334716797,
            "z": -0.03887622803449631
        },
        "vehicle_velocity": {
            "x": 5.048222541809082,
            "y": -0.046764496713876724,
            "z": 0.0020000028889626265
        },
        "vehicle_throttle": 0.75,
        "unique_collisions": 0,
        "solid_lane_crosses": 5,
        "double_solid_lane_crosses": 0
    },
    {
        "game_time": 49.677952327532694,
        "vehicle_location": {
            "x": -33.59612274169922,
            "y": -62.41926193237305,
            "z": -0.03782878816127777
        },
        "vehicle_velocity": {
            "x": 5.217628002166748,
            "y": -0.048357587307691574,
            "z": -4.739761152450228e-06
        },
        "vehicle_throttle": 0.75,
        "unique_collisions": 0,
        "solid_lane_crosses": 5,
        "double_solid_lane_crosses": 0
    },
    {
        "game_time": 50.70213285530917,
        "vehicle_location": {
            "x": -28.446584701538086,
            "y": -62.466976165771484,
            "z": -0.03726547211408615
        },
        "vehicle_velocity": {
            "x": 4.481462001800537,
            "y": -0.041540373116731644,
            "z": -0.0007314967806451023
        },
        "vehicle_throttle": 0.75,
        "unique_collisions": 0,
        "solid_lane_crosses": 5,
        "double_solid_lane_crosses": 0
    },
    {
        "game_time": 51.72576460870914,
        "vehicle_location": {
            "x": -23.14211654663086,
            "y": -62.51615524291992,
            "z": -0.036422766745090485
        },
        "vehicle_velocity": {
            "x": 5.21394681930542,
            "y": -0.048348017036914825,
            "z": 8.587837328377645e-06
        },
        "vehicle_throttle": 0.6018164157867432,
        "unique_collisions": 0,
        "solid_lane_crosses": 5,
        "double_solid_lane_crosses": 0
    },
    {
        "game_time": 52.74588578916155,
        "vehicle_location": {
            "x": -17.787797927856445,
            "y": -62.5657844543457,
            "z": -0.036138229072093964
        },
        "vehicle_velocity": {
            "x": 4.913031101226807,
            "y": -0.04552960395812988,
            "z": -0.003773288568481803
        },
        "vehicle_throttle": 0.75,
        "unique_collisions": 0,
        "solid_lane_crosses": 5,
        "double_solid_lane_crosses": 0
    },
    {
        "game_time": 53.77738961321302,
        "vehicle_location": {
            "x": -12.923518180847168,
            "y": -62.21142578125,
            "z": -0.03860816732048988
        },
        "vehicle_velocity": {
            "x": 5.1986188888549805,
            "y": 1.1978633403778076,
            "z": 0.00025902269408106804
        },
        "vehicle_throttle": 0.75,
        "unique_collisions": 0,
        "solid_lane_crosses": 5,
        "double_solid_lane_crosses": 0
    },
    {
        "game_time": 54.80074153770693,
        "vehicle_location": {
            "x": -8.318368911743164,
            "y": -59.57154083251953,
            "z": -0.03814578801393509
        },
        "vehicle_velocity": {
            "x": 3.225088119506836,
            "y": 4.548254489898682,
            "z": 0.000545449263881892
        },
        "vehicle_throttle": 0.21998760104179382,
        "unique_collisions": 0,
        "solid_lane_crosses": 5,
        "double_solid_lane_crosses": 0
    },
    {
        "game_time": 55.84057457675226,
        "vehicle_location": {
            "x": -6.224204063415527,
            "y": -54.47984313964844,
            "z": -0.0355558767914772
        },
        "vehicle_velocity": {
            "x": 1.0009554624557495,
            "y": 4.685550689697266,
            "z": -0.002760648727416992
        },
        "vehicle_throttle": 0.75,
        "unique_collisions": 0,
        "solid_lane_crosses": 6,
        "double_solid_lane_crosses": 0
    },
    {
        "game_time": 56.865008250111714,
        "vehicle_location": {
            "x": -5.574604511260986,
            "y": -49.66346740722656,
            "z": -0.038898732513189316
        },
        "vehicle_velocity": {
            "x": 0.3556816279888153,
            "y": 5.440060138702393,
            "z": -0.00021036624093540013
        },
        "vehicle_throttle": 0.75,
        "unique_collisions": 0,
        "solid_lane_crosses": 7,
        "double_solid_lane_crosses": 0
    },
    {
        "game_time": 57.86551644024439,
        "vehicle_location": {
            "x": -5.3112359046936035,
            "y": -44.24093246459961,
            "z": -0.037956465035676956
        },
        "vehicle_velocity": {
            "x": 0.10396052151918411,
            "y": 5.455881118774414,
            "z": 1.1539458682818804e-05
        },
        "vehicle_throttle": 0.14718234539031982,
        "unique_collisions": 0,
        "solid_lane_crosses": 7,
        "double_solid_lane_crosses": 0
    },
    {
        "game_time": 58.87029555882327,
        "vehicle_location": {
            "x": -5.240696907043457,
            "y": -39.4855842590332,
            "z": -0.037552449852228165
        },
        "vehicle_velocity": {
            "x": 0.027207322418689728,
            "y": 4.451444149017334,
            "z": -0.0013975048204883933
        },
        "vehicle_throttle": 0.0,
        "unique_collisions": 0,
        "solid_lane_crosses": 7,
        "double_solid_lane_crosses": 0
    },
    {
        "game_time": 59.87174141337164,
        "vehicle_location": {
            "x": -5.22219705581665,
            "y": -37.017295837402344,
            "z": -0.03576919436454773
        },
        "vehicle_velocity": {
            "x": 0.006872264668345451,
            "y": 1.1829473972320557,
            "z": -0.0015729618025943637
        },
        "vehicle_throttle": 0.75,
        "unique_collisions": 0,
        "solid_lane_crosses": 7,
        "double_solid_lane_crosses": 0
    },
    {
        "game_time": 60.888638890581205,
        "vehicle_location": {
            "x": -5.22304105758667,
            "y": -36.18613815307617,
            "z": -0.036944806575775146
        },
        "vehicle_velocity": {
            "x": -0.0022137516643851995,
            "y": 0.4723801612854004,
            "z": -0.0014302348718047142
        },
        "vehicle_throttle": 0.75,
        "unique_collisions": 0,
        "solid_lane_crosses": 7,
        "double_solid_lane_crosses": 0
    },
    {
        "game_time": 61.90106111881323,
        "vehicle_location": {
            "x": -5.219083786010742,
            "y": -35.90164566040039,
            "z": -0.037680890411138535
        },
        "vehicle_velocity": {
            "x": 0.00299016828648746,
            "y": 0.006309520453214645,
            "z": 0.000899677281267941
        },
        "vehicle_throttle": 0.0,
        "unique_collisions": 0,
        "solid_lane_crosses": 7,
        "double_solid_lane_crosses": 0
    },
    {
        "game_time": 62.90407991153188,
        "vehicle_location": {
            "x": -5.218210220336914,
            "y": -35.78641128540039,
            "z": -0.0375761017203331
        },
        "vehicle_velocity": {
            "x": 0.0002739899791777134,
            "y": 0.11062468588352203,
            "z": 0.00039034365909174085
        },
        "vehicle_throttle": 0.75,
        "unique_collisions": 0,
        "solid_lane_crosses": 7,
        "double_solid_lane_crosses": 0
    },
    {
        "game_time": 63.922183335991576,
        "vehicle_location": {
            "x": -5.217819690704346,
            "y": -35.72863006591797,
            "z": -0.037602003663778305
        },
        "vehicle_velocity": {
            "x": 0.0001890565181383863,
            "y": 0.046962935477495193,
            "z": -0.0002931737690232694
        },
        "vehicle_throttle": 0.75,
        "unique_collisions": 0,
        "solid_lane_crosses": 7,
        "double_solid_lane_crosses": 0
    },
    {
        "game_time": 64.97299088374712,
        "vehicle_location": {
            "x": -5.21649694442749,
            "y": -35.5766716003418,
            "z": -0.03765483945608139
        },
        "vehicle_velocity": {
            "x": 0.0019933809526264668,
            "y": 0.3353845775127411,
            "z": -0.0004926109104417264
        },
        "vehicle_throttle": 0.75,
        "unique_collisions": 0,
        "solid_lane_crosses": 7,
        "double_solid_lane_crosses": 0
    },
    {
        "game_time": 66.01304673892446,
        "vehicle_location": {
            "x": -5.219590187072754,
            "y": -34.11366271972656,
            "z": -0.03917255252599716
        },
        "vehicle_velocity": {
            "x": -0.00731469364836812,
            "y": 2.3468024730682373,
            "z": -0.0028892040718346834
        },
        "vehicle_throttle": 0.0,
        "unique_collisions": 0,
        "solid_lane_crosses": 7,
        "double_solid_lane_crosses": 0
    },
    {
        "game_time": 67.02532355231233,
        "vehicle_location": {
            "x": -5.230447292327881,
            "y": -31.601730346679688,
            "z": -0.037443045526742935
        },
        "vehicle_velocity": {
            "x": -0.013339323922991753,
            "y": 2.741400718688965,
            "z": -0.0006542205810546875
        },
        "vehicle_throttle": 0.75,
        "unique_collisions": 0,
        "solid_lane_crosses": 7,
        "double_solid_lane_crosses": 0
    },
    {
        "game_time": 68.03211094089784,
        "vehicle_location": {
            "x": -5.2487406730651855,
            "y": -28.652179718017578,
            "z": -0.038732681423425674
        },
        "vehicle_velocity": {
            "x": -0.022027475759387016,
            "y": 3.2344987392425537,
            "z": 0.0005512427887879312
        },
        "vehicle_throttle": 0.0,
        "unique_collisions": 0,
        "solid_lane_crosses": 7,
        "double_solid_lane_crosses": 0
    },
    {
        "game_time": 69.05863254168071,
        "vehicle_location": {
            "x": -5.270394325256348,
            "y": -25.592105865478516,
            "z": -0.0383264534175396
        },
        "vehicle_velocity": {
            "x": -0.0259149931371212,
            "y": 3.3403618335723877,
            "z": -0.001385650597512722
        },
        "vehicle_throttle": 0.0,
        "unique_collisions": 0,
        "solid_lane_crosses": 7,
        "double_solid_lane_crosses": 0
    },
    {
        "game_time": 70.07967778597958,
        "vehicle_location": {
            "x": -5.298398971557617,
            "y": -21.95009994506836,
            "z": -0.03926326707005501
        },
        "vehicle_velocity": {
            "x": -0.03641398996114731,
            "y": 4.427030086517334,
            "z": 5.613326720776968e-05
        },
        "vehicle_throttle": 0.75,
        "unique_collisions": 0,
        "solid_lane_crosses": 7,
        "double_solid_lane_crosses": 0
    },
    {
        "game_time": 71.08317857724614,
        "vehicle_location": {
            "x": -5.340797424316406,
            "y": -16.75108528137207,
            "z": -0.03581226244568825
        },
        "vehicle_velocity": {
            "x": -0.04305176064372063,
            "y": 5.032219409942627,
            "z": -9.3364715212374e-06
        },
        "vehicle_throttle": 0.75,
        "unique_collisions": 0,
        "solid_lane_crosses": 7,
        "double_solid_lane_crosses": 0
    },
    {
        "game_time": 72.10078263864852,
        "vehicle_location": {
            "x": -5.5637969970703125,
            "y": -11.844305038452148,
            "z": -0.03350158780813217
        },
        "vehicle_velocity": {
            "x": -0.3409261703491211,
            "y": 3.2769320011138916,
            "z": 0.004346337169408798
        },
        "vehicle_throttle": 0.75,
        "unique_collisions": 0,
        "solid_lane_crosses": 7,
        "double_solid_lane_crosses": 0
    },
    {
        "game_time": 73.10499618505128,
        "vehicle_location": {
            "x": -6.4571356773376465,
            "y": -8.27964973449707,
            "z": -0.032891806215047836
        },
        "vehicle_velocity": {
            "x": -2.0457446575164795,
            "y": 3.903568983078003,
            "z": 0.02360621467232704
        },
        "vehicle_throttle": 0.75,
        "unique_collisions": 0,
        "solid_lane_crosses": 7,
        "double_solid_lane_crosses": 0
    },
    {
        "game_time": 74.14671300002374,
        "vehicle_location": {
            "x": -10.33175277709961,
            "y": -4.9841718673706055,
            "z": -0.009807891212403774
        },
        "vehicle_velocity": {
            "x": -4.915710926055908,
            "y": 1.7637345790863037,
            "z": 0.0008093547658063471
        },
        "vehicle_throttle": 0.75,
        "unique_collisions": 0,
        "solid_lane_crosses": 7,
        "double_solid_lane_crosses": 0
    },
    {
        "game_time": 75.18362827249803,
        "vehicle_location": {
            "x": -15.080724716186523,
            "y": -3.860966682434082,
            "z": -0.011980056762695312
        },
        "vehicle_velocity": {
            "x": -5.072391986846924,
            "y": 0.5719364881515503,
            "z": 0.0006334733916446567
        },
        "vehicle_throttle": 0.75,
        "unique_collisions": 0,
        "solid_lane_crosses": 7,
        "double_solid_lane_crosses": 0
    },
    {
        "game_time": 76.2330301089678,
        "vehicle_location": {
            "x": -20.47216033935547,
            "y": -3.3924076557159424,
            "z": 0.008861732669174671
        },
        "vehicle_velocity": {
            "x": -4.226613998413086,
            "y": 0.14488239586353302,
            "z": 0.016817035153508186
        },
        "vehicle_throttle": 0.75,
        "unique_collisions": 0,
        "solid_lane_crosses": 7,
        "double_solid_lane_crosses": 0
    },
    {
        "game_time": 77.27193731837906,
        "vehicle_location": {
            "x": -25.398401260375977,
            "y": -3.208117961883545,
            "z": -0.0017288589151576161
        },
        "vehicle_velocity": {
            "x": -5.75391960144043,
            "y": 0.10376747697591782,
            "z": -0.0012902640737593174
        },
        "vehicle_throttle": 0.0,
        "unique_collisions": 0,
        "solid_lane_crosses": 7,
        "double_solid_lane_crosses": 0
    },
    {
        "game_time": 78.27818801091053,
        "vehicle_location": {
            "x": -30.38485336303711,
            "y": -3.0931804180145264,
            "z": -0.010392684489488602
        },
        "vehicle_velocity": {
            "x": -4.303674697875977,
            "y": 0.0765613317489624,
            "z": 0.000431571010267362
        },
        "vehicle_throttle": 0.75,
        "unique_collisions": 0,
        "solid_lane_crosses": 7,
        "double_solid_lane_crosses": 0
    },
    {
        "game_time": 79.29811152652837,
        "vehicle_location": {
            "x": -35.563148498535156,
            "y": -3.0049781799316406,
            "z": -0.011185760609805584
        },
        "vehicle_velocity": {
            "x": -5.555524826049805,
            "y": 0.09375089406967163,
            "z": -2.8753279366355855e-06
        },
        "vehicle_throttle": 0.0,
        "unique_collisions": 0,
        "solid_lane_crosses": 7,
        "double_solid_lane_crosses": 0
    }
]