[
    {
        "game_time": 9.15498992241919,
        "vehicle_location": {
            "x": -32.985252380371094,
            "y": 193.6993865966797,
            "z": -0.007452239748090506
        },
        "vehicle_velocity": {
            "x": 0.6536601781845093,
            "y": 0.5263166427612305,
            "z": 0.0005938482354395092
        },
        "vehicle_throttle": 0.75,
        "unique_collisions": 0,
        "solid_lane_crosses": 0,
        "double_solid_lane_crosses": 0
    },
    {
        "game_time": 10.159027628600597,
        "vehicle_location": {
            "x": -31.782867431640625,
            "y": 194.70643615722656,
            "z": -0.004293594043701887
        },
        "vehicle_velocity": {
            "x": 1.116121530532837,
            "y": 2.3882250785827637,
            "z": -0.0005630874657072127
        },
        "vehicle_throttle": 0.75,
        "unique_collisions": 0,
        "solid_lane_crosses": 0,
        "double_solid_lane_crosses": 0
    },
    {
        "game_time": 11.166793458163738,
        "vehicle_location": {
            "x": -31.43382453918457,
            "y": 195.4269561767578,
            "z": 0.010840987786650658
        },
        "vehicle_velocity": {
            "x": -0.0024244189262390137,
            "y": -0.012651552446186543,
            "z": -0.021939365193247795
        },
        "vehicle_throttle": 0.0,
        "unique_collisions": 1,
        "solid_lane_crosses": 0,
        "double_solid_lane_crosses": 0
    },
    {
        "game_time": 12.184463922865689,
        "vehicle_location": {
            "x": -31.43294334411621,
            "y": 195.4308319091797,
            "z": 0.0032904052641242743
        },
        "vehicle_velocity": {
            "x": -0.00011399149661883712,
            "y": 0.00035208440385758877,
            "z": 0.0005531817441806197
        },
        "vehicle_throttle": 0.0,
        "unique_collisions": 1,
        "solid_lane_crosses": 0,
        "double_solid_lane_crosses": 0
    },
    {
        "game_time": 13.191805399954319,
        "vehicle_location": {
            "x": -31.43301010131836,
            "y": 195.4310302734375,
            "z": 0.0020173643715679646
        },
        "vehicle_velocity": {
            "x": -0.0005508795729838312,
            "y": -0.0009471458033658564,
            "z": -6.978446617722511e-05
        },
        "vehicle_throttle": 0.0,
        "unique_collisions": 1,
        "solid_lane_crosses": 0,
        "double_solid_lane_crosses": 0
    },
    {
        "game_time": 14.224360695108771,
        "vehicle_location": {
            "x": -31.433345794677734,
            "y": 195.4306182861328,
            "z": 0.002522430382668972
        },
        "vehicle_velocity": {
            "x": -0.00069660774897784,
            "y": -0.000572704360820353,
            "z": -0.00015809296746738255
        },
        "vehicle_throttle": 0.0,
        "unique_collisions": 1,
        "solid_lane_crosses": 0,
        "double_solid_lane_crosses": 0
    },
    {
        "game_time": 15.262781601399183,
        "vehicle_location": {
            "x": -31.433523178100586,
            "y": 195.43040466308594,
            "z": 0.002443771343678236
        },
        "vehicle_velocity": {
            "x": -0.0003689106379169971,
            "y": -0.00010369518713559955,
            "z": 0.0005328230909071863
        },
        "vehicle_throttle": 0.0,
        "unique_collisions": 1,
        "solid_lane_crosses": 0,
        "double_solid_lane_crosses": 0
    },
    {
        "game_time": 16.309083403088152,
        "vehicle_location": {
            "x": -31.43375015258789,
            "y": 195.4301300048828,
            "z": 0.00256004324182868
        },
        "vehicle_velocity": {
            "x": -0.0009976294822990894,
            "y": -0.0008863769471645355,
            "z": -9.087808575714007e-05
        },
        "vehicle_throttle": 0.0,
        "unique_collisions": 1,
        "solid_lane_crosses": 0,
        "double_solid_lane_crosses": 0
    },
    {
        "game_time": 17.334628333337605,
        "vehicle_location": {
            "x": -31.434110641479492,
            "y": 195.4298858642578,
            "z": 0.0027811431791633368
        },
        "vehicle_velocity": {
            "x": -0.0008188119390979409,
            "y": -0.0007713559898547828,
            "z": -0.0003645148826763034
        },
        "vehicle_throttle": 0.0,
        "unique_collisions": 1,
        "solid_lane_crosses": 0,
        "double_solid_lane_crosses": 0
    },
    {
        "game_time": 18.346838146448135,
        "vehicle_location": {
            "x": -31.43427085876465,
            "y": 195.42970275878906,
            "z": 0.0025910185649991035
        },
        "vehicle_velocity": {
            "x": -0.0005129281780682504,
            "y": -0.0010493347654119134,
            "z": -0.0006458283169195056
        },
        "vehicle_throttle": 0.0,
        "unique_collisions": 1,
        "solid_lane_crosses": 0,
        "double_solid_lane_crosses": 0
    },
    {
        "game_time": 19.383378200232983,
        "vehicle_location": {
            "x": -31.43458366394043,
            "y": 195.42933654785156,
            "z": 0.0028444670606404543
        },
        "vehicle_velocity": {
            "x": -0.0007973534520715475,
            "y": -0.0008982950239442289,
            "z": -0.0005949026672169566
        },
        "vehicle_throttle": 0.0,
        "unique_collisions": 1,
        "solid_lane_crosses": 0,
        "double_solid_lane_crosses": 0
    },
    {
        "game_time": 20.38515734579414,
        "vehicle_location": {
            "x": -31.43492889404297,
            "y": 195.42913818359375,
            "z": 0.0029728699009865522
        },
        "vehicle_velocity": {
            "x": -0.0006121658952906728,
            "y": -0.0005023523699492216,
            "z": -0.00014614682004321367
        },
        "vehicle_throttle": 0.0,
        "unique_collisions": 1,
        "solid_lane_crosses": 0,
        "double_solid_lane_crosses": 0
    },
    {
        "game_time": 21.40464459080249,
        "vehicle_location": {
            "x": -31.43521499633789,
            "y": 195.4288787841797,
            "z": 0.003066177247092128
        },
        "vehicle_velocity": {
            "x": -0.0007186928996816278,
            "y": -0.0006692385068163276,
            "z": 5.834782496094704e-05
        },
        "vehicle_throttle": 0.0,
        "unique_collisions": 1,
        "solid_lane_crosses": 0,
        "double_solid_lane_crosses": 0
    },
    {
        "game_time": 22.432545317336917,
        "vehicle_location": {
            "x": -31.435428619384766,
            "y": 195.42872619628906,
            "z": 0.0028667449951171875
        },
        "vehicle_velocity": {
            "x": -0.0006135266157798469,
            "y": -0.0006220153300091624,
            "z": 0.00020385521929711103
        },
        "vehicle_throttle": 0.0,
        "unique_collisions": 1,
        "solid_lane_crosses": 0,
        "double_solid_lane_crosses": 0
    },
    {
        "game_time": 23.482733474113047,
        "vehicle_location": {
            "x": -31.435808181762695,
            "y": 195.42857360839844,
            "z": 0.002911910880357027
        },
        "vehicle_velocity": {
            "x": -0.00036505667958408594,
            "y": -0.0003108606906607747,
            "z": 0.0007935073808766901
        },
        "vehicle_throttle": 0.0,
        "unique_collisions": 1,
        "solid_lane_crosses": 0,
        "double_solid_lane_crosses": 0
    },
    {
        "game_time": 24.503181562758982,
        "vehicle_location": {
            "x": -31.436054229736328,
            "y": 195.42849731445312,
            "z": 0.002829131903126836
        },
        "vehicle_velocity": {
            "x": -0.0003851376532111317,
            "y": -0.0005195876001380384,
            "z": 0.00011002272367477417
        },
        "vehicle_throttle": 0.0,
        "unique_collisions": 1,
        "solid_lane_crosses": 0,
        "double_solid_lane_crosses": 0
    },
    {
        "game_time": 25.505641921423376,
        "vehicle_location": {
            "x": -31.43617057800293,
            "y": 195.42831420898438,
            "z": 0.0029895019251853228
        },
        "vehicle_velocity": {
            "x": -0.0005110332858748734,
            "y": -0.0006557907909154892,
            "z": 0.00044787986553274095
        },
        "vehicle_throttle": 0.0,
        "unique_collisions": 1,
        "solid_lane_crosses": 0,
        "double_solid_lane_crosses": 0
    }
]