[
    {
        "game_time": 7.48371214279905,
        "vehicle_location": {
            "x": -143.552734375,
            "y": -89.64230346679688,
            "z": -0.03996311128139496
        },
        "vehicle_velocity": {
            "x": 0.8668776750564575,
            "y": -0.7429918646812439,
            "z": -0.00013115882757119834
        },
        "vehicle_throttle": 0.75,
        "unique_collisions": 0,
        "solid_lane_crosses": 0,
        "double_solid_lane_crosses": 0
    },
    {
        "game_time": 8.501311909873039,
        "vehicle_location": {
            "x": -142.09291076660156,
            "y": -91.3637466430664,
            "z": -0.039302289485931396
        },
        "vehicle_velocity": {
            "x": 1.5585436820983887,
            "y": -3.1644299030303955,
            "z": 0.00026593683287501335
        },
        "vehicle_throttle": 0.75,
        "unique_collisions": 0,
        "solid_lane_crosses": 1,
        "double_solid_lane_crosses": 0
    },
    {
        "game_time": 9.538595192600042,
        "vehicle_location": {
            "x": -139.531005859375,
            "y": -94.18143463134766,
            "z": -0.038225822150707245
        },
        "vehicle_velocity": {
            "x": 2.942204236984253,
            "y": -2.1695127487182617,
            "z": 0.0005761861684732139
        },
        "vehicle_throttle": 0.75,
        "unique_collisions": 0,
        "solid_lane_crosses": 1,
        "double_solid_lane_crosses": 0
    },
    {
        "game_time": 10.575112630147487,
        "vehicle_location": {
            "x": -135.58326721191406,
            "y": -95.91620635986328,
            "z": -0.03485095873475075
        },
        "vehicle_velocity": {
            "x": 3.4300713539123535,
            "y": -0.9802221655845642,
            "z": 0.00024278163618873805
        },
        "vehicle_throttle": 0.0,
        "unique_collisions": 0,
        "solid_lane_crosses": 2,
        "double_solid_lane_crosses": 0
    },
    {
        "game_time": 11.638126739766449,
        "vehicle_location": {
            "x": -134.45814514160156,
            "y": -96.3079605102539,
            "z": -0.0374131016433239
        },
        "vehicle_velocity": {
            "x": -0.0010790594387799501,
            "y": 0.0005323354271240532,
            "z": 0.0008820343064144254
        },
        "vehicle_throttle": 0.0,
        "unique_collisions": 0,
        "solid_lane_crosses": 2,
        "double_solid_lane_crosses": 0
    },
    {
        "game_time": 12.664040455128998,
        "vehicle_location": {
            "x": -134.4579315185547,
            "y": -96.30813598632812,
            "z": -0.03770381957292557
        },
        "vehicle_velocity": {
            "x": -1.1881655836987193e-07,
            "y": 2.745208860233106e-07,
            "z": -0.0012582206400111318
        },
        "vehicle_throttle": 0.0,
        "unique_collisions": 0,
        "solid_lane_crosses": 2,
        "double_solid_lane_crosses": 0
    },
    {
        "game_time": 13.689696616027504,
        "vehicle_location": {
            "x": -134.4579315185547,
            "y": -96.30813598632812,
            "z": -0.03771758824586868
        },
        "vehicle_velocity": {
            "x": -4.046772872356996e-08,
            "y": 1.289729389952754e-08,
            "z": 0.00046213626046665013
        },
        "vehicle_throttle": 0.0,
        "unique_collisions": 0,
        "solid_lane_crosses": 2,
        "double_solid_lane_crosses": 0
    },
    {
        "game_time": 14.739481752272695,
        "vehicle_location": {
            "x": -134.4579315185547,
            "y": -96.30813598632812,
            "z": -0.037628937512636185
        },
        "vehicle_velocity": {
            "x": 2.9068461415704405e-08,
            "y": 5.7913236872764173e-08,
            "z": 0.0008654498960822821
        },
        "vehicle_throttle": 0.0,
        "unique_collisions": 0,
        "solid_lane_crosses": 2,
        "double_solid_lane_crosses": 0
    },
    {
        "game_time": 15.764598090667278,
        "vehicle_location": {
            "x": -134.4579315185547,
            "y": -96.30813598632812,
            "z": -0.03767852857708931
        },
        "vehicle_velocity": {
            "x": -4.876412162957422e-08,
            "y": 7.802427148817515e-09,
            "z": 3.4236907140439143e-06
        },
        "vehicle_throttle": 0.0,
        "unique_collisions": 0,
        "solid_lane_crosses": 2,
        "double_solid_lane_crosses": 0
    },
    {
        "game_time": 16.811703698243946,
        "vehicle_location": {
            "x": -134.4579315185547,
            "y": -96.30813598632812,
            "z": -0.03768249601125717
        },
        "vehicle_velocity": {
            "x": 4.106542661475032e-08,
            "y": 5.969715033415923e-08,
            "z": 0.00020025730191264302
        },
        "vehicle_throttle": 0.0,
        "unique_collisions": 0,
        "solid_lane_crosses": 2,
        "double_solid_lane_crosses": 0
    },
    {
        "game_time": 17.882428116630763,
        "vehicle_location": {
            "x": -134.4579315185547,
            "y": -96.30813598632812,
            "z": -0.037692487239837646
        },
        "vehicle_velocity": {
            "x": -1.7409506725130086e-08,
            "y": 2.6111687034813258e-08,
            "z": -0.0004758501017931849
        },
        "vehicle_throttle": 0.0,
        "unique_collisions": 0,
        "solid_lane_crosses": 2,
        "double_solid_lane_crosses": 0
    },
    {
        "game_time": 18.888392676133662,
        "vehicle_location": {
            "x": -134.45794677734375,
            "y": -96.30812072753906,
            "z": -0.03775932267308235
        },
        "vehicle_velocity": {
            "x": -0.0025703662540763617,
            "y": 0.0006226346013136208,
            "z": -0.00045637128641828895
        },
        "vehicle_throttle": 0.75,
        "unique_collisions": 0,
        "solid_lane_crosses": 2,
        "double_solid_lane_crosses": 0
    },
    {
        "game_time": 19.91080011567101,
        "vehicle_location": {
            "x": -133.4322967529297,
            "y": -96.51922607421875,
            "z": -0.03922512009739876
        },
        "vehicle_velocity": {
            "x": 2.0052194595336914,
            "y": -0.2716579735279083,
            "z": 0.0005143451853655279
        },
        "vehicle_throttle": 0.75,
        "unique_collisions": 0,
        "solid_lane_crosses": 3,
        "double_solid_lane_crosses": 0
    },
    {
        "game_time": 20.94141137273982,
        "vehicle_location": {
            "x": -130.51556396484375,
            "y": -96.9273452758789,
            "z": -0.036333922296762466
        },
        "vehicle_velocity": {
            "x": 2.83768892288208,
            "y": -0.3394790291786194,
            "z": 0.000552430166862905
        },
        "vehicle_throttle": 0.75,
        "unique_collisions": 0,
        "solid_lane_crosses": 3,
        "double_solid_lane_crosses": 0
    },
    {
        "game_time": 21.991148283239454,
        "vehicle_location": {
            "x": -127.43113708496094,
            "y": -97.23194885253906,
            "z": -0.035558927804231644
        },
        "vehicle_velocity": {
            "x": 2.2266128063201904,
            "y": -0.18074484169483185,
            "z": 0.0007053661393001676
        },
        "vehicle_throttle": 0.75,
        "unique_collisions": 0,
        "solid_lane_crosses": 3,
        "double_solid_lane_crosses": 0
    },
    {
        "game_time": 23.055790580343455,
        "vehicle_location": {
            "x": -125.8748779296875,
            "y": -97.36280822753906,
            "z": -0.03645969182252884
        },
        "vehicle_velocity": {
            "x": 0.6637031435966492,
            "y": -0.05498144030570984,
            "z": -0.0007737731793895364
        },
        "vehicle_throttle": 0.75,
        "unique_collisions": 0,
        "solid_lane_crosses": 3,
        "double_solid_lane_crosses": 0
    },
    {
        "game_time": 24.091786476317793,
        "vehicle_location": {
            "x": -125.33241271972656,
            "y": -97.40709686279297,
            "z": -0.037855565547943115
        },
        "vehicle_velocity": {
            "x": 0.295137882232666,
            "y": -0.019267844036221504,
            "z": 0.0003714561462402344
        },
        "vehicle_throttle": 0.0,
        "unique_collisions": 0,
        "solid_lane_crosses": 3,
        "double_solid_lane_crosses": 0
    },
    {
        "game_time": 25.135515159461647,
        "vehicle_location": {
            "x": -125.1616439819336,
            "y": -97.41959381103516,
            "z": -0.03739631548523903
        },
        "vehicle_velocity": {
            "x": 0.1601448655128479,
            "y": -0.013195916078984737,
            "z": -0.0001256513496628031
        },
        "vehicle_throttle": 0.75,
        "unique_collisions": 0,
        "solid_lane_crosses": 3,
        "double_solid_lane_crosses": 0
    },
    {
        "game_time": 26.146298297215253,
        "vehicle_location": {
            "x": -125.09037780761719,
            "y": -97.42509460449219,
            "z": -0.03794151172041893
        },
        "vehicle_velocity": {
            "x": 0.010898909531533718,
            "y": 0.0023379798512905836,
            "z": 0.0007454394944943488
        },
        "vehicle_throttle": 0.0,
        "unique_collisions": 0,
        "solid_lane_crosses": 3,
        "double_solid_lane_crosses": 0
    },
    {
        "game_time": 27.191046708729118,
        "vehicle_location": {
            "x": -124.35264587402344,
            "y": -97.47842407226562,
            "z": -0.03937595337629318
        },
        "vehicle_velocity": {
            "x": 1.687188982963562,
            "y": -0.11434056609869003,
            "z": 0.000571131706237793
        },
        "vehicle_throttle": 0.75,
        "unique_collisions": 0,
        "solid_lane_crosses": 3,
        "double_solid_lane_crosses": 0
    },
    {
        "game_time": 28.235142525751144,
        "vehicle_location": {
            "x": -122.18228912353516,
            "y": -97.62313079833984,
            "z": -0.03768428787589073
        },
        "vehicle_velocity": {
            "x": 2.2108702659606934,
            "y": -0.14259982109069824,
            "z": 0.0006020402652211487
        },
        "vehicle_throttle": 0.0,
        "unique_collisions": 0,
        "solid_lane_crosses": 3,
        "double_solid_lane_crosses": 0
    },
    {
        "game_time": 29.283538272138685,
        "vehicle_location": {
            "x": -120.769287109375,
            "y": -97.71100616455078,
            "z": -0.03612026199698448
        },
        "vehicle_velocity": {
            "x": 0.5873295664787292,
            "y": -0.03473854437470436,
            "z": -0.0004411029804032296
        },
        "vehicle_throttle": 0.75,
        "unique_collisions": 0,
        "solid_lane_crosses": 3,
        "double_solid_lane_crosses": 0
    },
    {
        "game_time": 30.303111051674932,
        "vehicle_location": {
            "x": -120.29314422607422,
            "y": -97.7401351928711,
            "z": -0.03795535862445831
        },
        "vehicle_velocity": {
            "x": 0.3048801124095917,
            "y": -0.017241360619664192,
            "z": 0.0002706193772610277
        },
        "vehicle_throttle": 0.0,
        "unique_collisions": 0,
        "solid_lane_crosses": 3,
        "double_solid_lane_crosses": 0
    },
    {
        "game_time": 31.342243180144578,
        "vehicle_location": {
            "x": -120.1107406616211,
            "y": -97.75109100341797,
            "z": -0.037114907056093216
        },
        "vehicle_velocity": {
            "x": 0.00021499305148608983,
            "y": -3.741005275514908e-05,
            "z": 0.0006428098422475159
        },
        "vehicle_throttle": 0.75,
        "unique_collisions": 0,
        "solid_lane_crosses": 3,
        "double_solid_lane_crosses": 0
    },
    {
        "game_time": 32.365044181700796,
        "vehicle_location": {
            "x": -120.01226043701172,
            "y": -97.75690460205078,
            "z": -0.03759406879544258
        },
        "vehicle_velocity": {
            "x": 0.09976112842559814,
            "y": -0.005994908045977354,
            "z": 0.00015096187416929752
        },
        "vehicle_throttle": 0.75,
        "unique_collisions": 0,
        "solid_lane_crosses": 3,
        "double_solid_lane_crosses": 0
    },
    {
        "game_time": 33.4003072665073,
        "vehicle_location": {
            "x": -119.89324188232422,
            "y": -97.76412200927734,
            "z": -0.03836974874138832
        },
        "vehicle_velocity": {
            "x": 0.44054973125457764,
            "y": -0.02655363269150257,
            "z": 0.00013255595695227385
        },
        "vehicle_throttle": 0.75,
        "unique_collisions": 0,
        "solid_lane_crosses": 3,
        "double_solid_lane_crosses": 0
    },
    {
        "game_time": 34.4589018994011,
        "vehicle_location": {
            "x": -118.31239318847656,
            "y": -97.85587310791016,
            "z": -0.03924720734357834
        },
        "vehicle_velocity": {
            "x": 2.4750359058380127,
            "y": -0.14111293852329254,
            "z": -0.00215397821739316
        },
        "vehicle_throttle": 0.75,
        "unique_collisions": 0,
        "solid_lane_crosses": 3,
        "double_solid_lane_crosses": 0
    },
    {
        "game_time": 35.46271568024531,
        "vehicle_location": {
            "x": -116.47441864013672,
            "y": -97.9583969116211,
            "z": -0.036028023809194565
        },
        "vehicle_velocity": {
            "x": 0.8743315935134888,
            "y": -0.04837691783905029,
            "z": -0.0004417705349624157
        },
        "vehicle_throttle": 0.75,
        "unique_collisions": 0,
        "solid_lane_crosses": 3,
        "double_solid_lane_crosses": 0
    },
    {
        "game_time": 36.495756406802684,
        "vehicle_location": {
            "x": -115.84000396728516,
            "y": -97.99536895751953,
            "z": -0.038822438567876816
        },
        "vehicle_velocity": {
            "x": 0.6839264631271362,
            "y": -0.03818916529417038,
            "z": 0.00033391951001249254
        },
        "vehicle_throttle": 0.0,
        "unique_collisions": 0,
        "solid_lane_crosses": 3,
        "double_solid_lane_crosses": 0
    },
    {
        "game_time": 37.50031038885936,
        "vehicle_location": {
            "x": -114.6947021484375,
            "y": -98.04033660888672,
            "z": -0.039273642003536224
        },
        "vehicle_velocity": {
            "x": 2.0661566257476807,
            "y": -0.05694245547056198,
            "z": 0.0004197740345261991
        },
        "vehicle_throttle": 0.75,
        "unique_collisions": 0,
        "solid_lane_crosses": 3,
        "double_solid_lane_crosses": 0
    },
    {
        "game_time": 38.50224038539454,
        "vehicle_location": {
            "x": -111.71708679199219,
            "y": -97.86283111572266,
            "z": -0.039051514118909836
        },
        "vehicle_velocity": {
            "x": 3.8289778232574463,
            "y": 0.7877686023712158,
            "z": 2.7542113457457162e-05
        },
        "vehicle_throttle": 0.75,
        "unique_collisions": 0,
        "solid_lane_crosses": 3,
        "double_solid_lane_crosses": 0
    },
    {
        "game_time": 39.55760046420619,
        "vehicle_location": {
            "x": -107.0544204711914,
            "y": -95.96629333496094,
            "z": -0.038403090089559555
        },
        "vehicle_velocity": {
            "x": 4.2595109939575195,
            "y": 3.6969668865203857,
            "z": -0.0004566574061755091
        },
        "vehicle_throttle": 0.0,
        "unique_collisions": 0,
        "solid_lane_crosses": 4,
        "double_solid_lane_crosses": 0
    },
    {
        "game_time": 40.59772359812632,
        "vehicle_location": {
            "x": -103.94635772705078,
            "y": -91.52051544189453,
            "z": -0.03495815023779869
        },
        "vehicle_velocity": {
            "x": 1.6662001609802246,
            "y": 5.081315517425537,
            "z": 0.0011694288114085793
        },
        "vehicle_throttle": 0.5874220132827759,
        "unique_collisions": 0,
        "solid_lane_crosses": 4,
        "double_solid_lane_crosses": 0
    },
    {
        "game_time": 41.65860103769228,
        "vehicle_location": {
            "x": -102.89181518554688,
            "y": -86.19974517822266,
            "z": -0.036324501037597656
        },
        "vehicle_velocity": {
            "x": 0.4465530812740326,
            "y": 4.37185001373291,
            "z": 0.00192953587975353
        },
        "vehicle_throttle": 0.75,
        "unique_collisions": 0,
        "solid_lane_crosses": 4,
        "double_solid_lane_crosses": 0
    },
    {
        "game_time": 42.725144423078746,
        "vehicle_location": {
            "x": -102.56778717041016,
            "y": -80.80149841308594,
            "z": -0.03817928209900856
        },
        "vehicle_velocity": {
            "x": 0.25806522369384766,
            "y": 5.6407036781311035,
            "z": -7.6246260505286045e-06
        },
        "vehicle_throttle": 0.0,
        "unique_collisions": 0,
        "solid_lane_crosses": 4,
        "double_solid_lane_crosses": 0
    },
    {
        "game_time": 43.77382750203833,
        "vehicle_location": {
            "x": -102.46080017089844,
            "y": -75.93583679199219,
            "z": -0.03863292559981346
        },
        "vehicle_velocity": {
            "x": 0.08466015011072159,
            "y": 4.587020397186279,
            "z": 0.00040572165744379163
        },
        "vehicle_throttle": 0.75,
        "unique_collisions": 0,
        "solid_lane_crosses": 4,
        "double_solid_lane_crosses": 0
    },
    {
        "game_time": 44.860727238003165,
        "vehicle_location": {
            "x": -102.43217468261719,
            "y": -70.22683715820312,
            "z": -0.03591934219002724
        },
        "vehicle_velocity": {
            "x": 0.007601908408105373,
            "y": 4.960207462310791,
            "z": -0.0013156699715182185
        },
        "vehicle_throttle": 0.75,
        "unique_collisions": 0,
        "solid_lane_crosses": 4,
        "double_solid_lane_crosses": 0
    },
    {
        "game_time": 45.915901605505496,
        "vehicle_location": {
            "x": -102.4360122680664,
            "y": -65.46135711669922,
            "z": -0.039034537971019745
        },
        "vehicle_velocity": {
            "x": -0.011805585585534573,
            "y": 5.052764892578125,
            "z": 0.0028455923311412334
        },
        "vehicle_throttle": 0.75,
        "unique_collisions": 0,
        "solid_lane_crosses": 4,
        "double_solid_lane_crosses": 0
    },
    {
        "game_time": 46.918102444615215,
        "vehicle_location": {
            "x": -102.45296478271484,
            "y": -60.23643493652344,
            "z": -0.03557819128036499
        },
        "vehicle_velocity": {
            "x": -0.017459213733673096,
            "y": 4.271247386932373,
            "z": 0.00023073195188771933
        },
        "vehicle_throttle": 0.75,
        "unique_collisions": 0,
        "solid_lane_crosses": 4,
        "double_solid_lane_crosses": 0
    },
    {
        "game_time": 47.99845369858667,
        "vehicle_location": {
            "x": -102.47096252441406,
            "y": -56.158714294433594,
            "z": -0.033554039895534515
        },
        "vehicle_velocity": {
            "x": -0.009601620957255363,
            "y": 2.1427671909332275,
            "z": 0.00034930705442093313
        },
        "vehicle_throttle": 0.0,
        "unique_collisions": 0,
        "solid_lane_crosses": 4,
        "double_solid_lane_crosses": 0
    },
    {
        "game_time": 49.022212396841496,
        "vehicle_location": {
            "x": -102.47639465332031,
            "y": -54.9804573059082,
            "z": -0.038084447383880615
        },
        "vehicle_velocity": {
            "x": -0.0038451047148555517,
            "y": 0.8298333287239075,
            "z": -0.0009915351402014494
        },
        "vehicle_throttle": 0.0,
        "unique_collisions": 0,
        "solid_lane_crosses": 4,
        "double_solid_lane_crosses": 0
    },
    {
        "game_time": 50.046169677283615,
        "vehicle_location": {
            "x": -102.47569274902344,
            "y": -54.88298034667969,
            "z": -0.03775341063737869
        },
        "vehicle_velocity": {
            "x": -3.993966117832315e-07,
            "y": -2.4840554033289663e-05,
            "z": -0.00042958257836289704
        },
        "vehicle_throttle": 0.0,
        "unique_collisions": 0,
        "solid_lane_crosses": 4,
        "double_solid_lane_crosses": 0
    },
    {
        "game_time": 51.066738014575094,
        "vehicle_location": {
            "x": -102.47569274902344,
            "y": -54.882972717285156,
            "z": -0.03776412829756737
        },
        "vehicle_velocity": {
            "x": -5.3727305271422665e-08,
            "y": 7.082128661295428e-08,
            "z": -0.0008729362161830068
        },
        "vehicle_throttle": 0.0,
        "unique_collisions": 0,
        "solid_lane_crosses": 4,
        "double_solid_lane_crosses": 0
    },
    {
        "game_time": 52.11032586870715,
        "vehicle_location": {
            "x": -102.47569274902344,
            "y": -54.882972717285156,
            "z": -0.037706296890974045
        },
        "vehicle_velocity": {
            "x": -1.4238981549397067e-08,
            "y": 2.0853823556876705e-08,
            "z": 0.00036474227090366185
        },
        "vehicle_throttle": 0.0,
        "unique_collisions": 0,
        "solid_lane_crosses": 4,
        "double_solid_lane_crosses": 0
    },
    {
        "game_time": 53.181901942472905,
        "vehicle_location": {
            "x": -102.47721099853516,
            "y": -54.58367156982422,
            "z": -0.03961708024144173
        },
        "vehicle_velocity": {
            "x": -0.0051485090516507626,
            "y": 1.1390544176101685,
            "z": -0.00017844200192485005
        },
        "vehicle_throttle": 0.75,
        "unique_collisions": 0,
        "solid_lane_crosses": 4,
        "double_solid_lane_crosses": 0
    },
    {
        "game_time": 54.18416945403442,
        "vehicle_location": {
            "x": -102.48798370361328,
            "y": -52.48184585571289,
            "z": -0.039288900792598724
        },
        "vehicle_velocity": {
            "x": -0.015373464673757553,
            "y": 3.0209972858428955,
            "z": 0.0010663699358701706
        },
        "vehicle_throttle": 0.75,
        "unique_collisions": 0,
        "solid_lane_crosses": 4,
        "double_solid_lane_crosses": 0
    },
    {
        "game_time": 55.247757147531956,
        "vehicle_location": {
            "x": -102.51068878173828,
            "y": -48.14473342895508,
            "z": -0.039190635085105896
        },
        "vehicle_velocity": {
            "x": -0.02720804326236248,
            "y": 5.070508003234863,
            "z": 0.0024001216515898705
        },
        "vehicle_throttle": 0.75,
        "unique_collisions": 0,
        "solid_lane_crosses": 4,
        "double_solid_lane_crosses": 0
    },
    {
        "game_time": 56.300167405512184,
        "vehicle_location": {
            "x": -102.70854949951172,
            "y": -42.704315185546875,
            "z": -0.03525756672024727
        },
        "vehicle_velocity": {
            "x": -0.5985288023948669,
            "y": 4.038212776184082,
            "z": 0.0004941463121213019
        },
        "vehicle_throttle": 0.75,
        "unique_collisions": 0,
        "solid_lane_crosses": 4,
        "double_solid_lane_crosses": 0
    },
    {
        "game_time": 57.35454932367429,
        "vehicle_location": {
            "x": -104.65887451171875,
            "y": -38.8389778137207,
            "z": -0.03683284670114517
        },
        "vehicle_velocity": {
            "x": -4.014230728149414,
            "y": 2.4299426078796387,
            "z": -0.0010399436578154564
        },
        "vehicle_throttle": 0.75,
        "unique_collisions": 0,
        "solid_lane_crosses": 4,
        "double_solid_lane_crosses": 0
    },
    {
        "game_time": 58.42286344571039,
        "vehicle_location": {
            "x": -109.86141204833984,
            "y": -37.61447525024414,
            "z": -0.03325794264674187
        },
        "vehicle_velocity": {
            "x": -4.288351535797119,
            "y": -0.692064106464386,
            "z": 0.022680111229419708
        },
        "vehicle_throttle": 0.75,
        "unique_collisions": 0,
        "solid_lane_crosses": 5,
        "double_solid_lane_crosses": 0
    },
    {
        "game_time": 59.432810104917735,
        "vehicle_location": {
            "x": -114.5046157836914,
            "y": -37.534969329833984,
            "z": -0.041932448744773865
        },
        "vehicle_velocity": {
            "x": -5.524025917053223,
            "y": 1.3053202629089355,
            "z": -0.005009088199585676
        },
        "vehicle_throttle": 0.75,
        "unique_collisions": 0,
        "solid_lane_crosses": 5,
        "double_solid_lane_crosses": 0
    },
    {
        "game_time": 60.45418797945604,
        "vehicle_location": {
            "x": -119.47713470458984,
            "y": -36.81895446777344,
            "z": -0.035860251635313034
        },
        "vehicle_velocity": {
            "x": -4.122761249542236,
            "y": 0.43069589138031006,
            "z": 0.004863305017352104
        },
        "vehicle_throttle": 0.75,
        "unique_collisions": 0,
        "solid_lane_crosses": 5,
        "double_solid_lane_crosses": 0
    },
    {
        "game_time": 61.52282425342128,
        "vehicle_location": {
            "x": -124.78791809082031,
            "y": -36.565582275390625,
            "z": -0.0306951142847538
        },
        "vehicle_velocity": {
            "x": -5.9594926834106445,
            "y": 0.062221135944128036,
            "z": 0.02008778601884842
        },
        "vehicle_throttle": 0.0,
        "unique_collisions": 0,
        "solid_lane_crosses": 5,
        "double_solid_lane_crosses": 0
    },
    {
        "game_time": 62.540102367755026,
        "vehicle_location": {
            "x": -129.40443420410156,
            "y": -36.48333740234375,
            "z": -0.012619094923138618
        },
        "vehicle_velocity": {
            "x": -4.1838483810424805,
            "y": 0.07768884301185608,
            "z": 0.015987176448106766
        },
        "vehicle_throttle": 0.75,
        "unique_collisions": 0,
        "solid_lane_crosses": 5,
        "double_solid_lane_crosses": 0
    },
    {
        "game_time": 63.58918298734352,
        "vehicle_location": {
            "x": -134.74607849121094,
            "y": -36.47544479370117,
            "z": 0.017108000814914703
        },
        "vehicle_velocity": {
            "x": -5.778043270111084,
            "y": -0.023601803928613663,
            "z": 0.03980707377195358
        },
        "vehicle_throttle": 0.0,
        "unique_collisions": 0,
        "solid_lane_crosses": 5,
        "double_solid_lane_crosses": 0
    },
    {
        "game_time": 64.63207665411755,
        "vehicle_location": {
            "x": -139.4647674560547,
            "y": -36.48800277709961,
            "z": 0.05242839828133583
        },
        "vehicle_velocity": {
            "x": -4.407325267791748,
            "y": -0.024477586150169373,
            "z": 0.03863965719938278
        },
        "vehicle_throttle": 0.75,
        "unique_collisions": 0,
        "solid_lane_crosses": 5,
        "double_solid_lane_crosses": 0
    },
    {
        "game_time": 65.67434875434265,
        "vehicle_location": {
            "x": -144.9394073486328,
            "y": -36.520957946777344,
            "z": 0.1092742532491684
        },
        "vehicle_velocity": {
            "x": -5.256099224090576,
            "y": -0.05907132476568222,
            "z": 0.1545848250389099
        },
        "vehicle_throttle": 0.0,
        "unique_collisions": 0,
        "solid_lane_crosses": 5,
        "double_solid_lane_crosses": 0
    },
    {
        "game_time": 66.69096378562972,
        "vehicle_location": {
            "x": -149.2877960205078,
            "y": -36.55136489868164,
            "z": 0.1606985479593277
        },
        "vehicle_velocity": {
            "x": -4.441622734069824,
            "y": -0.03571781888604164,
            "z": 0.018694663420319557
        },
        "vehicle_throttle": 0.75,
        "unique_collisions": 0,
        "solid_lane_crosses": 5,
        "double_solid_lane_crosses": 0
    },
    {
        "game_time": 67.75415461463854,
        "vehicle_location": {
            "x": -154.85006713867188,
            "y": -36.594818115234375,
            "z": 0.19586116075515747
        },
        "vehicle_velocity": {
            "x": -4.9992804527282715,
            "y": -0.044707074761390686,
            "z": 0.026874197646975517
        },
        "vehicle_throttle": 0.7457273602485657,
        "unique_collisions": 0,
        "solid_lane_crosses": 5,
        "double_solid_lane_crosses": 0
    }
]