[
    {
        "game_time": 9.766723623499274,
        "vehicle_location": {
            "x": -32.8548698425293,
            "y": 193.77157592773438,
            "z": -0.17040130496025085
        },
        "vehicle_velocity": {
            "x": 0.8843621015548706,
            "y": 0.7908520102500916,
            "z": 0.00871618278324604
        },
        "vehicle_throttle": 0.75,
        "unique_collisions": 0,
        "solid_lane_crosses": 0,
        "double_solid_lane_crosses": 0
    },
    {
        "game_time": 10.791692562401295,
        "vehicle_location": {
            "x": -31.597902297973633,
            "y": 195.04122924804688,
            "z": -0.16198505461215973
        },
        "vehicle_velocity": {
            "x": 0.7934041619300842,
            "y": 2.5813140869140625,
            "z": 0.00018819808610714972
        },
        "vehicle_throttle": 0.75,
        "unique_collisions": 0,
        "solid_lane_crosses": 0,
        "double_solid_lane_crosses": 0
    },
    {
        "game_time": 11.795805238187313,
        "vehicle_location": {
            "x": -31.314865112304688,
            "y": 197.40921020507812,
            "z": -0.15235157310962677
        },
        "vehicle_velocity": {
            "x": -1.2299948930740356,
            "y": 2.2543346881866455,
            "z": 0.00040186880505643785
        },
        "vehicle_throttle": 0.75,
        "unique_collisions": 0,
        "solid_lane_crosses": 0,
        "double_solid_lane_crosses": 0
    },
    {
        "game_time": 12.841564979404211,
        "vehicle_location": {
            "x": -33.14453125,
            "y": 199.491943359375,
            "z": -0.15949241816997528
        },
        "vehicle_velocity": {
            "x": -3.4497737884521484,
            "y": 0.7526798248291016,
            "z": -0.00015884399181231856
        },
        "vehicle_throttle": 0.75,
        "unique_collisions": 0,
        "solid_lane_crosses": 0,
        "double_solid_lane_crosses": 0
    },
    {
        "game_time": 13.845701506361365,
        "vehicle_location": {
            "x": -36.51300811767578,
            "y": 199.16810607910156,
            "z": -0.15734371542930603
        },
        "vehicle_velocity": {
            "x": -3.0071229934692383,
            "y": -3.1345646381378174,
            "z": -0.00025854111299850047
        },
        "vehicle_throttle": 0.75,
        "unique_collisions": 0,
        "solid_lane_crosses": 0,
        "double_solid_lane_crosses": 0
    },
    {
        "game_time": 14.876847937703133,
        "vehicle_location": {
            "x": -39.24337387084961,
            "y": 195.0995635986328,
            "z": -0.16496127843856812
        },
        "vehicle_velocity": {
            "x": -2.587353467941284,
            "y": -4.89290189743042,
            "z": -0.000829133961815387
        },
        "vehicle_throttle": 0.07725413143634796,
        "unique_collisions": 0,
        "solid_lane_crosses": 0,
        "double_solid_lane_crosses": 0
    },
    {
        "game_time": 15.881116420030594,
        "vehicle_location": {
            "x": -42.48379135131836,
            "y": 191.6124725341797,
            "z": -0.15294703841209412
        },
        "vehicle_velocity": {
            "x": -4.689301013946533,
            "y": -1.002728819847107,
            "z": 2.4356841095141135e-05
        },
        "vehicle_throttle": 0.75,
        "unique_collisions": 0,
        "solid_lane_crosses": 0,
        "double_solid_lane_crosses": 0
    },
    {
        "game_time": 16.899384412914515,
        "vehicle_location": {
            "x": -47.38717269897461,
            "y": 191.76565551757812,
            "z": -0.16388460993766785
        },
        "vehicle_velocity": {
            "x": -5.405622959136963,
            "y": 0.7645463347434998,
            "z": -0.0004701805009972304
        },
        "vehicle_throttle": 0.41051197052001953,
        "unique_collisions": 0,
        "solid_lane_crosses": 0,
        "double_solid_lane_crosses": 0
    },
    {
        "game_time": 17.92298155464232,
        "vehicle_location": {
            "x": -52.636375427246094,
            "y": 191.18421936035156,
            "z": -0.1604865938425064
        },
        "vehicle_velocity": {
            "x": -5.14955997467041,
            "y": -2.1402902603149414,
            "z": 0.0011599254794418812
        },
        "vehicle_throttle": 0.017053788527846336,
        "unique_collisions": 0,
        "solid_lane_crosses": 0,
        "double_solid_lane_crosses": 0
    },
    {
        "game_time": 18.950829442590475,
        "vehicle_location": {
            "x": -57.61669158935547,
            "y": 188.69064331054688,
            "z": -0.16260311007499695
        },
        "vehicle_velocity": {
            "x": -4.56089973449707,
            "y": -3.0337753295898438,
            "z": 0.00019480704213492572
        },
        "vehicle_throttle": 0.15258458256721497,
        "unique_collisions": 0,
        "solid_lane_crosses": 0,
        "double_solid_lane_crosses": 0
    },
    {
        "game_time": 19.966876689344645,
        "vehicle_location": {
            "x": -62.00443649291992,
            "y": 185.3851318359375,
            "z": -0.16142681241035461
        },
        "vehicle_velocity": {
            "x": -3.9050636291503906,
            "y": -3.693467617034912,
            "z": -4.391670154291205e-05
        },
        "vehicle_throttle": 0.6141481399536133,
        "unique_collisions": 0,
        "solid_lane_crosses": 0,
        "double_solid_lane_crosses": 0
    },
    {
        "game_time": 21.027778083458543,
        "vehicle_location": {
            "x": -65.93582153320312,
            "y": 181.2052764892578,
            "z": -0.16113369166851044
        },
        "vehicle_velocity": {
            "x": -3.243903398513794,
            "y": -4.360225200653076,
            "z": 4.3783187720691785e-05
        },
        "vehicle_throttle": 0.47970327734947205,
        "unique_collisions": 0,
        "solid_lane_crosses": 0,
        "double_solid_lane_crosses": 0
    },
    {
        "game_time": 22.062409093603492,
        "vehicle_location": {
            "x": -69.07274627685547,
            "y": 176.55517578125,
            "z": -0.16160723567008972
        },
        "vehicle_velocity": {
            "x": -2.621547222137451,
            "y": -4.761240005493164,
            "z": -3.7698744563385844e-05
        },
        "vehicle_throttle": 0.4274425208568573,
        "unique_collisions": 0,
        "solid_lane_crosses": 0,
        "double_solid_lane_crosses": 0
    },
    {
        "game_time": 23.08460950292647,
        "vehicle_location": {
            "x": -71.480224609375,
            "y": 171.5701141357422,
            "z": -0.16132499277591705
        },
        "vehicle_velocity": {
            "x": -1.92547607421875,
            "y": -5.054792881011963,
            "z": 3.3712385629769415e-05
        },
        "vehicle_throttle": 0.52203768491745,
        "unique_collisions": 0,
        "solid_lane_crosses": 0,
        "double_solid_lane_crosses": 0
    },
    {
        "game_time": 24.102731801569462,
        "vehicle_location": {
            "x": -73.13082885742188,
            "y": 166.3104248046875,
            "z": -0.16080191731452942
        },
        "vehicle_velocity": {
            "x": -1.120326280593872,
            "y": -5.314791679382324,
            "z": -0.004773001652210951
        },
        "vehicle_throttle": 0.5210928916931152,
        "unique_collisions": 0,
        "solid_lane_crosses": 0,
        "double_solid_lane_crosses": 0
    },
    {
        "game_time": 25.151224602013826,
        "vehicle_location": {
            "x": -74.06487274169922,
            "y": 160.70323181152344,
            "z": -0.16154876351356506
        },
        "vehicle_velocity": {
            "x": -0.5496355891227722,
            "y": -5.40528678894043,
            "z": -9.593009599484503e-05
        },
        "vehicle_throttle": 0.4506550431251526,
        "unique_collisions": 0,
        "solid_lane_crosses": 0,
        "double_solid_lane_crosses": 0
    },
    {
        "game_time": 26.195125868543983,
        "vehicle_location": {
            "x": -74.38977813720703,
            "y": 156.14918518066406,
            "z": -0.14949263632297516
        },
        "vehicle_velocity": {
            "x": -0.14799648523330688,
            "y": -2.9884352684020996,
            "z": 5.7916640798794106e-05
        },
        "vehicle_throttle": 0.0,
        "unique_collisions": 0,
        "solid_lane_crosses": 0,
        "double_solid_lane_crosses": 0
    },
    {
        "game_time": 27.21965543925762,
        "vehicle_location": {
            "x": -74.46633911132812,
            "y": 154.5318145751953,
            "z": -0.1532125025987625
        },
        "vehicle_velocity": {
            "x": -0.01093435101211071,
            "y": -0.259013831615448,
            "z": 0.00017001628293655813
        },
        "vehicle_throttle": 0.0,
        "unique_collisions": 0,
        "solid_lane_crosses": 0,
        "double_solid_lane_crosses": 0
    },
    {
        "game_time": 28.223253978416324,
        "vehicle_location": {
            "x": -74.46699523925781,
            "y": 154.51876831054688,
            "z": -0.16442722082138062
        },
        "vehicle_velocity": {
            "x": -2.777864210656844e-05,
            "y": -0.0006366040906868875,
            "z": 0.00015637397882528603
        },
        "vehicle_throttle": 0.0,
        "unique_collisions": 0,
        "solid_lane_crosses": 0,
        "double_solid_lane_crosses": 0
    },
    {
        "game_time": 29.280440913513303,
        "vehicle_location": {
            "x": -74.46688842773438,
            "y": 154.52059936523438,
            "z": -0.16130457818508148
        },
        "vehicle_velocity": {
            "x": 3.0443216019193642e-05,
            "y": 0.0007087202393449843,
            "z": 0.0001131248427554965
        },
        "vehicle_throttle": 0.0,
        "unique_collisions": 0,
        "solid_lane_crosses": 0,
        "double_solid_lane_crosses": 0
    },
    {
        "game_time": 30.32678471505642,
        "vehicle_location": {
            "x": -74.4668960571289,
            "y": 154.52040100097656,
            "z": -0.16162830591201782
        },
        "vehicle_velocity": {
            "x": -9.61157866186113e-07,
            "y": -2.4045502868830226e-05,
            "z": 0.0003261947422288358
        },
        "vehicle_throttle": 0.0,
        "unique_collisions": 0,
        "solid_lane_crosses": 0,
        "double_solid_lane_crosses": 0
    },
    {
        "game_time": 31.371919684112072,
        "vehicle_location": {
            "x": -74.4668960571289,
            "y": 154.52040100097656,
            "z": -0.1615801602602005
        },
        "vehicle_velocity": {
            "x": -1.7251606365675798e-08,
            "y": -3.6153200433375332e-09,
            "z": 1.8467902918928303e-05
        },
        "vehicle_throttle": 0.0,
        "unique_collisions": 0,
        "solid_lane_crosses": 0,
        "double_solid_lane_crosses": 0
    },
    {
        "game_time": 32.38422350585461,
        "vehicle_location": {
            "x": -74.4668960571289,
            "y": 154.52040100097656,
            "z": -0.1615702360868454
        },
        "vehicle_velocity": {
            "x": 8.183267397043892e-09,
            "y": -4.577621837142942e-09,
            "z": 1.0437965102028102e-05
        },
        "vehicle_throttle": 0.0,
        "unique_collisions": 0,
        "solid_lane_crosses": 0,
        "double_solid_lane_crosses": 0
    },
    {
        "game_time": 33.45579188503325,
        "vehicle_location": {
            "x": -74.4668960571289,
            "y": 154.52040100097656,
            "z": -0.1616125851869583
        },
        "vehicle_velocity": {
            "x": -2.038412283411617e-08,
            "y": -2.4888788807686524e-09,
            "z": 0.00010020732588600367
        },
        "vehicle_throttle": 0.0,
        "unique_collisions": 0,
        "solid_lane_crosses": 0,
        "double_solid_lane_crosses": 0
    },
    {
        "game_time": 34.50776891596615,
        "vehicle_location": {
            "x": -74.4668960571289,
            "y": 154.52040100097656,
            "z": -0.1616371124982834
        },
        "vehicle_velocity": {
            "x": 0.0,
            "y": 0.0,
            "z": 0.0
        },
        "vehicle_throttle": 0.0,
        "unique_collisions": 0,
        "solid_lane_crosses": 0,
        "double_solid_lane_crosses": 0
    },
    {
        "game_time": 35.52127495221794,
        "vehicle_location": {
            "x": -74.4668960571289,
            "y": 154.52040100097656,
            "z": -0.1616097241640091
        },
        "vehicle_velocity": {
            "x": 4.4450025882269983e-08,
            "y": -1.1183243220358463e-09,
            "z": -3.8037298509152606e-05
        },
        "vehicle_throttle": 0.0,
        "unique_collisions": 0,
        "solid_lane_crosses": 0,
        "double_solid_lane_crosses": 0
    },
    {
        "game_time": 36.56624926254153,
        "vehicle_location": {
            "x": -74.4668960571289,
            "y": 154.52040100097656,
            "z": -0.16159602999687195
        },
        "vehicle_velocity": {
            "x": -1.593281506728772e-09,
            "y": 5.706502978486405e-11,
            "z": -8.378028724109754e-06
        },
        "vehicle_throttle": 0.0,
        "unique_collisions": 0,
        "solid_lane_crosses": 0,
        "double_solid_lane_crosses": 0
    },
    {
        "game_time": 37.607261495664716,
        "vehicle_location": {
            "x": -74.4668960571289,
            "y": 154.52040100097656,
            "z": -0.16157184541225433
        },
        "vehicle_velocity": {
            "x": 6.064134794314668e-08,
            "y": -1.5087183724560305e-09,
            "z": -6.628036317124497e-06
        },
        "vehicle_throttle": 0.0,
        "unique_collisions": 0,
        "solid_lane_crosses": 0,
        "double_solid_lane_crosses": 0
    },
    {
        "game_time": 38.648900371044874,
        "vehicle_location": {
            "x": -74.4668960571289,
            "y": 154.52040100097656,
            "z": -0.16163627803325653
        },
        "vehicle_velocity": {
            "x": -3.1956668422594703e-09,
            "y": -1.629650192569443e-08,
            "z": -0.000352163304341957
        },
        "vehicle_throttle": 0.0,
        "unique_collisions": 0,
        "solid_lane_crosses": 0,
        "double_solid_lane_crosses": 0
    },
    {
        "game_time": 39.69673631712794,
        "vehicle_location": {
            "x": -74.4668960571289,
            "y": 154.52040100097656,
            "z": -0.1616407036781311
        },
        "vehicle_velocity": {
            "x": -1.469477073356984e-08,
            "y": 2.147105160332785e-09,
            "z": -0.00029218674171715975
        },
        "vehicle_throttle": 0.0,
        "unique_collisions": 0,
        "solid_lane_crosses": 0,
        "double_solid_lane_crosses": 0
    },
    {
        "game_time": 40.702770384028554,
        "vehicle_location": {
            "x": -74.4668960571289,
            "y": 154.52040100097656,
            "z": -0.16161227226257324
        },
        "vehicle_velocity": {
            "x": 1.8675933688427904e-08,
            "y": -8.430250275637263e-09,
            "z": -0.00015099048323463649
        },
        "vehicle_throttle": 0.0,
        "unique_collisions": 0,
        "solid_lane_crosses": 0,
        "double_solid_lane_crosses": 0
    },
    {
        "game_time": 41.75522647239268,
        "vehicle_location": {
            "x": -74.4668960571289,
            "y": 154.52040100097656,
            "z": -0.16160312294960022
        },
        "vehicle_velocity": {
            "x": -1.5648110363031265e-08,
            "y": 8.916576366146955e-10,
            "z": -0.00027178763411939144
        },
        "vehicle_throttle": 0.0,
        "unique_collisions": 0,
        "solid_lane_crosses": 0,
        "double_solid_lane_crosses": 0
    },
    {
        "game_time": 42.76868650689721,
        "vehicle_location": {
            "x": -74.4668960571289,
            "y": 154.52040100097656,
            "z": -0.1616004854440689
        },
        "vehicle_velocity": {
            "x": -3.27316733716998e-08,
            "y": 9.136497780559694e-09,
            "z": -0.00013927459076512605
        },
        "vehicle_throttle": 0.0,
        "unique_collisions": 0,
        "solid_lane_crosses": 0,
        "double_solid_lane_crosses": 0
    },
    {
        "game_time": 43.8258638959378,
        "vehicle_location": {
            "x": -74.4668960571289,
            "y": 154.52040100097656,
            "z": -0.16163478791713715
        },
        "vehicle_velocity": {
            "x": -2.166691537297538e-08,
            "y": -1.1693498613851716e-08,
            "z": -0.00037254331982694566
        },
        "vehicle_throttle": 0.0,
        "unique_collisions": 0,
        "solid_lane_crosses": 0,
        "double_solid_lane_crosses": 0
    },
    {
        "game_time": 44.84786357730627,
        "vehicle_location": {
            "x": -74.4668960571289,
            "y": 154.52040100097656,
            "z": -0.16164687275886536
        },
        "vehicle_velocity": {
            "x": -8.178064447861288e-09,
            "y": 7.965951231980739e-10,
            "z": -0.000422840123064816
        },
        "vehicle_throttle": 0.0,
        "unique_collisions": 0,
        "solid_lane_crosses": 0,
        "double_solid_lane_crosses": 0
    },
    {
        "game_time": 45.89570383913815,
        "vehicle_location": {
            "x": -74.4668960571289,
            "y": 154.52040100097656,
            "z": -0.16158835589885712
        },
        "vehicle_velocity": {
            "x": 5.396880098373913e-08,
            "y": -5.439661610040503e-09,
            "z": -0.00017096518422476947
        },
        "vehicle_throttle": 0.0,
        "unique_collisions": 0,
        "solid_lane_crosses": 0,
        "double_solid_lane_crosses": 0
    },
    {
        "game_time": 46.926683662459254,
        "vehicle_location": {
            "x": -74.4668960571289,
            "y": 154.52040100097656,
            "z": -0.16161693632602692
        },
        "vehicle_velocity": {
            "x": -1.2532268556242343e-09,
            "y": 1.5177148426914755e-09,
            "z": -9.607314859749749e-05
        },
        "vehicle_throttle": 0.0,
        "unique_collisions": 0,
        "solid_lane_crosses": 0,
        "double_solid_lane_crosses": 0
    },
    {
        "game_time": 47.97108138911426,
        "vehicle_location": {
            "x": -74.4668960571289,
            "y": 154.52040100097656,
            "z": -0.16161540150642395
        },
        "vehicle_velocity": {
            "x": -1.6278614012321668e-08,
            "y": 4.4412673538829495e-09,
            "z": -0.00019137382332701236
        },
        "vehicle_throttle": 0.0,
        "unique_collisions": 0,
        "solid_lane_crosses": 0,
        "double_solid_lane_crosses": 0
    },
    {
        "game_time": 48.99002768099308,
        "vehicle_location": {
            "x": -74.4668960571289,
            "y": 154.52040100097656,
            "z": -0.16162723302841187
        },
        "vehicle_velocity": {
            "x": 1.7654359751873017e-08,
            "y": -8.340117041427675e-09,
            "z": -2.6102065021404997e-05
        },
        "vehicle_throttle": 0.0,
        "unique_collisions": 0,
        "solid_lane_crosses": 0,
        "double_solid_lane_crosses": 0
    },
    {
        "game_time": 50.04827896878123,
        "vehicle_location": {
            "x": -74.48552703857422,
            "y": 153.9376983642578,
            "z": -0.17027153074741364
        },
        "vehicle_velocity": {
            "x": -0.029738357290625572,
            "y": -1.417571783065796,
            "z": 2.5529860067763366e-05
        },
        "vehicle_throttle": 0.75,
        "unique_collisions": 0,
        "solid_lane_crosses": 0,
        "double_solid_lane_crosses": 0
    },
    {
        "game_time": 51.083240097388625,
        "vehicle_location": {
            "x": -74.54230499267578,
            "y": 151.56280517578125,
            "z": -0.16647960245609283
        },
        "vehicle_velocity": {
            "x": -0.05549732595682144,
            "y": -3.0749118328094482,
            "z": -1.926422100950731e-06
        },
        "vehicle_throttle": 0.75,
        "unique_collisions": 0,
        "solid_lane_crosses": 0,
        "double_solid_lane_crosses": 0
    },
    {
        "game_time": 52.13628875464201,
        "vehicle_location": {
            "x": -74.57640838623047,
            "y": 147.6888427734375,
            "z": -0.16437777876853943
        },
        "vehicle_velocity": {
            "x": 0.18257223069667816,
            "y": -4.239779472351074,
            "z": 0.0035431575961411
        },
        "vehicle_throttle": 0.75,
        "unique_collisions": 0,
        "solid_lane_crosses": 0,
        "double_solid_lane_crosses": 0
    },
    {
        "game_time": 53.173040648922324,
        "vehicle_location": {
            "x": -73.80475616455078,
            "y": 142.5568389892578,
            "z": -0.15603046119213104
        },
        "vehicle_velocity": {
            "x": 2.1695098876953125,
            "y": -5.092991352081299,
            "z": 0.0017965316073969007
        },
        "vehicle_throttle": 0.11865244060754776,
        "unique_collisions": 0,
        "solid_lane_crosses": 0,
        "double_solid_lane_crosses": 0
    },
    {
        "game_time": 54.17714888602495,
        "vehicle_location": {
            "x": -70.69844818115234,
            "y": 138.3002166748047,
            "z": -0.14783664047718048
        },
        "vehicle_velocity": {
            "x": 4.772345542907715,
            "y": -2.717632293701172,
            "z": -0.0023953819181770086
        },
        "vehicle_throttle": 0.1499691754579544,
        "unique_collisions": 0,
        "solid_lane_crosses": 0,
        "double_solid_lane_crosses": 0
    },
    {
        "game_time": 55.20147683285177,
        "vehicle_location": {
            "x": -65.60338592529297,
            "y": 136.3297882080078,
            "z": -0.15995097160339355
        },
        "vehicle_velocity": {
            "x": 5.353765964508057,
            "y": -0.7653042674064636,
            "z": 0.0016825436614453793
        },
        "vehicle_throttle": 0.4072343409061432,
        "unique_collisions": 0,
        "solid_lane_crosses": 0,
        "double_solid_lane_crosses": 0
    },
    {
        "game_time": 56.280447198078036,
        "vehicle_location": {
            "x": -59.811073303222656,
            "y": 135.60800170898438,
            "z": -0.16029727458953857
        },
        "vehicle_velocity": {
            "x": 5.393458366394043,
            "y": -0.2644963264465332,
            "z": -7.52830455894582e-05
        },
        "vehicle_throttle": 0.6215203404426575,
        "unique_collisions": 0,
        "solid_lane_crosses": 0,
        "double_solid_lane_crosses": 0
    },
    {
        "game_time": 57.32538474164903,
        "vehicle_location": {
            "x": -54.14081573486328,
            "y": 135.30203247070312,
            "z": -0.1618710607290268
        },
        "vehicle_velocity": {
            "x": 5.457489967346191,
            "y": -0.13270311057567596,
            "z": -1.834869362937752e-05
        },
        "vehicle_throttle": 0.37586766481399536,
        "unique_collisions": 0,
        "solid_lane_crosses": 0,
        "double_solid_lane_crosses": 0
    },
    {
        "game_time": 58.33008283749223,
        "vehicle_location": {
            "x": -48.68636703491211,
            "y": 135.11529541015625,
            "z": -0.1616659164428711
        },
        "vehicle_velocity": {
            "x": 5.4203925132751465,
            "y": -0.16324366629123688,
            "z": -2.632141104186303e-06
        },
        "vehicle_throttle": 0.45839232206344604,
        "unique_collisions": 0,
        "solid_lane_crosses": 0,
        "double_solid_lane_crosses": 0
    },
    {
        "game_time": 59.3677153326571,
        "vehicle_location": {
            "x": -43.10330581665039,
            "y": 134.96340942382812,
            "z": -0.15903057157993317
        },
        "vehicle_velocity": {
            "x": 5.006690979003906,
            "y": -0.12842345237731934,
            "z": -9.903907994157635e-06
        },
        "vehicle_throttle": 0.0,
        "unique_collisions": 0,
        "solid_lane_crosses": 0,
        "double_solid_lane_crosses": 0
    },
    {
        "game_time": 60.37211128138006,
        "vehicle_location": {
            "x": -39.425296783447266,
            "y": 134.87094116210938,
            "z": -0.15135151147842407
        },
        "vehicle_velocity": {
            "x": 2.266050338745117,
            "y": -0.0562138631939888,
            "z": -6.050109732314013e-05
        },
        "vehicle_throttle": 0.0,
        "unique_collisions": 0,
        "solid_lane_crosses": 0,
        "double_solid_lane_crosses": 0
    },
    {
        "game_time": 61.40503247641027,
        "vehicle_location": {
            "x": -38.478294372558594,
            "y": 134.84747314453125,
            "z": -0.1549072563648224
        },
        "vehicle_velocity": {
            "x": -0.004723592195659876,
            "y": 0.00012291214079596102,
            "z": 0.00028228759765625
        },
        "vehicle_throttle": 0.0,
        "unique_collisions": 0,
        "solid_lane_crosses": 0,
        "double_solid_lane_crosses": 0
    },
    {
        "game_time": 62.42176145687699,
        "vehicle_location": {
            "x": -38.47395706176758,
            "y": 134.84732055664062,
            "z": -0.16249370574951172
        },
        "vehicle_velocity": {
            "x": 0.001994348131120205,
            "y": -4.945735418004915e-05,
            "z": 0.00023045061971060932
        },
        "vehicle_throttle": 0.0,
        "unique_collisions": 0,
        "solid_lane_crosses": 0,
        "double_solid_lane_crosses": 0
    },
    {
        "game_time": 63.46903055161238,
        "vehicle_location": {
            "x": -38.474491119384766,
            "y": 134.8473358154297,
            "z": -0.16154296696186066
        },
        "vehicle_velocity": {
            "x": -6.877198029542342e-05,
            "y": 1.716451947686437e-06,
            "z": 0.0005315065500326455
        },
        "vehicle_throttle": 0.0,
        "unique_collisions": 0,
        "solid_lane_crosses": 0,
        "double_solid_lane_crosses": 0
    },
    {
        "game_time": 64.48771944642067,
        "vehicle_location": {
            "x": -38.47442626953125,
            "y": 134.8473358154297,
            "z": -0.16161388158798218
        },
        "vehicle_velocity": {
            "x": -1.771945079553916e-07,
            "y": -6.394839147105813e-08,
            "z": -0.00016698836407158524
        },
        "vehicle_throttle": 0.0,
        "unique_collisions": 0,
        "solid_lane_crosses": 0,
        "double_solid_lane_crosses": 0
    },
    {
        "game_time": 65.5473352894187,
        "vehicle_location": {
            "x": -38.47442626953125,
            "y": 134.8473358154297,
            "z": -0.1616678237915039
        },
        "vehicle_velocity": {
            "x": -1.8253706324244945e-09,
            "y": 3.7038212497009226e-08,
            "z": -9.941100870491937e-05
        },
        "vehicle_throttle": 0.0,
        "unique_collisions": 0,
        "solid_lane_crosses": 0,
        "double_solid_lane_crosses": 0
    },
    {
        "game_time": 66.60010227747262,
        "vehicle_location": {
            "x": -38.47442626953125,
            "y": 134.8473358154297,
            "z": -0.16168765723705292
        },
        "vehicle_velocity": {
            "x": -4.522028973497072e-09,
            "y": 1.7720866551940162e-08,
            "z": -8.131026697810739e-05
        },
        "vehicle_throttle": 0.0,
        "unique_collisions": 0,
        "solid_lane_crosses": 0,
        "double_solid_lane_crosses": 0
    },
    {
        "game_time": 67.61756920069456,
        "vehicle_location": {
            "x": -38.47442626953125,
            "y": 134.8473358154297,
            "z": -0.1616600751876831
        },
        "vehicle_velocity": {
            "x": -4.867823033549712e-09,
            "y": 3.353544997253266e-08,
            "z": -7.060050847940147e-05
        },
        "vehicle_throttle": 0.0,
        "unique_collisions": 0,
        "solid_lane_crosses": 0,
        "double_solid_lane_crosses": 0
    },
    {
        "game_time": 68.63819598034024,
        "vehicle_location": {
            "x": -38.47442626953125,
            "y": 134.8473358154297,
            "z": -0.16157057881355286
        },
        "vehicle_velocity": {
            "x": -2.577291990935038e-10,
            "y": 2.8857570555373968e-08,
            "z": -4.6501158067258075e-05
        },
        "vehicle_throttle": 0.0,
        "unique_collisions": 0,
        "solid_lane_crosses": 0,
        "double_solid_lane_crosses": 0
    },
    {
        "game_time": 69.65714955329895,
        "vehicle_location": {
            "x": -38.47442626953125,
            "y": 134.8473358154297,
            "z": -0.16166386008262634
        },
        "vehicle_velocity": {
            "x": 8.011482144354432e-09,
            "y": 3.187185981801122e-08,
            "z": -0.00042251584818586707
        },
        "vehicle_throttle": 0.0,
        "unique_collisions": 0,
        "solid_lane_crosses": 0,
        "double_solid_lane_crosses": 0
    },
    {
        "game_time": 70.68501397781074,
        "vehicle_location": {
            "x": -38.47442626953125,
            "y": 134.8473358154297,
            "z": -0.16160312294960022
        },
        "vehicle_velocity": {
            "x": 1.3263888654080347e-08,
            "y": 2.5071743792182133e-08,
            "z": -0.0005627918289974332
        },
        "vehicle_throttle": 0.0,
        "unique_collisions": 0,
        "solid_lane_crosses": 0,
        "double_solid_lane_crosses": 0
    },
    {
        "game_time": 71.70181200839579,
        "vehicle_location": {
            "x": -38.47442626953125,
            "y": 134.8473358154297,
            "z": -0.1615935117006302
        },
        "vehicle_velocity": {
            "x": -3.785887159324375e-09,
            "y": 4.722510382748624e-08,
            "z": 0.00037748811882920563
        },
        "vehicle_throttle": 0.0,
        "unique_collisions": 0,
        "solid_lane_crosses": 0,
        "double_solid_lane_crosses": 0
    },
    {
        "game_time": 72.71647773683071,
        "vehicle_location": {
            "x": -38.47442626953125,
            "y": 134.8473358154297,
            "z": -0.16166748106479645
        },
        "vehicle_velocity": {
            "x": 5.005645897782074e-10,
            "y": 1.1043941761101905e-08,
            "z": -0.0003339767281431705
        },
        "vehicle_throttle": 0.0,
        "unique_collisions": 0,
        "solid_lane_crosses": 0,
        "double_solid_lane_crosses": 0
    },
    {
        "game_time": 73.76365095749497,
        "vehicle_location": {
            "x": -38.47442626953125,
            "y": 134.8473358154297,
            "z": -0.16157329082489014
        },
        "vehicle_velocity": {
            "x": 3.674235637962653e-10,
            "y": 4.532427766434921e-08,
            "z": 0.00016772269736975431
        },
        "vehicle_throttle": 0.0,
        "unique_collisions": 0,
        "solid_lane_crosses": 0,
        "double_solid_lane_crosses": 0
    },
    {
        "game_time": 74.76827956177294,
        "vehicle_location": {
            "x": -38.47442626953125,
            "y": 134.8473358154297,
            "z": -0.16164530813694
        },
        "vehicle_velocity": {
            "x": -3.2331237687088787e-09,
            "y": 2.2290839396532647e-08,
            "z": 0.0001473760639782995
        },
        "vehicle_throttle": 0.0,
        "unique_collisions": 0,
        "solid_lane_crosses": 0,
        "double_solid_lane_crosses": 0
    },
    {
        "game_time": 75.77464683167636,
        "vehicle_location": {
            "x": -38.47442626953125,
            "y": 134.8473358154297,
            "z": -0.16164417564868927
        },
        "vehicle_velocity": {
            "x": 2.2080255401846216e-09,
            "y": 3.25227951236684e-08,
            "z": 0.00022348403581418097
        },
        "vehicle_throttle": 0.0,
        "unique_collisions": 0,
        "solid_lane_crosses": 0,
        "double_solid_lane_crosses": 0
    },
    {
        "game_time": 76.77850320003927,
        "vehicle_location": {
            "x": -38.47442626953125,
            "y": 134.8473358154297,
            "z": -0.16167636215686798
        },
        "vehicle_velocity": {
            "x": 1.3542847954184367e-09,
            "y": -7.19239068303068e-08,
            "z": 0.000528850534465164
        },
        "vehicle_throttle": 0.0,
        "unique_collisions": 0,
        "solid_lane_crosses": 0,
        "double_solid_lane_crosses": 0
    },
    {
        "game_time": 77.8412261120975,
        "vehicle_location": {
            "x": -38.47442626953125,
            "y": 134.8473358154297,
            "z": -0.1616010218858719
        },
        "vehicle_velocity": {
            "x": -6.1981304533276216e-09,
            "y": 4.5966714878886705e-08,
            "z": 0.0004184102872386575
        },
        "vehicle_throttle": 0.0,
        "unique_collisions": 0,
        "solid_lane_crosses": 0,
        "double_solid_lane_crosses": 0
    },
    {
        "game_time": 78.8752412404865,
        "vehicle_location": {
            "x": -38.47442626953125,
            "y": 134.8473358154297,
            "z": -0.16160671412944794
        },
        "vehicle_velocity": {
            "x": 1.5902205774409595e-08,
            "y": 2.3729111120474045e-08,
            "z": 0.00010706424654927105
        },
        "vehicle_throttle": 0.0,
        "unique_collisions": 0,
        "solid_lane_crosses": 0,
        "double_solid_lane_crosses": 0
    },
    {
        "game_time": 79.91658308170736,
        "vehicle_location": {
            "x": -38.47442626953125,
            "y": 134.8473358154297,
            "z": -0.1616377979516983
        },
        "vehicle_velocity": {
            "x": -1.640124147606059e-09,
            "y": 2.5919142387920147e-09,
            "z": 0.0005930089973844588
        },
        "vehicle_throttle": 0.0,
        "unique_collisions": 0,
        "solid_lane_crosses": 0,
        "double_solid_lane_crosses": 0
    },
    {
        "game_time": 80.92455640621483,
        "vehicle_location": {
            "x": -38.47442626953125,
            "y": 134.8473358154297,
            "z": -0.1616130769252777
        },
        "vehicle_velocity": {
            "x": 1.1193287186017642e-08,
            "y": 1.540362681851093e-08,
            "z": -0.00019417762814555317
        },
        "vehicle_throttle": 0.0,
        "unique_collisions": 0,
        "solid_lane_crosses": 0,
        "double_solid_lane_crosses": 0
    },
    {
        "game_time": 81.97777343355119,
        "vehicle_location": {
            "x": -38.47442626953125,
            "y": 134.8473358154297,
            "z": -0.16157016158103943
        },
        "vehicle_velocity": {
            "x": 6.936180962924254e-09,
            "y": -5.7679393705711846e-08,
            "z": 0.0005352592561393976
        },
        "vehicle_throttle": 0.0,
        "unique_collisions": 0,
        "solid_lane_crosses": 0,
        "double_solid_lane_crosses": 0
    },
    {
        "game_time": 82.98715824633837,
        "vehicle_location": {
            "x": -38.47442626953125,
            "y": 134.8473358154297,
            "z": -0.16163413226604462
        },
        "vehicle_velocity": {
            "x": -5.39912203834092e-09,
            "y": -7.419620828841289e-08,
            "z": 0.00029416082543320954
        },
        "vehicle_throttle": 0.0,
        "unique_collisions": 0,
        "solid_lane_crosses": 0,
        "double_solid_lane_crosses": 0
    },
    {
        "game_time": 84.01905914768577,
        "vehicle_location": {
            "x": -38.47442626953125,
            "y": 134.8473358154297,
            "z": -0.1616193801164627
        },
        "vehicle_velocity": {
            "x": -8.590427258425848e-10,
            "y": 1.861249998569292e-08,
            "z": -0.0007241725688800216
        },
        "vehicle_throttle": 0.0,
        "unique_collisions": 0,
        "solid_lane_crosses": 0,
        "double_solid_lane_crosses": 0
    },
    {
        "game_time": 85.05117351934314,
        "vehicle_location": {
            "x": -38.47442626953125,
            "y": 134.8473358154297,
            "z": -0.1616332232952118
        },
        "vehicle_velocity": {
            "x": -1.9154617891814496e-09,
            "y": 9.481877505379543e-09,
            "z": -0.00013326643966138363
        },
        "vehicle_throttle": 0.0,
        "unique_collisions": 0,
        "solid_lane_crosses": 0,
        "double_solid_lane_crosses": 0
    },
    {
        "game_time": 86.08917428925633,
        "vehicle_location": {
            "x": -38.47442626953125,
            "y": 134.8473358154297,
            "z": -0.161635160446167
        },
        "vehicle_velocity": {
            "x": -2.970702350779675e-09,
            "y": -6.531679730414908e-08,
            "z": -0.00023565291485283524
        },
        "vehicle_throttle": 0.0,
        "unique_collisions": 0,
        "solid_lane_crosses": 0,
        "double_solid_lane_crosses": 0
    },
    {
        "game_time": 87.11940796300769,
        "vehicle_location": {
            "x": -38.47442626953125,
            "y": 134.8473358154297,
            "z": -0.16161537170410156
        },
        "vehicle_velocity": {
            "x": 1.1235828933919834e-09,
            "y": 8.629049119690535e-08,
            "z": -0.0005067730089649558
        },
        "vehicle_throttle": 0.0,
        "unique_collisions": 0,
        "solid_lane_crosses": 0,
        "double_solid_lane_crosses": 0
    },
    {
        "game_time": 88.15466511808336,
        "vehicle_location": {
            "x": -38.47442626953125,
            "y": 134.8473358154297,
            "z": -0.16164737939834595
        },
        "vehicle_velocity": {
            "x": 1.4995114483440375e-08,
            "y": -6.557747678215264e-09,
            "z": 0.00012917518324684352
        },
        "vehicle_throttle": 0.0,
        "unique_collisions": 0,
        "solid_lane_crosses": 0,
        "double_solid_lane_crosses": 0
    },
    {
        "game_time": 89.15563264675438,
        "vehicle_location": {
            "x": -38.47442626953125,
            "y": 134.8473358154297,
            "z": -0.16167254745960236
        },
        "vehicle_velocity": {
            "x": -1.1652826481522993e-09,
            "y": 2.491649730984591e-08,
            "z": 5.917549060541205e-05
        },
        "vehicle_throttle": 0.0,
        "unique_collisions": 0,
        "solid_lane_crosses": 0,
        "double_solid_lane_crosses": 0
    },
    {
        "game_time": 90.21266763657331,
        "vehicle_location": {
            "x": -38.47442626953125,
            "y": 134.8473358154297,
            "z": -0.16165725886821747
        },
        "vehicle_velocity": {
            "x": 5.406389225193209e-10,
            "y": 8.323127786979967e-08,
            "z": 1.5497207641601562e-05
        },
        "vehicle_throttle": 0.0,
        "unique_collisions": 0,
        "solid_lane_crosses": 0,
        "double_solid_lane_crosses": 0
    },
    {
        "game_time": 91.23549667932093,
        "vehicle_location": {
            "x": -38.47442626953125,
            "y": 134.8473358154297,
            "z": -0.16164138913154602
        },
        "vehicle_velocity": {
            "x": -4.46537562481808e-09,
            "y": -7.559843595572602e-08,
            "z": -0.0005307293031364679
        },
        "vehicle_throttle": 0.0,
        "unique_collisions": 0,
        "solid_lane_crosses": 0,
        "double_solid_lane_crosses": 0
    },
    {
        "game_time": 92.260418696329,
        "vehicle_location": {
            "x": -38.47442626953125,
            "y": 134.8473358154297,
            "z": -0.16166312992572784
        },
        "vehicle_velocity": {
            "x": -1.7062453672167521e-09,
            "y": -8.306673038305235e-08,
            "z": -1.926422100950731e-06
        },
        "vehicle_throttle": 0.0,
        "unique_collisions": 0,
        "solid_lane_crosses": 0,
        "double_solid_lane_crosses": 0
    },
    {
        "game_time": 93.31395927071571,
        "vehicle_location": {
            "x": -38.47442626953125,
            "y": 134.8473358154297,
            "z": -0.16164298355579376
        },
        "vehicle_velocity": {
            "x": -4.285804600101528e-09,
            "y": -6.287606169053106e-08,
            "z": -0.00024243353982456028
        },
        "vehicle_throttle": 0.0,
        "unique_collisions": 0,
        "solid_lane_crosses": 0,
        "double_solid_lane_crosses": 0
    },
    {
        "game_time": 94.34948794916272,
        "vehicle_location": {
            "x": -38.47442626953125,
            "y": 134.8473358154297,
            "z": -0.16163943707942963
        },
        "vehicle_velocity": {
            "x": -1.0748454210007807e-10,
            "y": 5.251169721276483e-09,
            "z": -0.00028239248786121607
        },
        "vehicle_throttle": 0.0,
        "unique_collisions": 0,
        "solid_lane_crosses": 0,
        "double_solid_lane_crosses": 0
    },
    {
        "game_time": 95.39936033636332,
        "vehicle_location": {
            "x": -38.47442626953125,
            "y": 134.8473358154297,
            "z": -0.16166892647743225
        },
        "vehicle_velocity": {
            "x": 2.463170778455037e-09,
            "y": -4.6694619726395103e-08,
            "z": -0.0003018569841515273
        },
        "vehicle_throttle": 0.0,
        "unique_collisions": 0,
        "solid_lane_crosses": 0,
        "double_solid_lane_crosses": 0
    },
    {
        "game_time": 96.40392344631255,
        "vehicle_location": {
            "x": -38.47442626953125,
            "y": 134.8473358154297,
            "z": -0.1616109013557434
        },
        "vehicle_velocity": {
            "x": -2.8941673502203002e-09,
            "y": -9.066773287713659e-08,
            "z": 0.0005724095972254872
        },
        "vehicle_throttle": 0.0,
        "unique_collisions": 0,
        "solid_lane_crosses": 0,
        "double_solid_lane_crosses": 0
    },
    {
        "game_time": 97.42989438027143,
        "vehicle_location": {
            "x": -38.47442626953125,
            "y": 134.8473358154297,
            "z": -0.16157115995883942
        },
        "vehicle_velocity": {
            "x": 1.325753906655791e-08,
            "y": 2.8300746635068208e-08,
            "z": 0.00022833823459222913
        },
        "vehicle_throttle": 0.0,
        "unique_collisions": 0,
        "solid_lane_crosses": 0,
        "double_solid_lane_crosses": 0
    },
    {
        "game_time": 98.47567197866738,
        "vehicle_location": {
            "x": -38.47442626953125,
            "y": 134.8473358154297,
            "z": -0.16160018742084503
        },
        "vehicle_velocity": {
            "x": 1.422096662651029e-09,
            "y": 1.0160383112634008e-07,
            "z": 0.00045137404231354594
        },
        "vehicle_throttle": 0.75,
        "unique_collisions": 0,
        "solid_lane_crosses": 0,
        "double_solid_lane_crosses": 0
    },
    {
        "game_time": 99.49235097318888,
        "vehicle_location": {
            "x": -37.734397888183594,
            "y": 134.82957458496094,
            "z": -0.16993018984794617
        },
        "vehicle_velocity": {
            "x": 1.6019731760025024,
            "y": -0.03793200105428696,
            "z": 0.000329356174916029
        },
        "vehicle_throttle": 0.75,
        "unique_collisions": 0,
        "solid_lane_crosses": 0,
        "double_solid_lane_crosses": 0
    },
    {
        "game_time": 100.53350304812193,
        "vehicle_location": {
            "x": -35.172218322753906,
            "y": 134.76918029785156,
            "z": -0.16646888852119446
        },
        "vehicle_velocity": {
            "x": 3.217853546142578,
            "y": -0.07229064404964447,
            "z": 0.0003724432026501745
        },
        "vehicle_throttle": 0.75,
        "unique_collisions": 0,
        "solid_lane_crosses": 0,
        "double_solid_lane_crosses": 0
    },
    {
        "game_time": 101.57582523114979,
        "vehicle_location": {
            "x": -31.931156158447266,
            "y": 134.694091796875,
            "z": -0.16039298474788666
        },
        "vehicle_velocity": {
            "x": 3.1500329971313477,
            "y": -0.07257717102766037,
            "z": -0.0006270598969422281
        },
        "vehicle_throttle": 0.75,
        "unique_collisions": 0,
        "solid_lane_crosses": 0,
        "double_solid_lane_crosses": 0
    },
    {
        "game_time": 102.62392639555037,
        "vehicle_location": {
            "x": -28.675477981567383,
            "y": 134.6195068359375,
            "z": -0.1570519655942917
        },
        "vehicle_velocity": {
            "x": 3.012136697769165,
            "y": -0.06884772330522537,
            "z": -0.00010727405606303364
        },
        "vehicle_throttle": 0.75,
        "unique_collisions": 0,
        "solid_lane_crosses": 0,
        "double_solid_lane_crosses": 0
    },
    {
        "game_time": 103.68687256611884,
        "vehicle_location": {
            "x": -25.33559799194336,
            "y": 134.5433349609375,
            "z": -0.15425269305706024
        },
        "vehicle_velocity": {
            "x": 2.788022041320801,
            "y": -0.06347247958183289,
            "z": 0.0002623128821142018
        },
        "vehicle_throttle": 0.75,
        "unique_collisions": 0,
        "solid_lane_crosses": 0,
        "double_solid_lane_crosses": 0
    },
    {
        "game_time": 104.72462386265397,
        "vehicle_location": {
            "x": -22.242694854736328,
            "y": 134.4730682373047,
            "z": -0.15785877406597137
        },
        "vehicle_velocity": {
            "x": 2.694838762283325,
            "y": -0.061128921806812286,
            "z": -0.00028030393877997994
        },
        "vehicle_throttle": 0.75,
        "unique_collisions": 0,
        "solid_lane_crosses": 0,
        "double_solid_lane_crosses": 0
    },
    {
        "game_time": 105.7611990198493,
        "vehicle_location": {
            "x": -18.968181610107422,
            "y": 134.48397827148438,
            "z": -0.16651935875415802
        },
        "vehicle_velocity": {
            "x": 3.3767175674438477,
            "y": 0.3360758423805237,
            "z": 1.8644332158146426e-05
        },
        "vehicle_throttle": 0.0,
        "unique_collisions": 0,
        "solid_lane_crosses": 0,
        "double_solid_lane_crosses": 0
    },
    {
        "game_time": 106.80397434532642,
        "vehicle_location": {
            "x": -15.626914024353027,
            "y": 135.13999938964844,
            "z": -0.16573302447795868
        },
        "vehicle_velocity": {
            "x": 3.36269474029541,
            "y": 1.4704331159591675,
            "z": -0.00022071838611736894
        },
        "vehicle_throttle": 0.75,
        "unique_collisions": 0,
        "solid_lane_crosses": 0,
        "double_solid_lane_crosses": 0
    },
    {
        "game_time": 107.84041593037546,
        "vehicle_location": {
            "x": -12.387688636779785,
            "y": 137.67625427246094,
            "z": -0.16428038477897644
        },
        "vehicle_velocity": {
            "x": 2.3596296310424805,
            "y": 4.167020320892334,
            "z": 0.0002554511884227395
        },
        "vehicle_throttle": 0.75,
        "unique_collisions": 0,
        "solid_lane_crosses": 0,
        "double_solid_lane_crosses": 0
    },
    {
        "game_time": 108.88931794278324,
        "vehicle_location": {
            "x": -10.610340118408203,
            "y": 141.87338256835938,
            "z": -0.14784950017929077
        },
        "vehicle_velocity": {
            "x": 0.5130137801170349,
            "y": 3.227642774581909,
            "z": -0.0007383060292340815
        },
        "vehicle_throttle": 0.0,
        "unique_collisions": 0,
        "solid_lane_crosses": 0,
        "double_solid_lane_crosses": 0
    },
    {
        "game_time": 109.90617770701647,
        "vehicle_location": {
            "x": -10.139756202697754,
            "y": 144.27330017089844,
            "z": -0.16729453206062317
        },
        "vehicle_velocity": {
            "x": 0.3575209379196167,
            "y": 2.4229485988616943,
            "z": -0.0001990604359889403
        },
        "vehicle_throttle": 0.0,
        "unique_collisions": 0,
        "solid_lane_crosses": 0,
        "double_solid_lane_crosses": 0
    },
    {
        "game_time": 110.96763955242932,
        "vehicle_location": {
            "x": -9.848950386047363,
            "y": 146.54269409179688,
            "z": -0.16420599818229675
        },
        "vehicle_velocity": {
            "x": 0.210227370262146,
            "y": 2.450371026992798,
            "z": 0.0004873895668424666
        },
        "vehicle_throttle": 0.75,
        "unique_collisions": 0,
        "solid_lane_crosses": 0,
        "double_solid_lane_crosses": 0
    },
    {
        "game_time": 112.01809054519981,
        "vehicle_location": {
            "x": -9.678420066833496,
            "y": 148.6942901611328,
            "z": -0.1518869400024414
        },
        "vehicle_velocity": {
            "x": 0.09282341599464417,
            "y": 1.53746497631073,
            "z": -3.267288047936745e-05
        },
        "vehicle_throttle": 0.75,
        "unique_collisions": 0,
        "solid_lane_crosses": 0,
        "double_solid_lane_crosses": 0
    },
    {
        "game_time": 113.04707885999233,
        "vehicle_location": {
            "x": -9.56408977508545,
            "y": 151.0768585205078,
            "z": -0.16839347779750824
        },
        "vehicle_velocity": {
            "x": 0.10549205541610718,
            "y": 3.058934211730957,
            "z": -0.00023243903706315905
        },
        "vehicle_throttle": 0.75,
        "unique_collisions": 0,
        "solid_lane_crosses": 0,
        "double_solid_lane_crosses": 0
    },
    {
        "game_time": 114.07474677730352,
        "vehicle_location": {
            "x": -9.45185375213623,
            "y": 154.8300323486328,
            "z": -0.16520830988883972
        },
        "vehicle_velocity": {
            "x": 0.08794411271810532,
            "y": 4.1855878829956055,
            "z": 1.5335082935052924e-05
        },
        "vehicle_throttle": 0.75,
        "unique_collisions": 0,
        "solid_lane_crosses": 0,
        "double_solid_lane_crosses": 0
    },
    {
        "game_time": 115.08731911238283,
        "vehicle_location": {
            "x": -9.368459701538086,
            "y": 159.95838928222656,
            "z": -0.16506317257881165
        },
        "vehicle_velocity": {
            "x": 0.06639210879802704,
            "y": 5.5518388748168945,
            "z": -0.0002643489860929549
        },
        "vehicle_throttle": 0.0,
        "unique_collisions": 0,
        "solid_lane_crosses": 0,
        "double_solid_lane_crosses": 0
    },
    {
        "game_time": 116.09319785889238,
        "vehicle_location": {
            "x": -9.311718940734863,
            "y": 165.41192626953125,
            "z": -0.16340133547782898
        },
        "vehicle_velocity": {
            "x": 0.03851057589054108,
            "y": 5.402278423309326,
            "z": -1.3685225894732866e-05
        },
        "vehicle_throttle": 0.45740413665771484,
        "unique_collisions": 0,
        "solid_lane_crosses": 0,
        "double_solid_lane_crosses": 0
    },
    {
        "game_time": 117.12346416991204,
        "vehicle_location": {
            "x": -9.267463684082031,
            "y": 170.9931182861328,
            "z": -0.16083373129367828
        },
        "vehicle_velocity": {
            "x": 0.04001704975962639,
            "y": 5.418651103973389,
            "z": 1.09672544112982e-06
        },
        "vehicle_throttle": 0.5462024807929993,
        "unique_collisions": 0,
        "solid_lane_crosses": 0,
        "double_solid_lane_crosses": 0
    },
    {
        "game_time": 118.17141866032034,
        "vehicle_location": {
            "x": -9.22774600982666,
            "y": 176.6887664794922,
            "z": -0.16163329780101776
        },
        "vehicle_velocity": {
            "x": 0.03588235378265381,
            "y": 5.441420555114746,
            "z": -1.2111663636460435e-06
        },
        "vehicle_throttle": 0.4125657081604004,
        "unique_collisions": 0,
        "solid_lane_crosses": 0,
        "double_solid_lane_crosses": 0
    },
    {
        "game_time": 119.18805747013539,
        "vehicle_location": {
            "x": -9.20013427734375,
            "y": 182.20843505859375,
            "z": -0.16152939200401306
        },
        "vehicle_velocity": {
            "x": -0.012316246517002583,
            "y": 5.421329021453857,
            "z": -6.589889380848035e-06
        },
        "vehicle_throttle": 0.49285897612571716,
        "unique_collisions": 0,
        "solid_lane_crosses": 0,
        "double_solid_lane_crosses": 0
    },
    {
        "game_time": 120.19699650630355,
        "vehicle_location": {
            "x": -9.566859245300293,
            "y": 187.65093994140625,
            "z": -0.16104847192764282
        },
        "vehicle_velocity": {
            "x": -1.2434310913085938,
            "y": 5.260987281799316,
            "z": -0.00019572257588151842
        },
        "vehicle_throttle": 0.5774849057197571,
        "unique_collisions": 0,
        "solid_lane_crosses": 0,
        "double_solid_lane_crosses": 0
    },
    {
        "game_time": 121.23124327510595,
        "vehicle_location": {
            "x": -12.273256301879883,
            "y": 191.94544982910156,
            "z": -0.15348906815052032
        },
        "vehicle_velocity": {
            "x": -4.595246315002441,
            "y": 1.95465087890625,
            "z": 0.0004138469521421939
        },
        "vehicle_throttle": 0.75,
        "unique_collisions": 0,
        "solid_lane_crosses": 0,
        "double_solid_lane_crosses": 0
    },
    {
        "game_time": 122.23551556840539,
        "vehicle_location": {
            "x": -17.246986389160156,
            "y": 193.4451141357422,
            "z": -0.16300612688064575
        },
        "vehicle_velocity": {
            "x": -5.128681659698486,
            "y": 1.5783894062042236,
            "z": -0.0006723976111970842
        },
        "vehicle_throttle": 0.6595042943954468,
        "unique_collisions": 0,
        "solid_lane_crosses": 0,
        "double_solid_lane_crosses": 0
    },
    {
        "game_time": 123.29309158213437,
        "vehicle_location": {
            "x": -22.780563354492188,
            "y": 194.9537811279297,
            "z": -0.16170188784599304
        },
        "vehicle_velocity": {
            "x": -5.247070789337158,
            "y": 1.4831422567367554,
            "z": -4.724502286990173e-05
        },
        "vehicle_throttle": 0.43197569251060486,
        "unique_collisions": 0,
        "solid_lane_crosses": 0,
        "double_solid_lane_crosses": 0
    },
    {
        "game_time": 124.31205538474023,
        "vehicle_location": {
            "x": -28.161108016967773,
            "y": 196.23028564453125,
            "z": -0.1618911772966385
        },
        "vehicle_velocity": {
            "x": -5.405648708343506,
            "y": 0.7975872159004211,
            "z": 0.00018575668218545616
        },
        "vehicle_throttle": 0.25950148701667786,
        "unique_collisions": 0,
        "solid_lane_crosses": 0,
        "double_solid_lane_crosses": 0
    },
    {
        "game_time": 125.32448365539312,
        "vehicle_location": {
            "x": -33.61635971069336,
            "y": 196.79237365722656,
            "z": -0.16149619221687317
        },
        "vehicle_velocity": {
            "x": -5.395120143890381,
            "y": 0.3188398778438568,
            "z": 2.3756027076160535e-05
        },
        "vehicle_throttle": 0.55021071434021,
        "unique_collisions": 0,
        "solid_lane_crosses": 0,
        "double_solid_lane_crosses": 0
    },
    {
        "game_time": 126.32966567575932,
        "vehicle_location": {
            "x": -39.06785202026367,
            "y": 197.001953125,
            "z": -0.16146217286586761
        },
        "vehicle_velocity": {
            "x": -5.432345390319824,
            "y": 0.1578427404165268,
            "z": 2.427100980639807e-06
        },
        "vehicle_throttle": 0.4646975100040436,
        "unique_collisions": 0,
        "solid_lane_crosses": 0,
        "double_solid_lane_crosses": 0
    }
]