[
    {
        "game_time": 7.040754022076726,
        "vehicle_location": {
            "x": 15.335738182067871,
            "y": 201.61181640625,
            "z": -0.0407237634062767
        },
        "vehicle_velocity": {
            "x": 1.1810847520828247,
            "y": -0.2542360723018646,
            "z": -0.000674505194183439
        },
        "vehicle_throttle": 0.75,
        "unique_collisions": 0,
        "solid_lane_crosses": 0,
        "double_solid_lane_crosses": 0
    },
    {
        "game_time": 8.081366083584726,
        "vehicle_location": {
            "x": 17.603837966918945,
            "y": 201.13758850097656,
            "z": -0.03484718129038811
        },
        "vehicle_velocity": {
            "x": 1.583252191543579,
            "y": -0.3969365954399109,
            "z": 0.0002504634903743863
        },
        "vehicle_throttle": 0.75,
        "unique_collisions": 0,
        "solid_lane_crosses": 0,
        "double_solid_lane_crosses": 0
    },
    {
        "game_time": 9.106718772090971,
        "vehicle_location": {
            "x": 18.73384666442871,
            "y": 200.7884063720703,
            "z": -0.037616387009620667
        },
        "vehicle_velocity": {
            "x": 0.7845414280891418,
            "y": -0.3305851221084595,
            "z": 0.00044171331683173776
        },
        "vehicle_throttle": 0.0,
        "unique_collisions": 0,
        "solid_lane_crosses": 0,
        "double_solid_lane_crosses": 0
    },
    {
        "game_time": 10.165568753145635,
        "vehicle_location": {
            "x": 19.26017189025879,
            "y": 200.58883666992188,
            "z": -0.039489973336458206
        },
        "vehicle_velocity": {
            "x": 1.0608612298965454,
            "y": -0.4216827154159546,
            "z": 0.0004057550395373255
        },
        "vehicle_throttle": 0.75,
        "unique_collisions": 0,
        "solid_lane_crosses": 0,
        "double_solid_lane_crosses": 0
    },
    {
        "game_time": 11.179970481432974,
        "vehicle_location": {
            "x": 21.08470916748047,
            "y": 199.77862548828125,
            "z": -0.03711177781224251
        },
        "vehicle_velocity": {
            "x": 1.9267196655273438,
            "y": -1.0855976343154907,
            "z": 0.0010022211354225874
        },
        "vehicle_throttle": 0.75,
        "unique_collisions": 0,
        "solid_lane_crosses": 0,
        "double_solid_lane_crosses": 0
    },
    {
        "game_time": 12.194393574260175,
        "vehicle_location": {
            "x": 23.31948471069336,
            "y": 198.34304809570312,
            "z": -0.03686714172363281
        },
        "vehicle_velocity": {
            "x": 1.9653208255767822,
            "y": -1.4698078632354736,
            "z": 0.0005111407954245806
        },
        "vehicle_throttle": 0.75,
        "unique_collisions": 0,
        "solid_lane_crosses": 0,
        "double_solid_lane_crosses": 0
    },
    {
        "game_time": 13.244959575124085,
        "vehicle_location": {
            "x": 25.51601219177246,
            "y": 196.23757934570312,
            "z": -0.03772178664803505
        },
        "vehicle_velocity": {
            "x": 1.7998428344726562,
            "y": -2.3435745239257812,
            "z": -0.00024359702365472913
        },
        "vehicle_throttle": 0.75,
        "unique_collisions": 0,
        "solid_lane_crosses": 0,
        "double_solid_lane_crosses": 0
    },
    {
        "game_time": 14.337850774638355,
        "vehicle_location": {
            "x": 27.57195281982422,
            "y": 193.32418823242188,
            "z": -0.038795966655015945
        },
        "vehicle_velocity": {
            "x": 1.54523766040802,
            "y": -3.3032338619232178,
            "z": 0.00019075869931839406
        },
        "vehicle_throttle": 0.75,
        "unique_collisions": 0,
        "solid_lane_crosses": 0,
        "double_solid_lane_crosses": 0
    },
    {
        "game_time": 15.355514061637223,
        "vehicle_location": {
            "x": 29.165788650512695,
            "y": 190.0602569580078,
            "z": -0.03925182297825813
        },
        "vehicle_velocity": {
            "x": 1.5756356716156006,
            "y": -3.7589735984802246,
            "z": -0.00023663519823458046
        },
        "vehicle_throttle": 0.75,
        "unique_collisions": 0,
        "solid_lane_crosses": 0,
        "double_solid_lane_crosses": 0
    },
    {
        "game_time": 16.39199121762067,
        "vehicle_location": {
            "x": 30.221332550048828,
            "y": 186.87286376953125,
            "z": -0.03411605581641197
        },
        "vehicle_velocity": {
            "x": 0.4379510283470154,
            "y": -1.7404074668884277,
            "z": -0.00030420301482081413
        },
        "vehicle_throttle": 0.0,
        "unique_collisions": 0,
        "solid_lane_crosses": 0,
        "double_solid_lane_crosses": 0
    },
    {
        "game_time": 17.429003519006073,
        "vehicle_location": {
            "x": 30.669105529785156,
            "y": 184.87159729003906,
            "z": -0.03921821340918541
        },
        "vehicle_velocity": {
            "x": 0.4086633622646332,
            "y": -2.808480978012085,
            "z": -0.0003862857702188194
        },
        "vehicle_throttle": 0.75,
        "unique_collisions": 0,
        "solid_lane_crosses": 0,
        "double_solid_lane_crosses": 0
    },
    {
        "game_time": 18.46866316627711,
        "vehicle_location": {
            "x": 31.07770347595215,
            "y": 181.83163452148438,
            "z": -0.03915206715464592
        },
        "vehicle_velocity": {
            "x": 0.34076589345932007,
            "y": -3.300398826599121,
            "z": -0.00027476309332996607
        },
        "vehicle_throttle": 0.75,
        "unique_collisions": 0,
        "solid_lane_crosses": 0,
        "double_solid_lane_crosses": 0
    },
    {
        "game_time": 19.546558911912143,
        "vehicle_location": {
            "x": 31.308311462402344,
            "y": 178.34349060058594,
            "z": -0.037818413227796555
        },
        "vehicle_velocity": {
            "x": 0.14017178118228912,
            "y": -3.228566884994507,
            "z": -0.0002626132918521762
        },
        "vehicle_throttle": 0.0,
        "unique_collisions": 0,
        "solid_lane_crosses": 0,
        "double_solid_lane_crosses": 0
    },
    {
        "game_time": 20.65303227584809,
        "vehicle_location": {
            "x": 31.38881492614746,
            "y": 176.16525268554688,
            "z": -0.0374574288725853
        },
        "vehicle_velocity": {
            "x": 0.03541507199406624,
            "y": -1.2351917028427124,
            "z": 0.00027119158767163754
        },
        "vehicle_throttle": 0.75,
        "unique_collisions": 0,
        "solid_lane_crosses": 0,
        "double_solid_lane_crosses": 0
    },
    {
        "game_time": 21.691795711405575,
        "vehicle_location": {
            "x": 31.40951156616211,
            "y": 175.53805541992188,
            "z": -0.03739212080836296
        },
        "vehicle_velocity": {
            "x": 0.014773356728255749,
            "y": -0.42655378580093384,
            "z": -4.298210114939138e-05
        },
        "vehicle_throttle": 0.75,
        "unique_collisions": 0,
        "solid_lane_crosses": 0,
        "double_solid_lane_crosses": 0
    },
    {
        "game_time": 22.776311206631362,
        "vehicle_location": {
            "x": 31.418832778930664,
            "y": 175.25845336914062,
            "z": -0.03828582540154457
        },
        "vehicle_velocity": {
            "x": 0.010060761123895645,
            "y": -0.22132767736911774,
            "z": 0.00029337883461266756
        },
        "vehicle_throttle": 0.0,
        "unique_collisions": 0,
        "solid_lane_crosses": 0,
        "double_solid_lane_crosses": 0
    },
    {
        "game_time": 23.822391743771732,
        "vehicle_location": {
            "x": 31.424386978149414,
            "y": 175.12745666503906,
            "z": -0.037045590579509735
        },
        "vehicle_velocity": {
            "x": 0.003906340803951025,
            "y": -0.11133677512407303,
            "z": 0.00015185833035502583
        },
        "vehicle_throttle": 0.75,
        "unique_collisions": 0,
        "solid_lane_crosses": 0,
        "double_solid_lane_crosses": 0
    },
    {
        "game_time": 24.86001242417842,
        "vehicle_location": {
            "x": 31.451732635498047,
            "y": 173.86192321777344,
            "z": -0.039298057556152344
        },
        "vehicle_velocity": {
            "x": 0.048916202038526535,
            "y": -2.2294704914093018,
            "z": -0.00024138450680766255
        },
        "vehicle_throttle": 0.75,
        "unique_collisions": 0,
        "solid_lane_crosses": 0,
        "double_solid_lane_crosses": 0
    },
    {
        "game_time": 25.92002194840461,
        "vehicle_location": {
            "x": 31.486207962036133,
            "y": 171.6824951171875,
            "z": -0.03924068436026573
        },
        "vehicle_velocity": {
            "x": 0.03663003072142601,
            "y": -2.7130861282348633,
            "z": -3.873824971378781e-05
        },
        "vehicle_throttle": 0.75,
        "unique_collisions": 0,
        "solid_lane_crosses": 0,
        "double_solid_lane_crosses": 0
    },
    {
        "game_time": 26.99491094145924,
        "vehicle_location": {
            "x": 31.514204025268555,
            "y": 168.19802856445312,
            "z": -0.03757720813155174
        },
        "vehicle_velocity": {
            "x": 0.021895581856369972,
            "y": -3.1398532390594482,
            "z": -8.423805411439389e-05
        },
        "vehicle_throttle": 0.75,
        "unique_collisions": 0,
        "solid_lane_crosses": 0,
        "double_solid_lane_crosses": 0
    },
    {
        "game_time": 28.053177970461547,
        "vehicle_location": {
            "x": 31.5284366607666,
            "y": 164.92633056640625,
            "z": -0.03889983892440796
        },
        "vehicle_velocity": {
            "x": 0.010308611206710339,
            "y": -3.2365450859069824,
            "z": -0.00012178420729469508
        },
        "vehicle_throttle": 0.75,
        "unique_collisions": 0,
        "solid_lane_crosses": 0,
        "double_solid_lane_crosses": 0
    },
    {
        "game_time": 29.09910259116441,
        "vehicle_location": {
            "x": 31.53805160522461,
            "y": 161.37075805664062,
            "z": -0.039150580763816833
        },
        "vehicle_velocity": {
            "x": 0.007975330576300621,
            "y": -3.829470634460449,
            "z": 0.0004271125653758645
        },
        "vehicle_throttle": 0.75,
        "unique_collisions": 0,
        "solid_lane_crosses": 0,
        "double_solid_lane_crosses": 0
    },
    {
        "game_time": 30.14991085510701,
        "vehicle_location": {
            "x": 31.543764114379883,
            "y": 158.0963592529297,
            "z": -0.038913458585739136
        },
        "vehicle_velocity": {
            "x": 0.004781701136380434,
            "y": -3.0436503887176514,
            "z": 0.0003322696720715612
        },
        "vehicle_throttle": 0.75,
        "unique_collisions": 0,
        "solid_lane_crosses": 0,
        "double_solid_lane_crosses": 0
    },
    {
        "game_time": 31.194292523898184,
        "vehicle_location": {
            "x": 31.547443389892578,
            "y": 154.6812286376953,
            "z": -0.0387219600379467
        },
        "vehicle_velocity": {
            "x": 0.003295712638646364,
            "y": -3.386124610900879,
            "z": -0.00047735212137922645
        },
        "vehicle_throttle": 0.75,
        "unique_collisions": 0,
        "solid_lane_crosses": 0,
        "double_solid_lane_crosses": 0
    },
    {
        "game_time": 32.24718969408423,
        "vehicle_location": {
            "x": 31.550724029541016,
            "y": 150.0722198486328,
            "z": -0.03856895491480827
        },
        "vehicle_velocity": {
            "x": 0.0035592245403677225,
            "y": -5.235251426696777,
            "z": -0.00020884037076029927
        },
        "vehicle_throttle": 0.0,
        "unique_collisions": 0,
        "solid_lane_crosses": 0,
        "double_solid_lane_crosses": 0
    },
    {
        "game_time": 33.30991966370493,
        "vehicle_location": {
            "x": 31.553180694580078,
            "y": 145.7126007080078,
            "z": -0.03740813955664635
        },
        "vehicle_velocity": {
            "x": 0.0016510715940967202,
            "y": -3.4748849868774414,
            "z": 0.0002654933778103441
        },
        "vehicle_throttle": 0.75,
        "unique_collisions": 0,
        "solid_lane_crosses": 0,
        "double_solid_lane_crosses": 0
    },
    {
        "game_time": 34.34057371597737,
        "vehicle_location": {
            "x": 31.554908752441406,
            "y": 142.1725616455078,
            "z": -0.03770232945680618
        },
        "vehicle_velocity": {
            "x": 0.0014405862893909216,
            "y": -3.005418062210083,
            "z": -6.606101669603959e-05
        },
        "vehicle_throttle": 0.75,
        "unique_collisions": 0,
        "solid_lane_crosses": 0,
        "double_solid_lane_crosses": 0
    },
    {
        "game_time": 35.35592575278133,
        "vehicle_location": {
            "x": 31.55621337890625,
            "y": 139.3046875,
            "z": -0.03345973789691925
        },
        "vehicle_velocity": {
            "x": 0.0004392664704937488,
            "y": -0.977207601070404,
            "z": 0.00014784812810830772
        },
        "vehicle_throttle": 0.0,
        "unique_collisions": 0,
        "solid_lane_crosses": 0,
        "double_solid_lane_crosses": 0
    },
    {
        "game_time": 36.43059903662652,
        "vehicle_location": {
            "x": 31.556325912475586,
            "y": 139.199951171875,
            "z": -0.03773856908082962
        },
        "vehicle_velocity": {
            "x": -1.6705591576737788e-07,
            "y": 2.121039324265439e-05,
            "z": -0.0004498004855122417
        },
        "vehicle_throttle": 0.0,
        "unique_collisions": 0,
        "solid_lane_crosses": 0,
        "double_solid_lane_crosses": 0
    },
    {
        "game_time": 37.47302464116365,
        "vehicle_location": {
            "x": 31.556325912475586,
            "y": 139.199951171875,
            "z": -0.03773818910121918
        },
        "vehicle_velocity": {
            "x": -1.7046897227146474e-08,
            "y": -1.1055304227625129e-08,
            "z": -0.0008076858357526362
        },
        "vehicle_throttle": 0.0,
        "unique_collisions": 0,
        "solid_lane_crosses": 0,
        "double_solid_lane_crosses": 0
    },
    {
        "game_time": 38.50549917202443,
        "vehicle_location": {
            "x": 31.556283950805664,
            "y": 139.1865692138672,
            "z": -0.038233984261751175
        },
        "vehicle_velocity": {
            "x": -0.0005040708347223699,
            "y": -0.19659948348999023,
            "z": -0.00036433219793252647
        },
        "vehicle_throttle": 0.75,
        "unique_collisions": 0,
        "solid_lane_crosses": 0,
        "double_solid_lane_crosses": 0
    },
    {
        "game_time": 39.54750786814839,
        "vehicle_location": {
            "x": 31.556686401367188,
            "y": 138.1864776611328,
            "z": -0.03737751021981239
        },
        "vehicle_velocity": {
            "x": 0.00037818486453033984,
            "y": -0.851979672908783,
            "z": -0.0006965636857785285
        },
        "vehicle_throttle": 0.0,
        "unique_collisions": 0,
        "solid_lane_crosses": 0,
        "double_solid_lane_crosses": 0
    },
    {
        "game_time": 40.62061074655503,
        "vehicle_location": {
            "x": 31.55973243713379,
            "y": 137.69569396972656,
            "z": -0.03632408007979393
        },
        "vehicle_velocity": {
            "x": 0.0017520224209874868,
            "y": -0.006038045976310968,
            "z": -7.972717139637098e-05
        },
        "vehicle_throttle": 0.0,
        "unique_collisions": 0,
        "solid_lane_crosses": 0,
        "double_solid_lane_crosses": 0
    },
    {
        "game_time": 41.70169608388096,
        "vehicle_location": {
            "x": 31.561159133911133,
            "y": 137.52342224121094,
            "z": -0.0385906957089901
        },
        "vehicle_velocity": {
            "x": 0.0004316380654927343,
            "y": -0.30554622411727905,
            "z": 0.001048989244736731
        },
        "vehicle_throttle": 0.0,
        "unique_collisions": 0,
        "solid_lane_crosses": 0,
        "double_solid_lane_crosses": 0
    },
    {
        "game_time": 42.7086207261309,
        "vehicle_location": {
            "x": 31.56096076965332,
            "y": 137.4142303466797,
            "z": -0.03791126236319542
        },
        "vehicle_velocity": {
            "x": -0.00023644676548428833,
            "y": -0.1973337084054947,
            "z": 4.3783187720691785e-05
        },
        "vehicle_throttle": 0.0,
        "unique_collisions": 0,
        "solid_lane_crosses": 0,
        "double_solid_lane_crosses": 0
    },
    {
        "game_time": 43.78612718079239,
        "vehicle_location": {
            "x": 31.56047248840332,
            "y": 137.41371154785156,
            "z": -0.03772205114364624
        },
        "vehicle_velocity": {
            "x": -1.512503722267411e-08,
            "y": 2.791562565107597e-06,
            "z": 0.000322046282235533
        },
        "vehicle_throttle": 0.0,
        "unique_collisions": 0,
        "solid_lane_crosses": 0,
        "double_solid_lane_crosses": 0
    },
    {
        "game_time": 44.82858369220048,
        "vehicle_location": {
            "x": 31.56047248840332,
            "y": 137.4136962890625,
            "z": -0.037724532186985016
        },
        "vehicle_velocity": {
            "x": -4.823436761114408e-09,
            "y": -1.0503239167292122e-07,
            "z": -0.00019992828310932964
        },
        "vehicle_throttle": 0.0,
        "unique_collisions": 0,
        "solid_lane_crosses": 0,
        "double_solid_lane_crosses": 0
    },
    {
        "game_time": 45.84703063685447,
        "vehicle_location": {
            "x": 31.56047248840332,
            "y": 137.4136962890625,
            "z": -0.03772979602217674
        },
        "vehicle_velocity": {
            "x": -5.565381755445742e-08,
            "y": -5.56913093419098e-08,
            "z": 0.00021689414279535413
        },
        "vehicle_throttle": 0.0,
        "unique_collisions": 0,
        "solid_lane_crosses": 0,
        "double_solid_lane_crosses": 0
    },
    {
        "game_time": 46.9146247273311,
        "vehicle_location": {
            "x": 31.56047248840332,
            "y": 137.4136962890625,
            "z": -0.037742309272289276
        },
        "vehicle_velocity": {
            "x": 9.671685319290191e-08,
            "y": 4.4845456237396775e-09,
            "z": -8.975982200354338e-05
        },
        "vehicle_throttle": 0.0,
        "unique_collisions": 0,
        "solid_lane_crosses": 0,
        "double_solid_lane_crosses": 0
    },
    {
        "game_time": 47.9609666550532,
        "vehicle_location": {
            "x": 31.56047248840332,
            "y": 137.4136962890625,
            "z": -0.037698667496442795
        },
        "vehicle_velocity": {
            "x": -3.992568409216801e-08,
            "y": -2.290698297713334e-08,
            "z": 0.0005421828827820718
        },
        "vehicle_throttle": 0.0,
        "unique_collisions": 0,
        "solid_lane_crosses": 0,
        "double_solid_lane_crosses": 0
    },
    {
        "game_time": 49.02447754051536,
        "vehicle_location": {
            "x": 31.56047248840332,
            "y": 137.4136962890625,
            "z": -0.03769870847463608
        },
        "vehicle_velocity": {
            "x": -1.4273136450526636e-08,
            "y": 7.191915507576141e-09,
            "z": 0.0004514884785749018
        },
        "vehicle_throttle": 0.0,
        "unique_collisions": 0,
        "solid_lane_crosses": 0,
        "double_solid_lane_crosses": 0
    },
    {
        "game_time": 50.02854661364108,
        "vehicle_location": {
            "x": 31.56047248840332,
            "y": 137.4136962890625,
            "z": -0.03772098571062088
        },
        "vehicle_velocity": {
            "x": -1.7541297836487502e-07,
            "y": 1.8275954360991165e-10,
            "z": 0.00047676562098786235
        },
        "vehicle_throttle": 0.0,
        "unique_collisions": 0,
        "solid_lane_crosses": 0,
        "double_solid_lane_crosses": 0
    },
    {
        "game_time": 51.10388386901468,
        "vehicle_location": {
            "x": 31.56047248840332,
            "y": 137.4136962890625,
            "z": -0.037752073258161545
        },
        "vehicle_velocity": {
            "x": -8.167875265030489e-09,
            "y": -9.406901924080557e-09,
            "z": 6.563186616403982e-05
        },
        "vehicle_throttle": 0.0,
        "unique_collisions": 0,
        "solid_lane_crosses": 0,
        "double_solid_lane_crosses": 0
    },
    {
        "game_time": 52.14447095151991,
        "vehicle_location": {
            "x": 31.56047248840332,
            "y": 137.4136962890625,
            "z": -0.03775268420577049
        },
        "vehicle_velocity": {
            "x": -1.9898732261935947e-07,
            "y": 5.051246532161713e-09,
            "z": 0.00033892630017362535
        },
        "vehicle_throttle": 0.0,
        "unique_collisions": 0,
        "solid_lane_crosses": 0,
        "double_solid_lane_crosses": 0
    },
    {
        "game_time": 53.14503876771778,
        "vehicle_location": {
            "x": 31.56047248840332,
            "y": 137.4136962890625,
            "z": -0.037763748317956924
        },
        "vehicle_velocity": {
            "x": -8.721907640563131e-09,
            "y": -2.5249147217465406e-09,
            "z": -0.0005415630294010043
        },
        "vehicle_throttle": 0.0,
        "unique_collisions": 0,
        "solid_lane_crosses": 0,
        "double_solid_lane_crosses": 0
    },
    {
        "game_time": 54.15101234149188,
        "vehicle_location": {
            "x": 31.56047248840332,
            "y": 137.4136962890625,
            "z": -0.03776637837290764
        },
        "vehicle_velocity": {
            "x": -2.5907088030407976e-08,
            "y": 6.69139765818727e-08,
            "z": 0.0005317497416399419
        },
        "vehicle_throttle": 0.0,
        "unique_collisions": 0,
        "solid_lane_crosses": 0,
        "double_solid_lane_crosses": 0
    },
    {
        "game_time": 55.16780833993107,
        "vehicle_location": {
            "x": 31.56047248840332,
            "y": 137.4136962890625,
            "z": -0.03773490712046623
        },
        "vehicle_velocity": {
            "x": 1.5074191139774484e-07,
            "y": 4.361672267805261e-08,
            "z": 6.156921153888106e-05
        },
        "vehicle_throttle": 0.0,
        "unique_collisions": 0,
        "solid_lane_crosses": 0,
        "double_solid_lane_crosses": 0
    },
    {
        "game_time": 56.24222694244236,
        "vehicle_location": {
            "x": 31.56047248840332,
            "y": 137.4136962890625,
            "z": -0.0377056859433651
        },
        "vehicle_velocity": {
            "x": -2.8197689516673563e-08,
            "y": -4.5855909291958596e-08,
            "z": -5.021095148549648e-06
        },
        "vehicle_throttle": 0.0,
        "unique_collisions": 0,
        "solid_lane_crosses": 0,
        "double_solid_lane_crosses": 0
    },
    {
        "game_time": 57.26558000873774,
        "vehicle_location": {
            "x": 31.56047248840332,
            "y": 137.4136962890625,
            "z": -0.03770973160862923
        },
        "vehicle_velocity": {
            "x": -4.1909866688172315e-09,
            "y": -2.33158878870654e-08,
            "z": -0.00010221481352346018
        },
        "vehicle_throttle": 0.0,
        "unique_collisions": 0,
        "solid_lane_crosses": 0,
        "double_solid_lane_crosses": 0
    },
    {
        "game_time": 58.26896750833839,
        "vehicle_location": {
            "x": 31.56047248840332,
            "y": 137.4136962890625,
            "z": -0.03771530091762543
        },
        "vehicle_velocity": {
            "x": -9.301672321271326e-09,
            "y": 5.4499718515899076e-08,
            "z": 0.00033413886558264494
        },
        "vehicle_throttle": 0.0,
        "unique_collisions": 0,
        "solid_lane_crosses": 0,
        "double_solid_lane_crosses": 0
    },
    {
        "game_time": 59.289532323367894,
        "vehicle_location": {
            "x": 31.56047248840332,
            "y": 137.4136962890625,
            "z": -0.037732046097517014
        },
        "vehicle_velocity": {
            "x": 1.4379828883193113e-07,
            "y": 4.4966473211616176e-08,
            "z": 0.000172843923792243
        },
        "vehicle_throttle": 0.0,
        "unique_collisions": 0,
        "solid_lane_crosses": 0,
        "double_solid_lane_crosses": 0
    },
    {
        "game_time": 60.343811123631895,
        "vehicle_location": {
            "x": 31.56047248840332,
            "y": 137.4136962890625,
            "z": -0.03770957887172699
        },
        "vehicle_velocity": {
            "x": -4.173293532971911e-08,
            "y": -4.0713992177643377e-08,
            "z": 0.0002231359394500032
        },
        "vehicle_throttle": 0.0,
        "unique_collisions": 0,
        "solid_lane_crosses": 0,
        "double_solid_lane_crosses": 0
    },
    {
        "game_time": 61.38355215173215,
        "vehicle_location": {
            "x": 31.56047248840332,
            "y": 137.4136962890625,
            "z": -0.03768588975071907
        },
        "vehicle_velocity": {
            "x": -2.8284693698310548e-08,
            "y": -6.569825794500161e-10,
            "z": 0.00015463351155631244
        },
        "vehicle_throttle": 0.0,
        "unique_collisions": 0,
        "solid_lane_crosses": 0,
        "double_solid_lane_crosses": 0
    },
    {
        "game_time": 62.430445027537644,
        "vehicle_location": {
            "x": 31.56047248840332,
            "y": 137.4136962890625,
            "z": -0.037717513740062714
        },
        "vehicle_velocity": {
            "x": -1.5625536420316166e-08,
            "y": 3.031189166335935e-08,
            "z": 0.0002532911312300712
        },
        "vehicle_throttle": 0.0,
        "unique_collisions": 0,
        "solid_lane_crosses": 0,
        "double_solid_lane_crosses": 0
    },
    {
        "game_time": 63.5042572254315,
        "vehicle_location": {
            "x": 31.56047248840332,
            "y": 137.4136962890625,
            "z": -0.03772754594683647
        },
        "vehicle_velocity": {
            "x": 1.4345741305987758e-07,
            "y": -4.022376653978199e-09,
            "z": 0.000675954797770828
        },
        "vehicle_throttle": 0.0,
        "unique_collisions": 0,
        "solid_lane_crosses": 0,
        "double_solid_lane_crosses": 0
    },
    {
        "game_time": 64.51639652904123,
        "vehicle_location": {
            "x": 31.56047248840332,
            "y": 137.4136962890625,
            "z": -0.03770698606967926
        },
        "vehicle_velocity": {
            "x": -3.129892078845842e-08,
            "y": -4.0896946273960566e-08,
            "z": 0.00014321327034849674
        },
        "vehicle_throttle": 0.0,
        "unique_collisions": 0,
        "solid_lane_crosses": 0,
        "double_solid_lane_crosses": 0
    },
    {
        "game_time": 65.59670608770102,
        "vehicle_location": {
            "x": 31.56047248840332,
            "y": 137.4136962890625,
            "z": -0.037762489169836044
        },
        "vehicle_velocity": {
            "x": -3.950966664945099e-09,
            "y": 5.79215742035899e-09,
            "z": -0.0006995105650275946
        },
        "vehicle_throttle": 0.0,
        "unique_collisions": 0,
        "solid_lane_crosses": 0,
        "double_solid_lane_crosses": 0
    },
    {
        "game_time": 66.64285257924348,
        "vehicle_location": {
            "x": 31.56047248840332,
            "y": 137.4136962890625,
            "z": -0.03772716596722603
        },
        "vehicle_velocity": {
            "x": -2.801909815275394e-08,
            "y": -3.789340752291537e-08,
            "z": 0.00044616698869504035
        },
        "vehicle_throttle": 0.0,
        "unique_collisions": 0,
        "solid_lane_crosses": 0,
        "double_solid_lane_crosses": 0
    },
    {
        "game_time": 67.66151745710522,
        "vehicle_location": {
            "x": 31.56047248840332,
            "y": 137.4136962890625,
            "z": -0.037696074694395065
        },
        "vehicle_velocity": {
            "x": -5.997000585011847e-08,
            "y": -2.9088491615425482e-08,
            "z": 0.0008073997450992465
        },
        "vehicle_throttle": 0.0,
        "unique_collisions": 0,
        "solid_lane_crosses": 0,
        "double_solid_lane_crosses": 0
    },
    {
        "game_time": 68.73431895207614,
        "vehicle_location": {
            "x": 31.56047248840332,
            "y": 137.4136962890625,
            "z": -0.037754323333501816
        },
        "vehicle_velocity": {
            "x": 0.0,
            "y": 0.0,
            "z": 0.0
        },
        "vehicle_throttle": 0.0,
        "unique_collisions": 0,
        "solid_lane_crosses": 0,
        "double_solid_lane_crosses": 0
    },
    {
        "game_time": 69.80746800359339,
        "vehicle_location": {
            "x": 31.56047248840332,
            "y": 137.4136962890625,
            "z": -0.03772411122918129
        },
        "vehicle_velocity": {
            "x": 1.343017004273861e-07,
            "y": -2.165302959156179e-08,
            "z": -0.0002182388270739466
        },
        "vehicle_throttle": 0.0,
        "unique_collisions": 0,
        "solid_lane_crosses": 0,
        "double_solid_lane_crosses": 0
    },
    {
        "game_time": 70.83636816125363,
        "vehicle_location": {
            "x": 31.56047248840332,
            "y": 137.4136962890625,
            "z": -0.03774287924170494
        },
        "vehicle_velocity": {
            "x": -6.65958665990729e-08,
            "y": 4.436878953129053e-08,
            "z": -0.00037381172296591103
        },
        "vehicle_throttle": 0.0,
        "unique_collisions": 0,
        "solid_lane_crosses": 0,
        "double_solid_lane_crosses": 0
    },
    {
        "game_time": 71.87259429786354,
        "vehicle_location": {
            "x": 31.56047248840332,
            "y": 137.4136962890625,
            "z": -0.037698134779930115
        },
        "vehicle_velocity": {
            "x": -1.8901827658623915e-08,
            "y": -2.2201609439775893e-08,
            "z": 0.00018354415078647435
        },
        "vehicle_throttle": 0.0,
        "unique_collisions": 0,
        "solid_lane_crosses": 0,
        "double_solid_lane_crosses": 0
    },
    {
        "game_time": 72.92599912453443,
        "vehicle_location": {
            "x": 31.56047248840332,
            "y": 137.4136962890625,
            "z": -0.03776107728481293
        },
        "vehicle_velocity": {
            "x": 1.398869500235378e-07,
            "y": -3.4295620565671925e-08,
            "z": 7.013321010163054e-05
        },
        "vehicle_throttle": 0.0,
        "unique_collisions": 0,
        "solid_lane_crosses": 0,
        "double_solid_lane_crosses": 0
    },
    {
        "game_time": 73.98674120288342,
        "vehicle_location": {
            "x": 31.56047248840332,
            "y": 137.4136962890625,
            "z": -0.03772697225213051
        },
        "vehicle_velocity": {
            "x": 1.3568223877769015e-08,
            "y": -4.4625924289221075e-08,
            "z": 6.453513924498111e-05
        },
        "vehicle_throttle": 0.0,
        "unique_collisions": 0,
        "solid_lane_crosses": 0,
        "double_solid_lane_crosses": 0
    },
    {
        "game_time": 74.99174977559596,
        "vehicle_location": {
            "x": 31.56047248840332,
            "y": 137.4136962890625,
            "z": -0.0377161018550396
        },
        "vehicle_velocity": {
            "x": 1.0406083106317965e-08,
            "y": -6.794793616649031e-10,
            "z": -5.531310875994677e-07
        },
        "vehicle_throttle": 0.0,
        "unique_collisions": 0,
        "solid_lane_crosses": 0,
        "double_solid_lane_crosses": 0
    },
    {
        "game_time": 76.04535327199847,
        "vehicle_location": {
            "x": 31.56047248840332,
            "y": 137.4136962890625,
            "z": -0.037709273397922516
        },
        "vehicle_velocity": {
            "x": -4.8514454675796514e-08,
            "y": -2.5530320968414344e-08,
            "z": 0.0005558204720728099
        },
        "vehicle_throttle": 0.0,
        "unique_collisions": 0,
        "solid_lane_crosses": 0,
        "double_solid_lane_crosses": 0
    },
    {
        "game_time": 77.04942479077727,
        "vehicle_location": {
            "x": 31.56047248840332,
            "y": 137.4136962890625,
            "z": -0.03773841634392738
        },
        "vehicle_velocity": {
            "x": -1.2733988086210957e-08,
            "y": -4.2821932666470275e-09,
            "z": 0.00012627601972781122
        },
        "vehicle_throttle": 0.0,
        "unique_collisions": 0,
        "solid_lane_crosses": 0,
        "double_solid_lane_crosses": 0
    },
    {
        "game_time": 78.05673028435558,
        "vehicle_location": {
            "x": 31.56047248840332,
            "y": 137.4136962890625,
            "z": -0.03772537037730217
        },
        "vehicle_velocity": {
            "x": -2.3740799548477298e-08,
            "y": -2.8479025360184096e-08,
            "z": 8.992195216706023e-05
        },
        "vehicle_throttle": 0.0,
        "unique_collisions": 0,
        "solid_lane_crosses": 0,
        "double_solid_lane_crosses": 0
    },
    {
        "game_time": 79.09981987904757,
        "vehicle_location": {
            "x": 31.56047248840332,
            "y": 137.4136962890625,
            "z": -0.03773021697998047
        },
        "vehicle_velocity": {
            "x": 1.5440667633370708e-09,
            "y": -7.694252346368557e-09,
            "z": -0.00016165732813533396
        },
        "vehicle_throttle": 0.0,
        "unique_collisions": 0,
        "solid_lane_crosses": 0,
        "double_solid_lane_crosses": 0
    },
    {
        "game_time": 80.10955249238759,
        "vehicle_location": {
            "x": 31.56047248840332,
            "y": 137.4136962890625,
            "z": -0.03774223104119301
        },
        "vehicle_velocity": {
            "x": -3.7102935834809614e-08,
            "y": 6.155902809723557e-08,
            "z": 4.852294659940526e-05
        },
        "vehicle_throttle": 0.0,
        "unique_collisions": 0,
        "solid_lane_crosses": 0,
        "double_solid_lane_crosses": 0
    },
    {
        "game_time": 81.1239387402311,
        "vehicle_location": {
            "x": 31.56047248840332,
            "y": 137.4136962890625,
            "z": -0.03773784637451172
        },
        "vehicle_velocity": {
            "x": 0.0,
            "y": 0.0,
            "z": 0.0
        },
        "vehicle_throttle": 0.0,
        "unique_collisions": 0,
        "solid_lane_crosses": 0,
        "double_solid_lane_crosses": 0
    },
    {
        "game_time": 82.14758350607008,
        "vehicle_location": {
            "x": 31.56047248840332,
            "y": 137.4136962890625,
            "z": -0.03775802627205849
        },
        "vehicle_velocity": {
            "x": 6.272715324939782e-08,
            "y": -1.9877138157653462e-08,
            "z": -0.0003217410994693637
        },
        "vehicle_throttle": 0.0,
        "unique_collisions": 0,
        "solid_lane_crosses": 0,
        "double_solid_lane_crosses": 0
    },
    {
        "game_time": 83.19911016058177,
        "vehicle_location": {
            "x": 31.560514450073242,
            "y": 137.17330932617188,
            "z": -0.03960361331701279
        },
        "vehicle_velocity": {
            "x": 0.00035634954110719264,
            "y": -1.0372505187988281,
            "z": -0.000532665231730789
        },
        "vehicle_throttle": 0.75,
        "unique_collisions": 0,
        "solid_lane_crosses": 0,
        "double_solid_lane_crosses": 0
    },
    {
        "game_time": 84.21077845338732,
        "vehicle_location": {
            "x": 31.560331344604492,
            "y": 135.13485717773438,
            "z": -0.039166029542684555
        },
        "vehicle_velocity": {
            "x": 1.3845266039425042e-05,
            "y": -2.8503847122192383,
            "z": -0.0003824520099442452
        },
        "vehicle_throttle": 0.0,
        "unique_collisions": 0,
        "solid_lane_crosses": 0,
        "double_solid_lane_crosses": 0
    },
    {
        "game_time": 85.29076304938644,
        "vehicle_location": {
            "x": 31.560564041137695,
            "y": 132.0498046875,
            "z": -0.03939800336956978
        },
        "vehicle_velocity": {
            "x": 0.00026668739155866206,
            "y": -3.732982635498047,
            "z": -0.0007368468795903027
        },
        "vehicle_throttle": 0.75,
        "unique_collisions": 0,
        "solid_lane_crosses": 0,
        "double_solid_lane_crosses": 0
    },
    {
        "game_time": 86.30943906772882,
        "vehicle_location": {
            "x": 31.561264038085938,
            "y": 128.85964965820312,
            "z": -0.039222601801157
        },
        "vehicle_velocity": {
            "x": 0.0015458610141649842,
            "y": -3.4896013736724854,
            "z": -0.0002197456342400983
        },
        "vehicle_throttle": 0.75,
        "unique_collisions": 0,
        "solid_lane_crosses": 0,
        "double_solid_lane_crosses": 0
    },
    {
        "game_time": 87.38577422033995,
        "vehicle_location": {
            "x": 31.562469482421875,
            "y": 125.0031967163086,
            "z": -0.038163069635629654
        },
        "vehicle_velocity": {
            "x": 0.0012888589408248663,
            "y": -3.660325765609741,
            "z": -0.00011640548473224044
        },
        "vehicle_throttle": 0.0,
        "unique_collisions": 0,
        "solid_lane_crosses": 0,
        "double_solid_lane_crosses": 0
    },
    {
        "game_time": 88.39888018090278,
        "vehicle_location": {
            "x": 31.56359100341797,
            "y": 121.77193450927734,
            "z": -0.03805652633309364
        },
        "vehicle_velocity": {
            "x": 0.001251834910362959,
            "y": -3.414539337158203,
            "z": -0.00029558181995525956
        },
        "vehicle_throttle": 0.0,
        "unique_collisions": 0,
        "solid_lane_crosses": 0,
        "double_solid_lane_crosses": 0
    },
    {
        "game_time": 89.48081277962774,
        "vehicle_location": {
            "x": 31.564876556396484,
            "y": 118.32427215576172,
            "z": -0.03735782578587532
        },
        "vehicle_velocity": {
            "x": 0.0011963844299316406,
            "y": -3.0705175399780273,
            "z": -7.412910053972155e-05
        },
        "vehicle_throttle": 0.75,
        "unique_collisions": 0,
        "solid_lane_crosses": 0,
        "double_solid_lane_crosses": 0
    },
    {
        "game_time": 90.50732423458248,
        "vehicle_location": {
            "x": 31.566164016723633,
            "y": 114.98933410644531,
            "z": -0.03892043977975845
        },
        "vehicle_velocity": {
            "x": 0.0014449142618104815,
            "y": -3.537567377090454,
            "z": 5.443095869850367e-05
        },
        "vehicle_throttle": 0.75,
        "unique_collisions": 0,
        "solid_lane_crosses": 0,
        "double_solid_lane_crosses": 0
    },
    {
        "game_time": 91.54191397037357,
        "vehicle_location": {
            "x": 31.567794799804688,
            "y": 110.86922454833984,
            "z": -0.03364375978708267
        },
        "vehicle_velocity": {
            "x": 0.0010792345274239779,
            "y": -2.695026159286499,
            "z": 2.8362273951643147e-05
        },
        "vehicle_throttle": 0.0,
        "unique_collisions": 0,
        "solid_lane_crosses": 0,
        "double_solid_lane_crosses": 0
    },
    {
        "game_time": 92.58587948512286,
        "vehicle_location": {
            "x": 31.56877326965332,
            "y": 110.21128845214844,
            "z": -0.0376758947968483
        },
        "vehicle_velocity": {
            "x": 3.578261953407491e-07,
            "y": 4.358196019893512e-05,
            "z": 2.978324846480973e-05
        },
        "vehicle_throttle": 0.0,
        "unique_collisions": 0,
        "solid_lane_crosses": 0,
        "double_solid_lane_crosses": 0
    },
    {
        "game_time": 93.66080949362367,
        "vehicle_location": {
            "x": 31.56877326965332,
            "y": 110.21122741699219,
            "z": -0.03770103305578232
        },
        "vehicle_velocity": {
            "x": -1.4863721808922037e-08,
            "y": 3.5614341697964846e-08,
            "z": -4.315376281738281e-05
        },
        "vehicle_throttle": 0.0,
        "unique_collisions": 0,
        "solid_lane_crosses": 0,
        "double_solid_lane_crosses": 0
    },
    {
        "game_time": 94.73349260631949,
        "vehicle_location": {
            "x": 31.56877326965332,
            "y": 110.21122741699219,
            "z": -0.03773235157132149
        },
        "vehicle_velocity": {
            "x": -1.65133950957852e-08,
            "y": 1.9281838348206293e-08,
            "z": 0.00025391578674316406
        },
        "vehicle_throttle": 0.0,
        "unique_collisions": 0,
        "solid_lane_crosses": 0,
        "double_solid_lane_crosses": 0
    },
    {
        "game_time": 95.80747851636261,
        "vehicle_location": {
            "x": 31.56877326965332,
            "y": 110.21122741699219,
            "z": -0.03774486482143402
        },
        "vehicle_velocity": {
            "x": -1.6041685313439302e-08,
            "y": 1.628770185391204e-08,
            "z": -0.00045248030801303685
        },
        "vehicle_throttle": 0.0,
        "unique_collisions": 0,
        "solid_lane_crosses": 0,
        "double_solid_lane_crosses": 0
    },
    {
        "game_time": 96.8590417066589,
        "vehicle_location": {
            "x": 31.56877326965332,
            "y": 110.21122741699219,
            "z": -0.037681348621845245
        },
        "vehicle_velocity": {
            "x": -5.56388979333633e-09,
            "y": 2.3183689634720395e-08,
            "z": 0.0005511235794983804
        },
        "vehicle_throttle": 0.0,
        "unique_collisions": 0,
        "solid_lane_crosses": 0,
        "double_solid_lane_crosses": 0
    },
    {
        "game_time": 97.89815215859562,
        "vehicle_location": {
            "x": 31.56877326965332,
            "y": 110.21122741699219,
            "z": -0.03773219883441925
        },
        "vehicle_velocity": {
            "x": -3.5257620822903846e-08,
            "y": 3.359195588359398e-08,
            "z": 3.984451177529991e-05
        },
        "vehicle_throttle": 0.0,
        "unique_collisions": 0,
        "solid_lane_crosses": 0,
        "double_solid_lane_crosses": 0
    },
    {
        "game_time": 98.9594401633367,
        "vehicle_location": {
            "x": 31.56877326965332,
            "y": 110.21122741699219,
            "z": -0.03777015581727028
        },
        "vehicle_velocity": {
            "x": -9.42854594399023e-09,
            "y": -7.141400804044906e-10,
            "z": -0.000492420163936913
        },
        "vehicle_throttle": 0.0,
        "unique_collisions": 0,
        "solid_lane_crosses": 0,
        "double_solid_lane_crosses": 0
    },
    {
        "game_time": 100.02946074400097,
        "vehicle_location": {
            "x": 31.56877326965332,
            "y": 110.21122741699219,
            "z": -0.03772769868373871
        },
        "vehicle_velocity": {
            "x": -1.5368858186093348e-08,
            "y": 2.8312742372804678e-08,
            "z": 9.026527550304309e-05
        },
        "vehicle_throttle": 0.0,
        "unique_collisions": 0,
        "solid_lane_crosses": 0,
        "double_solid_lane_crosses": 0
    },
    {
        "game_time": 101.09111036825925,
        "vehicle_location": {
            "x": 31.56877326965332,
            "y": 110.21122741699219,
            "z": -0.03773513808846474
        },
        "vehicle_velocity": {
            "x": -2.3448180286322895e-08,
            "y": 2.4896754879932814e-08,
            "z": 1.6870499166543595e-05
        },
        "vehicle_throttle": 0.0,
        "unique_collisions": 0,
        "solid_lane_crosses": 0,
        "double_solid_lane_crosses": 0
    },
    {
        "game_time": 102.12110111583024,
        "vehicle_location": {
            "x": 31.56877326965332,
            "y": 110.21122741699219,
            "z": -0.03770885244011879
        },
        "vehicle_velocity": {
            "x": -1.3730137027323508e-07,
            "y": 4.6038124423830595e-08,
            "z": -5.597114432021044e-05
        },
        "vehicle_throttle": 0.0,
        "unique_collisions": 0,
        "solid_lane_crosses": 0,
        "double_solid_lane_crosses": 0
    },
    {
        "game_time": 103.16049498599023,
        "vehicle_location": {
            "x": 31.56877326965332,
            "y": 110.21122741699219,
            "z": -0.037702254951000214
        },
        "vehicle_velocity": {
            "x": 1.1126098797831219e-07,
            "y": -3.4875963450531344e-08,
            "z": 5.531310875994677e-07
        },
        "vehicle_throttle": 0.0,
        "unique_collisions": 0,
        "solid_lane_crosses": 0,
        "double_solid_lane_crosses": 0
    },
    {
        "game_time": 104.21812103968114,
        "vehicle_location": {
            "x": 31.56877326965332,
            "y": 110.21122741699219,
            "z": -0.03772537037730217
        },
        "vehicle_velocity": {
            "x": -6.424195220233742e-08,
            "y": -1.2014422345885123e-08,
            "z": -0.00023687361681368202
        },
        "vehicle_throttle": 0.0,
        "unique_collisions": 0,
        "solid_lane_crosses": 0,
        "double_solid_lane_crosses": 0
    },
    {
        "game_time": 105.22515874449164,
        "vehicle_location": {
            "x": 31.56877326965332,
            "y": 110.21122741699219,
            "z": -0.03773452714085579
        },
        "vehicle_velocity": {
            "x": 3.059376396663538e-08,
            "y": 4.230047778719381e-08,
            "z": 9.689330909168348e-06
        },
        "vehicle_throttle": 0.0,
        "unique_collisions": 0,
        "solid_lane_crosses": 0,
        "double_solid_lane_crosses": 0
    },
    {
        "game_time": 106.24231169279665,
        "vehicle_location": {
            "x": 31.56877326965332,
            "y": 110.21122741699219,
            "z": -0.037733953446149826
        },
        "vehicle_velocity": {
            "x": 2.0334733896731905e-09,
            "y": 9.767203579258421e-08,
            "z": -6.3991546994657256e-06
        },
        "vehicle_throttle": 0.0,
        "unique_collisions": 0,
        "solid_lane_crosses": 0,
        "double_solid_lane_crosses": 0
    },
    {
        "game_time": 107.267457597889,
        "vehicle_location": {
            "x": 31.56877326965332,
            "y": 110.21122741699219,
            "z": -0.037727925926446915
        },
        "vehicle_velocity": {
            "x": 2.5708404294277898e-08,
            "y": -2.0748078810584047e-08,
            "z": 6.539344758493826e-05
        },
        "vehicle_throttle": 0.0,
        "unique_collisions": 0,
        "solid_lane_crosses": 0,
        "double_solid_lane_crosses": 0
    },
    {
        "game_time": 108.33758881967515,
        "vehicle_location": {
            "x": 31.56877326965332,
            "y": 110.21122741699219,
            "z": -0.03770050033926964
        },
        "vehicle_velocity": {
            "x": -8.747537805220418e-09,
            "y": 1.3195659009923588e-09,
            "z": 0.00014789104170631617
        },
        "vehicle_throttle": 0.0,
        "unique_collisions": 0,
        "solid_lane_crosses": 0,
        "double_solid_lane_crosses": 0
    },
    {
        "game_time": 109.41281953174621,
        "vehicle_location": {
            "x": 31.56877326965332,
            "y": 110.21122741699219,
            "z": -0.03774600848555565
        },
        "vehicle_velocity": {
            "x": -1.0674213513084396e-08,
            "y": 4.068425241143814e-08,
            "z": 1.1739730325643905e-05
        },
        "vehicle_throttle": 0.0,
        "unique_collisions": 0,
        "solid_lane_crosses": 0,
        "double_solid_lane_crosses": 0
    },
    {
        "game_time": 110.45044691767544,
        "vehicle_location": {
            "x": 31.56877326965332,
            "y": 110.21122741699219,
            "z": -0.03773040696978569
        },
        "vehicle_velocity": {
            "x": 8.16103593592743e-08,
            "y": 3.75515796235959e-08,
            "z": -0.0001957511849468574
        },
        "vehicle_throttle": 0.0,
        "unique_collisions": 0,
        "solid_lane_crosses": 0,
        "double_solid_lane_crosses": 0
    },
    {
        "game_time": 111.50602177996188,
        "vehicle_location": {
            "x": 31.56877326965332,
            "y": 110.21122741699219,
            "z": -0.03774036467075348
        },
        "vehicle_velocity": {
            "x": 2.845943392060235e-08,
            "y": 1.7998802448460083e-08,
            "z": -0.0005054378416389227
        },
        "vehicle_throttle": 0.0,
        "unique_collisions": 0,
        "solid_lane_crosses": 0,
        "double_solid_lane_crosses": 0
    },
    {
        "game_time": 112.52363321837038,
        "vehicle_location": {
            "x": 31.56877326965332,
            "y": 110.21122741699219,
            "z": -0.03769062086939812
        },
        "vehicle_velocity": {
            "x": -1.6738503916258196e-08,
            "y": 6.208674463437092e-09,
            "z": 1.930236794578377e-05
        },
        "vehicle_throttle": 0.0,
        "unique_collisions": 0,
        "solid_lane_crosses": 0,
        "double_solid_lane_crosses": 0
    },
    {
        "game_time": 113.5537571227178,
        "vehicle_location": {
            "x": 31.56877326965332,
            "y": 110.21122741699219,
            "z": -0.037709806114435196
        },
        "vehicle_velocity": {
            "x": 1.4661749503375177e-07,
            "y": -5.255903712253485e-09,
            "z": 0.0002647924411576241
        },
        "vehicle_throttle": 0.0,
        "unique_collisions": 0,
        "solid_lane_crosses": 0,
        "double_solid_lane_crosses": 0
    },
    {
        "game_time": 114.61303370352834,
        "vehicle_location": {
            "x": 31.56877326965332,
            "y": 110.21122741699219,
            "z": -0.037753067910671234
        },
        "vehicle_velocity": {
            "x": -4.736847358799423e-08,
            "y": -2.2500403318304052e-08,
            "z": -0.00021977424330543727
        },
        "vehicle_throttle": 0.0,
        "unique_collisions": 0,
        "solid_lane_crosses": 0,
        "double_solid_lane_crosses": 0
    },
    {
        "game_time": 115.62781216483563,
        "vehicle_location": {
            "x": 31.56877326965332,
            "y": 110.21122741699219,
            "z": -0.037704046815633774
        },
        "vehicle_velocity": {
            "x": -1.4329677888724746e-08,
            "y": -8.529388395572823e-08,
            "z": -0.0002964115119539201
        },
        "vehicle_throttle": 0.0,
        "unique_collisions": 0,
        "solid_lane_crosses": 0,
        "double_solid_lane_crosses": 0
    },
    {
        "game_time": 116.63935481105,
        "vehicle_location": {
            "x": 31.56877326965332,
            "y": 110.21122741699219,
            "z": -0.037724416702985764
        },
        "vehicle_velocity": {
            "x": 4.077443449546081e-08,
            "y": 2.4217188254738176e-08,
            "z": 0.00028141975053586066
        },
        "vehicle_throttle": 0.0,
        "unique_collisions": 0,
        "solid_lane_crosses": 0,
        "double_solid_lane_crosses": 0
    },
    {
        "game_time": 117.70785847399384,
        "vehicle_location": {
            "x": 31.56877326965332,
            "y": 110.21122741699219,
            "z": -0.03773120790719986
        },
        "vehicle_velocity": {
            "x": -1.4526812641690867e-08,
            "y": 3.454659491808343e-08,
            "z": 0.0001819848985178396
        },
        "vehicle_throttle": 0.0,
        "unique_collisions": 0,
        "solid_lane_crosses": 0,
        "double_solid_lane_crosses": 0
    },
    {
        "game_time": 118.71839807461947,
        "vehicle_location": {
            "x": 31.56877326965332,
            "y": 110.21122741699219,
            "z": -0.03773364797234535
        },
        "vehicle_velocity": {
            "x": 2.042451257011635e-07,
            "y": -2.2978174918364402e-09,
            "z": -0.00022800445731263608
        },
        "vehicle_throttle": 0.0,
        "unique_collisions": 0,
        "solid_lane_crosses": 0,
        "double_solid_lane_crosses": 0
    },
    {
        "game_time": 119.73028864059597,
        "vehicle_location": {
            "x": 31.56877326965332,
            "y": 110.21122741699219,
            "z": -0.03774799406528473
        },
        "vehicle_velocity": {
            "x": -4.3181881181908466e-08,
            "y": 4.3001275429332964e-08,
            "z": 0.00015462875308003277
        },
        "vehicle_throttle": 0.0,
        "unique_collisions": 0,
        "solid_lane_crosses": 0,
        "double_solid_lane_crosses": 0
    },
    {
        "game_time": 120.73272067587823,
        "vehicle_location": {
            "x": 31.56877326965332,
            "y": 110.21122741699219,
            "z": -0.03775550797581673
        },
        "vehicle_velocity": {
            "x": 2.2822763678931324e-09,
            "y": 7.195040674368158e-10,
            "z": -4.4374464778229594e-05
        },
        "vehicle_throttle": 0.0,
        "unique_collisions": 0,
        "solid_lane_crosses": 0,
        "double_solid_lane_crosses": 0
    },
    {
        "game_time": 121.78805029857904,
        "vehicle_location": {
            "x": 31.56877326965332,
            "y": 110.21122741699219,
            "z": -0.037707097828388214
        },
        "vehicle_velocity": {
            "x": 1.31193957031428e-07,
            "y": -1.9607581336344992e-08,
            "z": 0.0001554059999762103
        },
        "vehicle_throttle": 0.0,
        "unique_collisions": 0,
        "solid_lane_crosses": 0,
        "double_solid_lane_crosses": 0
    },
    {
        "game_time": 122.83899856265634,
        "vehicle_location": {
            "x": 31.56877326965332,
            "y": 110.21122741699219,
            "z": -0.03770599141716957
        },
        "vehicle_velocity": {
            "x": 1.4879701026870862e-08,
            "y": -8.919668559315141e-09,
            "z": 3.501891842461191e-05
        },
        "vehicle_throttle": 0.0,
        "unique_collisions": 0,
        "solid_lane_crosses": 0,
        "double_solid_lane_crosses": 0
    },
    {
        "game_time": 123.88619083445519,
        "vehicle_location": {
            "x": 31.56877326965332,
            "y": 110.21122741699219,
            "z": -0.03772338852286339
        },
        "vehicle_velocity": {
            "x": -4.0052597349848895e-10,
            "y": -3.761708455840562e-08,
            "z": 0.00033405781141482294
        },
        "vehicle_throttle": 0.0,
        "unique_collisions": 0,
        "solid_lane_crosses": 0,
        "double_solid_lane_crosses": 0
    },
    {
        "game_time": 124.89448743034154,
        "vehicle_location": {
            "x": 31.56877326965332,
            "y": 110.21122741699219,
            "z": -0.03768176957964897
        },
        "vehicle_velocity": {
            "x": -6.717860401295184e-08,
            "y": 9.933001088313631e-09,
            "z": 0.0005438852240331471
        },
        "vehicle_throttle": 0.0,
        "unique_collisions": 0,
        "solid_lane_crosses": 0,
        "double_solid_lane_crosses": 0
    },
    {
        "game_time": 125.92449399922043,
        "vehicle_location": {
            "x": 31.56877326965332,
            "y": 110.21122741699219,
            "z": -0.037709083408117294
        },
        "vehicle_velocity": {
            "x": -1.1233860952586383e-08,
            "y": -8.029493869798898e-08,
            "z": -7.42816919228062e-05
        },
        "vehicle_throttle": 0.0,
        "unique_collisions": 0,
        "solid_lane_crosses": 0,
        "double_solid_lane_crosses": 0
    },
    {
        "game_time": 126.97059773188084,
        "vehicle_location": {
            "x": 31.56877326965332,
            "y": 110.21122741699219,
            "z": -0.037719305604696274
        },
        "vehicle_velocity": {
            "x": -1.9199729806018695e-08,
            "y": 2.702661916487159e-08,
            "z": 0.00037411213270388544
        },
        "vehicle_throttle": 0.0,
        "unique_collisions": 0,
        "solid_lane_crosses": 0,
        "double_solid_lane_crosses": 0
    },
    {
        "game_time": 128.03651995863765,
        "vehicle_location": {
            "x": 31.56877326965332,
            "y": 110.21122741699219,
            "z": -0.037718962877988815
        },
        "vehicle_velocity": {
            "x": -1.4517477886499819e-08,
            "y": -5.508884726168617e-08,
            "z": 0.00035457132617011666
        },
        "vehicle_throttle": 0.0,
        "unique_collisions": 0,
        "solid_lane_crosses": 0,
        "double_solid_lane_crosses": 0
    },
    {
        "game_time": 129.08837071154267,
        "vehicle_location": {
            "x": 31.56877326965332,
            "y": 110.21122741699219,
            "z": -0.03770168125629425
        },
        "vehicle_velocity": {
            "x": -5.203425601507661e-08,
            "y": 4.9879385954909594e-08,
            "z": 0.0001464796077925712
        },
        "vehicle_throttle": 0.0,
        "unique_collisions": 0,
        "solid_lane_crosses": 0,
        "double_solid_lane_crosses": 0
    },
    {
        "game_time": 130.1420948440209,
        "vehicle_location": {
            "x": 31.56877326965332,
            "y": 110.21122741699219,
            "z": -0.03775402158498764
        },
        "vehicle_velocity": {
            "x": 1.6747981135267764e-07,
            "y": 3.3416458933288595e-08,
            "z": 2.993583620991558e-05
        },
        "vehicle_throttle": 0.0,
        "unique_collisions": 0,
        "solid_lane_crosses": 0,
        "double_solid_lane_crosses": 0
    },
    {
        "game_time": 131.21327504049987,
        "vehicle_location": {
            "x": 31.56877326965332,
            "y": 110.21122741699219,
            "z": -0.03770885244011879
        },
        "vehicle_velocity": {
            "x": 1.3208092752847733e-07,
            "y": 2.4112784657859265e-08,
            "z": 0.0006071853567846119
        },
        "vehicle_throttle": 0.0,
        "unique_collisions": 0,
        "solid_lane_crosses": 0,
        "double_solid_lane_crosses": 0
    },
    {
        "game_time": 132.29635984171182,
        "vehicle_location": {
            "x": 31.56877326965332,
            "y": 110.21122741699219,
            "z": -0.0376947782933712
        },
        "vehicle_velocity": {
            "x": -6.227602256103637e-08,
            "y": -8.865393752444106e-09,
            "z": 8.464336133329198e-05
        },
        "vehicle_throttle": 0.0,
        "unique_collisions": 0,
        "solid_lane_crosses": 0,
        "double_solid_lane_crosses": 0
    },
    {
        "game_time": 133.3871872620657,
        "vehicle_location": {
            "x": 31.56877326965332,
            "y": 110.21122741699219,
            "z": -0.037686537951231
        },
        "vehicle_velocity": {
            "x": 1.9792269156937436e-08,
            "y": -3.9426666376130015e-08,
            "z": 0.0007498073391616344
        },
        "vehicle_throttle": 0.0,
        "unique_collisions": 0,
        "solid_lane_crosses": 0,
        "double_solid_lane_crosses": 0
    },
    {
        "game_time": 134.40230721700937,
        "vehicle_location": {
            "x": 31.56877326965332,
            "y": 110.21122741699219,
            "z": -0.037741661071777344
        },
        "vehicle_velocity": {
            "x": -1.8225669237703634e-11,
            "y": -9.030998171510873e-08,
            "z": 4.3439864384708926e-05
        },
        "vehicle_throttle": 0.0,
        "unique_collisions": 0,
        "solid_lane_crosses": 0,
        "double_solid_lane_crosses": 0
    },
    {
        "game_time": 135.41894690785557,
        "vehicle_location": {
            "x": 31.56877326965332,
            "y": 110.21122741699219,
            "z": -0.03775336965918541
        },
        "vehicle_velocity": {
            "x": 7.569246562866283e-09,
            "y": -1.8564204617987912e-09,
            "z": -0.0007309818174690008
        },
        "vehicle_throttle": 0.0,
        "unique_collisions": 0,
        "solid_lane_crosses": 0,
        "double_solid_lane_crosses": 0
    },
    {
        "game_time": 136.48335078079253,
        "vehicle_location": {
            "x": 31.56877326965332,
            "y": 110.21122741699219,
            "z": -0.03780605271458626
        },
        "vehicle_velocity": {
            "x": -1.1065952065791862e-07,
            "y": 2.554384082031902e-08,
            "z": -0.0005510139162652194
        },
        "vehicle_throttle": 0.0,
        "unique_collisions": 0,
        "solid_lane_crosses": 0,
        "double_solid_lane_crosses": 0
    },
    {
        "game_time": 137.55083410721272,
        "vehicle_location": {
            "x": 31.56877326965332,
            "y": 110.21122741699219,
            "z": -0.03775909170508385
        },
        "vehicle_velocity": {
            "x": -2.689046851855892e-08,
            "y": 4.210346915556329e-08,
            "z": 0.00028080938500352204
        },
        "vehicle_throttle": 0.0,
        "unique_collisions": 0,
        "solid_lane_crosses": 0,
        "double_solid_lane_crosses": 0
    },
    {
        "game_time": 138.55178308393806,
        "vehicle_location": {
            "x": 31.56878662109375,
            "y": 110.16071319580078,
            "z": -0.03898834064602852
        },
        "vehicle_velocity": {
            "x": 0.0004243928415235132,
            "y": -0.48732152581214905,
            "z": -0.00023447036801371723
        },
        "vehicle_throttle": 0.75,
        "unique_collisions": 0,
        "solid_lane_crosses": 0,
        "double_solid_lane_crosses": 0
    },
    {
        "game_time": 139.62515214737505,
        "vehicle_location": {
            "x": 31.569318771362305,
            "y": 108.42818450927734,
            "z": -0.03922924026846886
        },
        "vehicle_velocity": {
            "x": 0.0009248484275303781,
            "y": -2.60996413230896,
            "z": 7.948875281726941e-05
        },
        "vehicle_throttle": 0.75,
        "unique_collisions": 0,
        "solid_lane_crosses": 0,
        "double_solid_lane_crosses": 0
    },
    {
        "game_time": 140.64064812194556,
        "vehicle_location": {
            "x": 31.523311614990234,
            "y": 104.76545715332031,
            "z": -0.03927021101117134
        },
        "vehicle_velocity": {
            "x": -0.3765709698200226,
            "y": -4.555599689483643,
            "z": -0.0002015781356021762
        },
        "vehicle_throttle": 0.75,
        "unique_collisions": 0,
        "solid_lane_crosses": 0,
        "double_solid_lane_crosses": 0
    },
    {
        "game_time": 141.71740586776286,
        "vehicle_location": {
            "x": 30.736026763916016,
            "y": 99.1786117553711,
            "z": -0.03609306365251541
        },
        "vehicle_velocity": {
            "x": -1.2461411952972412,
            "y": -4.797778606414795,
            "z": 0.00028424261836335063
        },
        "vehicle_throttle": 0.75,
        "unique_collisions": 0,
        "solid_lane_crosses": 0,
        "double_solid_lane_crosses": 0
    },
    {
        "game_time": 142.75650092493743,
        "vehicle_location": {
            "x": 28.853105545043945,
            "y": 95.07366180419922,
            "z": -0.039115868508815765
        },
        "vehicle_velocity": {
            "x": -2.527848720550537,
            "y": -4.20119571685791,
            "z": 5.056381269241683e-05
        },
        "vehicle_throttle": 0.75,
        "unique_collisions": 0,
        "solid_lane_crosses": 0,
        "double_solid_lane_crosses": 0
    },
    {
        "game_time": 143.77694697584957,
        "vehicle_location": {
            "x": 25.13538360595703,
            "y": 91.26325225830078,
            "z": -0.035624656826257706
        },
        "vehicle_velocity": {
            "x": -3.8516108989715576,
            "y": -2.3647494316101074,
            "z": 0.0006134223658591509
        },
        "vehicle_throttle": 0.75,
        "unique_collisions": 0,
        "solid_lane_crosses": 0,
        "double_solid_lane_crosses": 0
    },
    {
        "game_time": 144.87645027320832,
        "vehicle_location": {
            "x": 20.600770950317383,
            "y": 89.3505630493164,
            "z": -0.03854663670063019
        },
        "vehicle_velocity": {
            "x": -5.039844989776611,
            "y": -1.2515134811401367,
            "z": 0.002384786494076252
        },
        "vehicle_throttle": 0.75,
        "unique_collisions": 0,
        "solid_lane_crosses": 0,
        "double_solid_lane_crosses": 0
    },
    {
        "game_time": 145.91688795294613,
        "vehicle_location": {
            "x": 15.435945510864258,
            "y": 88.5082015991211,
            "z": -0.035965271294116974
        },
        "vehicle_velocity": {
            "x": -3.9618160724639893,
            "y": -0.2799638509750366,
            "z": -0.0002546596515458077
        },
        "vehicle_throttle": 0.75,
        "unique_collisions": 0,
        "solid_lane_crosses": 0,
        "double_solid_lane_crosses": 0
    },
    {
        "game_time": 146.96407300326973,
        "vehicle_location": {
            "x": 10.547188758850098,
            "y": 88.25784301757812,
            "z": -0.03969058766961098
        },
        "vehicle_velocity": {
            "x": -5.715522289276123,
            "y": -0.07463101297616959,
            "z": -0.0004140567616559565
        },
        "vehicle_throttle": 0.5118700265884399,
        "unique_collisions": 0,
        "solid_lane_crosses": 0,
        "double_solid_lane_crosses": 0
    },
    {
        "game_time": 148.0012588845566,
        "vehicle_location": {
            "x": 5.5190253257751465,
            "y": 88.15554809570312,
            "z": -0.03735942766070366
        },
        "vehicle_velocity": {
            "x": -4.10084867477417,
            "y": -0.0466485396027565,
            "z": -0.0004801845352631062
        },
        "vehicle_throttle": 0.75,
        "unique_collisions": 0,
        "solid_lane_crosses": 0,
        "double_solid_lane_crosses": 0
    },
    {
        "game_time": 149.07451206911355,
        "vehicle_location": {
            "x": 0.15516334772109985,
            "y": 88.10220336914062,
            "z": -0.038851164281368256
        },
        "vehicle_velocity": {
            "x": -5.811609268188477,
            "y": -0.03066406585276127,
            "z": -5.920409967075102e-05
        },
        "vehicle_throttle": 0.0,
        "unique_collisions": 0,
        "solid_lane_crosses": 0,
        "double_solid_lane_crosses": 0
    },
    {
        "game_time": 150.1360833356157,
        "vehicle_location": {
            "x": -4.721976280212402,
            "y": 88.0767593383789,
            "z": -0.03864524886012077
        },
        "vehicle_velocity": {
            "x": -4.494661331176758,
            "y": -0.022450320422649384,
            "z": 0.0001327896025031805
        },
        "vehicle_throttle": 0.75,
        "unique_collisions": 0,
        "solid_lane_crosses": 0,
        "double_solid_lane_crosses": 0
    },
    {
        "game_time": 151.16200680937618,
        "vehicle_location": {
            "x": -10.121280670166016,
            "y": 88.06190490722656,
            "z": -0.03528201952576637
        },
        "vehicle_velocity": {
            "x": -4.9643073081970215,
            "y": -0.010377898812294006,
            "z": -0.003717040875926614
        },
        "vehicle_throttle": 0.5799334049224854,
        "unique_collisions": 0,
        "solid_lane_crosses": 0,
        "double_solid_lane_crosses": 0
    },
    {
        "game_time": 152.21647670399398,
        "vehicle_location": {
            "x": -14.742158889770508,
            "y": 88.05267333984375,
            "z": -0.03905048221349716
        },
        "vehicle_velocity": {
            "x": -4.741978168487549,
            "y": -0.008360936306416988,
            "z": 0.00022037506278138608
        },
        "vehicle_throttle": 0.75,
        "unique_collisions": 0,
        "solid_lane_crosses": 0,
        "double_solid_lane_crosses": 0
    },
    {
        "game_time": 153.23667582403868,
        "vehicle_location": {
            "x": -20.136178970336914,
            "y": 88.04472351074219,
            "z": -0.03576400503516197
        },
        "vehicle_velocity": {
            "x": -4.780057430267334,
            "y": -0.0068184565752744675,
            "z": -0.0009457301930524409
        },
        "vehicle_throttle": 0.75,
        "unique_collisions": 0,
        "solid_lane_crosses": 0,
        "double_solid_lane_crosses": 0
    },
    {
        "game_time": 154.27191981580108,
        "vehicle_location": {
            "x": -24.585338592529297,
            "y": 88.03910064697266,
            "z": -0.03916183486580849
        },
        "vehicle_velocity": {
            "x": -4.890894889831543,
            "y": -0.0061624241061508656,
            "z": -1.2054442777298391e-05
        },
        "vehicle_throttle": 0.75,
        "unique_collisions": 0,
        "solid_lane_crosses": 0,
        "double_solid_lane_crosses": 0
    },
    {
        "game_time": 155.3021156815812,
        "vehicle_location": {
            "x": -29.997501373291016,
            "y": 88.0325927734375,
            "z": -0.03566902130842209
        },
        "vehicle_velocity": {
            "x": -4.396823406219482,
            "y": -0.005204456392675638,
            "z": 0.00033049582270905375
        },
        "vehicle_throttle": 0.75,
        "unique_collisions": 0,
        "solid_lane_crosses": 0,
        "double_solid_lane_crosses": 0
    },
    {
        "game_time": 156.30774569045752,
        "vehicle_location": {
            "x": -34.29671859741211,
            "y": 88.02749633789062,
            "z": -0.03922206908464432
        },
        "vehicle_velocity": {
            "x": -4.970983505249023,
            "y": -0.005842161830514669,
            "z": -0.00015754699415992945
        },
        "vehicle_throttle": 0.75,
        "unique_collisions": 0,
        "solid_lane_crosses": 0,
        "double_solid_lane_crosses": 0
    }
]