[
    {
        "game_time": 7.45514186937362,
        "vehicle_location": {
            "x": 15.807869911193848,
            "y": 201.55165100097656,
            "z": -0.23944561183452606
        },
        "vehicle_velocity": {
            "x": 2.676445484161377,
            "y": -0.5002650618553162,
            "z": 0.0033832883927971125
        },
        "vehicle_throttle": 0.75,
        "unique_collisions": 0,
        "solid_lane_crosses": 0,
        "double_solid_lane_crosses": 0
    },
    {
        "game_time": 8.459623091854155,
        "vehicle_location": {
            "x": 20.55645751953125,
            "y": 200.00607299804688,
            "z": -0.23688006401062012
        },
        "vehicle_velocity": {
            "x": 4.960457801818848,
            "y": -2.488051176071167,
            "z": 5.7969093177234754e-05
        },
        "vehicle_throttle": 0.0,
        "unique_collisions": 0,
        "solid_lane_crosses": 0,
        "double_solid_lane_crosses": 0
    },
    {
        "game_time": 9.480338177643716,
        "vehicle_location": {
            "x": 24.850833892822266,
            "y": 196.786865234375,
            "z": -0.23650790750980377
        },
        "vehicle_velocity": {
            "x": 3.210031747817993,
            "y": -3.6759462356567383,
            "z": -0.0013191795442253351
        },
        "vehicle_throttle": 0.75,
        "unique_collisions": 0,
        "solid_lane_crosses": 0,
        "double_solid_lane_crosses": 0
    },
    {
        "game_time": 10.495176331140101,
        "vehicle_location": {
            "x": 27.21287727355957,
            "y": 193.8103485107422,
            "z": -0.23886333405971527
        },
        "vehicle_velocity": {
            "x": 2.3478281497955322,
            "y": -3.529465913772583,
            "z": 0.00037411213270388544
        },
        "vehicle_throttle": 0.75,
        "unique_collisions": 0,
        "solid_lane_crosses": 0,
        "double_solid_lane_crosses": 0
    },
    {
        "game_time": 11.568405552767217,
        "vehicle_location": {
            "x": 28.994585037231445,
            "y": 190.519287109375,
            "z": -0.23884890973567963
        },
        "vehicle_velocity": {
            "x": 1.4805294275283813,
            "y": -3.5711021423339844,
            "z": 0.0007162999827414751
        },
        "vehicle_throttle": 0.75,
        "unique_collisions": 0,
        "solid_lane_crosses": 0,
        "double_solid_lane_crosses": 0
    },
    {
        "game_time": 12.571223347447813,
        "vehicle_location": {
            "x": 30.213661193847656,
            "y": 186.97323608398438,
            "z": -0.23726481199264526
        },
        "vehicle_velocity": {
            "x": 0.789458692073822,
            "y": -3.15525484085083,
            "z": -0.000408954598242417
        },
        "vehicle_throttle": 0.0,
        "unique_collisions": 0,
        "solid_lane_crosses": 0,
        "double_solid_lane_crosses": 0
    },
    {
        "game_time": 13.659502561204135,
        "vehicle_location": {
            "x": 30.958072662353516,
            "y": 183.00259399414062,
            "z": -0.23627379536628723
        },
        "vehicle_velocity": {
            "x": 0.3852970004081726,
            "y": -3.2916853427886963,
            "z": 4.746437116409652e-05
        },
        "vehicle_throttle": 0.0,
        "unique_collisions": 0,
        "solid_lane_crosses": 0,
        "double_solid_lane_crosses": 0
    },
    {
        "game_time": 14.704318455420434,
        "vehicle_location": {
            "x": 31.26370620727539,
            "y": 179.578369140625,
            "z": -0.23656779527664185
        },
        "vehicle_velocity": {
            "x": 0.02281985990703106,
            "y": -2.7604451179504395,
            "z": 0.00016450881958007812
        },
        "vehicle_throttle": 0.75,
        "unique_collisions": 0,
        "solid_lane_crosses": 0,
        "double_solid_lane_crosses": 0
    },
    {
        "game_time": 15.730386334471405,
        "vehicle_location": {
            "x": 31.404409408569336,
            "y": 175.9855194091797,
            "z": -0.23596347868442535
        },
        "vehicle_velocity": {
            "x": 0.06064809486269951,
            "y": -2.2885279655456543,
            "z": -0.0001272773661185056
        },
        "vehicle_throttle": 0.0,
        "unique_collisions": 0,
        "solid_lane_crosses": 0,
        "double_solid_lane_crosses": 0
    },
    {
        "game_time": 16.811478435061872,
        "vehicle_location": {
            "x": 31.46163558959961,
            "y": 173.47512817382812,
            "z": -0.23824313282966614
        },
        "vehicle_velocity": {
            "x": 0.0009743239497765899,
            "y": -3.6179089546203613,
            "z": -1.9197463188902475e-05
        },
        "vehicle_throttle": 0.0,
        "unique_collisions": 0,
        "solid_lane_crosses": 0,
        "double_solid_lane_crosses": 0
    },
    {
        "game_time": 17.878496701829135,
        "vehicle_location": {
            "x": 31.503707885742188,
            "y": 169.7828826904297,
            "z": -0.2369745522737503
        },
        "vehicle_velocity": {
            "x": -0.000571685959585011,
            "y": -3.520237684249878,
            "z": -0.00022642135445494205
        },
        "vehicle_throttle": 0.0,
        "unique_collisions": 0,
        "solid_lane_crosses": 0,
        "double_solid_lane_crosses": 0
    },
    {
        "game_time": 18.91292546968907,
        "vehicle_location": {
            "x": 31.523216247558594,
            "y": 166.4577178955078,
            "z": -0.2370515763759613
        },
        "vehicle_velocity": {
            "x": 0.02215825580060482,
            "y": -3.2699694633483887,
            "z": -4.080772487213835e-05
        },
        "vehicle_throttle": 0.0,
        "unique_collisions": 0,
        "solid_lane_crosses": 0,
        "double_solid_lane_crosses": 0
    },
    {
        "game_time": 19.952847721986473,
        "vehicle_location": {
            "x": 31.534305572509766,
            "y": 163.59934997558594,
            "z": -0.23720069229602814
        },
        "vehicle_velocity": {
            "x": 0.00870389025658369,
            "y": -2.8771591186523438,
            "z": -0.00010849952377611771
        },
        "vehicle_throttle": 0.75,
        "unique_collisions": 0,
        "solid_lane_crosses": 0,
        "double_solid_lane_crosses": 0
    },
    {
        "game_time": 21.002898662351072,
        "vehicle_location": {
            "x": 31.54119873046875,
            "y": 160.20912170410156,
            "z": -0.2360866516828537
        },
        "vehicle_velocity": {
            "x": 0.002703082747757435,
            "y": -1.5277138948440552,
            "z": 0.0002361106890020892
        },
        "vehicle_throttle": 0.75,
        "unique_collisions": 0,
        "solid_lane_crosses": 0,
        "double_solid_lane_crosses": 0
    },
    {
        "game_time": 22.116324848495424,
        "vehicle_location": {
            "x": 31.54610252380371,
            "y": 156.5404815673828,
            "z": -0.23632533848285675
        },
        "vehicle_velocity": {
            "x": 0.0038225753232836723,
            "y": -3.182814836502075,
            "z": -2.1266936528263614e-05
        },
        "vehicle_throttle": 0.0,
        "unique_collisions": 0,
        "solid_lane_crosses": 0,
        "double_solid_lane_crosses": 0
    },
    {
        "game_time": 23.221403210423887,
        "vehicle_location": {
            "x": 31.54869842529297,
            "y": 153.67361450195312,
            "z": -0.23889018595218658
        },
        "vehicle_velocity": {
            "x": 0.0013737326953560114,
            "y": -4.307027339935303,
            "z": 0.00026717185392044485
        },
        "vehicle_throttle": 0.0,
        "unique_collisions": 0,
        "solid_lane_crosses": 0,
        "double_solid_lane_crosses": 0
    },
    {
        "game_time": 24.297842047177255,
        "vehicle_location": {
            "x": 31.5511531829834,
            "y": 150.05360412597656,
            "z": -0.23897960782051086
        },
        "vehicle_velocity": {
            "x": 0.00174520758446306,
            "y": -4.405107021331787,
            "z": 2.6760100809042342e-05
        },
        "vehicle_throttle": 0.0,
        "unique_collisions": 0,
        "solid_lane_crosses": 0,
        "double_solid_lane_crosses": 0
    },
    {
        "game_time": 25.362327999435365,
        "vehicle_location": {
            "x": 31.55308723449707,
            "y": 146.43096923828125,
            "z": -0.23892715573310852
        },
        "vehicle_velocity": {
            "x": 0.002406629966571927,
            "y": -4.360697269439697,
            "z": 6.854056846350431e-05
        },
        "vehicle_throttle": 0.0,
        "unique_collisions": 0,
        "solid_lane_crosses": 0,
        "double_solid_lane_crosses": 0
    },
    {
        "game_time": 26.4004439515993,
        "vehicle_location": {
            "x": 31.554853439331055,
            "y": 142.64089965820312,
            "z": -0.23886005580425262
        },
        "vehicle_velocity": {
            "x": 0.0019549578428268433,
            "y": -4.246861457824707,
            "z": -6.77585558150895e-05
        },
        "vehicle_throttle": 0.75,
        "unique_collisions": 0,
        "solid_lane_crosses": 0,
        "double_solid_lane_crosses": 0
    },
    {
        "game_time": 27.452588350512087,
        "vehicle_location": {
            "x": 31.55654525756836,
            "y": 138.6698455810547,
            "z": -0.23887698352336884
        },
        "vehicle_velocity": {
            "x": 0.0018675914034247398,
            "y": -4.307858467102051,
            "z": -0.00031074523576535285
        },
        "vehicle_throttle": 0.75,
        "unique_collisions": 0,
        "solid_lane_crosses": 0,
        "double_solid_lane_crosses": 0
    },
    {
        "game_time": 28.46909027080983,
        "vehicle_location": {
            "x": 31.5581111907959,
            "y": 134.8921356201172,
            "z": -0.23727451264858246
        },
        "vehicle_velocity": {
            "x": 0.0011472636833786964,
            "y": -2.8776657581329346,
            "z": 0.00010265350283589214
        },
        "vehicle_throttle": 0.75,
        "unique_collisions": 0,
        "solid_lane_crosses": 0,
        "double_solid_lane_crosses": 0
    },
    {
        "game_time": 29.481627960689366,
        "vehicle_location": {
            "x": 31.559537887573242,
            "y": 131.42430114746094,
            "z": -0.23662161827087402
        },
        "vehicle_velocity": {
            "x": 0.0011175289982929826,
            "y": -2.7601780891418457,
            "z": 0.000325460423482582
        },
        "vehicle_throttle": 0.75,
        "unique_collisions": 0,
        "solid_lane_crosses": 0,
        "double_solid_lane_crosses": 0
    },
    {
        "game_time": 30.489550947211683,
        "vehicle_location": {
            "x": 31.5609073638916,
            "y": 128.05104064941406,
            "z": -0.2383062243461609
        },
        "vehicle_velocity": {
            "x": 0.0014957681996747851,
            "y": -3.734945297241211,
            "z": 0.0003072833933401853
        },
        "vehicle_throttle": 0.75,
        "unique_collisions": 0,
        "solid_lane_crosses": 0,
        "double_solid_lane_crosses": 0
    },
    {
        "game_time": 31.593334219418466,
        "vehicle_location": {
            "x": 31.563114166259766,
            "y": 122.5023422241211,
            "z": -0.23606814444065094
        },
        "vehicle_velocity": {
            "x": 0.00153927446808666,
            "y": -3.7720189094543457,
            "z": -0.00021898269187659025
        },
        "vehicle_throttle": 0.0,
        "unique_collisions": 0,
        "solid_lane_crosses": 0,
        "double_solid_lane_crosses": 0
    },
    {
        "game_time": 32.69020994286984,
        "vehicle_location": {
            "x": 31.563833236694336,
            "y": 120.76905822753906,
            "z": -0.23848365247249603
        },
        "vehicle_velocity": {
            "x": 0.0005348694394342601,
            "y": -1.3566581010818481,
            "z": -3.911972089554183e-05
        },
        "vehicle_throttle": 0.0,
        "unique_collisions": 0,
        "solid_lane_crosses": 0,
        "double_solid_lane_crosses": 0
    },
    {
        "game_time": 33.69926168303937,
        "vehicle_location": {
            "x": 31.564115524291992,
            "y": 120.0574951171875,
            "z": -0.23740321397781372
        },
        "vehicle_velocity": {
            "x": 0.0002983204904012382,
            "y": -0.7529414296150208,
            "z": -0.0003985214279964566
        },
        "vehicle_throttle": 0.0,
        "unique_collisions": 0,
        "solid_lane_crosses": 0,
        "double_solid_lane_crosses": 0
    },
    {
        "game_time": 34.80390546191484,
        "vehicle_location": {
            "x": 31.564144134521484,
            "y": 119.96782684326172,
            "z": -0.23784872889518738
        },
        "vehicle_velocity": {
            "x": 0.00016717167454771698,
            "y": -0.4225916862487793,
            "z": -9.57584343268536e-05
        },
        "vehicle_throttle": 0.75,
        "unique_collisions": 0,
        "solid_lane_crosses": 0,
        "double_solid_lane_crosses": 0
    },
    {
        "game_time": 35.847599419765174,
        "vehicle_location": {
            "x": 31.564245223999023,
            "y": 119.71788787841797,
            "z": -0.2383856177330017
        },
        "vehicle_velocity": {
            "x": 0.00031077105086296797,
            "y": -0.7631572484970093,
            "z": -5.6600569223519415e-05
        },
        "vehicle_throttle": 0.0,
        "unique_collisions": 0,
        "solid_lane_crosses": 0,
        "double_solid_lane_crosses": 0
    },
    {
        "game_time": 36.890085401944816,
        "vehicle_location": {
            "x": 31.564321517944336,
            "y": 119.48876953125,
            "z": -0.23809775710105896
        },
        "vehicle_velocity": {
            "x": 0.0001820557372411713,
            "y": -0.4857015609741211,
            "z": 0.00013359069998841733
        },
        "vehicle_throttle": 0.0,
        "unique_collisions": 0,
        "solid_lane_crosses": 0,
        "double_solid_lane_crosses": 0
    },
    {
        "game_time": 37.97980854380876,
        "vehicle_location": {
            "x": 31.564327239990234,
            "y": 119.46304321289062,
            "z": -0.2376151978969574
        },
        "vehicle_velocity": {
            "x": 4.906998696263543e-10,
            "y": -1.7573049262864515e-05,
            "z": 1.2073516700183973e-05
        },
        "vehicle_throttle": 0.0,
        "unique_collisions": 0,
        "solid_lane_crosses": 0,
        "double_solid_lane_crosses": 0
    },
    {
        "game_time": 39.05010771844536,
        "vehicle_location": {
            "x": 31.564327239990234,
            "y": 119.46304321289062,
            "z": -0.23756682872772217
        },
        "vehicle_velocity": {
            "x": 3.2582732956143445e-08,
            "y": 8.057283729101528e-09,
            "z": 0.0003718090010806918
        },
        "vehicle_throttle": 0.0,
        "unique_collisions": 0,
        "solid_lane_crosses": 0,
        "double_solid_lane_crosses": 0
    },
    {
        "game_time": 40.08947550226003,
        "vehicle_location": {
            "x": 31.564327239990234,
            "y": 119.46304321289062,
            "z": -0.23756003379821777
        },
        "vehicle_velocity": {
            "x": 0.0,
            "y": 0.0,
            "z": 0.0
        },
        "vehicle_throttle": 0.0,
        "unique_collisions": 0,
        "solid_lane_crosses": 0,
        "double_solid_lane_crosses": 0
    },
    {
        "game_time": 41.14584695082158,
        "vehicle_location": {
            "x": 31.564327239990234,
            "y": 119.46304321289062,
            "z": -0.23760218918323517
        },
        "vehicle_velocity": {
            "x": -6.034206911920137e-09,
            "y": 4.08051459288572e-09,
            "z": 0.0003971481346525252
        },
        "vehicle_throttle": 0.0,
        "unique_collisions": 0,
        "solid_lane_crosses": 0,
        "double_solid_lane_crosses": 0
    },
    {
        "game_time": 42.22390271816403,
        "vehicle_location": {
            "x": 31.564327239990234,
            "y": 119.46304321289062,
            "z": -0.23759666085243225
        },
        "vehicle_velocity": {
            "x": -2.5010513660106426e-09,
            "y": 2.37702941774387e-08,
            "z": -0.0005578136187978089
        },
        "vehicle_throttle": 0.0,
        "unique_collisions": 0,
        "solid_lane_crosses": 0,
        "double_solid_lane_crosses": 0
    },
    {
        "game_time": 43.28775891754776,
        "vehicle_location": {
            "x": 31.564327239990234,
            "y": 119.46304321289062,
            "z": -0.23760172724723816
        },
        "vehicle_velocity": {
            "x": -5.072052999821608e-09,
            "y": 1.6084421572415408e-09,
            "z": -0.0003926086355932057
        },
        "vehicle_throttle": 0.0,
        "unique_collisions": 0,
        "solid_lane_crosses": 0,
        "double_solid_lane_crosses": 0
    },
    {
        "game_time": 44.350506893359125,
        "vehicle_location": {
            "x": 31.564327239990234,
            "y": 119.46304321289062,
            "z": -0.23758845031261444
        },
        "vehicle_velocity": {
            "x": -5.00386487800597e-09,
            "y": -2.409583288454087e-08,
            "z": -0.0002476501394994557
        },
        "vehicle_throttle": 0.0,
        "unique_collisions": 0,
        "solid_lane_crosses": 0,
        "double_solid_lane_crosses": 0
    },
    {
        "game_time": 45.441481553949416,
        "vehicle_location": {
            "x": 31.564327239990234,
            "y": 119.46304321289062,
            "z": -0.23757484555244446
        },
        "vehicle_velocity": {
            "x": -6.02747496358802e-09,
            "y": 3.0583520160831767e-09,
            "z": 0.0002537727414164692
        },
        "vehicle_throttle": 0.0,
        "unique_collisions": 0,
        "solid_lane_crosses": 0,
        "double_solid_lane_crosses": 0
    },
    {
        "game_time": 46.51104046870023,
        "vehicle_location": {
            "x": 31.564327239990234,
            "y": 119.46304321289062,
            "z": -0.23760077357292175
        },
        "vehicle_velocity": {
            "x": -6.179989853194456e-09,
            "y": 3.976041718090073e-09,
            "z": -0.00023986815358512104
        },
        "vehicle_throttle": 0.0,
        "unique_collisions": 0,
        "solid_lane_crosses": 0,
        "double_solid_lane_crosses": 0
    },
    {
        "game_time": 47.600687994621694,
        "vehicle_location": {
            "x": 31.564327239990234,
            "y": 119.46304321289062,
            "z": -0.2375643104314804
        },
        "vehicle_velocity": {
            "x": -3.2702325292177647e-09,
            "y": -2.438134494298083e-08,
            "z": 0.0001149463641922921
        },
        "vehicle_throttle": 0.0,
        "unique_collisions": 0,
        "solid_lane_crosses": 0,
        "double_solid_lane_crosses": 0
    },
    {
        "game_time": 48.67550604324788,
        "vehicle_location": {
            "x": 31.564327239990234,
            "y": 119.46304321289062,
            "z": -0.23756687343120575
        },
        "vehicle_velocity": {
            "x": -1.1634381458236476e-08,
            "y": 3.819003335792104e-09,
            "z": 0.00023653983953408897
        },
        "vehicle_throttle": 0.0,
        "unique_collisions": 0,
        "solid_lane_crosses": 0,
        "double_solid_lane_crosses": 0
    },
    {
        "game_time": 49.77188851963729,
        "vehicle_location": {
            "x": 31.564327239990234,
            "y": 119.46304321289062,
            "z": -0.23756851255893707
        },
        "vehicle_velocity": {
            "x": -8.446455090904692e-09,
            "y": 2.0983994541978745e-09,
            "z": -0.00016393660916946828
        },
        "vehicle_throttle": 0.0,
        "unique_collisions": 0,
        "solid_lane_crosses": 0,
        "double_solid_lane_crosses": 0
    },
    {
        "game_time": 50.77768298890442,
        "vehicle_location": {
            "x": 31.564327239990234,
            "y": 119.46304321289062,
            "z": -0.2376050502061844
        },
        "vehicle_velocity": {
            "x": -7.2285608609945484e-09,
            "y": 5.44147704673037e-09,
            "z": 0.00020981788111384958
        },
        "vehicle_throttle": 0.0,
        "unique_collisions": 0,
        "solid_lane_crosses": 0,
        "double_solid_lane_crosses": 0
    },
    {
        "game_time": 51.872956226579845,
        "vehicle_location": {
            "x": 31.564327239990234,
            "y": 119.46304321289062,
            "z": -0.2375798374414444
        },
        "vehicle_velocity": {
            "x": 3.7334871194616426e-08,
            "y": 3.035409257279298e-09,
            "z": -0.00016153334581758827
        },
        "vehicle_throttle": 0.0,
        "unique_collisions": 0,
        "solid_lane_crosses": 0,
        "double_solid_lane_crosses": 0
    },
    {
        "game_time": 52.87533379253,
        "vehicle_location": {
            "x": 31.564327239990234,
            "y": 119.46304321289062,
            "z": -0.2375757098197937
        },
        "vehicle_velocity": {
            "x": -1.0567188013510531e-08,
            "y": 3.5711222867718106e-09,
            "z": 0.00012890815560240299
        },
        "vehicle_throttle": 0.0,
        "unique_collisions": 0,
        "solid_lane_crosses": 0,
        "double_solid_lane_crosses": 0
    },
    {
        "game_time": 53.984718325547874,
        "vehicle_location": {
            "x": 31.564327239990234,
            "y": 119.46304321289062,
            "z": -0.23757927119731903
        },
        "vehicle_velocity": {
            "x": 2.92572632787369e-08,
            "y": -7.099554277800735e-09,
            "z": 0.00014101028500590473
        },
        "vehicle_throttle": 0.0,
        "unique_collisions": 0,
        "solid_lane_crosses": 0,
        "double_solid_lane_crosses": 0
    },
    {
        "game_time": 55.05462296400219,
        "vehicle_location": {
            "x": 31.564327239990234,
            "y": 119.46304321289062,
            "z": -0.23761020600795746
        },
        "vehicle_velocity": {
            "x": -5.420907278619325e-09,
            "y": -5.346035170106234e-09,
            "z": 0.00010947227565338835
        },
        "vehicle_throttle": 0.0,
        "unique_collisions": 0,
        "solid_lane_crosses": 0,
        "double_solid_lane_crosses": 0
    },
    {
        "game_time": 56.1596739096567,
        "vehicle_location": {
            "x": 31.564327239990234,
            "y": 119.46304321289062,
            "z": -0.23761901259422302
        },
        "vehicle_velocity": {
            "x": -8.994343936308269e-09,
            "y": 3.0971733511186983e-10,
            "z": -4.639625331037678e-05
        },
        "vehicle_throttle": 0.0,
        "unique_collisions": 0,
        "solid_lane_crosses": 0,
        "double_solid_lane_crosses": 0
    },
    {
        "game_time": 57.15970841888338,
        "vehicle_location": {
            "x": 31.564327239990234,
            "y": 119.46304321289062,
            "z": -0.23756839334964752
        },
        "vehicle_velocity": {
            "x": -3.6044762730114144e-09,
            "y": 1.576220931553962e-08,
            "z": 0.0005138158448971808
        },
        "vehicle_throttle": 0.0,
        "unique_collisions": 0,
        "solid_lane_crosses": 0,
        "double_solid_lane_crosses": 0
    },
    {
        "game_time": 58.163912693969905,
        "vehicle_location": {
            "x": 31.564327239990234,
            "y": 119.46304321289062,
            "z": -0.2375984489917755
        },
        "vehicle_velocity": {
            "x": -1.156944762215062e-08,
            "y": 3.784965674213936e-09,
            "z": 0.00044027328840456903
        },
        "vehicle_throttle": 0.0,
        "unique_collisions": 0,
        "solid_lane_crosses": 0,
        "double_solid_lane_crosses": 0
    },
    {
        "game_time": 59.22208795603365,
        "vehicle_location": {
            "x": 31.564327239990234,
            "y": 119.46304321289062,
            "z": -0.2375941425561905
        },
        "vehicle_velocity": {
            "x": -2.3498332168969682e-08,
            "y": -7.824902503728026e-09,
            "z": -5.3205487347440794e-05
        },
        "vehicle_throttle": 0.0,
        "unique_collisions": 0,
        "solid_lane_crosses": 0,
        "double_solid_lane_crosses": 0
    },
    {
        "game_time": 60.225987502373755,
        "vehicle_location": {
            "x": 31.564327239990234,
            "y": 119.46304321289062,
            "z": -0.2375604212284088
        },
        "vehicle_velocity": {
            "x": -8.752693680946777e-09,
            "y": 5.511827882997977e-09,
            "z": -7.04669946571812e-05
        },
        "vehicle_throttle": 0.0,
        "unique_collisions": 0,
        "solid_lane_crosses": 0,
        "double_solid_lane_crosses": 0
    },
    {
        "game_time": 61.32362310681492,
        "vehicle_location": {
            "x": 31.564327239990234,
            "y": 119.46304321289062,
            "z": -0.2376045137643814
        },
        "vehicle_velocity": {
            "x": -2.6533578889598175e-08,
            "y": 6.6034928636327095e-09,
            "z": -0.00018035888206213713
        },
        "vehicle_throttle": 0.0,
        "unique_collisions": 0,
        "solid_lane_crosses": 0,
        "double_solid_lane_crosses": 0
    },
    {
        "game_time": 62.407158707268536,
        "vehicle_location": {
            "x": 31.564327239990234,
            "y": 119.46304321289062,
            "z": -0.23760104179382324
        },
        "vehicle_velocity": {
            "x": 1.4661582170560905e-08,
            "y": 1.395258020231438e-09,
            "z": -2.1247862605378032e-05
        },
        "vehicle_throttle": 0.0,
        "unique_collisions": 0,
        "solid_lane_crosses": 0,
        "double_solid_lane_crosses": 0
    },
    {
        "game_time": 63.518287937156856,
        "vehicle_location": {
            "x": 31.564327239990234,
            "y": 119.46304321289062,
            "z": -0.23756705224514008
        },
        "vehicle_velocity": {
            "x": -6.092941706725696e-09,
            "y": 3.7249268114436518e-09,
            "z": 0.0002431392640573904
        },
        "vehicle_throttle": 0.0,
        "unique_collisions": 0,
        "solid_lane_crosses": 0,
        "double_solid_lane_crosses": 0
    },
    {
        "game_time": 64.58339430671185,
        "vehicle_location": {
            "x": 31.564327239990234,
            "y": 119.46304321289062,
            "z": -0.23758509755134583
        },
        "vehicle_velocity": {
            "x": -4.498935979313501e-08,
            "y": 1.4489816013707468e-09,
            "z": 0.000349931709934026
        },
        "vehicle_throttle": 0.0,
        "unique_collisions": 0,
        "solid_lane_crosses": 0,
        "double_solid_lane_crosses": 0
    },
    {
        "game_time": 65.59421276208013,
        "vehicle_location": {
            "x": 31.564327239990234,
            "y": 119.46304321289062,
            "z": -0.23757655918598175
        },
        "vehicle_velocity": {
            "x": -6.472108626809359e-09,
            "y": 3.304458706665514e-09,
            "z": -0.00024166106595657766
        },
        "vehicle_throttle": 0.0,
        "unique_collisions": 0,
        "solid_lane_crosses": 0,
        "double_solid_lane_crosses": 0
    },
    {
        "game_time": 66.69579436536878,
        "vehicle_location": {
            "x": 31.564327239990234,
            "y": 119.46304321289062,
            "z": -0.23758746683597565
        },
        "vehicle_velocity": {
            "x": -2.3544883820392215e-09,
            "y": 5.817350601233784e-09,
            "z": 0.0004394531133584678
        },
        "vehicle_throttle": 0.0,
        "unique_collisions": 0,
        "solid_lane_crosses": 0,
        "double_solid_lane_crosses": 0
    },
    {
        "game_time": 67.70841321814805,
        "vehicle_location": {
            "x": 31.564327239990234,
            "y": 119.46304321289062,
            "z": -0.23760387301445007
        },
        "vehicle_velocity": {
            "x": -8.682884633515187e-09,
            "y": 4.466539138547887e-09,
            "z": 2.522468457755167e-05
        },
        "vehicle_throttle": 0.0,
        "unique_collisions": 0,
        "solid_lane_crosses": 0,
        "double_solid_lane_crosses": 0
    },
    {
        "game_time": 68.79281463194638,
        "vehicle_location": {
            "x": 31.564327239990234,
            "y": 119.46304321289062,
            "z": -0.23758724331855774
        },
        "vehicle_velocity": {
            "x": 6.006305142136625e-08,
            "y": 8.757110592227946e-10,
            "z": 0.00037144660018384457
        },
        "vehicle_throttle": 0.0,
        "unique_collisions": 0,
        "solid_lane_crosses": 0,
        "double_solid_lane_crosses": 0
    },
    {
        "game_time": 69.88503046240658,
        "vehicle_location": {
            "x": 31.564327239990234,
            "y": 119.46304321289062,
            "z": -0.2376122623682022
        },
        "vehicle_velocity": {
            "x": 3.584528585065527e-08,
            "y": -1.454946385592848e-08,
            "z": -0.0004671764327213168
        },
        "vehicle_throttle": 0.0,
        "unique_collisions": 0,
        "solid_lane_crosses": 0,
        "double_solid_lane_crosses": 0
    },
    {
        "game_time": 70.93065691087395,
        "vehicle_location": {
            "x": 31.564327239990234,
            "y": 119.46304321289062,
            "z": -0.23756514489650726
        },
        "vehicle_velocity": {
            "x": -7.205805729881831e-09,
            "y": 2.621756811649334e-09,
            "z": 7.27748847566545e-05
        },
        "vehicle_throttle": 0.0,
        "unique_collisions": 0,
        "solid_lane_crosses": 0,
        "double_solid_lane_crosses": 0
    },
    {
        "game_time": 71.95432709995657,
        "vehicle_location": {
            "x": 31.564327239990234,
            "y": 119.46304321289062,
            "z": -0.23757827281951904
        },
        "vehicle_velocity": {
            "x": 3.182703878223947e-09,
            "y": 1.3744979598939722e-09,
            "z": -0.00028594015748240054
        },
        "vehicle_throttle": 0.0,
        "unique_collisions": 0,
        "solid_lane_crosses": 0,
        "double_solid_lane_crosses": 0
    },
    {
        "game_time": 72.98110387008637,
        "vehicle_location": {
            "x": 31.564327239990234,
            "y": 119.46304321289062,
            "z": -0.2375749945640564
        },
        "vehicle_velocity": {
            "x": -8.589227107336228e-09,
            "y": -1.895646306593335e-08,
            "z": -0.0002237701410194859
        },
        "vehicle_throttle": 0.0,
        "unique_collisions": 0,
        "solid_lane_crosses": 0,
        "double_solid_lane_crosses": 0
    },
    {
        "game_time": 73.98977804090828,
        "vehicle_location": {
            "x": 31.564327239990234,
            "y": 119.46304321289062,
            "z": -0.23757094144821167
        },
        "vehicle_velocity": {
            "x": -5.730862540076487e-08,
            "y": -7.880282537620076e-10,
            "z": 0.0003851032233797014
        },
        "vehicle_throttle": 0.0,
        "unique_collisions": 0,
        "solid_lane_crosses": 0,
        "double_solid_lane_crosses": 0
    },
    {
        "game_time": 75.10223154444247,
        "vehicle_location": {
            "x": 31.564327239990234,
            "y": 119.46304321289062,
            "z": -0.2375825047492981
        },
        "vehicle_velocity": {
            "x": -6.357587345462434e-09,
            "y": 4.1632759462117974e-09,
            "z": -0.00013600349484477192
        },
        "vehicle_throttle": 0.0,
        "unique_collisions": 0,
        "solid_lane_crosses": 0,
        "double_solid_lane_crosses": 0
    },
    {
        "game_time": 76.11929024290293,
        "vehicle_location": {
            "x": 31.564327239990234,
            "y": 119.46304321289062,
            "z": -0.23758891224861145
        },
        "vehicle_velocity": {
            "x": 3.068669940375912e-08,
            "y": 1.4065093090209757e-08,
            "z": -0.0006047057686373591
        },
        "vehicle_throttle": 0.0,
        "unique_collisions": 0,
        "solid_lane_crosses": 0,
        "double_solid_lane_crosses": 0
    },
    {
        "game_time": 77.13447865564376,
        "vehicle_location": {
            "x": 31.564327239990234,
            "y": 119.46304321289062,
            "z": -0.23757976293563843
        },
        "vehicle_velocity": {
            "x": -1.1283335155098939e-08,
            "y": 3.355623778844574e-09,
            "z": 7.78007524786517e-05
        },
        "vehicle_throttle": 0.0,
        "unique_collisions": 0,
        "solid_lane_crosses": 0,
        "double_solid_lane_crosses": 0
    },
    {
        "game_time": 78.24784829933196,
        "vehicle_location": {
            "x": 31.564327239990234,
            "y": 119.46304321289062,
            "z": -0.23758983612060547
        },
        "vehicle_velocity": {
            "x": 3.286759309162335e-08,
            "y": -1.1406298128235903e-08,
            "z": -0.00013040541671216488
        },
        "vehicle_throttle": 0.0,
        "unique_collisions": 0,
        "solid_lane_crosses": 0,
        "double_solid_lane_crosses": 0
    },
    {
        "game_time": 79.259451222606,
        "vehicle_location": {
            "x": 31.564802169799805,
            "y": 118.24079132080078,
            "z": -0.23785236477851868
        },
        "vehicle_velocity": {
            "x": 0.0008503540884703398,
            "y": -2.1415536403656006,
            "z": -6.523132014990551e-06
        },
        "vehicle_throttle": 0.75,
        "unique_collisions": 0,
        "solid_lane_crosses": 0,
        "double_solid_lane_crosses": 0
    },
    {
        "game_time": 80.31541600916535,
        "vehicle_location": {
            "x": 31.56606674194336,
            "y": 115.07559967041016,
            "z": -0.23848377168178558
        },
        "vehicle_velocity": {
            "x": 0.0014026574790477753,
            "y": -3.54229474067688,
            "z": -0.00016455650620628148
        },
        "vehicle_throttle": 0.75,
        "unique_collisions": 0,
        "solid_lane_crosses": 0,
        "double_solid_lane_crosses": 0
    },
    {
        "game_time": 81.33233691286296,
        "vehicle_location": {
            "x": 31.567522048950195,
            "y": 111.47005462646484,
            "z": -0.238524928689003
        },
        "vehicle_velocity": {
            "x": 0.001454062876291573,
            "y": -3.6993629932403564,
            "z": 0.00013656615919899195
        },
        "vehicle_throttle": 0.75,
        "unique_collisions": 0,
        "solid_lane_crosses": 0,
        "double_solid_lane_crosses": 0
    },
    {
        "game_time": 82.40919667016715,
        "vehicle_location": {
            "x": 31.564979553222656,
            "y": 107.11985778808594,
            "z": -0.23841319978237152
        },
        "vehicle_velocity": {
            "x": -0.0994853749871254,
            "y": -4.428438663482666,
            "z": 0.00020491599570959806
        },
        "vehicle_throttle": 0.0,
        "unique_collisions": 0,
        "solid_lane_crosses": 0,
        "double_solid_lane_crosses": 0
    },
    {
        "game_time": 83.41496314760298,
        "vehicle_location": {
            "x": 31.441572189331055,
            "y": 103.2320556640625,
            "z": -0.236753910779953
        },
        "vehicle_velocity": {
            "x": -0.21086277067661285,
            "y": -3.2432429790496826,
            "z": -2.099037192238029e-05
        },
        "vehicle_throttle": 0.0,
        "unique_collisions": 0,
        "solid_lane_crosses": 0,
        "double_solid_lane_crosses": 0
    },
    {
        "game_time": 84.50859679747373,
        "vehicle_location": {
            "x": 30.648441314697266,
            "y": 98.68952941894531,
            "z": -0.23837809264659882
        },
        "vehicle_velocity": {
            "x": -1.982363224029541,
            "y": -5.84335994720459,
            "z": -0.0003242873935960233
        },
        "vehicle_throttle": 0.0,
        "unique_collisions": 0,
        "solid_lane_crosses": 0,
        "double_solid_lane_crosses": 0
    },
    {
        "game_time": 85.61734104435891,
        "vehicle_location": {
            "x": 28.070085525512695,
            "y": 93.92784881591797,
            "z": -0.23724673688411713
        },
        "vehicle_velocity": {
            "x": -2.906646728515625,
            "y": -3.343512773513794,
            "z": -0.0012357139494270086
        },
        "vehicle_throttle": 0.0,
        "unique_collisions": 0,
        "solid_lane_crosses": 0,
        "double_solid_lane_crosses": 0
    },
    {
        "game_time": 86.6886036330834,
        "vehicle_location": {
            "x": 24.77379035949707,
            "y": 90.919189453125,
            "z": -0.2373783439397812
        },
        "vehicle_velocity": {
            "x": -4.086143493652344,
            "y": -2.3339366912841797,
            "z": -0.00105371477548033
        },
        "vehicle_throttle": 0.0,
        "unique_collisions": 0,
        "solid_lane_crosses": 0,
        "double_solid_lane_crosses": 0
    },
    {
        "game_time": 87.73373187985271,
        "vehicle_location": {
            "x": 21.03209686279297,
            "y": 89.30882263183594,
            "z": -0.23736529052257538
        },
        "vehicle_velocity": {
            "x": -3.895751953125,
            "y": -0.8690112829208374,
            "z": -0.00038579938700422645
        },
        "vehicle_throttle": 0.0,
        "unique_collisions": 0,
        "solid_lane_crosses": 0,
        "double_solid_lane_crosses": 0
    },
    {
        "game_time": 88.78283609542996,
        "vehicle_location": {
            "x": 17.067707061767578,
            "y": 88.58672332763672,
            "z": -0.2364213466644287
        },
        "vehicle_velocity": {
            "x": -3.062178611755371,
            "y": -0.27061372995376587,
            "z": -0.0005248260567896068
        },
        "vehicle_throttle": 0.75,
        "unique_collisions": 0,
        "solid_lane_crosses": 0,
        "double_solid_lane_crosses": 0
    },
    {
        "game_time": 89.89296155702323,
        "vehicle_location": {
            "x": 14.597766876220703,
            "y": 88.373779296875,
            "z": -0.23906248807907104
        },
        "vehicle_velocity": {
            "x": -3.075030565261841,
            "y": -0.135262593626976,
            "z": -0.0006440830184146762
        },
        "vehicle_throttle": 0.75,
        "unique_collisions": 0,
        "solid_lane_crosses": 0,
        "double_solid_lane_crosses": 0
    },
    {
        "game_time": 90.89645739924163,
        "vehicle_location": {
            "x": 11.174909591674805,
            "y": 88.22761535644531,
            "z": -0.2386077493429184
        },
        "vehicle_velocity": {
            "x": -3.8632020950317383,
            "y": -0.07977219671010971,
            "z": -2.8333663067314774e-05
        },
        "vehicle_throttle": 0.75,
        "unique_collisions": 0,
        "solid_lane_crosses": 0,
        "double_solid_lane_crosses": 0
    },
    {
        "game_time": 91.94428086001426,
        "vehicle_location": {
            "x": 7.299192905426025,
            "y": 88.14796447753906,
            "z": -0.23891493678092957
        },
        "vehicle_velocity": {
            "x": -4.690528392791748,
            "y": -0.05365515127778053,
            "z": 0.0002081870916299522
        },
        "vehicle_throttle": 0.0,
        "unique_collisions": 0,
        "solid_lane_crosses": 0,
        "double_solid_lane_crosses": 0
    },
    {
        "game_time": 93.01799370069057,
        "vehicle_location": {
            "x": 2.949850082397461,
            "y": 88.10281372070312,
            "z": -0.2368323802947998
        },
        "vehicle_velocity": {
            "x": -3.48319149017334,
            "y": -0.030456891283392906,
            "z": -0.00011891364556504413
        },
        "vehicle_throttle": 0.0,
        "unique_collisions": 0,
        "solid_lane_crosses": 0,
        "double_solid_lane_crosses": 0
    },
    {
        "game_time": 94.08991138543934,
        "vehicle_location": {
            "x": -1.0713486671447754,
            "y": 88.08132934570312,
            "z": -0.23642821609973907
        },
        "vehicle_velocity": {
            "x": -3.3767757415771484,
            "y": -0.01333079393953085,
            "z": -0.0005160617874935269
        },
        "vehicle_throttle": 0.75,
        "unique_collisions": 0,
        "solid_lane_crosses": 0,
        "double_solid_lane_crosses": 0
    },
    {
        "game_time": 95.17720030341297,
        "vehicle_location": {
            "x": -5.228496074676514,
            "y": 88.0682144165039,
            "z": -0.23812778294086456
        },
        "vehicle_velocity": {
            "x": -3.8779213428497314,
            "y": -0.011210285127162933,
            "z": 0.0003405904571991414
        },
        "vehicle_throttle": 0.75,
        "unique_collisions": 0,
        "solid_lane_crosses": 0,
        "double_solid_lane_crosses": 0
    },
    {
        "game_time": 96.20196350757033,
        "vehicle_location": {
            "x": -9.353055953979492,
            "y": 88.05960845947266,
            "z": -0.23875544965267181
        },
        "vehicle_velocity": {
            "x": -4.56664514541626,
            "y": -0.009274768643081188,
            "z": -0.00032070159795694053
        },
        "vehicle_throttle": 0.0,
        "unique_collisions": 0,
        "solid_lane_crosses": 0,
        "double_solid_lane_crosses": 0
    },
    {
        "game_time": 97.20406867284328,
        "vehicle_location": {
            "x": -13.349456787109375,
            "y": 88.05320739746094,
            "z": -0.23783698678016663
        },
        "vehicle_velocity": {
            "x": -4.09818696975708,
            "y": -0.006460899952799082,
            "z": 7.349967927439138e-05
        },
        "vehicle_throttle": 0.0,
        "unique_collisions": 0,
        "solid_lane_crosses": 0,
        "double_solid_lane_crosses": 0
    },
    {
        "game_time": 98.24009940307587,
        "vehicle_location": {
            "x": -17.287506103515625,
            "y": 88.04779815673828,
            "z": -0.2364666759967804
        },
        "vehicle_velocity": {
            "x": -3.2820425033569336,
            "y": -0.00429531279951334,
            "z": 2.613067590573337e-05
        },
        "vehicle_throttle": 0.75,
        "unique_collisions": 0,
        "solid_lane_crosses": 0,
        "double_solid_lane_crosses": 0
    },
    {
        "game_time": 99.27976504806429,
        "vehicle_location": {
            "x": -21.450483322143555,
            "y": 88.04255676269531,
            "z": -0.23635314404964447
        },
        "vehicle_velocity": {
            "x": -3.492626667022705,
            "y": -0.0042748949490487576,
            "z": -8.933067147154361e-05
        },
        "vehicle_throttle": 0.75,
        "unique_collisions": 0,
        "solid_lane_crosses": 0,
        "double_solid_lane_crosses": 0
    },
    {
        "game_time": 100.31393354106694,
        "vehicle_location": {
            "x": -25.530696868896484,
            "y": 88.03759765625,
            "z": -0.23874488472938538
        },
        "vehicle_velocity": {
            "x": -4.725088596343994,
            "y": -0.005505328066647053,
            "z": 0.00025691030896268785
        },
        "vehicle_throttle": 0.0,
        "unique_collisions": 0,
        "solid_lane_crosses": 0,
        "double_solid_lane_crosses": 0
    },
    {
        "game_time": 101.35779574234039,
        "vehicle_location": {
            "x": -29.616905212402344,
            "y": 88.03285217285156,
            "z": -0.23894858360290527
        },
        "vehicle_velocity": {
            "x": -4.89691686630249,
            "y": -0.005649267695844173,
            "z": 0.00039110181387513876
        },
        "vehicle_throttle": 0.0,
        "unique_collisions": 0,
        "solid_lane_crosses": 0,
        "double_solid_lane_crosses": 0
    },
    {
        "game_time": 102.44712273497134,
        "vehicle_location": {
            "x": -34.228755950927734,
            "y": 88.0828628540039,
            "z": -0.23672160506248474
        },
        "vehicle_velocity": {
            "x": -2.741594076156616,
            "y": 0.04406552389264107,
            "z": 9.774207865120843e-05
        },
        "vehicle_throttle": 0.75,
        "unique_collisions": 0,
        "solid_lane_crosses": 0,
        "double_solid_lane_crosses": 0
    },
    {
        "game_time": 103.52201231289655,
        "vehicle_location": {
            "x": -38.09498977661133,
            "y": 88.54660034179688,
            "z": -0.2291439026594162
        },
        "vehicle_velocity": {
            "x": -4.271547317504883,
            "y": 0.770150899887085,
            "z": 0.03623948618769646
        },
        "vehicle_throttle": 0.75,
        "unique_collisions": 0,
        "solid_lane_crosses": 0,
        "double_solid_lane_crosses": 0
    },
    {
        "game_time": 104.52691867109388,
        "vehicle_location": {
            "x": -42.94475555419922,
            "y": 90.32955932617188,
            "z": -0.2098965346813202
        },
        "vehicle_velocity": {
            "x": -3.5070695877075195,
            "y": 2.190976858139038,
            "z": 0.005364999640733004
        },
        "vehicle_throttle": 0.75,
        "unique_collisions": 0,
        "solid_lane_crosses": 0,
        "double_solid_lane_crosses": 0
    },
    {
        "game_time": 105.55947781633586,
        "vehicle_location": {
            "x": -46.471923828125,
            "y": 93.00566101074219,
            "z": -0.2159584015607834
        },
        "vehicle_velocity": {
            "x": -2.862963914871216,
            "y": 3.1684179306030273,
            "z": -0.001949901576153934
        },
        "vehicle_throttle": 0.75,
        "unique_collisions": 0,
        "solid_lane_crosses": 0,
        "double_solid_lane_crosses": 0
    },
    {
        "game_time": 106.62158282380551,
        "vehicle_location": {
            "x": -48.89458465576172,
            "y": 96.56232452392578,
            "z": -0.21420779824256897
        },
        "vehicle_velocity": {
            "x": -1.5065125226974487,
            "y": 3.8692455291748047,
            "z": 0.01818171516060829
        },
        "vehicle_throttle": 0.75,
        "unique_collisions": 0,
        "solid_lane_crosses": 0,
        "double_solid_lane_crosses": 0
    },
    {
        "game_time": 107.6386812934652,
        "vehicle_location": {
            "x": -50.61721420288086,
            "y": 101.68016052246094,
            "z": -0.18472610414028168
        },
        "vehicle_velocity": {
            "x": -1.5001922845840454,
            "y": 4.851954460144043,
            "z": 0.04872649163007736
        },
        "vehicle_throttle": 0.75,
        "unique_collisions": 0,
        "solid_lane_crosses": 0,
        "double_solid_lane_crosses": 0
    },
    {
        "game_time": 108.64631752390414,
        "vehicle_location": {
            "x": -52.064456939697266,
            "y": 106.3234634399414,
            "z": -0.18069911003112793
        },
        "vehicle_velocity": {
            "x": -0.8284027576446533,
            "y": 2.6805343627929688,
            "z": 0.0017249154625460505
        },
        "vehicle_throttle": 0.0,
        "unique_collisions": 0,
        "solid_lane_crosses": 0,
        "double_solid_lane_crosses": 0
    },
    {
        "game_time": 109.67635519150645,
        "vehicle_location": {
            "x": -52.50366973876953,
            "y": 107.744140625,
            "z": -0.1837284117937088
        },
        "vehicle_velocity": {
            "x": -0.7935202717781067,
            "y": 2.5692455768585205,
            "z": -0.0005632495740428567
        },
        "vehicle_throttle": 0.0,
        "unique_collisions": 0,
        "solid_lane_crosses": 0,
        "double_solid_lane_crosses": 0
    },
    {
        "game_time": 110.72917896974832,
        "vehicle_location": {
            "x": -53.49597930908203,
            "y": 110.96226501464844,
            "z": -0.18345747888088226
        },
        "vehicle_velocity": {
            "x": -1.3950530290603638,
            "y": 4.858206272125244,
            "z": 0.0019717502873390913
        },
        "vehicle_throttle": 0.75,
        "unique_collisions": 0,
        "solid_lane_crosses": 0,
        "double_solid_lane_crosses": 0
    },
    {
        "game_time": 111.7329227970913,
        "vehicle_location": {
            "x": -54.94073486328125,
            "y": 116.30162811279297,
            "z": -0.18247607350349426
        },
        "vehicle_velocity": {
            "x": -1.4786897897720337,
            "y": 5.346643447875977,
            "z": 0.0003137779131066054
        },
        "vehicle_throttle": 0.75,
        "unique_collisions": 0,
        "solid_lane_crosses": 0,
        "double_solid_lane_crosses": 0
    },
    {
        "game_time": 112.7505743810907,
        "vehicle_location": {
            "x": -56.67923355102539,
            "y": 121.6305160522461,
            "z": -0.18243105709552765
        },
        "vehicle_velocity": {
            "x": -2.0015792846679688,
            "y": 5.259085655212402,
            "z": -7.360458403127268e-05
        },
        "vehicle_throttle": 0.0,
        "unique_collisions": 0,
        "solid_lane_crosses": 0,
        "double_solid_lane_crosses": 0
    },
    {
        "game_time": 113.78846585657448,
        "vehicle_location": {
            "x": -59.03388595581055,
            "y": 126.66300201416016,
            "z": -0.18155673146247864
        },
        "vehicle_velocity": {
            "x": -2.5023303031921387,
            "y": 4.566206932067871,
            "z": 1.7461776224081405e-05
        },
        "vehicle_throttle": 0.75,
        "unique_collisions": 0,
        "solid_lane_crosses": 0,
        "double_solid_lane_crosses": 0
    },
    {
        "game_time": 114.82953478489071,
        "vehicle_location": {
            "x": -62.18816375732422,
            "y": 131.37188720703125,
            "z": -0.18275809288024902
        },
        "vehicle_velocity": {
            "x": -3.7150533199310303,
            "y": 4.4582366943359375,
            "z": -4.575252387439832e-05
        },
        "vehicle_throttle": 0.0,
        "unique_collisions": 0,
        "solid_lane_crosses": 0,
        "double_solid_lane_crosses": 0
    },
    {
        "game_time": 115.91068650130183,
        "vehicle_location": {
            "x": -66.18694305419922,
            "y": 135.54464721679688,
            "z": -0.18133369088172913
        },
        "vehicle_velocity": {
            "x": -3.8589208126068115,
            "y": 3.371670722961426,
            "z": -6.773471977794543e-05
        },
        "vehicle_throttle": 0.75,
        "unique_collisions": 0,
        "solid_lane_crosses": 0,
        "double_solid_lane_crosses": 0
    },
    {
        "game_time": 116.9640869135037,
        "vehicle_location": {
            "x": -70.80672454833984,
            "y": 138.9725799560547,
            "z": -0.18226993083953857
        },
        "vehicle_velocity": {
            "x": -4.779078960418701,
            "y": 2.7311673164367676,
            "z": -1.3017654055147432e-05
        },
        "vehicle_throttle": 0.0,
        "unique_collisions": 0,
        "solid_lane_crosses": 0,
        "double_solid_lane_crosses": 0
    },
    {
        "game_time": 118.01626608613878,
        "vehicle_location": {
            "x": -75.84797668457031,
            "y": 141.50048828125,
            "z": -0.18168330192565918
        },
        "vehicle_velocity": {
            "x": -4.915672779083252,
            "y": 1.8237078189849854,
            "z": 1.3685225894732866e-06
        },
        "vehicle_throttle": 0.75,
        "unique_collisions": 0,
        "solid_lane_crosses": 0,
        "double_solid_lane_crosses": 0
    },
    {
        "game_time": 119.04878555890173,
        "vehicle_location": {
            "x": -81.25871276855469,
            "y": 143.12767028808594,
            "z": -0.18260829150676727
        },
        "vehicle_velocity": {
            "x": -5.581374168395996,
            "y": 1.186749815940857,
            "z": -3.092765837209299e-05
        },
        "vehicle_throttle": 0.0,
        "unique_collisions": 0,
        "solid_lane_crosses": 0,
        "double_solid_lane_crosses": 0
    },
    {
        "game_time": 120.07035480160266,
        "vehicle_location": {
            "x": -86.68460083007812,
            "y": 143.86865234375,
            "z": -0.18134361505508423
        },
        "vehicle_velocity": {
            "x": -5.070732593536377,
            "y": 0.3524438440799713,
            "z": 3.800392050834489e-06
        },
        "vehicle_throttle": 0.75,
        "unique_collisions": 0,
        "solid_lane_crosses": 0,
        "double_solid_lane_crosses": 0
    },
    {
        "game_time": 121.07139291707426,
        "vehicle_location": {
            "x": -91.89707946777344,
            "y": 144.10897827148438,
            "z": -0.18131782114505768
        },
        "vehicle_velocity": {
            "x": -4.125761985778809,
            "y": 0.06142284721136093,
            "z": -0.00033923625596798956
        },
        "vehicle_throttle": 0.0,
        "unique_collisions": 0,
        "solid_lane_crosses": 0,
        "double_solid_lane_crosses": 0
    },
    {
        "game_time": 122.0870633488521,
        "vehicle_location": {
            "x": -93.44835662841797,
            "y": 144.14356994628906,
            "z": -0.18191809952259064
        },
        "vehicle_velocity": {
            "x": 0.001418765401467681,
            "y": 4.85762666357914e-06,
            "z": 0.00025544167147018015
        },
        "vehicle_throttle": 0.0,
        "unique_collisions": 0,
        "solid_lane_crosses": 0,
        "double_solid_lane_crosses": 0
    },
    {
        "game_time": 123.1370290638879,
        "vehicle_location": {
            "x": -93.4486083984375,
            "y": 144.14356994628906,
            "z": -0.18214072287082672
        },
        "vehicle_velocity": {
            "x": 0.0,
            "y": 0.0,
            "z": 0.0
        },
        "vehicle_throttle": 0.0,
        "unique_collisions": 0,
        "solid_lane_crosses": 0,
        "double_solid_lane_crosses": 0
    },
    {
        "game_time": 124.15009063575417,
        "vehicle_location": {
            "x": -93.4486083984375,
            "y": 144.14356994628906,
            "z": -0.1820547878742218
        },
        "vehicle_velocity": {
            "x": -8.501967463381277e-10,
            "y": -2.068169280278198e-08,
            "z": -3.806591121247038e-05
        },
        "vehicle_throttle": 0.0,
        "unique_collisions": 0,
        "solid_lane_crosses": 0,
        "double_solid_lane_crosses": 0
    },
    {
        "game_time": 125.20490511972457,
        "vehicle_location": {
            "x": -93.4486083984375,
            "y": 144.14356994628906,
            "z": -0.1821058988571167
        },
        "vehicle_velocity": {
            "x": 7.724452327773079e-11,
            "y": 5.3904658514625226e-09,
            "z": -6.481170566985384e-05
        },
        "vehicle_throttle": 0.0,
        "unique_collisions": 0,
        "solid_lane_crosses": 0,
        "double_solid_lane_crosses": 0
    },
    {
        "game_time": 126.24641447979957,
        "vehicle_location": {
            "x": -93.4486083984375,
            "y": 144.14356994628906,
            "z": -0.18213504552841187
        },
        "vehicle_velocity": {
            "x": 3.442278240228802e-09,
            "y": 1.9419411856347324e-08,
            "z": -8.968353358795866e-05
        },
        "vehicle_throttle": 0.0,
        "unique_collisions": 0,
        "solid_lane_crosses": 0,
        "double_solid_lane_crosses": 0
    },
    {
        "game_time": 127.2493542516604,
        "vehicle_location": {
            "x": -93.4486083984375,
            "y": 144.14356994628906,
            "z": -0.18212196230888367
        },
        "vehicle_velocity": {
            "x": 1.3638749685185303e-08,
            "y": 2.812578436817148e-08,
            "z": 1.8358230590820312e-05
        },
        "vehicle_throttle": 0.0,
        "unique_collisions": 0,
        "solid_lane_crosses": 0,
        "double_solid_lane_crosses": 0
    },
    {
        "game_time": 128.30588566418737,
        "vehicle_location": {
            "x": -93.4486083984375,
            "y": 144.14356994628906,
            "z": -0.1821281462907791
        },
        "vehicle_velocity": {
            "x": 2.88246826407601e-09,
            "y": 1.1616563710958872e-08,
            "z": 0.00020318507449701428
        },
        "vehicle_throttle": 0.0,
        "unique_collisions": 0,
        "solid_lane_crosses": 0,
        "double_solid_lane_crosses": 0
    },
    {
        "game_time": 129.37219639588147,
        "vehicle_location": {
            "x": -93.4486083984375,
            "y": 144.14356994628906,
            "z": -0.18209953606128693
        },
        "vehicle_velocity": {
            "x": 1.2820941641678019e-08,
            "y": 3.123210134958754e-08,
            "z": -0.0002866506401915103
        },
        "vehicle_throttle": 0.0,
        "unique_collisions": 0,
        "solid_lane_crosses": 0,
        "double_solid_lane_crosses": 0
    },
    {
        "game_time": 130.39723062049598,
        "vehicle_location": {
            "x": -93.4486083984375,
            "y": 144.14356994628906,
            "z": -0.18216854333877563
        },
        "vehicle_velocity": {
            "x": -8.542233587149894e-09,
            "y": -8.960200581498157e-09,
            "z": 0.00031935214065015316
        },
        "vehicle_throttle": 0.0,
        "unique_collisions": 0,
        "solid_lane_crosses": 0,
        "double_solid_lane_crosses": 0
    },
    {
        "game_time": 131.44481320958585,
        "vehicle_location": {
            "x": -93.4486083984375,
            "y": 144.14356994628906,
            "z": -0.1821582317352295
        },
        "vehicle_velocity": {
            "x": 1.4296867023588788e-09,
            "y": 1.6070236252829773e-09,
            "z": 0.0002154254907509312
        },
        "vehicle_throttle": 0.0,
        "unique_collisions": 0,
        "solid_lane_crosses": 0,
        "double_solid_lane_crosses": 0
    },
    {
        "game_time": 132.47417516168207,
        "vehicle_location": {
            "x": -93.4486083984375,
            "y": 144.14356994628906,
            "z": -0.1821565181016922
        },
        "vehicle_velocity": {
            "x": 3.804468740042921e-09,
            "y": -5.420433168978889e-08,
            "z": -0.0004397392040118575
        },
        "vehicle_throttle": 0.0,
        "unique_collisions": 0,
        "solid_lane_crosses": 0,
        "double_solid_lane_crosses": 0
    },
    {
        "game_time": 133.524340829812,
        "vehicle_location": {
            "x": -93.4486083984375,
            "y": 144.14356994628906,
            "z": -0.18207283318042755
        },
        "vehicle_velocity": {
            "x": -1.6828576310246035e-09,
            "y": 2.068471616212264e-09,
            "z": 0.0004325675836298615
        },
        "vehicle_throttle": 0.0,
        "unique_collisions": 0,
        "solid_lane_crosses": 0,
        "double_solid_lane_crosses": 0
    },
    {
        "game_time": 134.55994056072086,
        "vehicle_location": {
            "x": -93.4486083984375,
            "y": 144.14356994628906,
            "z": -0.18205073475837708
        },
        "vehicle_velocity": {
            "x": -9.930139377445357e-09,
            "y": -1.7793376771990665e-09,
            "z": 0.00016796111594885588
        },
        "vehicle_throttle": 0.0,
        "unique_collisions": 0,
        "solid_lane_crosses": 0,
        "double_solid_lane_crosses": 0
    },
    {
        "game_time": 135.60265897307545,
        "vehicle_location": {
            "x": -93.4486083984375,
            "y": 144.14356994628906,
            "z": -0.18215346336364746
        },
        "vehicle_velocity": {
            "x": 2.773215657114747e-09,
            "y": 7.662957379750424e-09,
            "z": 1.5072821952344384e-05
        },
        "vehicle_throttle": 0.0,
        "unique_collisions": 0,
        "solid_lane_crosses": 0,
        "double_solid_lane_crosses": 0
    },
    {
        "game_time": 136.6283426536247,
        "vehicle_location": {
            "x": -93.4486083984375,
            "y": 144.14356994628906,
            "z": -0.18213717639446259
        },
        "vehicle_velocity": {
            "x": -8.680200558330853e-09,
            "y": -1.6090250909428505e-08,
            "z": 0.0003308439045213163
        },
        "vehicle_throttle": 0.0,
        "unique_collisions": 0,
        "solid_lane_crosses": 0,
        "double_solid_lane_crosses": 0
    },
    {
        "game_time": 137.65173248108476,
        "vehicle_location": {
            "x": -93.4486083984375,
            "y": 144.14356994628906,
            "z": -0.18217642605304718
        },
        "vehicle_velocity": {
            "x": 1.2213031475027947e-08,
            "y": 3.2585486309244516e-08,
            "z": 0.00017341136117465794
        },
        "vehicle_throttle": 0.0,
        "unique_collisions": 0,
        "solid_lane_crosses": 0,
        "double_solid_lane_crosses": 0
    },
    {
        "game_time": 138.73519860301167,
        "vehicle_location": {
            "x": -93.4486083984375,
            "y": 144.14356994628906,
            "z": -0.18210391700267792
        },
        "vehicle_velocity": {
            "x": -7.584562311535592e-09,
            "y": -1.3488876682288264e-08,
            "z": 0.00020132063946221024
        },
        "vehicle_throttle": 0.0,
        "unique_collisions": 0,
        "solid_lane_crosses": 0,
        "double_solid_lane_crosses": 0
    },
    {
        "game_time": 139.80908911768347,
        "vehicle_location": {
            "x": -93.4486083984375,
            "y": 144.14356994628906,
            "z": -0.18214450776576996
        },
        "vehicle_velocity": {
            "x": -1.0449626941522183e-08,
            "y": -1.664238169496457e-08,
            "z": 0.0003575229493435472
        },
        "vehicle_throttle": 0.0,
        "unique_collisions": 0,
        "solid_lane_crosses": 0,
        "double_solid_lane_crosses": 0
    },
    {
        "game_time": 140.82791561353952,
        "vehicle_location": {
            "x": -93.4486083984375,
            "y": 144.14356994628906,
            "z": -0.18214347958564758
        },
        "vehicle_velocity": {
            "x": 0.0,
            "y": 0.0,
            "z": 0.0
        },
        "vehicle_throttle": 0.0,
        "unique_collisions": 0,
        "solid_lane_crosses": 0,
        "double_solid_lane_crosses": 0
    },
    {
        "game_time": 141.83318446855992,
        "vehicle_location": {
            "x": -93.4486083984375,
            "y": 144.14356994628906,
            "z": -0.1821848601102829
        },
        "vehicle_velocity": {
            "x": -1.1203908023560416e-08,
            "y": -1.703897289928591e-08,
            "z": -0.0001934432948473841
        },
        "vehicle_throttle": 0.0,
        "unique_collisions": 0,
        "solid_lane_crosses": 0,
        "double_solid_lane_crosses": 0
    },
    {
        "game_time": 142.8375764368102,
        "vehicle_location": {
            "x": -93.4486083984375,
            "y": 144.14356994628906,
            "z": -0.18212535977363586
        },
        "vehicle_velocity": {
            "x": 3.3767639795456716e-09,
            "y": 1.5525102980973315e-08,
            "z": -0.0008686637738719583
        },
        "vehicle_throttle": 0.0,
        "unique_collisions": 0,
        "solid_lane_crosses": 0,
        "double_solid_lane_crosses": 0
    },
    {
        "game_time": 143.8444554032758,
        "vehicle_location": {
            "x": -93.4486083984375,
            "y": 144.14356994628906,
            "z": -0.18210773169994354
        },
        "vehicle_velocity": {
            "x": 5.31804988934681e-10,
            "y": -6.062069246581814e-08,
            "z": -0.0005780791980214417
        },
        "vehicle_throttle": 0.0,
        "unique_collisions": 0,
        "solid_lane_crosses": 0,
        "double_solid_lane_crosses": 0
    },
    {
        "game_time": 144.92196892481297,
        "vehicle_location": {
            "x": -93.4486083984375,
            "y": 144.14356994628906,
            "z": -0.18211203813552856
        },
        "vehicle_velocity": {
            "x": 0.0,
            "y": 0.0,
            "z": 0.0
        },
        "vehicle_throttle": 0.0,
        "unique_collisions": 0,
        "solid_lane_crosses": 0,
        "double_solid_lane_crosses": 0
    },
    {
        "game_time": 145.9876991165802,
        "vehicle_location": {
            "x": -93.4486083984375,
            "y": 144.14356994628906,
            "z": -0.1821320354938507
        },
        "vehicle_velocity": {
            "x": -4.1880723888887417e-10,
            "y": -5.048720197464718e-08,
            "z": -0.00010012149868998677
        },
        "vehicle_throttle": 0.0,
        "unique_collisions": 0,
        "solid_lane_crosses": 0,
        "double_solid_lane_crosses": 0
    },
    {
        "game_time": 147.02671577502042,
        "vehicle_location": {
            "x": -93.4486083984375,
            "y": 144.14356994628906,
            "z": -0.1821020394563675
        },
        "vehicle_velocity": {
            "x": -5.727497365271006e-10,
            "y": -3.6057370422781787e-09,
            "z": -0.00027726171538233757
        },
        "vehicle_throttle": 0.0,
        "unique_collisions": 0,
        "solid_lane_crosses": 0,
        "double_solid_lane_crosses": 0
    },
    {
        "game_time": 148.06361720245332,
        "vehicle_location": {
            "x": -93.4486083984375,
            "y": 144.14356994628906,
            "z": -0.18211795389652252
        },
        "vehicle_velocity": {
            "x": 2.7207187613953465e-09,
            "y": 1.3696369371984929e-08,
            "z": -0.00018612384155858308
        },
        "vehicle_throttle": 0.0,
        "unique_collisions": 0,
        "solid_lane_crosses": 0,
        "double_solid_lane_crosses": 0
    },
    {
        "game_time": 149.12677616719157,
        "vehicle_location": {
            "x": -93.4486083984375,
            "y": 144.14356994628906,
            "z": -0.1820944994688034
        },
        "vehicle_velocity": {
            "x": -4.732763958514852e-09,
            "y": -1.1968290358765898e-08,
            "z": -0.00012441158469300717
        },
        "vehicle_throttle": 0.0,
        "unique_collisions": 0,
        "solid_lane_crosses": 0,
        "double_solid_lane_crosses": 0
    },
    {
        "game_time": 150.18292554002255,
        "vehicle_location": {
            "x": -93.4486083984375,
            "y": 144.14356994628906,
            "z": -0.18212661147117615
        },
        "vehicle_velocity": {
            "x": 2.0778350151573477e-09,
            "y": -4.473768910884246e-08,
            "z": 0.00034998415503650904
        },
        "vehicle_throttle": 0.0,
        "unique_collisions": 0,
        "solid_lane_crosses": 0,
        "double_solid_lane_crosses": 0
    },
    {
        "game_time": 151.2092766230926,
        "vehicle_location": {
            "x": -93.4486083984375,
            "y": 144.14356994628906,
            "z": -0.18207621574401855
        },
        "vehicle_velocity": {
            "x": -2.8500501958461655e-09,
            "y": -7.944416791083597e-10,
            "z": -0.00018939017900265753
        },
        "vehicle_throttle": 0.0,
        "unique_collisions": 0,
        "solid_lane_crosses": 0,
        "double_solid_lane_crosses": 0
    },
    {
        "game_time": 152.25390430074185,
        "vehicle_location": {
            "x": -93.4486083984375,
            "y": 144.14356994628906,
            "z": -0.18217937648296356
        },
        "vehicle_velocity": {
            "x": 3.3693976497772837e-09,
            "y": -5.03482198155325e-08,
            "z": -0.00045395849156193435
        },
        "vehicle_throttle": 0.0,
        "unique_collisions": 0,
        "solid_lane_crosses": 0,
        "double_solid_lane_crosses": 0
    },
    {
        "game_time": 153.2837429465726,
        "vehicle_location": {
            "x": -94.64213562011719,
            "y": 144.16622924804688,
            "z": -0.18350914120674133
        },
        "vehicle_velocity": {
            "x": -3.3477578163146973,
            "y": 0.0034411996603012085,
            "z": -0.0001380205067107454
        },
        "vehicle_throttle": 0.75,
        "unique_collisions": 0,
        "solid_lane_crosses": 0,
        "double_solid_lane_crosses": 0
    },
    {
        "game_time": 154.29019215051085,
        "vehicle_location": {
            "x": -99.78861236572266,
            "y": 144.19924926757812,
            "z": -0.1810293197631836
        },
        "vehicle_velocity": {
            "x": -5.074873447418213,
            "y": -0.006003701128065586,
            "z": -9.387969475938007e-05
        },
        "vehicle_throttle": 0.75,
        "unique_collisions": 0,
        "solid_lane_crosses": 0,
        "double_solid_lane_crosses": 0
    },
    {
        "game_time": 155.33627294842154,
        "vehicle_location": {
            "x": -105.400634765625,
            "y": 144.20335388183594,
            "z": -0.1825334131717682
        },
        "vehicle_velocity": {
            "x": -5.687430381774902,
            "y": 0.000627556350082159,
            "z": -1.3303756531968247e-06
        },
        "vehicle_throttle": 0.3583429455757141,
        "unique_collisions": 0,
        "solid_lane_crosses": 0,
        "double_solid_lane_crosses": 0
    }
]