[
    {
        "game_time": 8.732200818136334,
        "vehicle_location": {
            "x": -32.8818359375,
            "y": 193.75840759277344,
            "z": -0.17217017710208893
        },
        "vehicle_velocity": {
            "x": 0.8539435267448425,
            "y": 0.7522597312927246,
            "z": 0.004847979638725519
        },
        "vehicle_throttle": 0.75,
        "unique_collisions": 0,
        "solid_lane_crosses": 0,
        "double_solid_lane_crosses": 0
    },
    {
        "game_time": 9.779375092126429,
        "vehicle_location": {
            "x": -31.607683181762695,
            "y": 195.02967834472656,
            "z": -0.162032812833786
        },
        "vehicle_velocity": {
            "x": 0.8012292385101318,
            "y": 2.5697240829467773,
            "z": -0.00041301726014353335
        },
        "vehicle_throttle": 0.75,
        "unique_collisions": 0,
        "solid_lane_crosses": 0,
        "double_solid_lane_crosses": 0
    },
    {
        "game_time": 10.78782264702022,
        "vehicle_location": {
            "x": -31.405685424804688,
            "y": 197.84983825683594,
            "z": -0.15788261592388153
        },
        "vehicle_velocity": {
            "x": -1.9968078136444092,
            "y": 3.1025094985961914,
            "z": -0.0001076030675903894
        },
        "vehicle_throttle": 0.75,
        "unique_collisions": 0,
        "solid_lane_crosses": 0,
        "double_solid_lane_crosses": 0
    },
    {
        "game_time": 11.828355809673667,
        "vehicle_location": {
            "x": -34.31932830810547,
            "y": 200.0908203125,
            "z": -0.15757106244564056
        },
        "vehicle_velocity": {
            "x": -4.514859676361084,
            "y": -0.4076993763446808,
            "z": -0.0001618051464902237
        },
        "vehicle_throttle": 0.75,
        "unique_collisions": 0,
        "solid_lane_crosses": 0,
        "double_solid_lane_crosses": 0
    },
    {
        "game_time": 12.83183029294014,
        "vehicle_location": {
            "x": -38.20237350463867,
            "y": 198.404541015625,
            "z": -0.15555819869041443
        },
        "vehicle_velocity": {
            "x": -1.7420785427093506,
            "y": -4.283234596252441,
            "z": 3.622055010055192e-05
        },
        "vehicle_throttle": 0.75,
        "unique_collisions": 0,
        "solid_lane_crosses": 0,
        "double_solid_lane_crosses": 0
    },
    {
        "game_time": 13.8419897723943,
        "vehicle_location": {
            "x": -39.57198715209961,
            "y": 193.45220947265625,
            "z": -0.16420897841453552
        },
        "vehicle_velocity": {
            "x": -0.38577213883399963,
            "y": -5.325127601623535,
            "z": -0.00029467104468494654
        },
        "vehicle_throttle": 0.75,
        "unique_collisions": 0,
        "solid_lane_crosses": 0,
        "double_solid_lane_crosses": 0
    },
    {
        "game_time": 14.89118774421513,
        "vehicle_location": {
            "x": -40.753997802734375,
            "y": 188.31890869140625,
            "z": -0.15551868081092834
        },
        "vehicle_velocity": {
            "x": -3.7032244205474854,
            "y": -3.8285510540008545,
            "z": 0.000494728097692132
        },
        "vehicle_throttle": 0.75,
        "unique_collisions": 0,
        "solid_lane_crosses": 0,
        "double_solid_lane_crosses": 0
    },
    {
        "game_time": 15.917267479002476,
        "vehicle_location": {
            "x": -45.06668472290039,
            "y": 185.85951232910156,
            "z": -0.1559675633907318
        },
        "vehicle_velocity": {
            "x": -4.507302761077881,
            "y": 1.0014219284057617,
            "z": -7.785797060932964e-05
        },
        "vehicle_throttle": 0.75,
        "unique_collisions": 0,
        "solid_lane_crosses": 0,
        "double_solid_lane_crosses": 0
    },
    {
        "game_time": 16.928557449020445,
        "vehicle_location": {
            "x": -48.31193161010742,
            "y": 187.69349670410156,
            "z": -0.15690326690673828
        },
        "vehicle_velocity": {
            "x": 0.2609054744243622,
            "y": 2.7978689670562744,
            "z": -8.4924693510402e-05
        },
        "vehicle_throttle": 0.75,
        "unique_collisions": 0,
        "solid_lane_crosses": 0,
        "double_solid_lane_crosses": 0
    },
    {
        "game_time": 17.95645892061293,
        "vehicle_location": {
            "x": -48.01053237915039,
            "y": 191.30137634277344,
            "z": -0.16314563155174255
        },
        "vehicle_velocity": {
            "x": 0.5887079238891602,
            "y": 3.7183752059936523,
            "z": -0.00037029266241006553
        },
        "vehicle_throttle": 0.75,
        "unique_collisions": 0,
        "solid_lane_crosses": 0,
        "double_solid_lane_crosses": 0
    },
    {
        "game_time": 18.999576647765934,
        "vehicle_location": {
            "x": -48.26866912841797,
            "y": 195.022216796875,
            "z": -0.15594267845153809
        },
        "vehicle_velocity": {
            "x": -3.1255829334259033,
            "y": 3.137482166290283,
            "z": -0.00018491744413040578
        },
        "vehicle_throttle": 0.75,
        "unique_collisions": 0,
        "solid_lane_crosses": 0,
        "double_solid_lane_crosses": 0
    },
    {
        "game_time": 20.015314634889364,
        "vehicle_location": {
            "x": -52.056190490722656,
            "y": 196.75216674804688,
            "z": -0.15515926480293274
        },
        "vehicle_velocity": {
            "x": -4.519533157348633,
            "y": -1.5354337692260742,
            "z": 0.00018165110668633133
        },
        "vehicle_throttle": 0.75,
        "unique_collisions": 0,
        "solid_lane_crosses": 0,
        "double_solid_lane_crosses": 0
    },
    {
        "game_time": 21.067133069969714,
        "vehicle_location": {
            "x": -55.72388458251953,
            "y": 193.98048400878906,
            "z": -0.1605396270751953
        },
        "vehicle_velocity": {
            "x": -1.203637957572937,
            "y": -4.578786373138428,
            "z": 0.0012786579318344593
        },
        "vehicle_throttle": 0.75,
        "unique_collisions": 0,
        "solid_lane_crosses": 0,
        "double_solid_lane_crosses": 0
    },
    {
        "game_time": 22.09960224945098,
        "vehicle_location": {
            "x": -57.26892852783203,
            "y": 188.9987030029297,
            "z": -0.15882152318954468
        },
        "vehicle_velocity": {
            "x": -1.970561146736145,
            "y": -4.7069525718688965,
            "z": 4.348754737293348e-05
        },
        "vehicle_throttle": 0.75,
        "unique_collisions": 0,
        "solid_lane_crosses": 0,
        "double_solid_lane_crosses": 0
    },
    {
        "game_time": 23.126622025854886,
        "vehicle_location": {
            "x": -60.308475494384766,
            "y": 185.2556610107422,
            "z": -0.15710796415805817
        },
        "vehicle_velocity": {
            "x": -5.234630107879639,
            "y": -1.5330159664154053,
            "z": 0.0014048003358766437
        },
        "vehicle_throttle": 0.712260365486145,
        "unique_collisions": 0,
        "solid_lane_crosses": 0,
        "double_solid_lane_crosses": 0
    },
    {
        "game_time": 24.1322200326249,
        "vehicle_location": {
            "x": -64.89128875732422,
            "y": 182.8062286376953,
            "z": -0.15121597051620483
        },
        "vehicle_velocity": {
            "x": -3.3747334480285645,
            "y": -3.3832528591156006,
            "z": 0.0004014158039353788
        },
        "vehicle_throttle": 0.75,
        "unique_collisions": 0,
        "solid_lane_crosses": 1,
        "double_solid_lane_crosses": 0
    },
    {
        "game_time": 25.132831345312297,
        "vehicle_location": {
            "x": -68.04051208496094,
            "y": 178.8394317626953,
            "z": -0.1672499030828476
        },
        "vehicle_velocity": {
            "x": -2.6471364498138428,
            "y": -4.841667175292969,
            "z": -0.0006278801010921597
        },
        "vehicle_throttle": 0.0,
        "unique_collisions": 0,
        "solid_lane_crosses": 2,
        "double_solid_lane_crosses": 0
    },
    {
        "game_time": 26.152850532904267,
        "vehicle_location": {
            "x": -70.55964660644531,
            "y": 173.93722534179688,
            "z": -0.16270698606967926
        },
        "vehicle_velocity": {
            "x": -2.1049399375915527,
            "y": -4.967560291290283,
            "z": -5.891322871320881e-05
        },
        "vehicle_throttle": 0.4811241328716278,
        "unique_collisions": 0,
        "solid_lane_crosses": 2,
        "double_solid_lane_crosses": 0
    },
    {
        "game_time": 27.193916082382202,
        "vehicle_location": {
            "x": -72.52763366699219,
            "y": 168.6620330810547,
            "z": -0.16077002882957458
        },
        "vehicle_velocity": {
            "x": -1.559033751487732,
            "y": -5.191705226898193,
            "z": 3.05223475152161e-05
        },
        "vehicle_throttle": 0.5588923692703247,
        "unique_collisions": 0,
        "solid_lane_crosses": 2,
        "double_solid_lane_crosses": 0
    },
    {
        "game_time": 28.26841377094388,
        "vehicle_location": {
            "x": -73.77926635742188,
            "y": 162.97352600097656,
            "z": -0.16138648986816406
        },
        "vehicle_velocity": {
            "x": -0.6959878206253052,
            "y": -5.39309549331665,
            "z": 0.0008262348128482699
        },
        "vehicle_throttle": 0.4588790535926819,
        "unique_collisions": 0,
        "solid_lane_crosses": 2,
        "double_solid_lane_crosses": 0
    },
    {
        "game_time": 29.29298973083496,
        "vehicle_location": {
            "x": -74.29839324951172,
            "y": 157.78562927246094,
            "z": -0.15216052532196045
        },
        "vehicle_velocity": {
            "x": -0.28260257840156555,
            "y": -4.132849216461182,
            "z": 2.5825500415521674e-05
        },
        "vehicle_throttle": 0.0,
        "unique_collisions": 0,
        "solid_lane_crosses": 2,
        "double_solid_lane_crosses": 0
    },
    {
        "game_time": 30.329209739342332,
        "vehicle_location": {
            "x": -74.44155883789062,
            "y": 155.0281982421875,
            "z": -0.15315105020999908
        },
        "vehicle_velocity": {
            "x": -0.05357395112514496,
            "y": -1.2423574924468994,
            "z": -0.0002157211274607107
        },
        "vehicle_throttle": 0.0,
        "unique_collisions": 0,
        "solid_lane_crosses": 2,
        "double_solid_lane_crosses": 0
    },
    {
        "game_time": 31.38624280691147,
        "vehicle_location": {
            "x": -74.4548568725586,
            "y": 154.72840881347656,
            "z": -0.16353270411491394
        },
        "vehicle_velocity": {
            "x": 0.0001443466462660581,
            "y": 0.003219854086637497,
            "z": -8.680343307787552e-05
        },
        "vehicle_throttle": 0.0,
        "unique_collisions": 0,
        "solid_lane_crosses": 2,
        "double_solid_lane_crosses": 0
    },
    {
        "game_time": 32.386249555274844,
        "vehicle_location": {
            "x": -74.45475006103516,
            "y": 154.73013305664062,
            "z": -0.16059653460979462
        },
        "vehicle_velocity": {
            "x": -7.946503501443658e-06,
            "y": -0.00018062538583762944,
            "z": -0.0001328086800640449
        },
        "vehicle_throttle": 0.0,
        "unique_collisions": 0,
        "solid_lane_crosses": 2,
        "double_solid_lane_crosses": 0
    },
    {
        "game_time": 33.424764635041356,
        "vehicle_location": {
            "x": -74.45478820800781,
            "y": 154.7295684814453,
            "z": -0.161625936627388
        },
        "vehicle_velocity": {
            "x": 2.728671120166837e-07,
            "y": 4.646375145966886e-06,
            "z": -0.0007393836858682334
        },
        "vehicle_throttle": 0.0,
        "unique_collisions": 0,
        "solid_lane_crosses": 2,
        "double_solid_lane_crosses": 0
    },
    {
        "game_time": 34.441535379737616,
        "vehicle_location": {
            "x": -74.45478820800781,
            "y": 154.7295684814453,
            "z": -0.16162040829658508
        },
        "vehicle_velocity": {
            "x": 4.893458083188307e-08,
            "y": -2.1599608768241296e-09,
            "z": 0.00020585536549333483
        },
        "vehicle_throttle": 0.0,
        "unique_collisions": 0,
        "solid_lane_crosses": 2,
        "double_solid_lane_crosses": 0
    },
    {
        "game_time": 35.50987674295902,
        "vehicle_location": {
            "x": -74.45478820800781,
            "y": 154.7295684814453,
            "z": -0.16159163415431976
        },
        "vehicle_velocity": {
            "x": 1.7043641165059853e-08,
            "y": 1.0944374295718262e-08,
            "z": -0.00012653350131586194
        },
        "vehicle_throttle": 0.0,
        "unique_collisions": 0,
        "solid_lane_crosses": 2,
        "double_solid_lane_crosses": 0
    },
    {
        "game_time": 36.515634475275874,
        "vehicle_location": {
            "x": -74.45478820800781,
            "y": 154.7295684814453,
            "z": -0.16158466041088104
        },
        "vehicle_velocity": {
            "x": 6.9499854760124435e-09,
            "y": 7.001787344362853e-11,
            "z": -0.0002574920654296875
        },
        "vehicle_throttle": 0.0,
        "unique_collisions": 0,
        "solid_lane_crosses": 2,
        "double_solid_lane_crosses": 0
    },
    {
        "game_time": 37.55829660780728,
        "vehicle_location": {
            "x": -74.45478820800781,
            "y": 154.7295684814453,
            "z": -0.161616250872612
        },
        "vehicle_velocity": {
            "x": 4.37628919769395e-08,
            "y": -2.3655988279358553e-09,
            "z": -0.0003453254757914692
        },
        "vehicle_throttle": 0.0,
        "unique_collisions": 0,
        "solid_lane_crosses": 2,
        "double_solid_lane_crosses": 0
    },
    {
        "game_time": 38.57908893749118,
        "vehicle_location": {
            "x": -74.45478820800781,
            "y": 154.7295684814453,
            "z": -0.16162623465061188
        },
        "vehicle_velocity": {
            "x": -1.6525529389355142e-08,
            "y": 1.0181722132074356e-08,
            "z": -7.171630568336695e-05
        },
        "vehicle_throttle": 0.0,
        "unique_collisions": 0,
        "solid_lane_crosses": 2,
        "double_solid_lane_crosses": 0
    },
    {
        "game_time": 39.5977424364537,
        "vehicle_location": {
            "x": -74.45478820800781,
            "y": 154.7295684814453,
            "z": -0.16159182786941528
        },
        "vehicle_velocity": {
            "x": -1.04849426918463e-08,
            "y": -1.46573935211336e-08,
            "z": -0.00035584450233727694
        },
        "vehicle_throttle": 0.0,
        "unique_collisions": 0,
        "solid_lane_crosses": 2,
        "double_solid_lane_crosses": 0
    },
    {
        "game_time": 40.65406124852598,
        "vehicle_location": {
            "x": -74.45478820800781,
            "y": 154.7295684814453,
            "z": -0.16163212060928345
        },
        "vehicle_velocity": {
            "x": -2.7024611881643068e-08,
            "y": -7.720809769296011e-09,
            "z": 0.00021639822807628661
        },
        "vehicle_throttle": 0.0,
        "unique_collisions": 0,
        "solid_lane_crosses": 2,
        "double_solid_lane_crosses": 0
    },
    {
        "game_time": 41.664339734241366,
        "vehicle_location": {
            "x": -74.45478820800781,
            "y": 154.7295684814453,
            "z": -0.1616436392068863
        },
        "vehicle_velocity": {
            "x": -1.4787110202973963e-08,
            "y": 4.536977460389835e-09,
            "z": -0.0003317737428005785
        },
        "vehicle_throttle": 0.0,
        "unique_collisions": 0,
        "solid_lane_crosses": 2,
        "double_solid_lane_crosses": 0
    },
    {
        "game_time": 42.68048515357077,
        "vehicle_location": {
            "x": -74.45478820800781,
            "y": 154.7295684814453,
            "z": -0.16158927977085114
        },
        "vehicle_velocity": {
            "x": -1.8993079109463906e-08,
            "y": -3.276348303771215e-09,
            "z": -0.0004225063312333077
        },
        "vehicle_throttle": 0.0,
        "unique_collisions": 0,
        "solid_lane_crosses": 2,
        "double_solid_lane_crosses": 0
    },
    {
        "game_time": 43.72553615272045,
        "vehicle_location": {
            "x": -74.45478820800781,
            "y": 154.7295684814453,
            "z": -0.16167327761650085
        },
        "vehicle_velocity": {
            "x": -6.79956402294124e-09,
            "y": 3.912840718101052e-09,
            "z": -0.00036770818405784667
        },
        "vehicle_throttle": 0.0,
        "unique_collisions": 0,
        "solid_lane_crosses": 2,
        "double_solid_lane_crosses": 0
    },
    {
        "game_time": 44.776347199454904,
        "vehicle_location": {
            "x": -74.45478820800781,
            "y": 154.7295684814453,
            "z": -0.1616664081811905
        },
        "vehicle_velocity": {
            "x": -2.2339238014978946e-08,
            "y": -8.755436375906811e-09,
            "z": -6.666183253400959e-06
        },
        "vehicle_throttle": 0.0,
        "unique_collisions": 0,
        "solid_lane_crosses": 2,
        "double_solid_lane_crosses": 0
    },
    {
        "game_time": 45.79762106202543,
        "vehicle_location": {
            "x": -74.45478820800781,
            "y": 154.7295684814453,
            "z": -0.16160307824611664
        },
        "vehicle_velocity": {
            "x": -1.6502536226425946e-08,
            "y": 8.346364488431846e-09,
            "z": -0.0003123664646409452
        },
        "vehicle_throttle": 0.0,
        "unique_collisions": 0,
        "solid_lane_crosses": 2,
        "double_solid_lane_crosses": 0
    },
    {
        "game_time": 46.83985930867493,
        "vehicle_location": {
            "x": -74.45478820800781,
            "y": 154.7295684814453,
            "z": -0.1616315096616745
        },
        "vehicle_velocity": {
            "x": -1.9588439315043615e-08,
            "y": 9.765046549148337e-09,
            "z": 0.00026794432778842747
        },
        "vehicle_throttle": 0.0,
        "unique_collisions": 0,
        "solid_lane_crosses": 2,
        "double_solid_lane_crosses": 0
    },
    {
        "game_time": 47.889732621610165,
        "vehicle_location": {
            "x": -74.45478820800781,
            "y": 154.7295684814453,
            "z": -0.1616334468126297
        },
        "vehicle_velocity": {
            "x": -8.128917095007182e-09,
            "y": -5.482450049498766e-09,
            "z": -0.0005645751953125
        },
        "vehicle_throttle": 0.0,
        "unique_collisions": 0,
        "solid_lane_crosses": 2,
        "double_solid_lane_crosses": 0
    },
    {
        "game_time": 48.96525620110333,
        "vehicle_location": {
            "x": -74.45478820800781,
            "y": 154.7295684814453,
            "z": -0.16161727905273438
        },
        "vehicle_velocity": {
            "x": 2.0509341780439172e-08,
            "y": -1.2874746824209637e-09,
            "z": -0.0004983425023965538
        },
        "vehicle_throttle": 0.0,
        "unique_collisions": 0,
        "solid_lane_crosses": 2,
        "double_solid_lane_crosses": 0
    },
    {
        "game_time": 49.970477821305394,
        "vehicle_location": {
            "x": -74.47093963623047,
            "y": 154.27537536621094,
            "z": -0.17011764645576477
        },
        "vehicle_velocity": {
            "x": -0.02042367495596409,
            "y": -1.2368327379226685,
            "z": -2.265453258587513e-05
        },
        "vehicle_throttle": 0.75,
        "unique_collisions": 0,
        "solid_lane_crosses": 2,
        "double_solid_lane_crosses": 0
    },
    {
        "game_time": 51.00240925513208,
        "vehicle_location": {
            "x": -74.52857971191406,
            "y": 152.07594299316406,
            "z": -0.1665417104959488
        },
        "vehicle_velocity": {
            "x": -0.049943309277296066,
            "y": -2.934771776199341,
            "z": -0.00024109840160235763
        },
        "vehicle_throttle": 0.75,
        "unique_collisions": 0,
        "solid_lane_crosses": 2,
        "double_solid_lane_crosses": 0
    },
    {
        "game_time": 52.06882885098457,
        "vehicle_location": {
            "x": -74.57746887207031,
            "y": 148.26412963867188,
            "z": -0.16462188959121704
        },
        "vehicle_velocity": {
            "x": -0.009831627830862999,
            "y": -4.069397926330566,
            "z": 0.00026463507674634457
        },
        "vehicle_throttle": 0.75,
        "unique_collisions": 0,
        "solid_lane_crosses": 2,
        "double_solid_lane_crosses": 0
    },
    {
        "game_time": 53.07944971136749,
        "vehicle_location": {
            "x": -74.03661346435547,
            "y": 143.34181213378906,
            "z": -0.15869662165641785
        },
        "vehicle_velocity": {
            "x": 1.5522961616516113,
            "y": -5.32241153717041,
            "z": 0.00775005342438817
        },
        "vehicle_throttle": 0.2713398337364197,
        "unique_collisions": 0,
        "solid_lane_crosses": 2,
        "double_solid_lane_crosses": 0
    },
    {
        "game_time": 54.08015920035541,
        "vehicle_location": {
            "x": -71.37188720703125,
            "y": 138.81411743164062,
            "z": -0.14654876291751862
        },
        "vehicle_velocity": {
            "x": 4.423959255218506,
            "y": -3.146433115005493,
            "z": 0.007524786051362753
        },
        "vehicle_throttle": 0.4706285893917084,
        "unique_collisions": 0,
        "solid_lane_crosses": 2,
        "double_solid_lane_crosses": 0
    },
    {
        "game_time": 55.12441575527191,
        "vehicle_location": {
            "x": -66.33480834960938,
            "y": 136.5123748779297,
            "z": -0.15669803321361542
        },
        "vehicle_velocity": {
            "x": 5.276986122131348,
            "y": -1.2154241800308228,
            "z": -0.0007326030754484236
        },
        "vehicle_throttle": 0.5980588793754578,
        "unique_collisions": 0,
        "solid_lane_crosses": 2,
        "double_solid_lane_crosses": 0
    },
    {
        "game_time": 56.17577298916876,
        "vehicle_location": {
            "x": -60.69661331176758,
            "y": 135.67916870117188,
            "z": -0.16113173961639404
        },
        "vehicle_velocity": {
            "x": 5.431294918060303,
            "y": -0.4349653124809265,
            "z": -0.00046872138045728207
        },
        "vehicle_throttle": 0.42900562286376953,
        "unique_collisions": 0,
        "solid_lane_crosses": 2,
        "double_solid_lane_crosses": 0
    },
    {
        "game_time": 57.20267975702882,
        "vehicle_location": {
            "x": -55.12919235229492,
            "y": 135.348388671875,
            "z": -0.16195346415042877
        },
        "vehicle_velocity": {
            "x": 5.4260759353637695,
            "y": -0.23856791853904724,
            "z": -4.04548627557233e-05
        },
        "vehicle_throttle": 0.44803720712661743,
        "unique_collisions": 0,
        "solid_lane_crosses": 2,
        "double_solid_lane_crosses": 0
    },
    {
        "game_time": 58.245262026786804,
        "vehicle_location": {
            "x": -49.473045349121094,
            "y": 135.14234924316406,
            "z": -0.16147753596305847
        },
        "vehicle_velocity": {
            "x": 5.425029277801514,
            "y": -0.1694347858428955,
            "z": -2.2792814888816793e-06
        },
        "vehicle_throttle": 0.47550615668296814,
        "unique_collisions": 0,
        "solid_lane_crosses": 2,
        "double_solid_lane_crosses": 0
    },
    {
        "game_time": 59.25321561098099,
        "vehicle_location": {
            "x": -44.00120162963867,
            "y": 134.9879913330078,
            "z": -0.16152939200401306
        },
        "vehicle_velocity": {
            "x": 5.430398464202881,
            "y": -0.13444818556308746,
            "z": 9.346007914246002e-07
        },
        "vehicle_throttle": 0.45640650391578674,
        "unique_collisions": 0,
        "solid_lane_crosses": 2,
        "double_solid_lane_crosses": 0
    },
    {
        "game_time": 60.26236295327544,
        "vehicle_location": {
            "x": -38.54206085205078,
            "y": 134.85096740722656,
            "z": -0.1604461669921875
        },
        "vehicle_velocity": {
            "x": 5.181675434112549,
            "y": -0.12576834857463837,
            "z": -1.926422100950731e-06
        },
        "vehicle_throttle": 0.0,
        "unique_collisions": 0,
        "solid_lane_crosses": 2,
        "double_solid_lane_crosses": 0
    },
    {
        "game_time": 61.307313250377774,
        "vehicle_location": {
            "x": -34.54985427856445,
            "y": 134.755859375,
            "z": -0.1509930044412613
        },
        "vehicle_velocity": {
            "x": 2.3765532970428467,
            "y": -0.05572788044810295,
            "z": -8.80336738191545e-05
        },
        "vehicle_throttle": 0.0,
        "unique_collisions": 0,
        "solid_lane_crosses": 2,
        "double_solid_lane_crosses": 0
    },
    {
        "game_time": 62.34691456146538,
        "vehicle_location": {
            "x": -33.51339340209961,
            "y": 134.73150634765625,
            "z": -0.15422938764095306
        },
        "vehicle_velocity": {
            "x": -0.0041302950121462345,
            "y": 0.00010614944039843976,
            "z": -0.00011947631719522178
        },
        "vehicle_throttle": 0.0,
        "unique_collisions": 0,
        "solid_lane_crosses": 2,
        "double_solid_lane_crosses": 0
    },
    {
        "game_time": 63.38896932452917,
        "vehicle_location": {
            "x": -33.50870132446289,
            "y": 134.73133850097656,
            "z": -0.16243384778499603
        },
        "vehicle_velocity": {
            "x": 0.0020432528108358383,
            "y": -4.8174937546718866e-05,
            "z": 0.00015265464026015252
        },
        "vehicle_throttle": 0.0,
        "unique_collisions": 0,
        "solid_lane_crosses": 2,
        "double_solid_lane_crosses": 0
    },
    {
        "game_time": 64.44205034151673,
        "vehicle_location": {
            "x": -33.509178161621094,
            "y": 134.73135375976562,
            "z": -0.16157177090644836
        },
        "vehicle_velocity": {
            "x": -7.970182196004316e-05,
            "y": 1.90450543868792e-06,
            "z": 8.948325557867065e-05
        },
        "vehicle_throttle": 0.0,
        "unique_collisions": 0,
        "solid_lane_crosses": 2,
        "double_solid_lane_crosses": 0
    },
    {
        "game_time": 65.4556125421077,
        "vehicle_location": {
            "x": -33.509132385253906,
            "y": 134.73133850097656,
            "z": -0.16165180504322052
        },
        "vehicle_velocity": {
            "x": 4.249722351801211e-09,
            "y": 8.057445199938229e-08,
            "z": -6.999969627941027e-05
        },
        "vehicle_throttle": 0.0,
        "unique_collisions": 0,
        "solid_lane_crosses": 2,
        "double_solid_lane_crosses": 0
    },
    {
        "game_time": 66.46489801350981,
        "vehicle_location": {
            "x": -33.509132385253906,
            "y": 134.73133850097656,
            "z": -0.1615939736366272
        },
        "vehicle_velocity": {
            "x": 3.2522631254749967e-09,
            "y": -2.441108293282923e-08,
            "z": 0.0003078937588725239
        },
        "vehicle_throttle": 0.0,
        "unique_collisions": 0,
        "solid_lane_crosses": 2,
        "double_solid_lane_crosses": 0
    },
    {
        "game_time": 67.4832854019478,
        "vehicle_location": {
            "x": -33.509132385253906,
            "y": 134.73133850097656,
            "z": -0.16163676977157593
        },
        "vehicle_velocity": {
            "x": -1.1824837997664872e-08,
            "y": 7.104868249285801e-09,
            "z": -0.0003553199640009552
        },
        "vehicle_throttle": 0.0,
        "unique_collisions": 0,
        "solid_lane_crosses": 2,
        "double_solid_lane_crosses": 0
    },
    {
        "game_time": 68.52424361836165,
        "vehicle_location": {
            "x": -33.509132385253906,
            "y": 134.73133850097656,
            "z": -0.1616186797618866
        },
        "vehicle_velocity": {
            "x": -9.22530496438867e-09,
            "y": 1.0821338491950883e-08,
            "z": -0.0002617835998535156
        },
        "vehicle_throttle": 0.0,
        "unique_collisions": 0,
        "solid_lane_crosses": 2,
        "double_solid_lane_crosses": 0
    },
    {
        "game_time": 69.54731670580804,
        "vehicle_location": {
            "x": -33.509132385253906,
            "y": 134.73133850097656,
            "z": -0.1616576761007309
        },
        "vehicle_velocity": {
            "x": 8.158153264048451e-09,
            "y": 5.094323185517169e-09,
            "z": 1.8863676814362407e-05
        },
        "vehicle_throttle": 0.0,
        "unique_collisions": 0,
        "solid_lane_crosses": 2,
        "double_solid_lane_crosses": 0
    },
    {
        "game_time": 70.5496035926044,
        "vehicle_location": {
            "x": -33.509132385253906,
            "y": 134.73133850097656,
            "z": -0.16165275871753693
        },
        "vehicle_velocity": {
            "x": -1.3480985217029229e-09,
            "y": 4.597950464813039e-08,
            "z": -0.00010643005225574598
        },
        "vehicle_throttle": 0.0,
        "unique_collisions": 0,
        "solid_lane_crosses": 2,
        "double_solid_lane_crosses": 0
    },
    {
        "game_time": 71.5940098632127,
        "vehicle_location": {
            "x": -33.509132385253906,
            "y": 134.73133850097656,
            "z": -0.1616283357143402
        },
        "vehicle_velocity": {
            "x": 5.5301874191115985e-09,
            "y": 1.4495071809506044e-09,
            "z": -2.8324127470114036e-06
        },
        "vehicle_throttle": 0.0,
        "unique_collisions": 0,
        "solid_lane_crosses": 2,
        "double_solid_lane_crosses": 0
    },
    {
        "game_time": 72.64275765046477,
        "vehicle_location": {
            "x": -33.509132385253906,
            "y": 134.73133850097656,
            "z": -0.16165916621685028
        },
        "vehicle_velocity": {
            "x": -1.2000402893619366e-09,
            "y": -1.2115801695244954e-08,
            "z": -0.00041733740363270044
        },
        "vehicle_throttle": 0.0,
        "unique_collisions": 0,
        "solid_lane_crosses": 2,
        "double_solid_lane_crosses": 0
    },
    {
        "game_time": 73.67736459337175,
        "vehicle_location": {
            "x": -33.509132385253906,
            "y": 134.73133850097656,
            "z": -0.16167007386684418
        },
        "vehicle_velocity": {
            "x": 1.5078863713213764e-09,
            "y": -1.766427004668003e-08,
            "z": -0.0001408481621183455
        },
        "vehicle_throttle": 0.0,
        "unique_collisions": 0,
        "solid_lane_crosses": 2,
        "double_solid_lane_crosses": 0
    },
    {
        "game_time": 74.69378085061908,
        "vehicle_location": {
            "x": -33.509132385253906,
            "y": 134.73133850097656,
            "z": -0.16166038811206818
        },
        "vehicle_velocity": {
            "x": 5.492540866569584e-10,
            "y": 2.8995508216667076e-09,
            "z": -0.00017290115647483617
        },
        "vehicle_throttle": 0.0,
        "unique_collisions": 0,
        "solid_lane_crosses": 2,
        "double_solid_lane_crosses": 0
    },
    {
        "game_time": 75.71127284131944,
        "vehicle_location": {
            "x": -33.509132385253906,
            "y": 134.73133850097656,
            "z": -0.16165851056575775
        },
        "vehicle_velocity": {
            "x": 5.909281508564845e-09,
            "y": -3.5431548806030833e-09,
            "z": -0.0002641010214574635
        },
        "vehicle_throttle": 0.0,
        "unique_collisions": 0,
        "solid_lane_crosses": 2,
        "double_solid_lane_crosses": 0
    },
    {
        "game_time": 76.7452186383307,
        "vehicle_location": {
            "x": -33.509132385253906,
            "y": 134.73133850097656,
            "z": -0.1616344451904297
        },
        "vehicle_velocity": {
            "x": -9.034393788631689e-10,
            "y": -1.6806000147084887e-08,
            "z": -0.0001336002314928919
        },
        "vehicle_throttle": 0.0,
        "unique_collisions": 0,
        "solid_lane_crosses": 2,
        "double_solid_lane_crosses": 0
    },
    {
        "game_time": 77.75453087873757,
        "vehicle_location": {
            "x": -33.509132385253906,
            "y": 134.73133850097656,
            "z": -0.1616264283657074
        },
        "vehicle_velocity": {
            "x": 6.529670582011704e-09,
            "y": 4.8250438311470134e-08,
            "z": -7.236480450956151e-05
        },
        "vehicle_throttle": 0.0,
        "unique_collisions": 0,
        "solid_lane_crosses": 2,
        "double_solid_lane_crosses": 0
    },
    {
        "game_time": 78.77424865588546,
        "vehicle_location": {
            "x": -33.509132385253906,
            "y": 134.73133850097656,
            "z": -0.16164813935756683
        },
        "vehicle_velocity": {
            "x": 2.377230856609458e-09,
            "y": 5.3148028200666886e-09,
            "z": -0.0003037357237190008
        },
        "vehicle_throttle": 0.0,
        "unique_collisions": 0,
        "solid_lane_crosses": 2,
        "double_solid_lane_crosses": 0
    },
    {
        "game_time": 79.77898896392435,
        "vehicle_location": {
            "x": -33.509132385253906,
            "y": 134.73133850097656,
            "z": -0.1616719365119934
        },
        "vehicle_velocity": {
            "x": -7.303279314641031e-09,
            "y": 4.3289990259154365e-08,
            "z": 6.135940202511847e-05
        },
        "vehicle_throttle": 0.0,
        "unique_collisions": 0,
        "solid_lane_crosses": 2,
        "double_solid_lane_crosses": 0
    },
    {
        "game_time": 80.79021432437003,
        "vehicle_location": {
            "x": -33.509132385253906,
            "y": 134.73133850097656,
            "z": -0.16165657341480255
        },
        "vehicle_velocity": {
            "x": 9.17067921601955e-10,
            "y": -2.869573023644989e-08,
            "z": -0.000232696533203125
        },
        "vehicle_throttle": 0.0,
        "unique_collisions": 0,
        "solid_lane_crosses": 2,
        "double_solid_lane_crosses": 0
    },
    {
        "game_time": 81.82596944272518,
        "vehicle_location": {
            "x": -33.509132385253906,
            "y": 134.73133850097656,
            "z": -0.1616249829530716
        },
        "vehicle_velocity": {
            "x": -1.1103736818895982e-09,
            "y": -1.9024218644858593e-08,
            "z": 0.0005770778516307473
        },
        "vehicle_throttle": 0.0,
        "unique_collisions": 0,
        "solid_lane_crosses": 2,
        "double_solid_lane_crosses": 0
    },
    {
        "game_time": 82.91239572316408,
        "vehicle_location": {
            "x": -33.509132385253906,
            "y": 134.73133850097656,
            "z": -0.16166888177394867
        },
        "vehicle_velocity": {
            "x": -1.035163066376299e-09,
            "y": -1.1881654771173089e-08,
            "z": -0.00039610860403627157
        },
        "vehicle_throttle": 0.0,
        "unique_collisions": 0,
        "solid_lane_crosses": 2,
        "double_solid_lane_crosses": 0
    },
    {
        "game_time": 83.95962262898684,
        "vehicle_location": {
            "x": -33.509132385253906,
            "y": 134.73133850097656,
            "z": -0.1616138070821762
        },
        "vehicle_velocity": {
            "x": -6.8969572275534574e-09,
            "y": 8.643350923875914e-09,
            "z": -0.0003924083721358329
        },
        "vehicle_throttle": 0.0,
        "unique_collisions": 0,
        "solid_lane_crosses": 2,
        "double_solid_lane_crosses": 0
    },
    {
        "game_time": 84.97103265859187,
        "vehicle_location": {
            "x": -33.509132385253906,
            "y": 134.73133850097656,
            "z": -0.16159354150295258
        },
        "vehicle_velocity": {
            "x": -2.8471835999965833e-10,
            "y": -8.469529966248501e-09,
            "z": 7.102965901140124e-05
        },
        "vehicle_throttle": 0.0,
        "unique_collisions": 0,
        "solid_lane_crosses": 2,
        "double_solid_lane_crosses": 0
    },
    {
        "game_time": 85.99307001382113,
        "vehicle_location": {
            "x": -33.509132385253906,
            "y": 134.73133850097656,
            "z": -0.16163264214992523
        },
        "vehicle_velocity": {
            "x": 6.665727081411887e-09,
            "y": -2.0902370945208304e-09,
            "z": -0.00020045280689373612
        },
        "vehicle_throttle": 0.0,
        "unique_collisions": 0,
        "solid_lane_crosses": 2,
        "double_solid_lane_crosses": 0
    },
    {
        "game_time": 87.02964266389608,
        "vehicle_location": {
            "x": -33.509132385253906,
            "y": 134.73133850097656,
            "z": -0.1617058962583542
        },
        "vehicle_velocity": {
            "x": -6.149957765266834e-10,
            "y": -1.6497596178055574e-08,
            "z": -0.00019948958652094007
        },
        "vehicle_throttle": 0.0,
        "unique_collisions": 0,
        "solid_lane_crosses": 2,
        "double_solid_lane_crosses": 0
    },
    {
        "game_time": 88.05519577674568,
        "vehicle_location": {
            "x": -33.509132385253906,
            "y": 134.73133850097656,
            "z": -0.16159752011299133
        },
        "vehicle_velocity": {
            "x": -2.380766916942889e-09,
            "y": -1.731006982197414e-08,
            "z": -0.00040984153747558594
        },
        "vehicle_throttle": 0.0,
        "unique_collisions": 0,
        "solid_lane_crosses": 2,
        "double_solid_lane_crosses": 0
    },
    {
        "game_time": 89.08047404140234,
        "vehicle_location": {
            "x": -33.509132385253906,
            "y": 134.73133850097656,
            "z": -0.1616852879524231
        },
        "vehicle_velocity": {
            "x": -7.53656234642186e-11,
            "y": -9.415618507091494e-09,
            "z": -0.0005423068650998175
        },
        "vehicle_throttle": 0.0,
        "unique_collisions": 0,
        "solid_lane_crosses": 2,
        "double_solid_lane_crosses": 0
    },
    {
        "game_time": 90.1060159727931,
        "vehicle_location": {
            "x": -33.509132385253906,
            "y": 134.73133850097656,
            "z": -0.16165579855442047
        },
        "vehicle_velocity": {
            "x": 1.979427732834438e-09,
            "y": 9.145519008768588e-09,
            "z": -0.00019608497677836567
        },
        "vehicle_throttle": 0.0,
        "unique_collisions": 0,
        "solid_lane_crosses": 2,
        "double_solid_lane_crosses": 0
    },
    {
        "game_time": 91.14949146471918,
        "vehicle_location": {
            "x": -33.509132385253906,
            "y": 134.73133850097656,
            "z": -0.16156893968582153
        },
        "vehicle_velocity": {
            "x": -3.1646385512118513e-09,
            "y": 3.2080855749683224e-09,
            "z": 0.0003177022736053914
        },
        "vehicle_throttle": 0.0,
        "unique_collisions": 0,
        "solid_lane_crosses": 2,
        "double_solid_lane_crosses": 0
    },
    {
        "game_time": 92.17568761482835,
        "vehicle_location": {
            "x": -33.509132385253906,
            "y": 134.73133850097656,
            "z": -0.16160038113594055
        },
        "vehicle_velocity": {
            "x": -2.939386734013283e-09,
            "y": -1.4914661505827098e-08,
            "z": -0.00010669707990018651
        },
        "vehicle_throttle": 0.0,
        "unique_collisions": 0,
        "solid_lane_crosses": 2,
        "double_solid_lane_crosses": 0
    },
    {
        "game_time": 93.21299461275339,
        "vehicle_location": {
            "x": -33.509132385253906,
            "y": 134.73133850097656,
            "z": -0.16160255670547485
        },
        "vehicle_velocity": {
            "x": 9.188397265269543e-11,
            "y": -1.2545344318937168e-08,
            "z": -1.625060940568801e-05
        },
        "vehicle_throttle": 0.0,
        "unique_collisions": 0,
        "solid_lane_crosses": 2,
        "double_solid_lane_crosses": 0
    },
    {
        "game_time": 94.26782379858196,
        "vehicle_location": {
            "x": -33.509132385253906,
            "y": 134.73133850097656,
            "z": -0.1616346389055252
        },
        "vehicle_velocity": {
            "x": -1.1703036317811666e-09,
            "y": -2.4227770012430483e-08,
            "z": -6.29425039733178e-06
        },
        "vehicle_throttle": 0.0,
        "unique_collisions": 0,
        "solid_lane_crosses": 2,
        "double_solid_lane_crosses": 0
    },
    {
        "game_time": 95.29934674035758,
        "vehicle_location": {
            "x": -33.509132385253906,
            "y": 134.73133850097656,
            "z": -0.16165244579315186
        },
        "vehicle_velocity": {
            "x": 3.629473666055816e-10,
            "y": -1.1728293003443468e-08,
            "z": -0.0002276706654811278
        },
        "vehicle_throttle": 0.0,
        "unique_collisions": 0,
        "solid_lane_crosses": 2,
        "double_solid_lane_crosses": 0
    },
    {
        "game_time": 96.30365722160786,
        "vehicle_location": {
            "x": -33.509132385253906,
            "y": 134.73133850097656,
            "z": -0.1616429090499878
        },
        "vehicle_velocity": {
            "x": -3.0935274342169805e-09,
            "y": -1.9617788282744186e-08,
            "z": -0.00043433188693597913
        },
        "vehicle_throttle": 0.0,
        "unique_collisions": 0,
        "solid_lane_crosses": 2,
        "double_solid_lane_crosses": 0
    },
    {
        "game_time": 97.34610085468739,
        "vehicle_location": {
            "x": -32.93332290649414,
            "y": 134.71783447265625,
            "z": -0.17024394869804382
        },
        "vehicle_velocity": {
            "x": 1.4054229259490967,
            "y": -0.03288360312581062,
            "z": -0.00017189979553222656
        },
        "vehicle_throttle": 0.75,
        "unique_collisions": 0,
        "solid_lane_crosses": 2,
        "double_solid_lane_crosses": 0
    },
    {
        "game_time": 98.40201603155583,
        "vehicle_location": {
            "x": -30.503097534179688,
            "y": 134.66168212890625,
            "z": -0.1665077954530716
        },
        "vehicle_velocity": {
            "x": 3.096081495285034,
            "y": -0.07107497751712799,
            "z": -0.0002650260867085308
        },
        "vehicle_throttle": 0.75,
        "unique_collisions": 0,
        "solid_lane_crosses": 2,
        "double_solid_lane_crosses": 0
    },
    {
        "game_time": 99.41242662351578,
        "vehicle_location": {
            "x": -26.783592224121094,
            "y": 134.57652282714844,
            "z": -0.16465629637241364
        },
        "vehicle_velocity": {
            "x": 4.216703414916992,
            "y": -0.09618103504180908,
            "z": -0.00041453359881415963
        },
        "vehicle_throttle": 0.75,
        "unique_collisions": 0,
        "solid_lane_crosses": 2,
        "double_solid_lane_crosses": 0
    },
    {
        "game_time": 100.43642074149102,
        "vehicle_location": {
            "x": -21.571332931518555,
            "y": 134.45797729492188,
            "z": -0.1646648794412613
        },
        "vehicle_velocity": {
            "x": 5.521694183349609,
            "y": -0.1253819614648819,
            "z": -0.00021605490474030375
        },
        "vehicle_throttle": 0.0,
        "unique_collisions": 0,
        "solid_lane_crosses": 2,
        "double_solid_lane_crosses": 0
    },
    {
        "game_time": 101.44721495267004,
        "vehicle_location": {
            "x": -16.25261878967285,
            "y": 134.34158325195312,
            "z": -0.15755455195903778
        },
        "vehicle_velocity": {
            "x": 4.649994850158691,
            "y": -0.09634385257959366,
            "z": -0.0007994556217454374
        },
        "vehicle_throttle": 0.0,
        "unique_collisions": 0,
        "solid_lane_crosses": 2,
        "double_solid_lane_crosses": 0
    },
    {
        "game_time": 102.46603164356202,
        "vehicle_location": {
            "x": -12.955034255981445,
            "y": 134.28475952148438,
            "z": -0.1528923064470291
        },
        "vehicle_velocity": {
            "x": 1.8777461051940918,
            "y": -0.03134702891111374,
            "z": 9.374618457513861e-06
        },
        "vehicle_throttle": 0.0,
        "unique_collisions": 0,
        "solid_lane_crosses": 2,
        "double_solid_lane_crosses": 0
    },
    {
        "game_time": 103.47144688572735,
        "vehicle_location": {
            "x": -11.234262466430664,
            "y": 134.26589965820312,
            "z": -0.1714491993188858
        },
        "vehicle_velocity": {
            "x": 2.3044846057891846,
            "y": -0.020775802433490753,
            "z": -0.0003212356532458216
        },
        "vehicle_throttle": 0.75,
        "unique_collisions": 0,
        "solid_lane_crosses": 2,
        "double_solid_lane_crosses": 0
    },
    {
        "game_time": 104.50559794623405,
        "vehicle_location": {
            "x": -8.094123840332031,
            "y": 134.26522827148438,
            "z": -0.16480979323387146
        },
        "vehicle_velocity": {
            "x": 3.680565595626831,
            "y": 0.018837161362171173,
            "z": -1.4390944670594763e-05
        },
        "vehicle_throttle": 0.75,
        "unique_collisions": 0,
        "solid_lane_crosses": 2,
        "double_solid_lane_crosses": 0
    },
    {
        "game_time": 105.54678225982934,
        "vehicle_location": {
            "x": -3.5882668495178223,
            "y": 134.32290649414062,
            "z": -0.16907374560832977
        },
        "vehicle_velocity": {
            "x": 5.148610591888428,
            "y": 0.08767588436603546,
            "z": 0.0008501815609633923
        },
        "vehicle_throttle": 0.75,
        "unique_collisions": 0,
        "solid_lane_crosses": 2,
        "double_solid_lane_crosses": 0
    },
    {
        "game_time": 106.57138173095882,
        "vehicle_location": {
            "x": 1.9459989070892334,
            "y": 134.3998260498047,
            "z": -0.1575356274843216
        },
        "vehicle_velocity": {
            "x": 5.4172186851501465,
            "y": 0.0035990497563034296,
            "z": 3.7698744563385844e-05
        },
        "vehicle_throttle": 0.6604704260826111,
        "unique_collisions": 0,
        "solid_lane_crosses": 2,
        "double_solid_lane_crosses": 0
    },
    {
        "game_time": 107.59908830467612,
        "vehicle_location": {
            "x": 7.544031620025635,
            "y": 134.41624450683594,
            "z": -0.16186389327049255
        },
        "vehicle_velocity": {
            "x": 5.476565837860107,
            "y": -0.012047717347741127,
            "z": 3.204345603080583e-06
        },
        "vehicle_throttle": 0.28316688537597656,
        "unique_collisions": 0,
        "solid_lane_crosses": 2,
        "double_solid_lane_crosses": 0
    },
    {
        "game_time": 108.6117088822648,
        "vehicle_location": {
            "x": 13.042919158935547,
            "y": 134.37753295898438,
            "z": -0.161798894405365
        },
        "vehicle_velocity": {
            "x": 5.4126129150390625,
            "y": -0.05217502638697624,
            "z": 1.0681152389224735e-06
        },
        "vehicle_throttle": 0.500995397567749,
        "unique_collisions": 0,
        "solid_lane_crosses": 2,
        "double_solid_lane_crosses": 0
    },
    {
        "game_time": 109.64707553666085,
        "vehicle_location": {
            "x": 18.662303924560547,
            "y": 134.31748962402344,
            "z": -0.1614297777414322
        },
        "vehicle_velocity": {
            "x": 5.433043479919434,
            "y": -0.05955260992050171,
            "z": -4.577636616431846e-07
        },
        "vehicle_throttle": 0.465568482875824,
        "unique_collisions": 0,
        "solid_lane_crosses": 2,
        "double_solid_lane_crosses": 0
    }
]