[
    {
        "game_time": 7.530367581639439,
        "vehicle_location": {
            "x": -143.51600646972656,
            "y": -89.66542053222656,
            "z": -0.0400659553706646
        },
        "vehicle_velocity": {
            "x": 0.9718098044395447,
            "y": -0.8416773080825806,
            "z": 0.0003310298779979348
        },
        "vehicle_throttle": 0.75,
        "unique_collisions": 0,
        "solid_lane_crosses": 0,
        "double_solid_lane_crosses": 0
    },
    {
        "game_time": 8.53769780183211,
        "vehicle_location": {
            "x": -142.29031372070312,
            "y": -91.00377655029297,
            "z": -0.03481533005833626
        },
        "vehicle_velocity": {
            "x": 0.44997531175613403,
            "y": -0.9887410402297974,
            "z": 0.00036011217162013054
        },
        "vehicle_throttle": 0.0,
        "unique_collisions": 0,
        "solid_lane_crosses": 1,
        "double_solid_lane_crosses": 0
    },
    {
        "game_time": 9.607340302783996,
        "vehicle_location": {
            "x": -141.4652862548828,
            "y": -92.42237854003906,
            "z": -0.03754569962620735
        },
        "vehicle_velocity": {
            "x": 0.9826707243919373,
            "y": -1.6360965967178345,
            "z": 0.0002372121816733852
        },
        "vehicle_throttle": 0.0,
        "unique_collisions": 0,
        "solid_lane_crosses": 1,
        "double_solid_lane_crosses": 0
    },
    {
        "game_time": 10.648692625109106,
        "vehicle_location": {
            "x": -140.7744598388672,
            "y": -93.36770629882812,
            "z": -0.03937973082065582
        },
        "vehicle_velocity": {
            "x": 1.0569871664047241,
            "y": -1.4143717288970947,
            "z": 0.0002467250742483884
        },
        "vehicle_throttle": 0.75,
        "unique_collisions": 0,
        "solid_lane_crosses": 1,
        "double_solid_lane_crosses": 0
    },
    {
        "game_time": 11.711746557150036,
        "vehicle_location": {
            "x": -138.510498046875,
            "y": -94.9925537109375,
            "z": -0.03908450901508331
        },
        "vehicle_velocity": {
            "x": 3.38681960105896,
            "y": -1.4028568267822266,
            "z": 0.0010103273671120405
        },
        "vehicle_throttle": 0.75,
        "unique_collisions": 0,
        "solid_lane_crosses": 1,
        "double_solid_lane_crosses": 0
    },
    {
        "game_time": 12.77011611731723,
        "vehicle_location": {
            "x": -133.97154235839844,
            "y": -96.3830337524414,
            "z": -0.03659728914499283
        },
        "vehicle_velocity": {
            "x": 4.438050270080566,
            "y": -0.7507200241088867,
            "z": 0.0006200504139997065
        },
        "vehicle_throttle": 0.0,
        "unique_collisions": 0,
        "solid_lane_crosses": 2,
        "double_solid_lane_crosses": 0
    },
    {
        "game_time": 13.818040071520954,
        "vehicle_location": {
            "x": -131.5139617919922,
            "y": -96.8710708618164,
            "z": -0.03893043473362923
        },
        "vehicle_velocity": {
            "x": 2.069382429122925,
            "y": -0.1662602573633194,
            "z": -0.0010641574626788497
        },
        "vehicle_throttle": 0.75,
        "unique_collisions": 0,
        "solid_lane_crosses": 3,
        "double_solid_lane_crosses": 0
    },
    {
        "game_time": 14.828757606912404,
        "vehicle_location": {
            "x": -128.4714813232422,
            "y": -97.17467498779297,
            "z": -0.03932582587003708
        },
        "vehicle_velocity": {
            "x": 3.9202537536621094,
            "y": -0.34743693470954895,
            "z": 0.0003845882310997695
        },
        "vehicle_throttle": 0.0,
        "unique_collisions": 0,
        "solid_lane_crosses": 3,
        "double_solid_lane_crosses": 0
    },
    {
        "game_time": 15.848994302097708,
        "vehicle_location": {
            "x": -125.41667938232422,
            "y": -97.41389465332031,
            "z": -0.03832084685564041
        },
        "vehicle_velocity": {
            "x": 2.998047113418579,
            "y": -0.22587282955646515,
            "z": 0.00016168117872439325
        },
        "vehicle_throttle": 0.0,
        "unique_collisions": 0,
        "solid_lane_crosses": 3,
        "double_solid_lane_crosses": 0
    },
    {
        "game_time": 16.915080374572426,
        "vehicle_location": {
            "x": -123.75582885742188,
            "y": -97.53028106689453,
            "z": -0.036197394132614136
        },
        "vehicle_velocity": {
            "x": 0.7104929685592651,
            "y": -0.049163009971380234,
            "z": -0.0007693004445172846
        },
        "vehicle_throttle": 0.75,
        "unique_collisions": 0,
        "solid_lane_crosses": 3,
        "double_solid_lane_crosses": 0
    },
    {
        "game_time": 17.937741136644036,
        "vehicle_location": {
            "x": -123.24178314208984,
            "y": -97.56620025634766,
            "z": -0.037063293159008026
        },
        "vehicle_velocity": {
            "x": 0.19433948397636414,
            "y": -0.013505427166819572,
            "z": -0.00022365569020621479
        },
        "vehicle_throttle": 0.75,
        "unique_collisions": 0,
        "solid_lane_crosses": 3,
        "double_solid_lane_crosses": 0
    },
    {
        "game_time": 19.000122445169836,
        "vehicle_location": {
            "x": -122.95929718017578,
            "y": -97.58172607421875,
            "z": -0.03703044727444649
        },
        "vehicle_velocity": {
            "x": 0.00013551936717703938,
            "y": 8.675977733219042e-05,
            "z": 0.00073382374830544
        },
        "vehicle_throttle": 0.75,
        "unique_collisions": 0,
        "solid_lane_crosses": 3,
        "double_solid_lane_crosses": 0
    },
    {
        "game_time": 20.04934661509469,
        "vehicle_location": {
            "x": -122.84244537353516,
            "y": -97.58869934082031,
            "z": -0.03709518164396286
        },
        "vehicle_velocity": {
            "x": 0.0011845880653709173,
            "y": -0.0002405105042271316,
            "z": 0.00024919986026361585
        },
        "vehicle_throttle": 0.0,
        "unique_collisions": 0,
        "solid_lane_crosses": 3,
        "double_solid_lane_crosses": 0
    },
    {
        "game_time": 21.071326887700707,
        "vehicle_location": {
            "x": -122.77803802490234,
            "y": -97.59258270263672,
            "z": -0.03857234865427017
        },
        "vehicle_velocity": {
            "x": 0.3761790692806244,
            "y": -0.022009093314409256,
            "z": 4.150390668655746e-05
        },
        "vehicle_throttle": 0.75,
        "unique_collisions": 0,
        "solid_lane_crosses": 3,
        "double_solid_lane_crosses": 0
    },
    {
        "game_time": 22.078650692943484,
        "vehicle_location": {
            "x": -121.7667465209961,
            "y": -97.65660095214844,
            "z": -0.03934841230511665
        },
        "vehicle_velocity": {
            "x": 1.7392420768737793,
            "y": -0.10897573828697205,
            "z": -0.00011296271986793727
        },
        "vehicle_throttle": 0.75,
        "unique_collisions": 0,
        "solid_lane_crosses": 3,
        "double_solid_lane_crosses": 0
    },
    {
        "game_time": 23.147808988112956,
        "vehicle_location": {
            "x": -119.25453186035156,
            "y": -97.80372619628906,
            "z": -0.03701072558760643
        },
        "vehicle_velocity": {
            "x": 2.249793767929077,
            "y": -0.12737323343753815,
            "z": 7.42816919228062e-05
        },
        "vehicle_throttle": 0.75,
        "unique_collisions": 0,
        "solid_lane_crosses": 3,
        "double_solid_lane_crosses": 0
    },
    {
        "game_time": 24.14924574503675,
        "vehicle_location": {
            "x": -117.98589324951172,
            "y": -97.8763427734375,
            "z": -0.0364263541996479
        },
        "vehicle_velocity": {
            "x": 0.6052296161651611,
            "y": -0.03439224511384964,
            "z": 0.0003043317701667547
        },
        "vehicle_throttle": 0.75,
        "unique_collisions": 0,
        "solid_lane_crosses": 3,
        "double_solid_lane_crosses": 0
    },
    {
        "game_time": 25.201960297767073,
        "vehicle_location": {
            "x": -117.53770446777344,
            "y": -97.89948272705078,
            "z": -0.03689330816268921
        },
        "vehicle_velocity": {
            "x": 0.1502896100282669,
            "y": -0.008337162435054779,
            "z": 8.692741539562121e-05
        },
        "vehicle_throttle": 0.75,
        "unique_collisions": 0,
        "solid_lane_crosses": 3,
        "double_solid_lane_crosses": 0
    },
    {
        "game_time": 26.218310792464763,
        "vehicle_location": {
            "x": -117.32129669189453,
            "y": -97.9127426147461,
            "z": -0.03775409609079361
        },
        "vehicle_velocity": {
            "x": 0.26434779167175293,
            "y": -0.015130135230720043,
            "z": -0.0002532577491365373
        },
        "vehicle_throttle": 0.75,
        "unique_collisions": 0,
        "solid_lane_crosses": 3,
        "double_solid_lane_crosses": 0
    },
    {
        "game_time": 27.279506208840758,
        "vehicle_location": {
            "x": -117.20369720458984,
            "y": -97.91847229003906,
            "z": -0.03738243132829666
        },
        "vehicle_velocity": {
            "x": -0.0005461966502480209,
            "y": 2.2146120954857906e-06,
            "z": 0.0002233648265246302
        },
        "vehicle_throttle": 0.0,
        "unique_collisions": 0,
        "solid_lane_crosses": 3,
        "double_solid_lane_crosses": 0
    },
    {
        "game_time": 28.339832621160895,
        "vehicle_location": {
            "x": -117.15381622314453,
            "y": -97.92121887207031,
            "z": -0.03830863907933235
        },
        "vehicle_velocity": {
            "x": 0.31418588757514954,
            "y": -0.017792334780097008,
            "z": 0.00013788223441224545
        },
        "vehicle_throttle": 0.75,
        "unique_collisions": 0,
        "solid_lane_crosses": 3,
        "double_solid_lane_crosses": 0
    },
    {
        "game_time": 29.34317274997011,
        "vehicle_location": {
            "x": -115.99345397949219,
            "y": -97.9853515625,
            "z": -0.039311256259679794
        },
        "vehicle_velocity": {
            "x": 2.0121867656707764,
            "y": -0.11090166121721268,
            "z": -0.0007443141657859087
        },
        "vehicle_throttle": 0.75,
        "unique_collisions": 0,
        "solid_lane_crosses": 3,
        "double_solid_lane_crosses": 0
    },
    {
        "game_time": 30.406917673069984,
        "vehicle_location": {
            "x": -113.0846939086914,
            "y": -97.99014282226562,
            "z": -0.03704383596777916
        },
        "vehicle_velocity": {
            "x": 2.8119161128997803,
            "y": 0.21822360157966614,
            "z": 0.00012208461703266948
        },
        "vehicle_throttle": 0.75,
        "unique_collisions": 0,
        "solid_lane_crosses": 3,
        "double_solid_lane_crosses": 0
    },
    {
        "game_time": 31.48126062238589,
        "vehicle_location": {
            "x": -109.93473052978516,
            "y": -97.48365020751953,
            "z": -0.03527042269706726
        },
        "vehicle_velocity": {
            "x": 1.8927700519561768,
            "y": 0.6798679828643799,
            "z": -0.0010422992054373026
        },
        "vehicle_throttle": 0.75,
        "unique_collisions": 0,
        "solid_lane_crosses": 3,
        "double_solid_lane_crosses": 0
    },
    {
        "game_time": 32.51664240891114,
        "vehicle_location": {
            "x": -107.30406951904297,
            "y": -96.33309173583984,
            "z": -0.03893253207206726
        },
        "vehicle_velocity": {
            "x": 2.91933274269104,
            "y": 2.2022924423217773,
            "z": -0.00011384963727323338
        },
        "vehicle_throttle": 0.75,
        "unique_collisions": 0,
        "solid_lane_crosses": 3,
        "double_solid_lane_crosses": 0
    },
    {
        "game_time": 33.56451008701697,
        "vehicle_location": {
            "x": -104.32242584228516,
            "y": -92.66189575195312,
            "z": -0.03672679886221886
        },
        "vehicle_velocity": {
            "x": 2.0815439224243164,
            "y": 5.288027763366699,
            "z": -0.0004870462289545685
        },
        "vehicle_throttle": 0.34676891565322876,
        "unique_collisions": 0,
        "solid_lane_crosses": 4,
        "double_solid_lane_crosses": 0
    },
    {
        "game_time": 34.584782481659204,
        "vehicle_location": {
            "x": -103.03997802734375,
            "y": -87.8686294555664,
            "z": -0.03786613419651985
        },
        "vehicle_velocity": {
            "x": 0.45333951711654663,
            "y": 4.37576150894165,
            "z": -0.0007529354188591242
        },
        "vehicle_throttle": 0.75,
        "unique_collisions": 0,
        "solid_lane_crosses": 4,
        "double_solid_lane_crosses": 0
    },
    {
        "game_time": 35.58483276562765,
        "vehicle_location": {
            "x": -102.66873931884766,
            "y": -84.47224426269531,
            "z": -0.03317077457904816
        },
        "vehicle_velocity": {
            "x": 0.1092061772942543,
            "y": 1.097436785697937,
            "z": 0.0002618217549752444
        },
        "vehicle_throttle": 0.0,
        "unique_collisions": 0,
        "solid_lane_crosses": 4,
        "double_solid_lane_crosses": 0
    },
    {
        "game_time": 36.597106487024575,
        "vehicle_location": {
            "x": -102.65394592285156,
            "y": -84.34358978271484,
            "z": -0.037712935358285904
        },
        "vehicle_velocity": {
            "x": -6.098789981479058e-06,
            "y": -4.543808245216496e-05,
            "z": -0.0007395172142423689
        },
        "vehicle_throttle": 0.0,
        "unique_collisions": 0,
        "solid_lane_crosses": 4,
        "double_solid_lane_crosses": 0
    },
    {
        "game_time": 37.63202368887141,
        "vehicle_location": {
            "x": -102.65394592285156,
            "y": -84.34358215332031,
            "z": -0.03775165602564812
        },
        "vehicle_velocity": {
            "x": -1.9347908164490946e-08,
            "y": -7.82747022753938e-09,
            "z": 4.570961027638987e-05
        },
        "vehicle_throttle": 0.0,
        "unique_collisions": 0,
        "solid_lane_crosses": 4,
        "double_solid_lane_crosses": 0
    },
    {
        "game_time": 38.64289628015831,
        "vehicle_location": {
            "x": -102.64995574951172,
            "y": -84.2933578491211,
            "z": -0.03897498920559883
        },
        "vehicle_velocity": {
            "x": 0.03663858771324158,
            "y": 0.46644285321235657,
            "z": 0.00013323783059604466
        },
        "vehicle_throttle": 0.75,
        "unique_collisions": 0,
        "solid_lane_crosses": 4,
        "double_solid_lane_crosses": 0
    },
    {
        "game_time": 39.70028688991442,
        "vehicle_location": {
            "x": -102.59590911865234,
            "y": -83.4172134399414,
            "z": -0.03860874101519585
        },
        "vehicle_velocity": {
            "x": 0.03044200874865055,
            "y": 0.7929976582527161,
            "z": -0.0002860927488654852
        },
        "vehicle_throttle": 0.0,
        "unique_collisions": 0,
        "solid_lane_crosses": 4,
        "double_solid_lane_crosses": 0
    },
    {
        "game_time": 40.77626342372969,
        "vehicle_location": {
            "x": -102.57504272460938,
            "y": -83.06539916992188,
            "z": -0.03642021119594574
        },
        "vehicle_velocity": {
            "x": 0.0007301130099222064,
            "y": 0.0018077681306749582,
            "z": -0.0002184486365877092
        },
        "vehicle_throttle": 0.0,
        "unique_collisions": 0,
        "solid_lane_crosses": 4,
        "double_solid_lane_crosses": 0
    },
    {
        "game_time": 41.83954936871305,
        "vehicle_location": {
            "x": -102.56612396240234,
            "y": -82.86141204833984,
            "z": -0.03739818558096886
        },
        "vehicle_velocity": {
            "x": -0.00010467750689713284,
            "y": 0.002621117513626814,
            "z": 0.0004702615551650524
        },
        "vehicle_throttle": 0.0,
        "unique_collisions": 0,
        "solid_lane_crosses": 4,
        "double_solid_lane_crosses": 0
    },
    {
        "game_time": 42.86012229183689,
        "vehicle_location": {
            "x": -102.56446838378906,
            "y": -82.83880615234375,
            "z": -0.037734489887952805
        },
        "vehicle_velocity": {
            "x": 0.003253946313634515,
            "y": 0.07823006808757782,
            "z": 0.0007913350709713995
        },
        "vehicle_throttle": 0.75,
        "unique_collisions": 0,
        "solid_lane_crosses": 4,
        "double_solid_lane_crosses": 0
    },
    {
        "game_time": 43.90174177149311,
        "vehicle_location": {
            "x": -102.53374481201172,
            "y": -82.20990753173828,
            "z": -0.03828571364283562
        },
        "vehicle_velocity": {
            "x": 0.04852909967303276,
            "y": 1.0518344640731812,
            "z": 0.0006901454762555659
        },
        "vehicle_throttle": 0.0,
        "unique_collisions": 0,
        "solid_lane_crosses": 4,
        "double_solid_lane_crosses": 0
    },
    {
        "game_time": 44.90704546170309,
        "vehicle_location": {
            "x": -102.50753784179688,
            "y": -81.62893676757812,
            "z": -0.039009131491184235
        },
        "vehicle_velocity": {
            "x": 0.032308753579854965,
            "y": 0.6962750554084778,
            "z": 0.00045315740862861276
        },
        "vehicle_throttle": 0.0,
        "unique_collisions": 0,
        "solid_lane_crosses": 4,
        "double_solid_lane_crosses": 0
    },
    {
        "game_time": 45.952521060127765,
        "vehicle_location": {
            "x": -102.5011978149414,
            "y": -81.37661743164062,
            "z": -0.03710155561566353
        },
        "vehicle_velocity": {
            "x": 0.001983006251975894,
            "y": 0.10921408236026764,
            "z": 0.0003692912869155407
        },
        "vehicle_throttle": 0.75,
        "unique_collisions": 0,
        "solid_lane_crosses": 4,
        "double_solid_lane_crosses": 0
    },
    {
        "game_time": 46.991512403357774,
        "vehicle_location": {
            "x": -102.49679565429688,
            "y": -81.22432708740234,
            "z": -0.037374839186668396
        },
        "vehicle_velocity": {
            "x": 0.00024322561512235552,
            "y": 0.02267276495695114,
            "z": -0.0004148769367020577
        },
        "vehicle_throttle": 0.75,
        "unique_collisions": 0,
        "solid_lane_crosses": 4,
        "double_solid_lane_crosses": 0
    },
    {
        "game_time": 48.032028168905526,
        "vehicle_location": {
            "x": -102.49565887451172,
            "y": -81.19709014892578,
            "z": -0.03771144896745682
        },
        "vehicle_velocity": {
            "x": 1.2508341740158357e-07,
            "y": -4.6349082367669325e-06,
            "z": 0.0004478073096834123
        },
        "vehicle_throttle": 0.0,
        "unique_collisions": 0,
        "solid_lane_crosses": 4,
        "double_solid_lane_crosses": 0
    },
    {
        "game_time": 49.09057350503281,
        "vehicle_location": {
            "x": -102.49481964111328,
            "y": -81.15355682373047,
            "z": -0.03723277896642685
        },
        "vehicle_velocity": {
            "x": -1.1017718861694448e-05,
            "y": 0.0002365473483223468,
            "z": -5.804061584058218e-05
        },
        "vehicle_throttle": 0.75,
        "unique_collisions": 0,
        "solid_lane_crosses": 4,
        "double_solid_lane_crosses": 0
    },
    {
        "game_time": 50.12475798884407,
        "vehicle_location": {
            "x": -102.47200012207031,
            "y": -80.31776428222656,
            "z": -0.03916366398334503
        },
        "vehicle_velocity": {
            "x": 0.03586827591061592,
            "y": 1.400280237197876,
            "z": -6.212234438862652e-05
        },
        "vehicle_throttle": 0.75,
        "unique_collisions": 0,
        "solid_lane_crosses": 4,
        "double_solid_lane_crosses": 0
    },
    {
        "game_time": 51.163762972224504,
        "vehicle_location": {
            "x": -102.436279296875,
            "y": -77.85591888427734,
            "z": -0.039345357567071915
        },
        "vehicle_velocity": {
            "x": 0.04718811810016632,
            "y": 3.341970443725586,
            "z": 0.00010174750786973163
        },
        "vehicle_throttle": 0.75,
        "unique_collisions": 0,
        "solid_lane_crosses": 4,
        "double_solid_lane_crosses": 0
    },
    {
        "game_time": 52.18755793618038,
        "vehicle_location": {
            "x": -102.41586303710938,
            "y": -74.0989990234375,
            "z": -0.03752383962273598
        },
        "vehicle_velocity": {
            "x": -3.1484916689805686e-05,
            "y": 3.4055111408233643,
            "z": -0.001017560949549079
        },
        "vehicle_throttle": 0.75,
        "unique_collisions": 0,
        "solid_lane_crosses": 4,
        "double_solid_lane_crosses": 0
    },
    {
        "game_time": 53.22141820983961,
        "vehicle_location": {
            "x": -102.41487884521484,
            "y": -70.1734619140625,
            "z": -0.038302574306726456
        },
        "vehicle_velocity": {
            "x": -0.009584554471075535,
            "y": 3.895597219467163,
            "z": -0.00021333694166969508
        },
        "vehicle_throttle": 0.75,
        "unique_collisions": 0,
        "solid_lane_crosses": 4,
        "double_solid_lane_crosses": 0
    },
    {
        "game_time": 54.225816471967846,
        "vehicle_location": {
            "x": -102.42826080322266,
            "y": -65.36414337158203,
            "z": -0.03989337757229805
        },
        "vehicle_velocity": {
            "x": -0.02828219160437584,
            "y": 5.858928203582764,
            "z": -0.00031103132641874254
        },
        "vehicle_throttle": 0.0,
        "unique_collisions": 0,
        "solid_lane_crosses": 4,
        "double_solid_lane_crosses": 0
    },
    {
        "game_time": 55.226715891156346,
        "vehicle_location": {
            "x": -102.44835662841797,
            "y": -60.5388069152832,
            "z": -0.03755699098110199
        },
        "vehicle_velocity": {
            "x": -0.019421758130192757,
            "y": 4.228454113006592,
            "z": -0.0011094092624261975
        },
        "vehicle_throttle": 0.75,
        "unique_collisions": 0,
        "solid_lane_crosses": 4,
        "double_solid_lane_crosses": 0
    },
    {
        "game_time": 56.25711329514161,
        "vehicle_location": {
            "x": -102.47360229492188,
            "y": -55.33833694458008,
            "z": -0.03805530443787575
        },
        "vehicle_velocity": {
            "x": -0.02657528966665268,
            "y": 5.570187091827393,
            "z": -3.1385421607410535e-05
        },
        "vehicle_throttle": 0.0,
        "unique_collisions": 0,
        "solid_lane_crosses": 4,
        "double_solid_lane_crosses": 0
    },
    {
        "game_time": 57.3451903690584,
        "vehicle_location": {
            "x": -102.48738098144531,
            "y": -52.5732421875,
            "z": -0.03452537581324577
        },
        "vehicle_velocity": {
            "x": 2.6552695999271236e-05,
            "y": -0.0065940022468566895,
            "z": 0.00015327453729696572
        },
        "vehicle_throttle": 0.0,
        "unique_collisions": 0,
        "solid_lane_crosses": 4,
        "double_solid_lane_crosses": 0
    },
    {
        "game_time": 58.41087389038876,
        "vehicle_location": {
            "x": -102.48738861083984,
            "y": -52.57068634033203,
            "z": -0.03774375841021538
        },
        "vehicle_velocity": {
            "x": 3.3209932581712565e-08,
            "y": 5.527526809601113e-07,
            "z": -0.00016965865506790578
        },
        "vehicle_throttle": 0.0,
        "unique_collisions": 0,
        "solid_lane_crosses": 4,
        "double_solid_lane_crosses": 0
    },
    {
        "game_time": 59.4158133068122,
        "vehicle_location": {
            "x": -102.48738861083984,
            "y": -52.57068634033203,
            "z": -0.03773128241300583
        },
        "vehicle_velocity": {
            "x": -1.0012864315456227e-08,
            "y": -1.9458472166888896e-08,
            "z": 0.0007641887641511858
        },
        "vehicle_throttle": 0.0,
        "unique_collisions": 0,
        "solid_lane_crosses": 4,
        "double_solid_lane_crosses": 0
    },
    {
        "game_time": 60.452907369006425,
        "vehicle_location": {
            "x": -102.48738861083984,
            "y": -52.57068634033203,
            "z": -0.03770946338772774
        },
        "vehicle_velocity": {
            "x": -1.5544275200340962e-08,
            "y": 4.6923062768655655e-08,
            "z": 0.0004391002585180104
        },
        "vehicle_throttle": 0.0,
        "unique_collisions": 0,
        "solid_lane_crosses": 4,
        "double_solid_lane_crosses": 0
    },
    {
        "game_time": 61.46738196210936,
        "vehicle_location": {
            "x": -102.48738861083984,
            "y": -52.57068634033203,
            "z": -0.037717703729867935
        },
        "vehicle_velocity": {
            "x": 9.486419116910838e-08,
            "y": -3.794259839651204e-08,
            "z": -4.457473551155999e-05
        },
        "vehicle_throttle": 0.0,
        "unique_collisions": 0,
        "solid_lane_crosses": 4,
        "double_solid_lane_crosses": 0
    },
    {
        "game_time": 62.54753978783265,
        "vehicle_location": {
            "x": -102.48735809326172,
            "y": -52.56148147583008,
            "z": -0.03814426437020302
        },
        "vehicle_velocity": {
            "x": -0.0005078954272903502,
            "y": 0.1743338704109192,
            "z": 0.00047608852037228644
        },
        "vehicle_throttle": 0.75,
        "unique_collisions": 0,
        "solid_lane_crosses": 4,
        "double_solid_lane_crosses": 0
    },
    {
        "game_time": 63.57673025550321,
        "vehicle_location": {
            "x": -102.49445343017578,
            "y": -51.20338439941406,
            "z": -0.03922431915998459
        },
        "vehicle_velocity": {
            "x": -0.01193191297352314,
            "y": 2.295987844467163,
            "z": 0.0002682590566109866
        },
        "vehicle_throttle": 0.75,
        "unique_collisions": 0,
        "solid_lane_crosses": 4,
        "double_solid_lane_crosses": 0
    },
    {
        "game_time": 64.63582278648391,
        "vehicle_location": {
            "x": -102.51299285888672,
            "y": -47.69084930419922,
            "z": -0.03938949480652809
        },
        "vehicle_velocity": {
            "x": -0.023210370913147926,
            "y": 4.349201202392578,
            "z": 0.0009448241908103228
        },
        "vehicle_throttle": 0.75,
        "unique_collisions": 0,
        "solid_lane_crosses": 4,
        "double_solid_lane_crosses": 0
    },
    {
        "game_time": 65.68067119689658,
        "vehicle_location": {
            "x": -102.77460479736328,
            "y": -42.30695343017578,
            "z": -0.035520896315574646
        },
        "vehicle_velocity": {
            "x": -1.2831207513809204,
            "y": 4.8084259033203125,
            "z": -0.0032681559678167105
        },
        "vehicle_throttle": 0.75,
        "unique_collisions": 0,
        "solid_lane_crosses": 4,
        "double_solid_lane_crosses": 0
    },
    {
        "game_time": 66.70583059312776,
        "vehicle_location": {
            "x": -103.56658935546875,
            "y": -39.86959457397461,
            "z": -0.038032758980989456
        },
        "vehicle_velocity": {
            "x": -1.0801631212234497,
            "y": 1.0426517724990845,
            "z": 0.000959372497163713
        },
        "vehicle_throttle": 0.75,
        "unique_collisions": 0,
        "solid_lane_crosses": 4,
        "double_solid_lane_crosses": 0
    },
    {
        "game_time": 67.78020249912515,
        "vehicle_location": {
            "x": -105.55839538574219,
            "y": -38.2365608215332,
            "z": -0.03877338394522667
        },
        "vehicle_velocity": {
            "x": -3.168213367462158,
            "y": 1.1436854600906372,
            "z": 0.0004543590475805104
        },
        "vehicle_throttle": 0.75,
        "unique_collisions": 0,
        "solid_lane_crosses": 5,
        "double_solid_lane_crosses": 0
    },
    {
        "game_time": 68.82209033006802,
        "vehicle_location": {
            "x": -109.54084014892578,
            "y": -37.06709289550781,
            "z": -0.03493007645010948
        },
        "vehicle_velocity": {
            "x": -3.3139052391052246,
            "y": 0.5747913122177124,
            "z": 0.0007226467132568359
        },
        "vehicle_throttle": 0.75,
        "unique_collisions": 0,
        "solid_lane_crosses": 5,
        "double_solid_lane_crosses": 0
    },
    {
        "game_time": 69.88590122247115,
        "vehicle_location": {
            "x": -113.59912109375,
            "y": -36.63142013549805,
            "z": -0.03663574159145355
        },
        "vehicle_velocity": {
            "x": -3.821937084197998,
            "y": 0.2909086048603058,
            "z": 1.9350050934008323e-05
        },
        "vehicle_throttle": 0.0,
        "unique_collisions": 0,
        "solid_lane_crosses": 5,
        "double_solid_lane_crosses": 0
    },
    {
        "game_time": 70.96012341277674,
        "vehicle_location": {
            "x": -117.47714233398438,
            "y": -36.47136306762695,
            "z": -0.03813648223876953
        },
        "vehicle_velocity": {
            "x": -3.9661288261413574,
            "y": 0.09767243266105652,
            "z": -0.0006254577310755849
        },
        "vehicle_throttle": 0.0,
        "unique_collisions": 0,
        "solid_lane_crosses": 5,
        "double_solid_lane_crosses": 0
    },
    {
        "game_time": 71.98272843146697,
        "vehicle_location": {
            "x": -120.99052429199219,
            "y": -36.42047119140625,
            "z": -0.0363500602543354
        },
        "vehicle_velocity": {
            "x": -4.085585594177246,
            "y": 0.05515207722783089,
            "z": 0.005488052032887936
        },
        "vehicle_throttle": 0.75,
        "unique_collisions": 0,
        "solid_lane_crosses": 5,
        "double_solid_lane_crosses": 0
    },
    {
        "game_time": 73.05603973241523,
        "vehicle_location": {
            "x": -125.0950927734375,
            "y": -36.40461349487305,
            "z": -0.028917236253619194
        },
        "vehicle_velocity": {
            "x": -3.8802578449249268,
            "y": 0.008929001167416573,
            "z": 0.013422450982034206
        },
        "vehicle_throttle": 0.75,
        "unique_collisions": 0,
        "solid_lane_crosses": 5,
        "double_solid_lane_crosses": 0
    },
    {
        "game_time": 74.12669458100572,
        "vehicle_location": {
            "x": -128.31700134277344,
            "y": -36.408546447753906,
            "z": -0.016118278726935387
        },
        "vehicle_velocity": {
            "x": -1.95693838596344,
            "y": -0.005316321738064289,
            "z": 0.007305622100830078
        },
        "vehicle_throttle": 0.75,
        "unique_collisions": 0,
        "solid_lane_crosses": 5,
        "double_solid_lane_crosses": 0
    },
    {
        "game_time": 75.20374660240486,
        "vehicle_location": {
            "x": -129.52308654785156,
            "y": -36.41177749633789,
            "z": -0.011638526804745197
        },
        "vehicle_velocity": {
            "x": -0.7693535685539246,
            "y": -0.002063449937850237,
            "z": 0.0033111427910625935
        },
        "vehicle_throttle": 0.0,
        "unique_collisions": 0,
        "solid_lane_crosses": 5,
        "double_solid_lane_crosses": 0
    },
    {
        "game_time": 76.2762249824591,
        "vehicle_location": {
            "x": -129.86302185058594,
            "y": -36.412445068359375,
            "z": -0.00925849936902523
        },
        "vehicle_velocity": {
            "x": -0.0639381855726242,
            "y": 0.0002266403753310442,
            "z": 0.00014418602222576737
        },
        "vehicle_throttle": 0.75,
        "unique_collisions": 0,
        "solid_lane_crosses": 5,
        "double_solid_lane_crosses": 0
    },
    {
        "game_time": 77.3193954792805,
        "vehicle_location": {
            "x": -130.00271606445312,
            "y": -36.41459274291992,
            "z": -0.009730415418744087
        },
        "vehicle_velocity": {
            "x": -0.00755918025970459,
            "y": -0.010022778064012527,
            "z": -0.0006858283304609358
        },
        "vehicle_throttle": 0.0,
        "unique_collisions": 0,
        "solid_lane_crosses": 5,
        "double_solid_lane_crosses": 0
    },
    {
        "game_time": 78.34436071338132,
        "vehicle_location": {
            "x": -130.11827087402344,
            "y": -36.41377639770508,
            "z": -0.009185600094497204
        },
        "vehicle_velocity": {
            "x": -0.1602296531200409,
            "y": -0.0007518987986259162,
            "z": 0.0011615896364673972
        },
        "vehicle_throttle": 0.75,
        "unique_collisions": 0,
        "solid_lane_crosses": 5,
        "double_solid_lane_crosses": 0
    },
    {
        "game_time": 79.37910814443603,
        "vehicle_location": {
            "x": -130.6055450439453,
            "y": -36.415531158447266,
            "z": -0.008824119344353676
        },
        "vehicle_velocity": {
            "x": -1.3324949741363525,
            "y": -0.006307562813162804,
            "z": 0.008015613071620464
        },
        "vehicle_throttle": 0.75,
        "unique_collisions": 0,
        "solid_lane_crosses": 5,
        "double_solid_lane_crosses": 0
    },
    {
        "game_time": 80.43259186157957,
        "vehicle_location": {
            "x": -133.04110717773438,
            "y": -36.43011474609375,
            "z": 0.004675750620663166
        },
        "vehicle_velocity": {
            "x": -3.2868854999542236,
            "y": -0.02306905947625637,
            "z": 0.02014416642487049
        },
        "vehicle_throttle": 0.75,
        "unique_collisions": 0,
        "solid_lane_crosses": 5,
        "double_solid_lane_crosses": 0
    },
    {
        "game_time": 81.4795212619938,
        "vehicle_location": {
            "x": -137.53091430664062,
            "y": -36.47437286376953,
            "z": 0.03646507114171982
        },
        "vehicle_velocity": {
            "x": -5.112822532653809,
            "y": -0.047054603695869446,
            "z": 0.04462923854589462
        },
        "vehicle_throttle": 0.75,
        "unique_collisions": 0,
        "solid_lane_crosses": 5,
        "double_solid_lane_crosses": 0
    },
    {
        "game_time": 82.50496996054426,
        "vehicle_location": {
            "x": -142.63502502441406,
            "y": -37.10237121582031,
            "z": 0.085530124604702
        },
        "vehicle_velocity": {
            "x": -3.7495107650756836,
            "y": -1.4914355278015137,
            "z": 0.036849621683359146
        },
        "vehicle_throttle": 0.75,
        "unique_collisions": 0,
        "solid_lane_crosses": 5,
        "double_solid_lane_crosses": 0
    },
    {
        "game_time": 83.56604270869866,
        "vehicle_location": {
            "x": -144.42611694335938,
            "y": -37.71404266357422,
            "z": 0.09467632323503494
        },
        "vehicle_velocity": {
            "x": -0.0036803625989705324,
            "y": 0.0008397650672122836,
            "z": -0.013325616717338562
        },
        "vehicle_throttle": 0.75,
        "unique_collisions": 1,
        "solid_lane_crosses": 5,
        "double_solid_lane_crosses": 0
    },
    {
        "game_time": 84.56862336909398,
        "vehicle_location": {
            "x": -144.42686462402344,
            "y": -37.712669372558594,
            "z": 0.09560901671648026
        },
        "vehicle_velocity": {
            "x": 0.0,
            "y": 0.0,
            "z": 0.0
        },
        "vehicle_throttle": 0.75,
        "unique_collisions": 1,
        "solid_lane_crosses": 5,
        "double_solid_lane_crosses": 0
    },
    {
        "game_time": 85.58718971488997,
        "vehicle_location": {
            "x": -144.42828369140625,
            "y": -37.711578369140625,
            "z": 0.09558593481779099
        },
        "vehicle_velocity": {
            "x": -0.0011855864431709051,
            "y": 0.0006644749664701521,
            "z": 0.0001975676423171535
        },
        "vehicle_throttle": 0.75,
        "unique_collisions": 1,
        "solid_lane_crosses": 5,
        "double_solid_lane_crosses": 0
    },
    {
        "game_time": 86.64717968227342,
        "vehicle_location": {
            "x": -144.42979431152344,
            "y": -37.710411071777344,
            "z": 0.09560039639472961
        },
        "vehicle_velocity": {
            "x": -0.0009843206498771906,
            "y": 0.00023693083494435996,
            "z": 1.6711503121769056e-05
        },
        "vehicle_throttle": 0.75,
        "unique_collisions": 1,
        "solid_lane_crosses": 5,
        "double_solid_lane_crosses": 0
    },
    {
        "game_time": 87.68280437448993,
        "vehicle_location": {
            "x": -144.43128967285156,
            "y": -37.709251403808594,
            "z": 0.09561938792467117
        },
        "vehicle_velocity": {
            "x": -0.0013731580693274736,
            "y": 0.0006373142823576927,
            "z": 0.00038134364876896143
        },
        "vehicle_throttle": 0.75,
        "unique_collisions": 1,
        "solid_lane_crosses": 5,
        "double_solid_lane_crosses": 0
    },
    {
        "game_time": 88.72816812386736,
        "vehicle_location": {
            "x": -144.4327392578125,
            "y": -37.70811462402344,
            "z": 0.09562145173549652
        },
        "vehicle_velocity": {
            "x": -0.0011527764145284891,
            "y": 0.0007093214662745595,
            "z": -0.0002447956649120897
        },
        "vehicle_throttle": 0.75,
        "unique_collisions": 1,
        "solid_lane_crosses": 5,
        "double_solid_lane_crosses": 0
    },
    {
        "game_time": 89.77481066947803,
        "vehicle_location": {
            "x": -144.4342803955078,
            "y": -37.70691680908203,
            "z": 0.09568259865045547
        },
        "vehicle_velocity": {
            "x": -0.0012676662299782038,
            "y": 0.0008469938766211271,
            "z": 6.007313641021028e-05
        },
        "vehicle_throttle": 0.75,
        "unique_collisions": 1,
        "solid_lane_crosses": 5,
        "double_solid_lane_crosses": 0
    },
    {
        "game_time": 90.81577778654173,
        "vehicle_location": {
            "x": -144.4359130859375,
            "y": -37.70567321777344,
            "z": 0.09564464539289474
        },
        "vehicle_velocity": {
            "x": -0.0012806033482775092,
            "y": 0.000806596246547997,
            "z": -0.0002553370431996882
        },
        "vehicle_throttle": 0.75,
        "unique_collisions": 1,
        "solid_lane_crosses": 5,
        "double_solid_lane_crosses": 0
    },
    {
        "game_time": 91.8417953341268,
        "vehicle_location": {
            "x": -144.4375,
            "y": -37.704429626464844,
            "z": 0.09570865333080292
        },
        "vehicle_velocity": {
            "x": -0.0013012599665671587,
            "y": 0.0009086108184419572,
            "z": -0.000108235479274299
        },
        "vehicle_throttle": 0.75,
        "unique_collisions": 1,
        "solid_lane_crosses": 5,
        "double_solid_lane_crosses": 0
    },
    {
        "game_time": 92.86310178833082,
        "vehicle_location": {
            "x": -144.43910217285156,
            "y": -37.70322036743164,
            "z": 0.09567660838365555
        },
        "vehicle_velocity": {
            "x": -0.0015551274409517646,
            "y": 0.0004783248878084123,
            "z": -0.0001605267752893269
        },
        "vehicle_throttle": 0.75,
        "unique_collisions": 1,
        "solid_lane_crosses": 5,
        "double_solid_lane_crosses": 0
    },
    {
        "game_time": 93.89390848437324,
        "vehicle_location": {
            "x": -144.44078063964844,
            "y": -37.70191192626953,
            "z": 0.09572036564350128
        },
        "vehicle_velocity": {
            "x": -0.001344981137663126,
            "y": 0.0007656669477000833,
            "z": 0.0001509465218987316
        },
        "vehicle_throttle": 0.75,
        "unique_collisions": 1,
        "solid_lane_crosses": 5,
        "double_solid_lane_crosses": 0
    },
    {
        "game_time": 94.91961097111925,
        "vehicle_location": {
            "x": -144.44244384765625,
            "y": -37.700653076171875,
            "z": 0.09570430219173431
        },
        "vehicle_velocity": {
            "x": -0.0014674686826765537,
            "y": 0.0006538223824463785,
            "z": -0.0004647313035093248
        },
        "vehicle_throttle": 0.75,
        "unique_collisions": 1,
        "solid_lane_crosses": 5,
        "double_solid_lane_crosses": 0
    },
    {
        "game_time": 95.92668307153508,
        "vehicle_location": {
            "x": -144.44412231445312,
            "y": -37.69939422607422,
            "z": 0.09569137543439865
        },
        "vehicle_velocity": {
            "x": -0.001424922258593142,
            "y": 0.0008481621625833213,
            "z": 0.00047137096407823265
        },
        "vehicle_throttle": 0.75,
        "unique_collisions": 1,
        "solid_lane_crosses": 5,
        "double_solid_lane_crosses": 0
    },
    {
        "game_time": 96.98036153102294,
        "vehicle_location": {
            "x": -144.4458465576172,
            "y": -37.69806671142578,
            "z": 0.09572494029998779
        },
        "vehicle_velocity": {
            "x": -0.0013651179615408182,
            "y": 0.0008839082438498735,
            "z": 0.00034882439649663866
        },
        "vehicle_throttle": 0.75,
        "unique_collisions": 1,
        "solid_lane_crosses": 5,
        "double_solid_lane_crosses": 0
    },
    {
        "game_time": 98.02233973471448,
        "vehicle_location": {
            "x": -144.4476318359375,
            "y": -37.69670867919922,
            "z": 0.09575805813074112
        },
        "vehicle_velocity": {
            "x": -0.001532828202471137,
            "y": 0.0007572746253572404,
            "z": 0.000443001976236701
        },
        "vehicle_throttle": 0.75,
        "unique_collisions": 1,
        "solid_lane_crosses": 5,
        "double_solid_lane_crosses": 0
    },
    {
        "game_time": 99.08626818889752,
        "vehicle_location": {
            "x": -144.44949340820312,
            "y": -37.69529342651367,
            "z": 0.09578307718038559
        },
        "vehicle_velocity": {
            "x": -0.0015205162344500422,
            "y": 0.00082841154653579,
            "z": 6.147741805762053e-05
        },
        "vehicle_throttle": 0.75,
        "unique_collisions": 1,
        "solid_lane_crosses": 5,
        "double_solid_lane_crosses": 0
    },
    {
        "game_time": 100.09350041626021,
        "vehicle_location": {
            "x": -144.4512939453125,
            "y": -37.69392776489258,
            "z": 0.09580707550048828
        },
        "vehicle_velocity": {
            "x": -0.0018263810779899359,
            "y": 0.000536479928996414,
            "z": 4.6622157242381945e-05
        },
        "vehicle_throttle": 0.75,
        "unique_collisions": 1,
        "solid_lane_crosses": 5,
        "double_solid_lane_crosses": 0
    }
]