[
    {
        "game_time": 9.892013459466398,
        "vehicle_location": {
            "x": -33.04728317260742,
            "y": 193.69056701660156,
            "z": -0.04009712114930153
        },
        "vehicle_velocity": {
            "x": 0.907559871673584,
            "y": 0.7553433179855347,
            "z": -0.000204691881663166
        },
        "vehicle_throttle": 0.75,
        "unique_collisions": 0,
        "solid_lane_crosses": 0,
        "double_solid_lane_crosses": 0
    },
    {
        "game_time": 10.923558941110969,
        "vehicle_location": {
            "x": -31.681846618652344,
            "y": 195.4254913330078,
            "z": -0.03780399262905121
        },
        "vehicle_velocity": {
            "x": 0.5190919637680054,
            "y": 3.312394142150879,
            "z": 0.00026026248815469444
        },
        "vehicle_throttle": 0.75,
        "unique_collisions": 0,
        "solid_lane_crosses": 0,
        "double_solid_lane_crosses": 0
    },
    {
        "game_time": 11.924240897409618,
        "vehicle_location": {
            "x": -32.8218879699707,
            "y": 198.93104553222656,
            "z": -0.03759299963712692
        },
        "vehicle_velocity": {
            "x": -4.427295207977295,
            "y": 2.7950968742370605,
            "z": 8.68272763909772e-05
        },
        "vehicle_throttle": 0.75,
        "unique_collisions": 0,
        "solid_lane_crosses": 0,
        "double_solid_lane_crosses": 0
    },
    {
        "game_time": 12.979831835255027,
        "vehicle_location": {
            "x": -37.63399887084961,
            "y": 199.23013305664062,
            "z": -0.03698146715760231
        },
        "vehicle_velocity": {
            "x": -3.2238245010375977,
            "y": -3.7165937423706055,
            "z": 0.0008171939407475293
        },
        "vehicle_throttle": 0.75,
        "unique_collisions": 0,
        "solid_lane_crosses": 0,
        "double_solid_lane_crosses": 0
    },
    {
        "game_time": 14.07192106358707,
        "vehicle_location": {
            "x": -38.497013092041016,
            "y": 193.89956665039062,
            "z": -0.03514843061566353
        },
        "vehicle_velocity": {
            "x": 1.2412607669830322,
            "y": -4.419142723083496,
            "z": -0.0002207612997153774
        },
        "vehicle_throttle": 0.75,
        "unique_collisions": 0,
        "solid_lane_crosses": 0,
        "double_solid_lane_crosses": 0
    },
    {
        "game_time": 15.127298720180988,
        "vehicle_location": {
            "x": -38.90135955810547,
            "y": 189.97743225097656,
            "z": -0.03605865314602852
        },
        "vehicle_velocity": {
            "x": -3.472961902618408,
            "y": -2.79988431930542,
            "z": 0.0007557725766673684
        },
        "vehicle_throttle": 0.75,
        "unique_collisions": 0,
        "solid_lane_crosses": 0,
        "double_solid_lane_crosses": 0
    },
    {
        "game_time": 16.147987751290202,
        "vehicle_location": {
            "x": -43.56283187866211,
            "y": 188.97085571289062,
            "z": -0.035396840423345566
        },
        "vehicle_velocity": {
            "x": -3.8765869140625,
            "y": 2.632272243499756,
            "z": -4.9705504352459684e-05
        },
        "vehicle_throttle": 0.75,
        "unique_collisions": 0,
        "solid_lane_crosses": 0,
        "double_solid_lane_crosses": 0
    },
    {
        "game_time": 17.19759994186461,
        "vehicle_location": {
            "x": -47.264549255371094,
            "y": 192.66539001464844,
            "z": -0.034368742257356644
        },
        "vehicle_velocity": {
            "x": -3.7569355964660645,
            "y": 2.05993914604187,
            "z": 0.00037762642023153603
        },
        "vehicle_throttle": 0.75,
        "unique_collisions": 0,
        "solid_lane_crosses": 0,
        "double_solid_lane_crosses": 0
    },
    {
        "game_time": 18.26161666866392,
        "vehicle_location": {
            "x": -51.36928939819336,
            "y": 192.2990264892578,
            "z": -0.03968212008476257
        },
        "vehicle_velocity": {
            "x": -4.716660499572754,
            "y": -2.556884527206421,
            "z": 0.001208829809911549
        },
        "vehicle_throttle": 0.75,
        "unique_collisions": 0,
        "solid_lane_crosses": 0,
        "double_solid_lane_crosses": 0
    },
    {
        "game_time": 19.28139895386994,
        "vehicle_location": {
            "x": -55.836692810058594,
            "y": 190.03663635253906,
            "z": -0.0371224582195282
        },
        "vehicle_velocity": {
            "x": -3.5875422954559326,
            "y": -2.1103785037994385,
            "z": 0.000664992316160351
        },
        "vehicle_throttle": 0.75,
        "unique_collisions": 0,
        "solid_lane_crosses": 0,
        "double_solid_lane_crosses": 0
    },
    {
        "game_time": 20.3671702016145,
        "vehicle_location": {
            "x": -60.29963302612305,
            "y": 186.94833374023438,
            "z": -0.038159292191267014
        },
        "vehicle_velocity": {
            "x": -4.2726311683654785,
            "y": -3.6799228191375732,
            "z": -5.276679803500883e-05
        },
        "vehicle_throttle": 0.0,
        "unique_collisions": 0,
        "solid_lane_crosses": 0,
        "double_solid_lane_crosses": 0
    },
    {
        "game_time": 21.442965604364872,
        "vehicle_location": {
            "x": -63.86370849609375,
            "y": 183.68609619140625,
            "z": -0.03876456990838051
        },
        "vehicle_velocity": {
            "x": -3.119102716445923,
            "y": -3.236311674118042,
            "z": 0.0011656999122351408
        },
        "vehicle_throttle": 0.75,
        "unique_collisions": 0,
        "solid_lane_crosses": 0,
        "double_solid_lane_crosses": 0
    },
    {
        "game_time": 22.516553685069084,
        "vehicle_location": {
            "x": -67.36762237548828,
            "y": 179.3391571044922,
            "z": -0.035393789410591125
        },
        "vehicle_velocity": {
            "x": -2.7828469276428223,
            "y": -4.021969795227051,
            "z": -0.0021292685996741056
        },
        "vehicle_throttle": 0.75,
        "unique_collisions": 0,
        "solid_lane_crosses": 0,
        "double_solid_lane_crosses": 0
    },
    {
        "game_time": 23.592301147058606,
        "vehicle_location": {
            "x": -69.81627655029297,
            "y": 175.2917022705078,
            "z": -0.03905807435512543
        },
        "vehicle_velocity": {
            "x": -2.1322479248046875,
            "y": -4.385240077972412,
            "z": 0.0003167343093082309
        },
        "vehicle_throttle": 0.75,
        "unique_collisions": 0,
        "solid_lane_crosses": 0,
        "double_solid_lane_crosses": 0
    },
    {
        "game_time": 24.624905820935965,
        "vehicle_location": {
            "x": -71.96764373779297,
            "y": 170.32211303710938,
            "z": -0.03584278002381325
        },
        "vehicle_velocity": {
            "x": -1.524158000946045,
            "y": -4.240950107574463,
            "z": 0.0009413957595825195
        },
        "vehicle_throttle": 0.75,
        "unique_collisions": 0,
        "solid_lane_crosses": 0,
        "double_solid_lane_crosses": 0
    },
    {
        "game_time": 25.693023171275854,
        "vehicle_location": {
            "x": -73.27892303466797,
            "y": 165.7001190185547,
            "z": -0.036010321229696274
        },
        "vehicle_velocity": {
            "x": -1.2346255779266357,
            "y": -4.918529987335205,
            "z": -0.009245013818144798
        },
        "vehicle_throttle": 0.75,
        "unique_collisions": 0,
        "solid_lane_crosses": 0,
        "double_solid_lane_crosses": 0
    },
    {
        "game_time": 26.780859829857945,
        "vehicle_location": {
            "x": -74.1203842163086,
            "y": 160.40003967285156,
            "z": -0.03623363375663757
        },
        "vehicle_velocity": {
            "x": -0.40825754404067993,
            "y": -3.8545782566070557,
            "z": -9.440421854378656e-05
        },
        "vehicle_throttle": 0.75,
        "unique_collisions": 0,
        "solid_lane_crosses": 0,
        "double_solid_lane_crosses": 0
    },
    {
        "game_time": 27.848018515855074,
        "vehicle_location": {
            "x": -74.34766387939453,
            "y": 157.50257873535156,
            "z": -0.03372989594936371
        },
        "vehicle_velocity": {
            "x": -0.026686089113354683,
            "y": -0.38125744462013245,
            "z": -0.00032488821307197213
        },
        "vehicle_throttle": 0.0,
        "unique_collisions": 0,
        "solid_lane_crosses": 0,
        "double_solid_lane_crosses": 0
    },
    {
        "game_time": 28.8981599714607,
        "vehicle_location": {
            "x": -74.34866333007812,
            "y": 157.4909210205078,
            "z": -0.03774074465036392
        },
        "vehicle_velocity": {
            "x": 6.605396265513264e-07,
            "y": 3.7191011870163493e-06,
            "z": -0.0003774738288484514
        },
        "vehicle_throttle": 0.0,
        "unique_collisions": 0,
        "solid_lane_crosses": 0,
        "double_solid_lane_crosses": 0
    },
    {
        "game_time": 29.96378043666482,
        "vehicle_location": {
            "x": -74.34867095947266,
            "y": 157.4909210205078,
            "z": -0.03775588795542717
        },
        "vehicle_velocity": {
            "x": -4.4898147422145485e-08,
            "y": 2.5065718389782887e-08,
            "z": 0.0002542781876400113
        },
        "vehicle_throttle": 0.0,
        "unique_collisions": 0,
        "solid_lane_crosses": 0,
        "double_solid_lane_crosses": 0
    },
    {
        "game_time": 31.026448007673025,
        "vehicle_location": {
            "x": -74.34867095947266,
            "y": 157.4909210205078,
            "z": -0.03772140294313431
        },
        "vehicle_velocity": {
            "x": -5.6020560634806316e-08,
            "y": 4.1231277947417766e-08,
            "z": 0.0009086894569918513
        },
        "vehicle_throttle": 0.0,
        "unique_collisions": 0,
        "solid_lane_crosses": 0,
        "double_solid_lane_crosses": 0
    },
    {
        "game_time": 32.03631920367479,
        "vehicle_location": {
            "x": -74.34867095947266,
            "y": 157.4909210205078,
            "z": -0.03774639219045639
        },
        "vehicle_velocity": {
            "x": 1.091369661310182e-08,
            "y": 4.457296043369752e-08,
            "z": 0.0009401654824614525
        },
        "vehicle_throttle": 0.0,
        "unique_collisions": 0,
        "solid_lane_crosses": 0,
        "double_solid_lane_crosses": 0
    },
    {
        "game_time": 33.05733151175082,
        "vehicle_location": {
            "x": -74.34867095947266,
            "y": 157.4909210205078,
            "z": -0.03772010654211044
        },
        "vehicle_velocity": {
            "x": -3.398488379602327e-09,
            "y": 5.341734166108836e-09,
            "z": 0.0002329015696886927
        },
        "vehicle_throttle": 0.0,
        "unique_collisions": 0,
        "solid_lane_crosses": 0,
        "double_solid_lane_crosses": 0
    },
    {
        "game_time": 34.07751897908747,
        "vehicle_location": {
            "x": -74.34867095947266,
            "y": 157.4909210205078,
            "z": -0.037684209644794464
        },
        "vehicle_velocity": {
            "x": -6.1789884320262445e-09,
            "y": 2.7986496675680428e-08,
            "z": 0.0006620979402214289
        },
        "vehicle_throttle": 0.0,
        "unique_collisions": 0,
        "solid_lane_crosses": 0,
        "double_solid_lane_crosses": 0
    },
    {
        "game_time": 35.09815886616707,
        "vehicle_location": {
            "x": -74.34867095947266,
            "y": 157.4909210205078,
            "z": -0.03771785646677017
        },
        "vehicle_velocity": {
            "x": 0.0,
            "y": 0.0,
            "z": 0.0
        },
        "vehicle_throttle": 0.0,
        "unique_collisions": 0,
        "solid_lane_crosses": 0,
        "double_solid_lane_crosses": 0
    },
    {
        "game_time": 36.17454843223095,
        "vehicle_location": {
            "x": -74.34867095947266,
            "y": 157.4909210205078,
            "z": -0.037732046097517014
        },
        "vehicle_velocity": {
            "x": -7.099786358821802e-08,
            "y": 1.9594487810081773e-08,
            "z": 0.00034889698144979775
        },
        "vehicle_throttle": 0.0,
        "unique_collisions": 0,
        "solid_lane_crosses": 0,
        "double_solid_lane_crosses": 0
    },
    {
        "game_time": 37.208951545879245,
        "vehicle_location": {
            "x": -74.34867095947266,
            "y": 157.4909210205078,
            "z": -0.03775394335389137
        },
        "vehicle_velocity": {
            "x": -6.865658264132435e-08,
            "y": -5.44310552186289e-08,
            "z": -0.00014001369709149003
        },
        "vehicle_throttle": 0.0,
        "unique_collisions": 0,
        "solid_lane_crosses": 0,
        "double_solid_lane_crosses": 0
    },
    {
        "game_time": 38.226881865412,
        "vehicle_location": {
            "x": -74.34867095947266,
            "y": 157.4909210205078,
            "z": -0.03775398060679436
        },
        "vehicle_velocity": {
            "x": 1.2493006806835183e-07,
            "y": 1.9781277060815228e-08,
            "z": 0.0004608487943187356
        },
        "vehicle_throttle": 0.0,
        "unique_collisions": 0,
        "solid_lane_crosses": 0,
        "double_solid_lane_crosses": 0
    },
    {
        "game_time": 39.31096291169524,
        "vehicle_location": {
            "x": -74.34867095947266,
            "y": 157.4909210205078,
            "z": -0.0377480685710907
        },
        "vehicle_velocity": {
            "x": 1.710323793702173e-08,
            "y": 2.747892580146072e-08,
            "z": 0.000988974585197866
        },
        "vehicle_throttle": 0.0,
        "unique_collisions": 0,
        "solid_lane_crosses": 0,
        "double_solid_lane_crosses": 0
    },
    {
        "game_time": 40.32844466716051,
        "vehicle_location": {
            "x": -74.34867095947266,
            "y": 157.4909210205078,
            "z": -0.03773605078458786
        },
        "vehicle_velocity": {
            "x": 5.4733025223185905e-08,
            "y": 8.90424090016495e-09,
            "z": 5.2485465857898816e-05
        },
        "vehicle_throttle": 0.0,
        "unique_collisions": 0,
        "solid_lane_crosses": 0,
        "double_solid_lane_crosses": 0
    },
    {
        "game_time": 41.40750350989401,
        "vehicle_location": {
            "x": -74.34867095947266,
            "y": 157.4909210205078,
            "z": -0.03770492598414421
        },
        "vehicle_velocity": {
            "x": 8.581920241113039e-08,
            "y": -9.513887455625536e-09,
            "z": 0.00047397613525390625
        },
        "vehicle_throttle": 0.0,
        "unique_collisions": 0,
        "solid_lane_crosses": 0,
        "double_solid_lane_crosses": 0
    },
    {
        "game_time": 42.42864645831287,
        "vehicle_location": {
            "x": -74.34867095947266,
            "y": 157.4909210205078,
            "z": -0.03769657015800476
        },
        "vehicle_velocity": {
            "x": -4.6721746471689585e-09,
            "y": 5.6451479935049065e-08,
            "z": -5.644321208819747e-05
        },
        "vehicle_throttle": 0.0,
        "unique_collisions": 0,
        "solid_lane_crosses": 0,
        "double_solid_lane_crosses": 0
    },
    {
        "game_time": 43.45737742073834,
        "vehicle_location": {
            "x": -74.34867095947266,
            "y": 157.4909210205078,
            "z": -0.03769531100988388
        },
        "vehicle_velocity": {
            "x": -6.924128381768924e-09,
            "y": -2.032429557985438e-09,
            "z": -0.0001444530498702079
        },
        "vehicle_throttle": 0.0,
        "unique_collisions": 0,
        "solid_lane_crosses": 0,
        "double_solid_lane_crosses": 0
    },
    {
        "game_time": 44.499442245811224,
        "vehicle_location": {
            "x": -74.34867095947266,
            "y": 157.4909210205078,
            "z": -0.037721555680036545
        },
        "vehicle_velocity": {
            "x": -5.082775444975596e-08,
            "y": 1.3803590270811128e-08,
            "z": -0.00036881444975733757
        },
        "vehicle_throttle": 0.0,
        "unique_collisions": 0,
        "solid_lane_crosses": 0,
        "double_solid_lane_crosses": 0
    },
    {
        "game_time": 45.56620825268328,
        "vehicle_location": {
            "x": -74.34867095947266,
            "y": 157.4909210205078,
            "z": -0.03773380070924759
        },
        "vehicle_velocity": {
            "x": -2.40343069890514e-08,
            "y": -1.1288684653720793e-08,
            "z": 0.0003257417702116072
        },
        "vehicle_throttle": 0.0,
        "unique_collisions": 0,
        "solid_lane_crosses": 0,
        "double_solid_lane_crosses": 0
    },
    {
        "game_time": 46.664664225652814,
        "vehicle_location": {
            "x": -74.34867095947266,
            "y": 157.4909210205078,
            "z": -0.03773185610771179
        },
        "vehicle_velocity": {
            "x": -5.6700660167052774e-08,
            "y": -3.840876061644849e-08,
            "z": 0.00020205497276037931
        },
        "vehicle_throttle": 0.0,
        "unique_collisions": 0,
        "solid_lane_crosses": 0,
        "double_solid_lane_crosses": 0
    },
    {
        "game_time": 47.747434448450804,
        "vehicle_location": {
            "x": -74.34867095947266,
            "y": 157.4909210205078,
            "z": -0.037722472101449966
        },
        "vehicle_velocity": {
            "x": 7.87420528780558e-09,
            "y": 8.692276232125096e-09,
            "z": -9.809494076762348e-05
        },
        "vehicle_throttle": 0.0,
        "unique_collisions": 0,
        "solid_lane_crosses": 0,
        "double_solid_lane_crosses": 0
    },
    {
        "game_time": 48.77631188556552,
        "vehicle_location": {
            "x": -74.34867095947266,
            "y": 157.4909210205078,
            "z": -0.037676773965358734
        },
        "vehicle_velocity": {
            "x": 4.135335274213503e-08,
            "y": 1.1084159146079742e-09,
            "z": 0.0002835988998413086
        },
        "vehicle_throttle": 0.0,
        "unique_collisions": 0,
        "solid_lane_crosses": 0,
        "double_solid_lane_crosses": 0
    },
    {
        "game_time": 49.80598026141524,
        "vehicle_location": {
            "x": -74.36113739013672,
            "y": 157.27511596679688,
            "z": -0.039578743278980255
        },
        "vehicle_velocity": {
            "x": -0.055894602090120316,
            "y": -0.9836338758468628,
            "z": 0.00035672663943842053
        },
        "vehicle_throttle": 0.75,
        "unique_collisions": 0,
        "solid_lane_crosses": 0,
        "double_solid_lane_crosses": 0
    },
    {
        "game_time": 50.8625264596194,
        "vehicle_location": {
            "x": -74.45391845703125,
            "y": 155.15676879882812,
            "z": -0.03934112563729286
        },
        "vehicle_velocity": {
            "x": -0.11564590781927109,
            "y": -2.983163356781006,
            "z": 0.0004903316148556769
        },
        "vehicle_throttle": 0.75,
        "unique_collisions": 0,
        "solid_lane_crosses": 0,
        "double_solid_lane_crosses": 0
    },
    {
        "game_time": 51.90327707491815,
        "vehicle_location": {
            "x": -74.54249572753906,
            "y": 150.9828643798828,
            "z": -0.03930625692009926
        },
        "vehicle_velocity": {
            "x": -0.09627386927604675,
            "y": -5.003020763397217,
            "z": -0.00019350051297806203
        },
        "vehicle_throttle": 0.75,
        "unique_collisions": 0,
        "solid_lane_crosses": 0,
        "double_solid_lane_crosses": 0
    },
    {
        "game_time": 52.98453667573631,
        "vehicle_location": {
            "x": -74.60070037841797,
            "y": 145.3366241455078,
            "z": -0.032526738941669464
        },
        "vehicle_velocity": {
            "x": 0.009575923904776573,
            "y": -4.267405986785889,
            "z": 0.008231687359511852
        },
        "vehicle_throttle": 0.75,
        "unique_collisions": 0,
        "solid_lane_crosses": 0,
        "double_solid_lane_crosses": 0
    },
    {
        "game_time": 54.02008922025561,
        "vehicle_location": {
            "x": -74.54256439208984,
            "y": 140.54335021972656,
            "z": -0.026889152824878693
        },
        "vehicle_velocity": {
            "x": 0.006654929369688034,
            "y": -5.45590877532959,
            "z": 0.007140693720430136
        },
        "vehicle_throttle": 0.75,
        "unique_collisions": 0,
        "solid_lane_crosses": 0,
        "double_solid_lane_crosses": 0
    },
    {
        "game_time": 55.08339820243418,
        "vehicle_location": {
            "x": -74.3448257446289,
            "y": 135.2678680419922,
            "z": -0.014252890832722187
        },
        "vehicle_velocity": {
            "x": 0.18948902189731598,
            "y": -4.139326572418213,
            "z": 0.010467590764164925
        },
        "vehicle_throttle": 0.75,
        "unique_collisions": 0,
        "solid_lane_crosses": 0,
        "double_solid_lane_crosses": 0
    },
    {
        "game_time": 56.11861438304186,
        "vehicle_location": {
            "x": -74.17035675048828,
            "y": 130.14486694335938,
            "z": -0.003914603963494301
        },
        "vehicle_velocity": {
            "x": 0.0620003342628479,
            "y": -5.838557720184326,
            "z": 0.01440907921642065
        },
        "vehicle_throttle": 0.0,
        "unique_collisions": 0,
        "solid_lane_crosses": 0,
        "double_solid_lane_crosses": 0
    },
    {
        "game_time": 57.15481925942004,
        "vehicle_location": {
            "x": -74.09547424316406,
            "y": 125.41075897216797,
            "z": 0.00887657143175602
        },
        "vehicle_velocity": {
            "x": 0.04686497151851654,
            "y": -4.249927520751953,
            "z": 0.009519080631434917
        },
        "vehicle_throttle": 0.75,
        "unique_collisions": 0,
        "solid_lane_crosses": 0,
        "double_solid_lane_crosses": 0
    },
    {
        "game_time": 58.21201006509364,
        "vehicle_location": {
            "x": -74.97317504882812,
            "y": 120.14244079589844,
            "z": 0.03505187854170799
        },
        "vehicle_velocity": {
            "x": -1.1252318620681763,
            "y": -5.271922588348389,
            "z": 0.057425133883953094
        },
        "vehicle_throttle": 0.0,
        "unique_collisions": 0,
        "solid_lane_crosses": 0,
        "double_solid_lane_crosses": 0
    },
    {
        "game_time": 59.21766146738082,
        "vehicle_location": {
            "x": -75.92903137207031,
            "y": 115.76168823242188,
            "z": 0.0911891907453537
        },
        "vehicle_velocity": {
            "x": -0.9827224016189575,
            "y": -4.422017574310303,
            "z": 0.05833831802010536
        },
        "vehicle_throttle": 0.75,
        "unique_collisions": 0,
        "solid_lane_crosses": 0,
        "double_solid_lane_crosses": 0
    },
    {
        "game_time": 60.291237835772336,
        "vehicle_location": {
            "x": -76.95272827148438,
            "y": 110.27264404296875,
            "z": 0.1641881912946701
        },
        "vehicle_velocity": {
            "x": -0.5743701457977295,
            "y": -4.929099082946777,
            "z": 0.05855320021510124
        },
        "vehicle_throttle": 0.75,
        "unique_collisions": 0,
        "solid_lane_crosses": 0,
        "double_solid_lane_crosses": 0
    },
    {
        "game_time": 61.2940984480083,
        "vehicle_location": {
            "x": -77.30936431884766,
            "y": 105.79795837402344,
            "z": 0.22415415942668915
        },
        "vehicle_velocity": {
            "x": -0.2443886697292328,
            "y": -4.868407726287842,
            "z": 0.08508461713790894
        },
        "vehicle_throttle": 0.75,
        "unique_collisions": 0,
        "solid_lane_crosses": 0,
        "double_solid_lane_crosses": 0
    },
    {
        "game_time": 62.29970121663064,
        "vehicle_location": {
            "x": -77.48211669921875,
            "y": 100.53977966308594,
            "z": 0.31904277205467224
        },
        "vehicle_velocity": {
            "x": -0.10331303626298904,
            "y": -4.494109153747559,
            "z": 0.07920784503221512
        },
        "vehicle_throttle": 0.75,
        "unique_collisions": 0,
        "solid_lane_crosses": 0,
        "double_solid_lane_crosses": 0
    },
    {
        "game_time": 63.36539445165545,
        "vehicle_location": {
            "x": -77.55480194091797,
            "y": 95.86087799072266,
            "z": 0.3987022042274475
        },
        "vehicle_velocity": {
            "x": -0.05804513022303581,
            "y": -5.0574774742126465,
            "z": 0.09101180732250214
        },
        "vehicle_throttle": 0.75,
        "unique_collisions": 0,
        "solid_lane_crosses": 0,
        "double_solid_lane_crosses": 0
    },
    {
        "game_time": 64.37855770252645,
        "vehicle_location": {
            "x": -77.5972900390625,
            "y": 90.62564086914062,
            "z": 0.4947441816329956
        },
        "vehicle_velocity": {
            "x": -0.028745025396347046,
            "y": -4.139834403991699,
            "z": 0.0723157599568367
        },
        "vehicle_throttle": 0.75,
        "unique_collisions": 0,
        "solid_lane_crosses": 0,
        "double_solid_lane_crosses": 0
    },
    {
        "game_time": 65.43631421029568,
        "vehicle_location": {
            "x": -77.62171936035156,
            "y": 85.783935546875,
            "z": 0.5767815113067627
        },
        "vehicle_velocity": {
            "x": -0.02309625968337059,
            "y": -5.418339252471924,
            "z": 0.09530885517597198
        },
        "vehicle_throttle": 0.75,
        "unique_collisions": 0,
        "solid_lane_crosses": 0,
        "double_solid_lane_crosses": 0
    },
    {
        "game_time": 66.43743006885052,
        "vehicle_location": {
            "x": -77.6417465209961,
            "y": 80.38382720947266,
            "z": 0.6723000407218933
        },
        "vehicle_velocity": {
            "x": -0.020341433584690094,
            "y": -5.596757888793945,
            "z": 0.09889419376850128
        },
        "vehicle_throttle": 0.34075844287872314,
        "unique_collisions": 0,
        "solid_lane_crosses": 0,
        "double_solid_lane_crosses": 0
    },
    {
        "game_time": 67.48074589204043,
        "vehicle_location": {
            "x": -77.6576919555664,
            "y": 75.34963989257812,
            "z": 0.7474157810211182
        },
        "vehicle_velocity": {
            "x": -0.013335125520825386,
            "y": -4.7876410484313965,
            "z": 0.0468534380197525
        },
        "vehicle_throttle": 0.75,
        "unique_collisions": 0,
        "solid_lane_crosses": 0,
        "double_solid_lane_crosses": 0
    },
    {
        "game_time": 68.52861946448684,
        "vehicle_location": {
            "x": -77.67378997802734,
            "y": 69.82539367675781,
            "z": 0.7914149165153503
        },
        "vehicle_velocity": {
            "x": -0.014933746308088303,
            "y": -5.213881015777588,
            "z": 0.016198433935642242
        },
        "vehicle_throttle": 0.75,
        "unique_collisions": 0,
        "solid_lane_crosses": 0,
        "double_solid_lane_crosses": 0
    },
    {
        "game_time": 69.59583076927811,
        "vehicle_location": {
            "x": -77.68879699707031,
            "y": 64.48146057128906,
            "z": 0.7848167419433594
        },
        "vehicle_velocity": {
            "x": -0.012796727009117603,
            "y": -4.577453136444092,
            "z": -0.035685934126377106
        },
        "vehicle_throttle": 0.75,
        "unique_collisions": 0,
        "solid_lane_crosses": 0,
        "double_solid_lane_crosses": 0
    },
    {
        "game_time": 70.64865888655186,
        "vehicle_location": {
            "x": -77.70391082763672,
            "y": 58.99292755126953,
            "z": 0.7349778413772583
        },
        "vehicle_velocity": {
            "x": -0.013551616109907627,
            "y": -4.904220104217529,
            "z": -0.06732892245054245
        },
        "vehicle_throttle": 0.75,
        "unique_collisions": 0,
        "solid_lane_crosses": 0,
        "double_solid_lane_crosses": 0
    },
    {
        "game_time": 71.66797991935164,
        "vehicle_location": {
            "x": -77.71660614013672,
            "y": 54.37923049926758,
            "z": 0.6509961485862732
        },
        "vehicle_velocity": {
            "x": -0.013540827669203281,
            "y": -4.9473066329956055,
            "z": -0.10296356678009033
        },
        "vehicle_throttle": 0.75,
        "unique_collisions": 0,
        "solid_lane_crosses": 0,
        "double_solid_lane_crosses": 0
    },
    {
        "game_time": 72.67496417090297,
        "vehicle_location": {
            "x": -77.7312240600586,
            "y": 49.02669906616211,
            "z": 0.5178640484809875
        },
        "vehicle_velocity": {
            "x": -0.013905493542551994,
            "y": -5.086142063140869,
            "z": -0.14614582061767578
        },
        "vehicle_throttle": 0.75,
        "unique_collisions": 0,
        "solid_lane_crosses": 0,
        "double_solid_lane_crosses": 0
    },
    {
        "game_time": 73.72999122645706,
        "vehicle_location": {
            "x": -77.74346160888672,
            "y": 44.54109191894531,
            "z": 0.39156001806259155
        },
        "vehicle_velocity": {
            "x": -0.006168339867144823,
            "y": -2.255413293838501,
            "z": -0.06427134573459625
        },
        "vehicle_throttle": 0.75,
        "unique_collisions": 0,
        "solid_lane_crosses": 0,
        "double_solid_lane_crosses": 0
    },
    {
        "game_time": 74.77852797694504,
        "vehicle_location": {
            "x": -77.74800109863281,
            "y": 42.881614685058594,
            "z": 0.3434545397758484
        },
        "vehicle_velocity": {
            "x": -0.002226822078227997,
            "y": -0.8188400268554688,
            "z": -0.023024482652544975
        },
        "vehicle_throttle": 0.75,
        "unique_collisions": 0,
        "solid_lane_crosses": 0,
        "double_solid_lane_crosses": 0
    },
    {
        "game_time": 75.83617265988141,
        "vehicle_location": {
            "x": -77.74754333496094,
            "y": 42.30400848388672,
            "z": 0.3265228271484375
        },
        "vehicle_velocity": {
            "x": 0.002930690534412861,
            "y": -0.02373943291604519,
            "z": -0.0009981137700378895
        },
        "vehicle_throttle": 0.0,
        "unique_collisions": 0,
        "solid_lane_crosses": 0,
        "double_solid_lane_crosses": 0
    },
    {
        "game_time": 76.84107077028602,
        "vehicle_location": {
            "x": -77.74994659423828,
            "y": 42.153038024902344,
            "z": 0.32310742139816284
        },
        "vehicle_velocity": {
            "x": -0.0001020082927425392,
            "y": -0.00022650718165095896,
            "z": 0.00038972633774392307
        },
        "vehicle_throttle": 0.75,
        "unique_collisions": 0,
        "solid_lane_crosses": 0,
        "double_solid_lane_crosses": 0
    },
    {
        "game_time": 77.84901381190866,
        "vehicle_location": {
            "x": -77.74878692626953,
            "y": 42.04001235961914,
            "z": 0.3199373483657837
        },
        "vehicle_velocity": {
            "x": 0.0002205888886237517,
            "y": -0.0022943909280002117,
            "z": 0.00041282351594418287
        },
        "vehicle_throttle": 0.0,
        "unique_collisions": 0,
        "solid_lane_crosses": 0,
        "double_solid_lane_crosses": 0
    },
    {
        "game_time": 78.86635475046933,
        "vehicle_location": {
            "x": -77.7488784790039,
            "y": 41.97407531738281,
            "z": 0.31804341077804565
        },
        "vehicle_velocity": {
            "x": -2.1151903638383374e-05,
            "y": -0.0002757541660685092,
            "z": 7.577970973215997e-05
        },
        "vehicle_throttle": 0.0,
        "unique_collisions": 0,
        "solid_lane_crosses": 0,
        "double_solid_lane_crosses": 0
    },
    {
        "game_time": 79.92274331301451,
        "vehicle_location": {
            "x": -77.74905395507812,
            "y": 41.94828414916992,
            "z": 0.31725940108299255
        },
        "vehicle_velocity": {
            "x": -5.920272997173015e-06,
            "y": -3.010213367815595e-05,
            "z": 0.0005862301331944764
        },
        "vehicle_throttle": 0.0,
        "unique_collisions": 0,
        "solid_lane_crosses": 0,
        "double_solid_lane_crosses": 0
    },
    {
        "game_time": 80.93372616078705,
        "vehicle_location": {
            "x": -77.7490463256836,
            "y": 41.94826889038086,
            "z": 0.3172330856323242
        },
        "vehicle_velocity": {
            "x": -4.343176271959237e-07,
            "y": -4.04047968913801e-05,
            "z": -0.0008190822554752231
        },
        "vehicle_throttle": 0.0,
        "unique_collisions": 0,
        "solid_lane_crosses": 0,
        "double_solid_lane_crosses": 0
    },
    {
        "game_time": 81.96560657955706,
        "vehicle_location": {
            "x": -77.7490463256836,
            "y": 41.94826889038086,
            "z": 0.3172467052936554
        },
        "vehicle_velocity": {
            "x": -7.107888677637675e-07,
            "y": -5.289435284794308e-05,
            "z": -0.000342878804076463
        },
        "vehicle_throttle": 0.0,
        "unique_collisions": 0,
        "solid_lane_crosses": 0,
        "double_solid_lane_crosses": 0
    },
    {
        "game_time": 82.96775294467807,
        "vehicle_location": {
            "x": -77.74903106689453,
            "y": 41.94613265991211,
            "z": 0.31706640124320984
        },
        "vehicle_velocity": {
            "x": 0.0009330343455076218,
            "y": -0.06545697152614594,
            "z": -0.0015993022825568914
        },
        "vehicle_throttle": 0.75,
        "unique_collisions": 0,
        "solid_lane_crosses": 0,
        "double_solid_lane_crosses": 0
    },
    {
        "game_time": 83.9785128487274,
        "vehicle_location": {
            "x": -77.75116729736328,
            "y": 41.397830963134766,
            "z": 0.30366918444633484
        },
        "vehicle_velocity": {
            "x": -0.0024755187332630157,
            "y": -0.8808695673942566,
            "z": -0.021639784798026085
        },
        "vehicle_throttle": 0.75,
        "unique_collisions": 0,
        "solid_lane_crosses": 0,
        "double_solid_lane_crosses": 0
    },
    {
        "game_time": 85.01481208298355,
        "vehicle_location": {
            "x": -77.7568130493164,
            "y": 39.425498962402344,
            "z": 0.2519465684890747
        },
        "vehicle_velocity": {
            "x": -0.008193680085241795,
            "y": -2.8955905437469482,
            "z": -0.06782273948192596
        },
        "vehicle_throttle": 0.75,
        "unique_collisions": 0,
        "solid_lane_crosses": 0,
        "double_solid_lane_crosses": 0
    },
    {
        "game_time": 86.05098104476929,
        "vehicle_location": {
            "x": -77.7648696899414,
            "y": 36.55474853515625,
            "z": 0.18977123498916626
        },
        "vehicle_velocity": {
            "x": -0.00965021550655365,
            "y": -3.476727247238159,
            "z": -0.06609750539064407
        },
        "vehicle_throttle": 0.75,
        "unique_collisions": 0,
        "solid_lane_crosses": 0,
        "double_solid_lane_crosses": 0
    },
    {
        "game_time": 87.10149813257158,
        "vehicle_location": {
            "x": -77.77137756347656,
            "y": 33.12165069580078,
            "z": 0.13199031352996826
        },
        "vehicle_velocity": {
            "x": -0.0266726016998291,
            "y": -2.7684361934661865,
            "z": -0.02062915824353695
        },
        "vehicle_throttle": 0.75,
        "unique_collisions": 0,
        "solid_lane_crosses": 0,
        "double_solid_lane_crosses": 0
    },
    {
        "game_time": 88.16362482029945,
        "vehicle_location": {
            "x": -77.78314971923828,
            "y": 29.52444076538086,
            "z": 0.06698238104581833
        },
        "vehicle_velocity": {
            "x": -0.010435108095407486,
            "y": -3.906891107559204,
            "z": -0.04422822222113609
        },
        "vehicle_throttle": 0.75,
        "unique_collisions": 0,
        "solid_lane_crosses": 0,
        "double_solid_lane_crosses": 0
    },
    {
        "game_time": 89.17760166525841,
        "vehicle_location": {
            "x": -77.79722595214844,
            "y": 24.617431640625,
            "z": 0.027724608778953552
        },
        "vehicle_velocity": {
            "x": -0.01693090796470642,
            "y": -5.95200252532959,
            "z": -0.030046842992305756
        },
        "vehicle_throttle": 0.0,
        "unique_collisions": 0,
        "solid_lane_crosses": 0,
        "double_solid_lane_crosses": 0
    },
    {
        "game_time": 90.22656094189733,
        "vehicle_location": {
            "x": -77.81114196777344,
            "y": 19.63287353515625,
            "z": 0.004260329995304346
        },
        "vehicle_velocity": {
            "x": -0.012735908851027489,
            "y": -4.37939977645874,
            "z": -0.022938193753361702
        },
        "vehicle_throttle": 0.75,
        "unique_collisions": 0,
        "solid_lane_crosses": 0,
        "double_solid_lane_crosses": 0
    },
    {
        "game_time": 91.2716599535197,
        "vehicle_location": {
            "x": -77.864990234375,
            "y": 15.436565399169922,
            "z": -0.022005882114171982
        },
        "vehicle_velocity": {
            "x": -0.09223220497369766,
            "y": -3.661900520324707,
            "z": -0.014523248188197613
        },
        "vehicle_throttle": 0.75,
        "unique_collisions": 0,
        "solid_lane_crosses": 0,
        "double_solid_lane_crosses": 0
    },
    {
        "game_time": 92.32758831512183,
        "vehicle_location": {
            "x": -78.45277404785156,
            "y": 10.637496948242188,
            "z": -0.03724704682826996
        },
        "vehicle_velocity": {
            "x": -1.556421160697937,
            "y": -5.436798572540283,
            "z": -0.008169474080204964
        },
        "vehicle_throttle": 0.351457417011261,
        "unique_collisions": 0,
        "solid_lane_crosses": 0,
        "double_solid_lane_crosses": 0
    },
    {
        "game_time": 93.37937063537538,
        "vehicle_location": {
            "x": -80.29629516601562,
            "y": 5.952386379241943,
            "z": -0.037599943578243256
        },
        "vehicle_velocity": {
            "x": -2.385443925857544,
            "y": -3.42385196685791,
            "z": -0.003101630136370659
        },
        "vehicle_throttle": 0.75,
        "unique_collisions": 0,
        "solid_lane_crosses": 0,
        "double_solid_lane_crosses": 0
    },
    {
        "game_time": 94.38447770662606,
        "vehicle_location": {
            "x": -83.48299407958984,
            "y": 2.123570442199707,
            "z": -0.046317748725414276
        },
        "vehicle_velocity": {
            "x": -4.474308967590332,
            "y": -3.756312370300293,
            "z": -0.008700499311089516
        },
        "vehicle_throttle": 0.0,
        "unique_collisions": 0,
        "solid_lane_crosses": 0,
        "double_solid_lane_crosses": 0
    },
    {
        "game_time": 95.45190844405442,
        "vehicle_location": {
            "x": -87.62776947021484,
            "y": -0.6007871627807617,
            "z": -0.05154792591929436
        },
        "vehicle_velocity": {
            "x": -4.159764766693115,
            "y": -1.6030426025390625,
            "z": -0.0035737466532737017
        },
        "vehicle_throttle": 0.75,
        "unique_collisions": 0,
        "solid_lane_crosses": 0,
        "double_solid_lane_crosses": 0
    },
    {
        "game_time": 96.48503654729575,
        "vehicle_location": {
            "x": -92.73078918457031,
            "y": -2.1337151527404785,
            "z": -0.052028197795152664
        },
        "vehicle_velocity": {
            "x": -4.866912841796875,
            "y": -0.8476276397705078,
            "z": -0.0029878998175263405
        },
        "vehicle_throttle": 0.75,
        "unique_collisions": 0,
        "solid_lane_crosses": 0,
        "double_solid_lane_crosses": 0
    },
    {
        "game_time": 97.49442409258336,
        "vehicle_location": {
            "x": -97.1925277709961,
            "y": -2.689178705215454,
            "z": -0.03817378729581833
        },
        "vehicle_velocity": {
            "x": -4.79987907409668,
            "y": -0.2697548270225525,
            "z": 0.002190384780988097
        },
        "vehicle_throttle": 0.75,
        "unique_collisions": 0,
        "solid_lane_crosses": 0,
        "double_solid_lane_crosses": 0
    },
    {
        "game_time": 98.52557989954948,
        "vehicle_location": {
            "x": -102.61653900146484,
            "y": -2.9743525981903076,
            "z": -0.03629119694232941
        },
        "vehicle_velocity": {
            "x": -4.7078046798706055,
            "y": -0.08997703343629837,
            "z": 0.00017111777560785413
        },
        "vehicle_throttle": 0.75,
        "unique_collisions": 0,
        "solid_lane_crosses": 0,
        "double_solid_lane_crosses": 0
    },
    {
        "game_time": 99.5655280565843,
        "vehicle_location": {
            "x": -107.30529022216797,
            "y": -3.087573766708374,
            "z": -0.03887096419930458
        },
        "vehicle_velocity": {
            "x": -5.113028526306152,
            "y": -0.09810680150985718,
            "z": 0.0004054498567711562
        },
        "vehicle_throttle": 0.75,
        "unique_collisions": 0,
        "solid_lane_crosses": 0,
        "double_solid_lane_crosses": 0
    },
    {
        "game_time": 100.59406260214746,
        "vehicle_location": {
            "x": -112.61344146728516,
            "y": -3.164330005645752,
            "z": -0.03560680150985718
        },
        "vehicle_velocity": {
            "x": -4.214711666107178,
            "y": -0.048682451248168945,
            "z": 0.00043421267764642835
        },
        "vehicle_throttle": 0.75,
        "unique_collisions": 0,
        "solid_lane_crosses": 0,
        "double_solid_lane_crosses": 0
    },
    {
        "game_time": 101.62378205731511,
        "vehicle_location": {
            "x": -117.50865173339844,
            "y": -3.2063186168670654,
            "z": -0.03970882296562195
        },
        "vehicle_velocity": {
            "x": -5.773104667663574,
            "y": -0.0462382510304451,
            "z": -0.00024488926283083856
        },
        "vehicle_throttle": 0.07775977998971939,
        "unique_collisions": 0,
        "solid_lane_crosses": 0,
        "double_solid_lane_crosses": 0
    },
    {
        "game_time": 102.66727512702346,
        "vehicle_location": {
            "x": -122.57392120361328,
            "y": -3.2413225173950195,
            "z": -0.037515562027692795
        },
        "vehicle_velocity": {
            "x": -4.243920803070068,
            "y": -0.02696453593671322,
            "z": 0.0003153419529553503
        },
        "vehicle_throttle": 0.75,
        "unique_collisions": 0,
        "solid_lane_crosses": 0,
        "double_solid_lane_crosses": 0
    },
    {
        "game_time": 103.70471096225083,
        "vehicle_location": {
            "x": -127.84657287597656,
            "y": -3.2719333171844482,
            "z": -0.037787169218063354
        },
        "vehicle_velocity": {
            "x": -5.5596208572387695,
            "y": -0.031290020793676376,
            "z": 6.7090986703988165e-06
        },
        "vehicle_throttle": 0.0,
        "unique_collisions": 0,
        "solid_lane_crosses": 0,
        "double_solid_lane_crosses": 0
    },
    {
        "game_time": 104.71704632975161,
        "vehicle_location": {
            "x": -133.20462036132812,
            "y": -3.2780938148498535,
            "z": -0.03711517155170441
        },
        "vehicle_velocity": {
            "x": -5.256986141204834,
            "y": 0.05420029163360596,
            "z": 6.618499810429057e-06
        },
        "vehicle_throttle": 0.5243268013000488,
        "unique_collisions": 0,
        "solid_lane_crosses": 0,
        "double_solid_lane_crosses": 0
    },
    {
        "game_time": 105.75359351281077,
        "vehicle_location": {
            "x": -138.0543670654297,
            "y": -2.94002103805542,
            "z": -0.03864787891507149
        },
        "vehicle_velocity": {
            "x": -5.027843952178955,
            "y": 0.8831748962402344,
            "z": 0.00022092342260293663
        },
        "vehicle_throttle": 0.75,
        "unique_collisions": 0,
        "solid_lane_crosses": 0,
        "double_solid_lane_crosses": 0
    },
    {
        "game_time": 106.81868753023446,
        "vehicle_location": {
            "x": -143.18099975585938,
            "y": -1.3689168691635132,
            "z": -0.03585517778992653
        },
        "vehicle_velocity": {
            "x": -3.5510411262512207,
            "y": 2.0800158977508545,
            "z": 2.2745132355339592e-06
        },
        "vehicle_throttle": 0.75,
        "unique_collisions": 0,
        "solid_lane_crosses": 0,
        "double_solid_lane_crosses": 0
    },
    {
        "game_time": 107.84110837616026,
        "vehicle_location": {
            "x": -146.54885864257812,
            "y": 1.8460763692855835,
            "z": -0.03876601904630661
        },
        "vehicle_velocity": {
            "x": -2.226029872894287,
            "y": 5.115379810333252,
            "z": -0.0001453542645322159
        },
        "vehicle_throttle": 0.75,
        "unique_collisions": 0,
        "solid_lane_crosses": 0,
        "double_solid_lane_crosses": 0
    },
    {
        "game_time": 108.86237315926701,
        "vehicle_location": {
            "x": -148.09397888183594,
            "y": 6.608473300933838,
            "z": -0.03736121952533722
        },
        "vehicle_velocity": {
            "x": -0.7825299501419067,
            "y": 4.241471290588379,
            "z": -9.207725270243827e-06
        },
        "vehicle_throttle": 0.75,
        "unique_collisions": 0,
        "solid_lane_crosses": 0,
        "double_solid_lane_crosses": 0
    },
    {
        "game_time": 109.90297195408493,
        "vehicle_location": {
            "x": -148.6715087890625,
            "y": 11.896443367004395,
            "z": -0.037548065185546875
        },
        "vehicle_velocity": {
            "x": -0.3605711758136749,
            "y": 5.52888822555542,
            "z": 2.512454921088647e-05
        },
        "vehicle_throttle": 0.0,
        "unique_collisions": 0,
        "solid_lane_crosses": 0,
        "double_solid_lane_crosses": 0
    },
    {
        "game_time": 110.9710665345192,
        "vehicle_location": {
            "x": -148.8727569580078,
            "y": 16.80902862548828,
            "z": -0.03880805894732475
        },
        "vehicle_velocity": {
            "x": -0.021896354854106903,
            "y": 4.697821140289307,
            "z": 0.00022387980425264686
        },
        "vehicle_throttle": 0.75,
        "unique_collisions": 0,
        "solid_lane_crosses": 0,
        "double_solid_lane_crosses": 0
    },
    {
        "game_time": 111.99211191385984,
        "vehicle_location": {
            "x": -148.95974731445312,
            "y": 22.159191131591797,
            "z": -0.03566455841064453
        },
        "vehicle_velocity": {
            "x": -0.060318101197481155,
            "y": 4.763289451599121,
            "z": -0.0003753137425519526
        },
        "vehicle_throttle": 0.75,
        "unique_collisions": 0,
        "solid_lane_crosses": 0,
        "double_solid_lane_crosses": 0
    },
    {
        "game_time": 113.03955072909594,
        "vehicle_location": {
            "x": -148.9938507080078,
            "y": 26.696706771850586,
            "z": -0.03916606679558754
        },
        "vehicle_velocity": {
            "x": -0.005414191167801619,
            "y": 4.910067558288574,
            "z": -2.7050971766584553e-05
        },
        "vehicle_throttle": 0.75,
        "unique_collisions": 0,
        "solid_lane_crosses": 0,
        "double_solid_lane_crosses": 0
    },
    {
        "game_time": 114.08036184404045,
        "vehicle_location": {
            "x": -149.0126190185547,
            "y": 32.12923049926758,
            "z": -0.03581733629107475
        },
        "vehicle_velocity": {
            "x": -0.011325224302709103,
            "y": 4.392334461212158,
            "z": 0.0003935432469006628
        },
        "vehicle_throttle": 0.75,
        "unique_collisions": 0,
        "solid_lane_crosses": 0,
        "double_solid_lane_crosses": 0
    },
    {
        "game_time": 115.09436753857881,
        "vehicle_location": {
            "x": -149.02162170410156,
            "y": 36.69268798828125,
            "z": -0.03873256593942642
        },
        "vehicle_velocity": {
            "x": -0.009478434920310974,
            "y": 5.122341156005859,
            "z": 0.00013105392281431705
        },
        "vehicle_throttle": 0.75,
        "unique_collisions": 0,
        "solid_lane_crosses": 0,
        "double_solid_lane_crosses": 0
    },
    {
        "game_time": 116.12937839515507,
        "vehicle_location": {
            "x": -149.02783203125,
            "y": 42.21649169921875,
            "z": -0.03868400305509567
        },
        "vehicle_velocity": {
            "x": -0.005325560458004475,
            "y": 5.474472522735596,
            "z": -1.6407966541009955e-05
        },
        "vehicle_throttle": 0.6799913644790649,
        "unique_collisions": 0,
        "solid_lane_crosses": 0,
        "double_solid_lane_crosses": 0
    },
    {
        "game_time": 117.16531898640096,
        "vehicle_location": {
            "x": -149.0317840576172,
            "y": 47.29813003540039,
            "z": -0.03832504153251648
        },
        "vehicle_velocity": {
            "x": -0.0033754876349121332,
            "y": 4.685689449310303,
            "z": -1.7080306861316785e-05
        },
        "vehicle_throttle": 0.75,
        "unique_collisions": 0,
        "solid_lane_crosses": 0,
        "double_solid_lane_crosses": 0
    },
    {
        "game_time": 118.1864691497758,
        "vehicle_location": {
            "x": -149.03515625,
            "y": 52.674583435058594,
            "z": -0.03587314486503601
        },
        "vehicle_velocity": {
            "x": -0.0029576795641332865,
            "y": 4.925159454345703,
            "z": 9.257793135475367e-05
        },
        "vehicle_throttle": 0.75,
        "unique_collisions": 0,
        "solid_lane_crosses": 0,
        "double_solid_lane_crosses": 0
    },
    {
        "game_time": 119.19096634257585,
        "vehicle_location": {
            "x": -149.0380859375,
            "y": 57.88502883911133,
            "z": -0.03538196533918381
        },
        "vehicle_velocity": {
            "x": -0.0024962574243545532,
            "y": 4.495533466339111,
            "z": 0.000222945207497105
        },
        "vehicle_throttle": 0.75,
        "unique_collisions": 0,
        "solid_lane_crosses": 0,
        "double_solid_lane_crosses": 0
    },
    {
        "game_time": 120.22860204149038,
        "vehicle_location": {
            "x": -149.04104614257812,
            "y": 62.99631881713867,
            "z": -0.03991886228322983
        },
        "vehicle_velocity": {
            "x": -0.0031525716185569763,
            "y": 5.912332057952881,
            "z": -0.000179290771484375
        },
        "vehicle_throttle": 0.0,
        "unique_collisions": 0,
        "solid_lane_crosses": 0,
        "double_solid_lane_crosses": 0
    },
    {
        "game_time": 121.30871935095638,
        "vehicle_location": {
            "x": -149.04383850097656,
            "y": 68.15155029296875,
            "z": -0.03818141669034958
        },
        "vehicle_velocity": {
            "x": -0.002262146444991231,
            "y": 4.42366361618042,
            "z": -0.00029264448676258326
        },
        "vehicle_throttle": 0.75,
        "unique_collisions": 0,
        "solid_lane_crosses": 0,
        "double_solid_lane_crosses": 0
    }
]