[
    {
        "game_time": 8.71148519590497,
        "vehicle_location": {
            "x": -32.70459747314453,
            "y": 193.8435516357422,
            "z": -0.23894180357456207
        },
        "vehicle_velocity": {
            "x": 1.9761300086975098,
            "y": 1.342694640159607,
            "z": -0.0004986095591448247
        },
        "vehicle_throttle": 0.75,
        "unique_collisions": 0,
        "solid_lane_crosses": 0,
        "double_solid_lane_crosses": 0
    },
    {
        "game_time": 9.712092439644039,
        "vehicle_location": {
            "x": -29.97490882873535,
            "y": 197.1107177734375,
            "z": -0.23781855404376984
        },
        "vehicle_velocity": {
            "x": 1.5391829013824463,
            "y": 5.597147464752197,
            "z": -0.00025641918182373047
        },
        "vehicle_throttle": 0.0,
        "unique_collisions": 0,
        "solid_lane_crosses": 0,
        "double_solid_lane_crosses": 0
    },
    {
        "game_time": 10.735930079594254,
        "vehicle_location": {
            "x": -30.55817985534668,
            "y": 201.98626708984375,
            "z": -0.23794150352478027
        },
        "vehicle_velocity": {
            "x": -3.5015275478363037,
            "y": 3.216569662094116,
            "z": 6.776809459552169e-05
        },
        "vehicle_throttle": 0.75,
        "unique_collisions": 0,
        "solid_lane_crosses": 0,
        "double_solid_lane_crosses": 0
    },
    {
        "game_time": 11.846983862109482,
        "vehicle_location": {
            "x": -35.38376235961914,
            "y": 202.85882568359375,
            "z": -0.23835796117782593
        },
        "vehicle_velocity": {
            "x": -3.184572696685791,
            "y": -2.668510913848877,
            "z": -0.0002139091375283897
        },
        "vehicle_throttle": 0.75,
        "unique_collisions": 0,
        "solid_lane_crosses": 0,
        "double_solid_lane_crosses": 0
    },
    {
        "game_time": 12.862610132433474,
        "vehicle_location": {
            "x": -36.405086517333984,
            "y": 198.76416015625,
            "z": -0.23881010711193085
        },
        "vehicle_velocity": {
            "x": 2.2359049320220947,
            "y": -3.9688632488250732,
            "z": 0.00042680263868533075
        },
        "vehicle_throttle": 0.75,
        "unique_collisions": 0,
        "solid_lane_crosses": 0,
        "double_solid_lane_crosses": 0
    },
    {
        "game_time": 13.923504578880966,
        "vehicle_location": {
            "x": -32.32369613647461,
            "y": 194.53170776367188,
            "z": -0.23631198704242706
        },
        "vehicle_velocity": {
            "x": 3.024228096008301,
            "y": -4.231902122497559,
            "z": -0.0017949199536815286
        },
        "vehicle_throttle": 0.0,
        "unique_collisions": 0,
        "solid_lane_crosses": 1,
        "double_solid_lane_crosses": 0
    },
    {
        "game_time": 15.016970819793642,
        "vehicle_location": {
            "x": -31.411231994628906,
            "y": 189.11099243164062,
            "z": -0.15187716484069824
        },
        "vehicle_velocity": {
            "x": -1.555992603302002,
            "y": -4.836123466491699,
            "z": 0.06580867618322372
        },
        "vehicle_throttle": 0.0,
        "unique_collisions": 0,
        "solid_lane_crosses": 2,
        "double_solid_lane_crosses": 0
    },
    {
        "game_time": 16.049606229178607,
        "vehicle_location": {
            "x": -34.742469787597656,
            "y": 185.51129150390625,
            "z": -0.07772307842969894
        },
        "vehicle_velocity": {
            "x": -5.592702388763428,
            "y": -2.091693878173828,
            "z": 0.006810684222728014
        },
        "vehicle_throttle": 0.0,
        "unique_collisions": 0,
        "solid_lane_crosses": 4,
        "double_solid_lane_crosses": 0
    },
    {
        "game_time": 17.117523848079145,
        "vehicle_location": {
            "x": -39.836639404296875,
            "y": 185.7161102294922,
            "z": -0.18441295623779297
        },
        "vehicle_velocity": {
            "x": -4.412741661071777,
            "y": 3.262925148010254,
            "z": -0.2207336723804474
        },
        "vehicle_throttle": 0.75,
        "unique_collisions": 0,
        "solid_lane_crosses": 4,
        "double_solid_lane_crosses": 0
    },
    {
        "game_time": 18.160883469507098,
        "vehicle_location": {
            "x": -42.481849670410156,
            "y": 190.3046112060547,
            "z": -0.23712772130966187
        },
        "vehicle_velocity": {
            "x": 0.23391780257225037,
            "y": 5.74326229095459,
            "z": -0.005389280151575804
        },
        "vehicle_throttle": 0.18044710159301758,
        "unique_collisions": 0,
        "solid_lane_crosses": 4,
        "double_solid_lane_crosses": 0
    },
    {
        "game_time": 19.167289645411074,
        "vehicle_location": {
            "x": -42.438232421875,
            "y": 195.6571807861328,
            "z": -0.23794834315776825
        },
        "vehicle_velocity": {
            "x": -1.588158369064331,
            "y": 5.448602676391602,
            "z": 0.00017035483324434608
        },
        "vehicle_throttle": 0.34682539105415344,
        "unique_collisions": 0,
        "solid_lane_crosses": 4,
        "double_solid_lane_crosses": 0
    },
    {
        "game_time": 20.2317081540823,
        "vehicle_location": {
            "x": -45.95145034790039,
            "y": 199.8524627685547,
            "z": -0.23679248988628387
        },
        "vehicle_velocity": {
            "x": -4.957129001617432,
            "y": 1.7977557182312012,
            "z": -0.00010777472925838083
        },
        "vehicle_throttle": 0.22840768098831177,
        "unique_collisions": 0,
        "solid_lane_crosses": 4,
        "double_solid_lane_crosses": 0
    },
    {
        "game_time": 21.258412605151534,
        "vehicle_location": {
            "x": -51.12495422363281,
            "y": 199.5738983154297,
            "z": -0.2367665022611618
        },
        "vehicle_velocity": {
            "x": -4.340530872344971,
            "y": -2.793510675430298,
            "z": -0.0007839298341423273
        },
        "vehicle_throttle": 0.75,
        "unique_collisions": 0,
        "solid_lane_crosses": 4,
        "double_solid_lane_crosses": 0
    },
    {
        "game_time": 22.320545567199588,
        "vehicle_location": {
            "x": -54.17768478393555,
            "y": 195.29397583007812,
            "z": -0.23737968504428864
        },
        "vehicle_velocity": {
            "x": -0.3084801137447357,
            "y": -4.994460105895996,
            "z": 0.00026123045245185494
        },
        "vehicle_throttle": 0.75,
        "unique_collisions": 0,
        "solid_lane_crosses": 4,
        "double_solid_lane_crosses": 0
    },
    {
        "game_time": 23.407115092501044,
        "vehicle_location": {
            "x": -52.744266510009766,
            "y": 189.6978302001953,
            "z": -0.2373352348804474
        },
        "vehicle_velocity": {
            "x": 2.6445555686950684,
            "y": -4.358086585998535,
            "z": 0.0019163512624800205
        },
        "vehicle_throttle": 0.75,
        "unique_collisions": 0,
        "solid_lane_crosses": 4,
        "double_solid_lane_crosses": 0
    },
    {
        "game_time": 24.413849879056215,
        "vehicle_location": {
            "x": -50.72187805175781,
            "y": 184.7120819091797,
            "z": -0.2376203089952469
        },
        "vehicle_velocity": {
            "x": 0.25653690099716187,
            "y": -5.178504467010498,
            "z": 0.0021775246132165194
        },
        "vehicle_throttle": 0.75,
        "unique_collisions": 0,
        "solid_lane_crosses": 4,
        "double_solid_lane_crosses": 0
    },
    {
        "game_time": 25.46051137521863,
        "vehicle_location": {
            "x": -52.32369613647461,
            "y": 179.69595336914062,
            "z": -0.18864592909812927
        },
        "vehicle_velocity": {
            "x": -3.6461760997772217,
            "y": -3.467564582824707,
            "z": 0.016447553411126137
        },
        "vehicle_throttle": 0.75,
        "unique_collisions": 0,
        "solid_lane_crosses": 4,
        "double_solid_lane_crosses": 0
    },
    {
        "game_time": 26.47770117968321,
        "vehicle_location": {
            "x": -52.72677993774414,
            "y": 179.41282653808594,
            "z": -0.19109317660331726
        },
        "vehicle_velocity": {
            "x": 0.008028206415474415,
            "y": -0.017603646963834763,
            "z": -0.020618319511413574
        },
        "vehicle_throttle": 0.75,
        "unique_collisions": 1,
        "solid_lane_crosses": 4,
        "double_solid_lane_crosses": 0
    },
    {
        "game_time": 27.48476249165833,
        "vehicle_location": {
            "x": -52.72123718261719,
            "y": 179.40557861328125,
            "z": -0.19225925207138062
        },
        "vehicle_velocity": {
            "x": -0.00022491932031698525,
            "y": -0.003016264410689473,
            "z": -0.00019718050316441804
        },
        "vehicle_throttle": 0.75,
        "unique_collisions": 1,
        "solid_lane_crosses": 4,
        "double_solid_lane_crosses": 0
    },
    {
        "game_time": 28.50615732744336,
        "vehicle_location": {
            "x": -52.72134780883789,
            "y": 179.40565490722656,
            "z": -0.19225235283374786
        },
        "vehicle_velocity": {
            "x": -0.0008414125186391175,
            "y": -0.0018542885081842542,
            "z": 0.00012360811524558812
        },
        "vehicle_throttle": 0.75,
        "unique_collisions": 1,
        "solid_lane_crosses": 4,
        "double_solid_lane_crosses": 0
    },
    {
        "game_time": 29.520614007487893,
        "vehicle_location": {
            "x": -52.7215461730957,
            "y": 179.40582275390625,
            "z": -0.19229060411453247
        },
        "vehicle_velocity": {
            "x": -0.0018366241129115224,
            "y": -0.001416509156115353,
            "z": -0.00013927101099397987
        },
        "vehicle_throttle": 0.75,
        "unique_collisions": 1,
        "solid_lane_crosses": 4,
        "double_solid_lane_crosses": 0
    },
    {
        "game_time": 30.53533748164773,
        "vehicle_location": {
            "x": -52.721649169921875,
            "y": 179.40589904785156,
            "z": -0.19228526949882507
        },
        "vehicle_velocity": {
            "x": 0.0011647033970803022,
            "y": -0.004144217818975449,
            "z": 0.00010009526886278763
        },
        "vehicle_throttle": 0.75,
        "unique_collisions": 1,
        "solid_lane_crosses": 4,
        "double_solid_lane_crosses": 0
    },
    {
        "game_time": 31.568845123052597,
        "vehicle_location": {
            "x": -52.72176742553711,
            "y": 179.40597534179688,
            "z": -0.19227370619773865
        },
        "vehicle_velocity": {
            "x": 8.093833457678556e-05,
            "y": -0.0033252655994147062,
            "z": 0.0001506757689639926
        },
        "vehicle_throttle": 0.75,
        "unique_collisions": 1,
        "solid_lane_crosses": 4,
        "double_solid_lane_crosses": 0
    },
    {
        "game_time": 32.60926460660994,
        "vehicle_location": {
            "x": -52.72189712524414,
            "y": 179.4060516357422,
            "z": -0.19230857491493225
        },
        "vehicle_velocity": {
            "x": 0.002565469592809677,
            "y": -0.005701932590454817,
            "z": 0.00023669004440307617
        },
        "vehicle_throttle": 0.75,
        "unique_collisions": 1,
        "solid_lane_crosses": 4,
        "double_solid_lane_crosses": 0
    },
    {
        "game_time": 33.70781246945262,
        "vehicle_location": {
            "x": -52.72212600708008,
            "y": 179.40626525878906,
            "z": -0.1922789365053177
        },
        "vehicle_velocity": {
            "x": -0.002068467205390334,
            "y": -0.0012544965138658881,
            "z": -7.951140287332237e-05
        },
        "vehicle_throttle": 0.75,
        "unique_collisions": 1,
        "solid_lane_crosses": 4,
        "double_solid_lane_crosses": 0
    },
    {
        "game_time": 34.816803647205234,
        "vehicle_location": {
            "x": -52.72223663330078,
            "y": 179.40634155273438,
            "z": -0.19228576123714447
        },
        "vehicle_velocity": {
            "x": 0.00021354197815526277,
            "y": -0.003176019061356783,
            "z": 5.541443533729762e-05
        },
        "vehicle_throttle": 0.75,
        "unique_collisions": 1,
        "solid_lane_crosses": 4,
        "double_solid_lane_crosses": 0
    },
    {
        "game_time": 35.827798299491405,
        "vehicle_location": {
            "x": -52.72249221801758,
            "y": 179.40655517578125,
            "z": -0.19230571389198303
        },
        "vehicle_velocity": {
            "x": 0.0011171817313879728,
            "y": -0.004748089239001274,
            "z": 0.00012155055446783081
        },
        "vehicle_throttle": 0.75,
        "unique_collisions": 1,
        "solid_lane_crosses": 4,
        "double_solid_lane_crosses": 0
    },
    {
        "game_time": 36.93559014983475,
        "vehicle_location": {
            "x": -52.722503662109375,
            "y": 179.40655517578125,
            "z": -0.1923101395368576
        },
        "vehicle_velocity": {
            "x": 0.001492221374064684,
            "y": -0.004609095863997936,
            "z": 0.00026237129350192845
        },
        "vehicle_throttle": 0.75,
        "unique_collisions": 1,
        "solid_lane_crosses": 4,
        "double_solid_lane_crosses": 0
    },
    {
        "game_time": 38.036445615813136,
        "vehicle_location": {
            "x": -52.72279739379883,
            "y": 179.40676879882812,
            "z": -0.19234931468963623
        },
        "vehicle_velocity": {
            "x": 5.555629468290135e-05,
            "y": -0.0035266089253127575,
            "z": -9.548186790198088e-05
        },
        "vehicle_throttle": 0.75,
        "unique_collisions": 1,
        "solid_lane_crosses": 4,
        "double_solid_lane_crosses": 0
    },
    {
        "game_time": 39.039111917838454,
        "vehicle_location": {
            "x": -52.72284698486328,
            "y": 179.4068145751953,
            "z": -0.19234611093997955
        },
        "vehicle_velocity": {
            "x": 0.003468303708359599,
            "y": -0.0066498517990112305,
            "z": 0.0001801872276701033
        },
        "vehicle_throttle": 0.75,
        "unique_collisions": 1,
        "solid_lane_crosses": 4,
        "double_solid_lane_crosses": 0
    },
    {
        "game_time": 40.1469200886786,
        "vehicle_location": {
            "x": -52.72295379638672,
            "y": 179.40689086914062,
            "z": -0.19232547283172607
        },
        "vehicle_velocity": {
            "x": 0.0018772887997329235,
            "y": -0.005358051974326372,
            "z": 0.00017827152623794973
        },
        "vehicle_throttle": 0.75,
        "unique_collisions": 1,
        "solid_lane_crosses": 4,
        "double_solid_lane_crosses": 0
    },
    {
        "game_time": 41.19854097627103,
        "vehicle_location": {
            "x": -52.72318649291992,
            "y": 179.40708923339844,
            "z": -0.19234298169612885
        },
        "vehicle_velocity": {
            "x": -0.0008891439065337181,
            "y": -0.002232420491054654,
            "z": -8.571147918701172e-05
        },
        "vehicle_throttle": 0.75,
        "unique_collisions": 1,
        "solid_lane_crosses": 4,
        "double_solid_lane_crosses": 0
    },
    {
        "game_time": 42.30761340819299,
        "vehicle_location": {
            "x": -52.72323989868164,
            "y": 179.40711975097656,
            "z": -0.19232916831970215
        },
        "vehicle_velocity": {
            "x": 0.00043570518027991056,
            "y": -0.0037725840229541063,
            "z": 0.0001920461654663086
        },
        "vehicle_throttle": 0.75,
        "unique_collisions": 1,
        "solid_lane_crosses": 4,
        "double_solid_lane_crosses": 0
    },
    {
        "game_time": 43.311304327100515,
        "vehicle_location": {
            "x": -52.72340393066406,
            "y": 179.40725708007812,
            "z": -0.19232238829135895
        },
        "vehicle_velocity": {
            "x": 0.0008283662609755993,
            "y": -0.00404270738363266,
            "z": 0.0003284251724835485
        },
        "vehicle_throttle": 0.75,
        "unique_collisions": 1,
        "solid_lane_crosses": 4,
        "double_solid_lane_crosses": 0
    },
    {
        "game_time": 44.39479691721499,
        "vehicle_location": {
            "x": -52.723514556884766,
            "y": 179.40731811523438,
            "z": -0.19237308204174042
        },
        "vehicle_velocity": {
            "x": 0.0025742410216480494,
            "y": -0.006065740250051022,
            "z": 0.0003371465136297047
        },
        "vehicle_throttle": 0.75,
        "unique_collisions": 1,
        "solid_lane_crosses": 4,
        "double_solid_lane_crosses": 0
    },
    {
        "game_time": 45.51755124889314,
        "vehicle_location": {
            "x": -52.72365951538086,
            "y": 179.40745544433594,
            "z": -0.19231867790222168
        },
        "vehicle_velocity": {
            "x": -0.0003136610903311521,
            "y": -0.0023197948466986418,
            "z": 0.00014590143109671772
        },
        "vehicle_throttle": 0.75,
        "unique_collisions": 1,
        "solid_lane_crosses": 4,
        "double_solid_lane_crosses": 0
    },
    {
        "game_time": 46.61090349778533,
        "vehicle_location": {
            "x": -52.72389221191406,
            "y": 179.40765380859375,
            "z": -0.192350834608078
        },
        "vehicle_velocity": {
            "x": 0.0009567069937475026,
            "y": -0.004393596667796373,
            "z": 1.0361671229475178e-05
        },
        "vehicle_throttle": 0.75,
        "unique_collisions": 1,
        "solid_lane_crosses": 4,
        "double_solid_lane_crosses": 0
    },
    {
        "game_time": 47.62513434700668,
        "vehicle_location": {
            "x": -52.72412109375,
            "y": 179.40780639648438,
            "z": -0.19238005578517914
        },
        "vehicle_velocity": {
            "x": -0.0022884083446115255,
            "y": -0.0010632681660354137,
            "z": -0.0003047156205866486
        },
        "vehicle_throttle": 0.75,
        "unique_collisions": 1,
        "solid_lane_crosses": 4,
        "double_solid_lane_crosses": 0
    },
    {
        "game_time": 48.71624551154673,
        "vehicle_location": {
            "x": -52.72429656982422,
            "y": 179.40794372558594,
            "z": -0.19239158928394318
        },
        "vehicle_velocity": {
            "x": 0.0011823892127722502,
            "y": -0.00546592241153121,
            "z": -0.00015040874131955206
        },
        "vehicle_throttle": 0.75,
        "unique_collisions": 1,
        "solid_lane_crosses": 4,
        "double_solid_lane_crosses": 0
    },
    {
        "game_time": 49.82848174124956,
        "vehicle_location": {
            "x": -52.72438430786133,
            "y": 179.4080047607422,
            "z": -0.19238848984241486
        },
        "vehicle_velocity": {
            "x": -0.003413033438846469,
            "y": 0.0005938911344856024,
            "z": 8.101701678242534e-05
        },
        "vehicle_throttle": 0.75,
        "unique_collisions": 1,
        "solid_lane_crosses": 4,
        "double_solid_lane_crosses": 0
    },
    {
        "game_time": 50.94696090184152,
        "vehicle_location": {
            "x": -52.7244873046875,
            "y": 179.4080810546875,
            "z": -0.19240523874759674
        },
        "vehicle_velocity": {
            "x": 0.0008370160940103233,
            "y": -0.004153270740061998,
            "z": 6.680011574644595e-05
        },
        "vehicle_throttle": 0.75,
        "unique_collisions": 1,
        "solid_lane_crosses": 4,
        "double_solid_lane_crosses": 0
    },
    {
        "game_time": 52.06274174340069,
        "vehicle_location": {
            "x": -52.72459030151367,
            "y": 179.40817260742188,
            "z": -0.19238582253456116
        },
        "vehicle_velocity": {
            "x": -2.3813247025827877e-05,
            "y": -0.002627191599458456,
            "z": 0.00028854250558651984
        },
        "vehicle_throttle": 0.75,
        "unique_collisions": 1,
        "solid_lane_crosses": 4,
        "double_solid_lane_crosses": 0
    },
    {
        "game_time": 53.15886122919619,
        "vehicle_location": {
            "x": -52.72471237182617,
            "y": 179.40826416015625,
            "z": -0.19239722192287445
        },
        "vehicle_velocity": {
            "x": 0.000994913512840867,
            "y": -0.00379070988856256,
            "z": 0.00012739657540805638
        },
        "vehicle_throttle": 0.75,
        "unique_collisions": 1,
        "solid_lane_crosses": 4,
        "double_solid_lane_crosses": 0
    }
]