[
    {
        "game_time": 9.144710681866854,
        "vehicle_location": {
            "x": 15.1712646484375,
            "y": 201.6408233642578,
            "z": -0.001425475929863751
        },
        "vehicle_velocity": {
            "x": 0.00020436815975699574,
            "y": -1.091980539058568e-05,
            "z": -0.005197753664106131
        },
        "vehicle_throttle": 0.0,
        "unique_collisions": 0,
        "solid_lane_crosses": 0,
        "double_solid_lane_crosses": 0
    },
    {
        "game_time": 10.166816262993962,
        "vehicle_location": {
            "x": 15.171183586120605,
            "y": 201.6408233642578,
            "z": -0.0015937804710119963
        },
        "vehicle_velocity": {
            "x": 6.973975530399912e-08,
            "y": -1.9842150145166215e-09,
            "z": 4.5299529460862686e-07
        },
        "vehicle_throttle": 0.0,
        "unique_collisions": 0,
        "solid_lane_crosses": 0,
        "double_solid_lane_crosses": 0
    },
    {
        "game_time": 11.169405929278582,
        "vehicle_location": {
            "x": 15.17499828338623,
            "y": 201.64024353027344,
            "z": -0.0018245693063363433
        },
        "vehicle_velocity": {
            "x": 0.05739032104611397,
            "y": -0.009269013069570065,
            "z": 9.049892105394974e-05
        },
        "vehicle_throttle": 0.75,
        "unique_collisions": 0,
        "solid_lane_crosses": 0,
        "double_solid_lane_crosses": 0
    },
    {
        "game_time": 12.188721436541528,
        "vehicle_location": {
            "x": 16.32171630859375,
            "y": 201.4583282470703,
            "z": -0.011007294058799744
        },
        "vehicle_velocity": {
            "x": 2.127006769180298,
            "y": -0.6547679901123047,
            "z": -4.846572846872732e-05
        },
        "vehicle_throttle": 0.75,
        "unique_collisions": 0,
        "solid_lane_crosses": 0,
        "double_solid_lane_crosses": 0
    },
    {
        "game_time": 13.197786753531545,
        "vehicle_location": {
            "x": 19.448640823364258,
            "y": 200.54367065429688,
            "z": -0.006899711210280657
        },
        "vehicle_velocity": {
            "x": 3.735205888748169,
            "y": -1.69974946975708,
            "z": 0.0002860879758372903
        },
        "vehicle_throttle": 0.75,
        "unique_collisions": 0,
        "solid_lane_crosses": 0,
        "double_solid_lane_crosses": 0
    },
    {
        "game_time": 14.23454401968047,
        "vehicle_location": {
            "x": 23.48325538635254,
            "y": 198.13365173339844,
            "z": 0.004052115138620138
        },
        "vehicle_velocity": {
            "x": 3.135169506072998,
            "y": -3.0778090953826904,
            "z": 0.00020032882457599044
        },
        "vehicle_throttle": 0.75,
        "unique_collisions": 0,
        "solid_lane_crosses": 0,
        "double_solid_lane_crosses": 0
    },
    {
        "game_time": 15.31879830127582,
        "vehicle_location": {
            "x": 26.690832138061523,
            "y": 194.62962341308594,
            "z": 0.0011229664087295532
        },
        "vehicle_velocity": {
            "x": 2.113684892654419,
            "y": -3.4372944831848145,
            "z": 2.9659269785042852e-05
        },
        "vehicle_throttle": 0.75,
        "unique_collisions": 0,
        "solid_lane_crosses": 0,
        "double_solid_lane_crosses": 0
    },
    {
        "game_time": 16.356636251788586,
        "vehicle_location": {
            "x": 28.423124313354492,
            "y": 191.7489013671875,
            "z": 0.006829668302088976
        },
        "vehicle_velocity": {
            "x": 1.1476784944534302,
            "y": -2.2284460067749023,
            "z": 0.00014368057600222528
        },
        "vehicle_throttle": 0.75,
        "unique_collisions": 0,
        "solid_lane_crosses": 0,
        "double_solid_lane_crosses": 0
    },
    {
        "game_time": 17.43114815792069,
        "vehicle_location": {
            "x": 29.59621238708496,
            "y": 188.966796875,
            "z": -0.0010905464878305793
        },
        "vehicle_velocity": {
            "x": 0.8365311026573181,
            "y": -2.6750781536102295,
            "z": -0.0002782726369332522
        },
        "vehicle_throttle": 0.0,
        "unique_collisions": 0,
        "solid_lane_crosses": 0,
        "double_solid_lane_crosses": 0
    },
    {
        "game_time": 18.516504868399352,
        "vehicle_location": {
            "x": 29.9928035736084,
            "y": 187.794921875,
            "z": -0.01710500195622444
        },
        "vehicle_velocity": {
            "x": 0.3040633797645569,
            "y": -0.9918627738952637,
            "z": -0.00022308349434752017
        },
        "vehicle_throttle": 0.0,
        "unique_collisions": 0,
        "solid_lane_crosses": 0,
        "double_solid_lane_crosses": 0
    },
    {
        "game_time": 19.539099756162614,
        "vehicle_location": {
            "x": 30.168344497680664,
            "y": 187.24658203125,
            "z": -0.01192884799093008
        },
        "vehicle_velocity": {
            "x": 0.4407268166542053,
            "y": -1.4276891946792603,
            "z": -0.0003420066786929965
        },
        "vehicle_throttle": 0.75,
        "unique_collisions": 0,
        "solid_lane_crosses": 0,
        "double_solid_lane_crosses": 0
    },
    {
        "game_time": 20.54346603481099,
        "vehicle_location": {
            "x": 30.42673110961914,
            "y": 186.21929931640625,
            "z": 0.005739124491810799
        },
        "vehicle_velocity": {
            "x": 0.19125495851039886,
            "y": -0.9610656499862671,
            "z": 0.0007248306064866483
        },
        "vehicle_throttle": 0.75,
        "unique_collisions": 0,
        "solid_lane_crosses": 0,
        "double_solid_lane_crosses": 0
    },
    {
        "game_time": 21.547657928895205,
        "vehicle_location": {
            "x": 30.85067367553711,
            "y": 184.131103515625,
            "z": -0.009513461031019688
        },
        "vehicle_velocity": {
            "x": 0.4948553442955017,
            "y": -3.1652140617370605,
            "z": 0.0001856040908023715
        },
        "vehicle_throttle": 0.75,
        "unique_collisions": 0,
        "solid_lane_crosses": 0,
        "double_solid_lane_crosses": 0
    },
    {
        "game_time": 22.58584747603163,
        "vehicle_location": {
            "x": 31.182157516479492,
            "y": 181.24085998535156,
            "z": -0.007191153708845377
        },
        "vehicle_velocity": {
            "x": 0.0730554386973381,
            "y": -3.1867318153381348,
            "z": 9.61589757935144e-05
        },
        "vehicle_throttle": 0.75,
        "unique_collisions": 0,
        "solid_lane_crosses": 0,
        "double_solid_lane_crosses": 0
    },
    {
        "game_time": 23.6690390589647,
        "vehicle_location": {
            "x": 31.329208374023438,
            "y": 178.66107177734375,
            "z": 0.028615714982151985
        },
        "vehicle_velocity": {
            "x": 0.02739519067108631,
            "y": -0.4797550141811371,
            "z": -0.0016432666452601552
        },
        "vehicle_throttle": 0.75,
        "unique_collisions": 0,
        "solid_lane_crosses": 0,
        "double_solid_lane_crosses": 0
    },
    {
        "game_time": 24.756110865157098,
        "vehicle_location": {
            "x": 31.391132354736328,
            "y": 176.9569091796875,
            "z": -0.014872188679873943
        },
        "vehicle_velocity": {
            "x": -0.035410478711128235,
            "y": -2.658748149871826,
            "z": 0.00022745132446289062
        },
        "vehicle_throttle": 0.75,
        "unique_collisions": 0,
        "solid_lane_crosses": 0,
        "double_solid_lane_crosses": 0
    },
    {
        "game_time": 25.86241814820096,
        "vehicle_location": {
            "x": 31.475961685180664,
            "y": 172.8585968017578,
            "z": -0.004740748088806868
        },
        "vehicle_velocity": {
            "x": 0.09803428500890732,
            "y": -3.989042043685913,
            "z": 0.0002086162567138672
        },
        "vehicle_throttle": 0.0,
        "unique_collisions": 0,
        "solid_lane_crosses": 0,
        "double_solid_lane_crosses": 0
    },
    {
        "game_time": 26.98994505731389,
        "vehicle_location": {
            "x": 31.51493263244629,
            "y": 168.42543029785156,
            "z": 0.00043914481648243964
        },
        "vehicle_velocity": {
            "x": 0.018547039479017258,
            "y": -3.7168288230895996,
            "z": 4.539489600574598e-05
        },
        "vehicle_throttle": 0.75,
        "unique_collisions": 0,
        "solid_lane_crosses": 0,
        "double_solid_lane_crosses": 0
    },
    {
        "game_time": 28.032047973480076,
        "vehicle_location": {
            "x": 31.52885627746582,
            "y": 165.35638427734375,
            "z": -0.0047112987376749516
        },
        "vehicle_velocity": {
            "x": -0.004255033563822508,
            "y": -3.014458656311035,
            "z": 0.0003226280095987022
        },
        "vehicle_throttle": 0.75,
        "unique_collisions": 0,
        "solid_lane_crosses": 0,
        "double_solid_lane_crosses": 0
    },
    {
        "game_time": 29.135011402424425,
        "vehicle_location": {
            "x": 31.541114807128906,
            "y": 163.03819274902344,
            "z": 0.013062873855233192
        },
        "vehicle_velocity": {
            "x": 0.007602896075695753,
            "y": -1.3890892267227173,
            "z": 0.0009194564772769809
        },
        "vehicle_throttle": 0.75,
        "unique_collisions": 0,
        "solid_lane_crosses": 0,
        "double_solid_lane_crosses": 0
    },
    {
        "game_time": 30.200012411456555,
        "vehicle_location": {
            "x": 31.544002532958984,
            "y": 160.24102783203125,
            "z": -0.007419654168188572
        },
        "vehicle_velocity": {
            "x": 0.004556688480079174,
            "y": -3.5664544105529785,
            "z": 0.0004933548043482006
        },
        "vehicle_throttle": 0.0,
        "unique_collisions": 0,
        "solid_lane_crosses": 0,
        "double_solid_lane_crosses": 0
    },
    {
        "game_time": 31.267751132603735,
        "vehicle_location": {
            "x": 31.54717254638672,
            "y": 156.77015686035156,
            "z": -0.0024384295102208853
        },
        "vehicle_velocity": {
            "x": 0.0024665144737809896,
            "y": -3.0781681537628174,
            "z": 0.00018712042947299778
        },
        "vehicle_throttle": 0.75,
        "unique_collisions": 0,
        "solid_lane_crosses": 0,
        "double_solid_lane_crosses": 0
    },
    {
        "game_time": 32.2988223019056,
        "vehicle_location": {
            "x": 31.54966163635254,
            "y": 153.15171813964844,
            "z": -0.00668502040207386
        },
        "vehicle_velocity": {
            "x": 0.003035261295735836,
            "y": -4.087117671966553,
            "z": -0.00011103630095021799
        },
        "vehicle_throttle": 0.75,
        "unique_collisions": 0,
        "solid_lane_crosses": 0,
        "double_solid_lane_crosses": 0
    },
    {
        "game_time": 33.30112862912938,
        "vehicle_location": {
            "x": 31.549142837524414,
            "y": 150.45106506347656,
            "z": 0.019486509263515472
        },
        "vehicle_velocity": {
            "x": 0.00023699706071056426,
            "y": -1.3621703386306763,
            "z": -6.11305222264491e-06
        },
        "vehicle_throttle": 0.75,
        "unique_collisions": 0,
        "solid_lane_crosses": 0,
        "double_solid_lane_crosses": 0
    },
    {
        "game_time": 34.349141845013946,
        "vehicle_location": {
            "x": 31.55118751525879,
            "y": 147.79537963867188,
            "z": -0.008617390878498554
        },
        "vehicle_velocity": {
            "x": 0.0008423326071351767,
            "y": -3.0967400074005127,
            "z": 0.0008243655902333558
        },
        "vehicle_throttle": 0.0,
        "unique_collisions": 0,
        "solid_lane_crosses": 0,
        "double_solid_lane_crosses": 0
    },
    {
        "game_time": 35.451221679802984,
        "vehicle_location": {
            "x": 31.55303955078125,
            "y": 145.59019470214844,
            "z": -0.01873982697725296
        },
        "vehicle_velocity": {
            "x": 0.0008025169372558594,
            "y": -2.649348735809326,
            "z": -0.00038161277188919485
        },
        "vehicle_throttle": 0.75,
        "unique_collisions": 0,
        "solid_lane_crosses": 0,
        "double_solid_lane_crosses": 0
    },
    {
        "game_time": 36.48445929540321,
        "vehicle_location": {
            "x": 31.554576873779297,
            "y": 142.69215393066406,
            "z": 0.02387741021811962
        },
        "vehicle_velocity": {
            "x": 0.00016182850231416523,
            "y": -0.3244972229003906,
            "z": -0.001537060714326799
        },
        "vehicle_throttle": 0.0,
        "unique_collisions": 0,
        "solid_lane_crosses": 0,
        "double_solid_lane_crosses": 0
    },
    {
        "game_time": 37.57673317519948,
        "vehicle_location": {
            "x": 31.556636810302734,
            "y": 142.1841278076172,
            "z": -0.0032461523078382015
        },
        "vehicle_velocity": {
            "x": 0.00045363730168901384,
            "y": -0.3065720200538635,
            "z": -1.8310545783606358e-05
        },
        "vehicle_throttle": 0.75,
        "unique_collisions": 0,
        "solid_lane_crosses": 0,
        "double_solid_lane_crosses": 0
    },
    {
        "game_time": 38.68150674877688,
        "vehicle_location": {
            "x": 31.556041717529297,
            "y": 141.83706665039062,
            "z": -0.0038492551539093256
        },
        "vehicle_velocity": {
            "x": 4.227548197377473e-05,
            "y": -0.06363817304372787,
            "z": -7.915497008070815e-06
        },
        "vehicle_throttle": 0.75,
        "unique_collisions": 0,
        "solid_lane_crosses": 0,
        "double_solid_lane_crosses": 0
    },
    {
        "game_time": 39.756210987921804,
        "vehicle_location": {
            "x": 31.5562686920166,
            "y": 141.62261962890625,
            "z": -0.0006245436961762607
        },
        "vehicle_velocity": {
            "x": 6.76755589665845e-05,
            "y": -0.05875847116112709,
            "z": -0.0004233836953062564
        },
        "vehicle_throttle": 0.75,
        "unique_collisions": 0,
        "solid_lane_crosses": 0,
        "double_solid_lane_crosses": 0
    },
    {
        "game_time": 40.83370885392651,
        "vehicle_location": {
            "x": 31.55640983581543,
            "y": 141.52151489257812,
            "z": -0.0008922587730921805
        },
        "vehicle_velocity": {
            "x": 5.318993316905107e-06,
            "y": -0.04140535369515419,
            "z": 0.000163011543918401
        },
        "vehicle_throttle": 0.75,
        "unique_collisions": 0,
        "solid_lane_crosses": 0,
        "double_solid_lane_crosses": 0
    },
    {
        "game_time": 41.844124648254365,
        "vehicle_location": {
            "x": 31.556522369384766,
            "y": 141.408935546875,
            "z": -0.0009700021473690867
        },
        "vehicle_velocity": {
            "x": 7.338198429351905e-06,
            "y": -0.023354453966021538,
            "z": -0.00020663261238951236
        },
        "vehicle_throttle": 0.75,
        "unique_collisions": 0,
        "solid_lane_crosses": 0,
        "double_solid_lane_crosses": 0
    },
    {
        "game_time": 42.93475434882566,
        "vehicle_location": {
            "x": 31.55604362487793,
            "y": 141.37249755859375,
            "z": -0.0017332456773146987
        },
        "vehicle_velocity": {
            "x": 7.134901807148708e-06,
            "y": -0.031098488718271255,
            "z": 0.00019821166642941535
        },
        "vehicle_throttle": 0.75,
        "unique_collisions": 0,
        "solid_lane_crosses": 0,
        "double_solid_lane_crosses": 0
    },
    {
        "game_time": 43.968834394123405,
        "vehicle_location": {
            "x": 31.556047439575195,
            "y": 141.3546142578125,
            "z": -0.0016323851887136698
        },
        "vehicle_velocity": {
            "x": 5.531866008823272e-06,
            "y": -0.03361014649271965,
            "z": -0.00031476974254474044
        },
        "vehicle_throttle": 0.75,
        "unique_collisions": 0,
        "solid_lane_crosses": 0,
        "double_solid_lane_crosses": 0
    },
    {
        "game_time": 45.03715689247474,
        "vehicle_location": {
            "x": 31.556047439575195,
            "y": 141.345703125,
            "z": -0.0016937253531068563
        },
        "vehicle_velocity": {
            "x": 2.18539444176713e-05,
            "y": -0.042094290256500244,
            "z": -0.00010101318184752017
        },
        "vehicle_throttle": 0.75,
        "unique_collisions": 0,
        "solid_lane_crosses": 0,
        "double_solid_lane_crosses": 0
    },
    {
        "game_time": 46.09895597724244,
        "vehicle_location": {
            "x": 31.556049346923828,
            "y": 141.34091186523438,
            "z": -0.0015879821730777621
        },
        "vehicle_velocity": {
            "x": 8.057184459175915e-06,
            "y": -0.007841097190976143,
            "z": 0.00020414352184161544
        },
        "vehicle_throttle": 0.75,
        "unique_collisions": 0,
        "solid_lane_crosses": 0,
        "double_solid_lane_crosses": 0
    },
    {
        "game_time": 47.149344633799046,
        "vehicle_location": {
            "x": 31.556049346923828,
            "y": 141.33958435058594,
            "z": -0.0016194152412936091
        },
        "vehicle_velocity": {
            "x": -5.6039933582496815e-08,
            "y": 1.4627558812208008e-05,
            "z": 0.00024416923406533897
        },
        "vehicle_throttle": 0.0,
        "unique_collisions": 0,
        "solid_lane_crosses": 0,
        "double_solid_lane_crosses": 0
    },
    {
        "game_time": 48.181781243067235,
        "vehicle_location": {
            "x": 31.556049346923828,
            "y": 141.33958435058594,
            "z": -0.0015865325694903731
        },
        "vehicle_velocity": {
            "x": 4.584251200867584e-08,
            "y": -6.23370777219634e-09,
            "z": -8.905410504667088e-05
        },
        "vehicle_throttle": 0.0,
        "unique_collisions": 0,
        "solid_lane_crosses": 0,
        "double_solid_lane_crosses": 0
    },
    {
        "game_time": 49.250535854604095,
        "vehicle_location": {
            "x": 31.556049346923828,
            "y": 141.33958435058594,
            "z": -0.0016384887276217341
        },
        "vehicle_velocity": {
            "x": 2.645919483512671e-09,
            "y": -4.2082570761436955e-10,
            "z": -2.069473111987463e-06
        },
        "vehicle_throttle": 0.0,
        "unique_collisions": 0,
        "solid_lane_crosses": 0,
        "double_solid_lane_crosses": 0
    },
    {
        "game_time": 50.32769244676456,
        "vehicle_location": {
            "x": 31.556049346923828,
            "y": 141.33958435058594,
            "z": -0.0016484832158312201
        },
        "vehicle_velocity": {
            "x": 1.0771525005282001e-08,
            "y": -1.2205902955031434e-09,
            "z": -0.00010622024274198338
        },
        "vehicle_throttle": 0.0,
        "unique_collisions": 0,
        "solid_lane_crosses": 0,
        "double_solid_lane_crosses": 0
    },
    {
        "game_time": 51.3679702593945,
        "vehicle_location": {
            "x": 31.556049346923828,
            "y": 141.33958435058594,
            "z": -0.0016313170781359076
        },
        "vehicle_velocity": {
            "x": -2.7865962870521344e-09,
            "y": -4.0518668975586536e-10,
            "z": 0.00010165691492147744
        },
        "vehicle_throttle": 0.0,
        "unique_collisions": 0,
        "solid_lane_crosses": 0,
        "double_solid_lane_crosses": 0
    },
    {
        "game_time": 52.4227633359842,
        "vehicle_location": {
            "x": 31.556049346923828,
            "y": 141.33958435058594,
            "z": -0.0016190337482839823
        },
        "vehicle_velocity": {
            "x": 7.652256606149876e-09,
            "y": 1.07598163712197e-09,
            "z": 0.00018246650870423764
        },
        "vehicle_throttle": 0.0,
        "unique_collisions": 0,
        "solid_lane_crosses": 0,
        "double_solid_lane_crosses": 0
    },
    {
        "game_time": 53.49719187198207,
        "vehicle_location": {
            "x": 31.556049346923828,
            "y": 141.33958435058594,
            "z": -0.0016278838738799095
        },
        "vehicle_velocity": {
            "x": -2.1916848780278997e-08,
            "y": 3.177046181690457e-09,
            "z": -0.00010131835733773187
        },
        "vehicle_throttle": 0.0,
        "unique_collisions": 0,
        "solid_lane_crosses": 0,
        "double_solid_lane_crosses": 0
    },
    {
        "game_time": 54.55278304358944,
        "vehicle_location": {
            "x": 31.556049346923828,
            "y": 141.33958435058594,
            "z": -0.0015971374232321978
        },
        "vehicle_velocity": {
            "x": 2.138762056347332e-08,
            "y": -5.086491228212253e-09,
            "z": -0.00015645027451682836
        },
        "vehicle_throttle": 0.0,
        "unique_collisions": 0,
        "solid_lane_crosses": 0,
        "double_solid_lane_crosses": 0
    },
    {
        "game_time": 55.67643336346373,
        "vehicle_location": {
            "x": 31.556049346923828,
            "y": 141.33958435058594,
            "z": -0.0015930174849927425
        },
        "vehicle_velocity": {
            "x": 2.1346339806882497e-08,
            "y": -5.370613287425385e-09,
            "z": 0.0004407691885717213
        },
        "vehicle_throttle": 0.0,
        "unique_collisions": 0,
        "solid_lane_crosses": 0,
        "double_solid_lane_crosses": 0
    },
    {
        "game_time": 56.73628691164777,
        "vehicle_location": {
            "x": 31.556049346923828,
            "y": 141.33958435058594,
            "z": -0.001628188998438418
        },
        "vehicle_velocity": {
            "x": 9.974876036267233e-09,
            "y": -1.358661738670719e-09,
            "z": 0.000128598214359954
        },
        "vehicle_throttle": 0.0,
        "unique_collisions": 0,
        "solid_lane_crosses": 0,
        "double_solid_lane_crosses": 0
    },
    {
        "game_time": 57.73712541675195,
        "vehicle_location": {
            "x": 31.556049346923828,
            "y": 141.33958435058594,
            "z": -0.0016095733735710382
        },
        "vehicle_velocity": {
            "x": -5.564749727682283e-08,
            "y": 7.178355687642579e-09,
            "z": 0.00010666847083484754
        },
        "vehicle_throttle": 0.0,
        "unique_collisions": 0,
        "solid_lane_crosses": 0,
        "double_solid_lane_crosses": 0
    },
    {
        "game_time": 58.74688496021554,
        "vehicle_location": {
            "x": 31.556049346923828,
            "y": 141.33958435058594,
            "z": -0.0016119384672492743
        },
        "vehicle_velocity": {
            "x": 0.0,
            "y": 0.0,
            "z": 0.0
        },
        "vehicle_throttle": 0.0,
        "unique_collisions": 0,
        "solid_lane_crosses": 0,
        "double_solid_lane_crosses": 0
    },
    {
        "game_time": 59.834139430429786,
        "vehicle_location": {
            "x": 31.556049346923828,
            "y": 141.33958435058594,
            "z": -0.0016050719423219562
        },
        "vehicle_velocity": {
            "x": 5.561261673392437e-08,
            "y": 3.2348693168593456e-10,
            "z": -0.00028363228193484247
        },
        "vehicle_throttle": 0.0,
        "unique_collisions": 0,
        "solid_lane_crosses": 0,
        "double_solid_lane_crosses": 0
    },
    {
        "game_time": 60.91954754432663,
        "vehicle_location": {
            "x": 31.556049346923828,
            "y": 141.33958435058594,
            "z": -0.001638336107134819
        },
        "vehicle_velocity": {
            "x": -1.090587442575952e-08,
            "y": 4.594582492245536e-09,
            "z": -0.0001481723738834262
        },
        "vehicle_throttle": 0.0,
        "unique_collisions": 0,
        "solid_lane_crosses": 0,
        "double_solid_lane_crosses": 0
    },
    {
        "game_time": 61.96068264497444,
        "vehicle_location": {
            "x": 31.556049346923828,
            "y": 141.33958435058594,
            "z": -0.0015789031749591231
        },
        "vehicle_velocity": {
            "x": 5.547626358293201e-09,
            "y": 7.492965692357245e-10,
            "z": -0.00028545380337163806
        },
        "vehicle_throttle": 0.0,
        "unique_collisions": 0,
        "solid_lane_crosses": 0,
        "double_solid_lane_crosses": 0
    },
    {
        "game_time": 63.03223907528445,
        "vehicle_location": {
            "x": 31.556049346923828,
            "y": 141.33958435058594,
            "z": -0.0016077422769740224
        },
        "vehicle_velocity": {
            "x": 2.8604221213868186e-08,
            "y": -4.406719433802664e-09,
            "z": -0.00026153563521802425
        },
        "vehicle_throttle": 0.0,
        "unique_collisions": 0,
        "solid_lane_crosses": 0,
        "double_solid_lane_crosses": 0
    },
    {
        "game_time": 64.12324177054688,
        "vehicle_location": {
            "x": 31.556049346923828,
            "y": 141.33958435058594,
            "z": -0.0016326904296875
        },
        "vehicle_velocity": {
            "x": 0.0,
            "y": 0.0,
            "z": 0.0
        },
        "vehicle_throttle": 0.0,
        "unique_collisions": 0,
        "solid_lane_crosses": 0,
        "double_solid_lane_crosses": 0
    },
    {
        "game_time": 65.2443585335277,
        "vehicle_location": {
            "x": 31.556049346923828,
            "y": 141.33958435058594,
            "z": -0.001651763916015625
        },
        "vehicle_velocity": {
            "x": 4.326800251419627e-09,
            "y": 1.0440339703876589e-09,
            "z": -0.00028023720369674265
        },
        "vehicle_throttle": 0.0,
        "unique_collisions": 0,
        "solid_lane_crosses": 0,
        "double_solid_lane_crosses": 0
    },
    {
        "game_time": 66.31706208130345,
        "vehicle_location": {
            "x": 31.556049346923828,
            "y": 141.33958435058594,
            "z": -0.001584930345416069
        },
        "vehicle_velocity": {
            "x": -8.1766087234314e-09,
            "y": 6.990769629844351e-10,
            "z": -0.00010135650518350303
        },
        "vehicle_throttle": 0.0,
        "unique_collisions": 0,
        "solid_lane_crosses": 0,
        "double_solid_lane_crosses": 0
    },
    {
        "game_time": 67.33154224744067,
        "vehicle_location": {
            "x": 31.556049346923828,
            "y": 141.33958435058594,
            "z": -0.0016008758684620261
        },
        "vehicle_velocity": {
            "x": 3.2487601941966204e-08,
            "y": -9.262007161225938e-09,
            "z": -0.0003456115664448589
        },
        "vehicle_throttle": 0.0,
        "unique_collisions": 0,
        "solid_lane_crosses": 0,
        "double_solid_lane_crosses": 0
    },
    {
        "game_time": 68.37084399117157,
        "vehicle_location": {
            "x": 31.556049346923828,
            "y": 141.33958435058594,
            "z": -0.001637420617043972
        },
        "vehicle_velocity": {
            "x": 6.090131066116555e-09,
            "y": 1.874013166869304e-09,
            "z": -8.648871880723163e-05
        },
        "vehicle_throttle": 0.0,
        "unique_collisions": 0,
        "solid_lane_crosses": 0,
        "double_solid_lane_crosses": 0
    },
    {
        "game_time": 69.46950949681923,
        "vehicle_location": {
            "x": 31.556049346923828,
            "y": 141.33958435058594,
            "z": -0.0016089630080386996
        },
        "vehicle_velocity": {
            "x": 2.7110163003385424e-08,
            "y": 2.978316482327159e-10,
            "z": 0.00013044357183389366
        },
        "vehicle_throttle": 0.0,
        "unique_collisions": 0,
        "solid_lane_crosses": 0,
        "double_solid_lane_crosses": 0
    },
    {
        "game_time": 70.47636733716354,
        "vehicle_location": {
            "x": 31.556049346923828,
            "y": 141.33958435058594,
            "z": -0.0016007995000109076
        },
        "vehicle_velocity": {
            "x": -1.7581918143605435e-08,
            "y": -6.406617597543018e-11,
            "z": 8.981704741017893e-05
        },
        "vehicle_throttle": 0.0,
        "unique_collisions": 0,
        "solid_lane_crosses": 0,
        "double_solid_lane_crosses": 0
    },
    {
        "game_time": 71.51635969569907,
        "vehicle_location": {
            "x": 31.556049346923828,
            "y": 141.33958435058594,
            "z": -0.0016225433209910989
        },
        "vehicle_velocity": {
            "x": -6.896289761471053e-08,
            "y": 7.786726818892475e-09,
            "z": 0.00010633468627929688
        },
        "vehicle_throttle": 0.0,
        "unique_collisions": 0,
        "solid_lane_crosses": 0,
        "double_solid_lane_crosses": 0
    },
    {
        "game_time": 72.52713117515668,
        "vehicle_location": {
            "x": 31.556049346923828,
            "y": 141.33958435058594,
            "z": -0.0016374968690797687
        },
        "vehicle_velocity": {
            "x": 1.816769312767974e-08,
            "y": -3.4566385309631187e-09,
            "z": -3.13186646963004e-05
        },
        "vehicle_throttle": 0.0,
        "unique_collisions": 0,
        "solid_lane_crosses": 0,
        "double_solid_lane_crosses": 0
    },
    {
        "game_time": 73.55025213910267,
        "vehicle_location": {
            "x": 31.556049346923828,
            "y": 141.33958435058594,
            "z": -0.0016262053977698088
        },
        "vehicle_velocity": {
            "x": 5.3410001754627956e-08,
            "y": -2.0010653134505674e-09,
            "z": 0.00024989127996377647
        },
        "vehicle_throttle": 0.0,
        "unique_collisions": 0,
        "solid_lane_crosses": 0,
        "double_solid_lane_crosses": 0
    },
    {
        "game_time": 74.58645103825256,
        "vehicle_location": {
            "x": 31.556049346923828,
            "y": 141.33958435058594,
            "z": -0.0016535186441615224
        },
        "vehicle_velocity": {
            "x": -2.8457995071562436e-08,
            "y": 4.31372937370611e-09,
            "z": 8.324623195221648e-05
        },
        "vehicle_throttle": 0.0,
        "unique_collisions": 0,
        "solid_lane_crosses": 0,
        "double_solid_lane_crosses": 0
    },
    {
        "game_time": 75.6350013515912,
        "vehicle_location": {
            "x": 31.556049346923828,
            "y": 141.33958435058594,
            "z": -0.0016456603771075606
        },
        "vehicle_velocity": {
            "x": -6.326628465558315e-08,
            "y": 7.649540556542433e-09,
            "z": -0.0003446006739977747
        },
        "vehicle_throttle": 0.0,
        "unique_collisions": 0,
        "solid_lane_crosses": 0,
        "double_solid_lane_crosses": 0
    },
    {
        "game_time": 76.74711062153801,
        "vehicle_location": {
            "x": 31.556049346923828,
            "y": 141.33958435058594,
            "z": -0.001580200158059597
        },
        "vehicle_velocity": {
            "x": 4.205791626077371e-08,
            "y": -9.89639836745937e-09,
            "z": 0.00027179718017578125
        },
        "vehicle_throttle": 0.0,
        "unique_collisions": 0,
        "solid_lane_crosses": 0,
        "double_solid_lane_crosses": 0
    },
    {
        "game_time": 77.76262545166537,
        "vehicle_location": {
            "x": 31.556049346923828,
            "y": 141.33958435058594,
            "z": -0.0016353606479242444
        },
        "vehicle_velocity": {
            "x": -6.844020816743068e-08,
            "y": 7.215130271021053e-09,
            "z": -1.412391611665953e-05
        },
        "vehicle_throttle": 0.0,
        "unique_collisions": 0,
        "solid_lane_crosses": 0,
        "double_solid_lane_crosses": 0
    },
    {
        "game_time": 78.84202900482342,
        "vehicle_location": {
            "x": 31.556049346923828,
            "y": 141.33958435058594,
            "z": -0.0016123962122946978
        },
        "vehicle_velocity": {
            "x": 2.0798324174009508e-10,
            "y": -5.986151019321539e-10,
            "z": -0.00045816419878974557
        },
        "vehicle_throttle": 0.0,
        "unique_collisions": 0,
        "solid_lane_crosses": 0,
        "double_solid_lane_crosses": 0
    },
    {
        "game_time": 79.88802631525323,
        "vehicle_location": {
            "x": 31.556049346923828,
            "y": 141.33958435058594,
            "z": -0.0015946959611028433
        },
        "vehicle_velocity": {
            "x": -7.084204156626583e-08,
            "y": 5.954458259793682e-09,
            "z": 0.00011410236038500443
        },
        "vehicle_throttle": 0.0,
        "unique_collisions": 0,
        "solid_lane_crosses": 0,
        "double_solid_lane_crosses": 0
    },
    {
        "game_time": 80.94123217416927,
        "vehicle_location": {
            "x": 31.556049346923828,
            "y": 141.33958435058594,
            "z": -0.0016263580182567239
        },
        "vehicle_velocity": {
            "x": -4.174354018005033e-08,
            "y": 5.833263205801131e-09,
            "z": 0.00039336204645223916
        },
        "vehicle_throttle": 0.0,
        "unique_collisions": 0,
        "solid_lane_crosses": 0,
        "double_solid_lane_crosses": 0
    },
    {
        "game_time": 82.05948136700317,
        "vehicle_location": {
            "x": 31.556049346923828,
            "y": 141.33958435058594,
            "z": -0.0016458892496302724
        },
        "vehicle_velocity": {
            "x": -3.564581163573166e-08,
            "y": 6.493305892973922e-09,
            "z": -0.0003142356872558594
        },
        "vehicle_throttle": 0.0,
        "unique_collisions": 0,
        "solid_lane_crosses": 0,
        "double_solid_lane_crosses": 0
    },
    {
        "game_time": 83.1425587865524,
        "vehicle_location": {
            "x": 31.556049346923828,
            "y": 141.33958435058594,
            "z": -0.0016136931953951716
        },
        "vehicle_velocity": {
            "x": 5.217006915358979e-08,
            "y": -1.9188632627287205e-10,
            "z": 0.00031476974254474044
        },
        "vehicle_throttle": 0.0,
        "unique_collisions": 0,
        "solid_lane_crosses": 0,
        "double_solid_lane_crosses": 0
    },
    {
        "game_time": 84.22348020365462,
        "vehicle_location": {
            "x": 31.556049346923828,
            "y": 141.33958435058594,
            "z": -0.0016072081634774804
        },
        "vehicle_velocity": {
            "x": 2.400264520474593e-08,
            "y": -7.0611729796610234e-09,
            "z": 0.00031766414758749306
        },
        "vehicle_throttle": 0.0,
        "unique_collisions": 0,
        "solid_lane_crosses": 0,
        "double_solid_lane_crosses": 0
    },
    {
        "game_time": 85.23958492046222,
        "vehicle_location": {
            "x": 31.556049346923828,
            "y": 141.33958435058594,
            "z": -0.0016259002732113004
        },
        "vehicle_velocity": {
            "x": -2.794529052607686e-09,
            "y": 4.807272357965076e-10,
            "z": -0.00044557571527548134
        },
        "vehicle_throttle": 0.0,
        "unique_collisions": 0,
        "solid_lane_crosses": 0,
        "double_solid_lane_crosses": 0
    },
    {
        "game_time": 86.30273499479517,
        "vehicle_location": {
            "x": 31.55569076538086,
            "y": 141.03697204589844,
            "z": -0.0098718898370862
        },
        "vehicle_velocity": {
            "x": -0.00031677886727266014,
            "y": -1.020143747329712,
            "z": -0.00015461920702364296
        },
        "vehicle_throttle": 0.75,
        "unique_collisions": 0,
        "solid_lane_crosses": 0,
        "double_solid_lane_crosses": 0
    },
    {
        "game_time": 87.36540389759466,
        "vehicle_location": {
            "x": 31.554567337036133,
            "y": 139.79331970214844,
            "z": 0.0203795675188303
        },
        "vehicle_velocity": {
            "x": 0.0002536230022087693,
            "y": -0.39223232865333557,
            "z": -0.0003587007522583008
        },
        "vehicle_throttle": 0.75,
        "unique_collisions": 0,
        "solid_lane_crosses": 0,
        "double_solid_lane_crosses": 0
    },
    {
        "game_time": 88.48480802355334,
        "vehicle_location": {
            "x": 31.55608558654785,
            "y": 137.95761108398438,
            "z": -0.011475509963929653
        },
        "vehicle_velocity": {
            "x": 0.0018110314849764109,
            "y": -2.812633991241455,
            "z": 0.0006686019478365779
        },
        "vehicle_throttle": 0.75,
        "unique_collisions": 0,
        "solid_lane_crosses": 0,
        "double_solid_lane_crosses": 0
    },
    {
        "game_time": 89.53153175255284,
        "vehicle_location": {
            "x": 31.557931900024414,
            "y": 134.53521728515625,
            "z": 0.00718741025775671
        },
        "vehicle_velocity": {
            "x": 0.0012890527723357081,
            "y": -2.9832425117492676,
            "z": 2.1314621335477568e-05
        },
        "vehicle_throttle": 0.75,
        "unique_collisions": 0,
        "solid_lane_crosses": 0,
        "double_solid_lane_crosses": 0
    },
    {
        "game_time": 90.61357970489189,
        "vehicle_location": {
            "x": 31.559267044067383,
            "y": 131.53379821777344,
            "z": 0.018641173839569092
        },
        "vehicle_velocity": {
            "x": 0.00042255816515535116,
            "y": -1.267871379852295,
            "z": -0.0013280868297442794
        },
        "vehicle_throttle": 0.75,
        "unique_collisions": 0,
        "solid_lane_crosses": 0,
        "double_solid_lane_crosses": 0
    },
    {
        "game_time": 91.68706605350599,
        "vehicle_location": {
            "x": 31.560043334960938,
            "y": 128.95025634765625,
            "z": -0.014994562603533268
        },
        "vehicle_velocity": {
            "x": 0.0013005731161683798,
            "y": -3.503326416015625,
            "z": 0.00020513533672783524
        },
        "vehicle_throttle": 0.75,
        "unique_collisions": 0,
        "solid_lane_crosses": 0,
        "double_solid_lane_crosses": 0
    },
    {
        "game_time": 92.77758187009022,
        "vehicle_location": {
            "x": 31.561336517333984,
            "y": 126.18048858642578,
            "z": 0.017238855361938477
        },
        "vehicle_velocity": {
            "x": 0.0011888229055330157,
            "y": -0.7954686284065247,
            "z": -0.000355467782355845
        },
        "vehicle_throttle": 0.75,
        "unique_collisions": 0,
        "solid_lane_crosses": 0,
        "double_solid_lane_crosses": 0
    },
    {
        "game_time": 93.81198438769206,
        "vehicle_location": {
            "x": 31.559871673583984,
            "y": 125.378662109375,
            "z": -0.0047601270489394665
        },
        "vehicle_velocity": {
            "x": -0.0001902495278045535,
            "y": -0.01310054399073124,
            "z": -5.002975376555696e-05
        },
        "vehicle_throttle": 0.0,
        "unique_collisions": 0,
        "solid_lane_crosses": 0,
        "double_solid_lane_crosses": 0
    },
    {
        "game_time": 94.90282588405535,
        "vehicle_location": {
            "x": 31.55947494506836,
            "y": 125.06023406982422,
            "z": -0.004359737038612366
        },
        "vehicle_velocity": {
            "x": -0.0018384193535894156,
            "y": -0.7209882736206055,
            "z": 0.00015583992353640497
        },
        "vehicle_throttle": 0.75,
        "unique_collisions": 0,
        "solid_lane_crosses": 0,
        "double_solid_lane_crosses": 0
    },
    {
        "game_time": 95.97484146943316,
        "vehicle_location": {
            "x": 31.559181213378906,
            "y": 124.87748718261719,
            "z": -0.0005898299859836698
        },
        "vehicle_velocity": {
            "x": 4.296134284231812e-05,
            "y": -0.02267725020647049,
            "z": -0.00017376898904331028
        },
        "vehicle_throttle": 0.75,
        "unique_collisions": 0,
        "solid_lane_crosses": 0,
        "double_solid_lane_crosses": 0
    },
    {
        "game_time": 96.97812842717394,
        "vehicle_location": {
            "x": 31.55935287475586,
            "y": 124.75662994384766,
            "z": -0.0007839977624826133
        },
        "vehicle_velocity": {
            "x": 6.141578342067078e-05,
            "y": -0.03580170497298241,
            "z": 0.00010565757838776335
        },
        "vehicle_throttle": 0.75,
        "unique_collisions": 0,
        "solid_lane_crosses": 0,
        "double_solid_lane_crosses": 0
    },
    {
        "game_time": 98.06786369113252,
        "vehicle_location": {
            "x": 31.559261322021484,
            "y": 124.64524841308594,
            "z": -0.001100235735066235
        },
        "vehicle_velocity": {
            "x": -1.526830055809114e-05,
            "y": -0.05290873348712921,
            "z": -1.183509812108241e-05
        },
        "vehicle_throttle": 0.75,
        "unique_collisions": 0,
        "solid_lane_crosses": 0,
        "double_solid_lane_crosses": 0
    },
    {
        "game_time": 99.12164431018755,
        "vehicle_location": {
            "x": 31.559295654296875,
            "y": 124.59564208984375,
            "z": -0.0015377046074718237
        },
        "vehicle_velocity": {
            "x": 5.3917123295832425e-05,
            "y": -0.026941610500216484,
            "z": 0.00029082296532578766
        },
        "vehicle_throttle": 0.75,
        "unique_collisions": 0,
        "solid_lane_crosses": 0,
        "double_solid_lane_crosses": 0
    },
    {
        "game_time": 100.18799905432388,
        "vehicle_location": {
            "x": 31.559309005737305,
            "y": 124.57910919189453,
            "z": -0.001708831638097763
        },
        "vehicle_velocity": {
            "x": -2.7736559786717407e-05,
            "y": -0.0291962418705225,
            "z": 0.00012382984277792275
        },
        "vehicle_throttle": 0.75,
        "unique_collisions": 0,
        "solid_lane_crosses": 0,
        "double_solid_lane_crosses": 0
    },
    {
        "game_time": 101.22143619740382,
        "vehicle_location": {
            "x": 31.55931854248047,
            "y": 124.5703353881836,
            "z": -0.0016027832170948386
        },
        "vehicle_velocity": {
            "x": -5.608887931884965e-06,
            "y": -0.0001532379537820816,
            "z": 0.00012124537897761911
        },
        "vehicle_throttle": 0.0,
        "unique_collisions": 0,
        "solid_lane_crosses": 0,
        "double_solid_lane_crosses": 0
    },
    {
        "game_time": 102.29560516262427,
        "vehicle_location": {
            "x": 31.559322357177734,
            "y": 124.5652084350586,
            "z": -0.0015860748244449496
        },
        "vehicle_velocity": {
            "x": -2.9855834782210877e-06,
            "y": -5.969114135950804e-05,
            "z": 0.00015248774434439838
        },
        "vehicle_throttle": 0.0,
        "unique_collisions": 0,
        "solid_lane_crosses": 0,
        "double_solid_lane_crosses": 0
    },
    {
        "game_time": 103.32589708874002,
        "vehicle_location": {
            "x": 31.559328079223633,
            "y": 124.56039428710938,
            "z": -0.001585311838425696
        },
        "vehicle_velocity": {
            "x": -1.907519390442758e-06,
            "y": -6.942330219317228e-05,
            "z": -5.86223577556666e-05
        },
        "vehicle_throttle": 0.0,
        "unique_collisions": 0,
        "solid_lane_crosses": 0,
        "double_solid_lane_crosses": 0
    },
    {
        "game_time": 104.38834524014965,
        "vehicle_location": {
            "x": 31.5593318939209,
            "y": 124.55821228027344,
            "z": -0.0016333007952198386
        },
        "vehicle_velocity": {
            "x": -1.1508395658665904e-07,
            "y": -9.430342470295727e-05,
            "z": 0.00030214310390874743
        },
        "vehicle_throttle": 0.0,
        "unique_collisions": 0,
        "solid_lane_crosses": 0,
        "double_solid_lane_crosses": 0
    },
    {
        "game_time": 105.45431185001507,
        "vehicle_location": {
            "x": 31.5593318939209,
            "y": 124.55840301513672,
            "z": -0.0016931151039898396
        },
        "vehicle_velocity": {
            "x": -1.7675356502877548e-06,
            "y": -6.493863475043327e-05,
            "z": 0.00015856741811148822
        },
        "vehicle_throttle": 0.0,
        "unique_collisions": 0,
        "solid_lane_crosses": 0,
        "double_solid_lane_crosses": 0
    },
    {
        "game_time": 106.48163923295215,
        "vehicle_location": {
            "x": 31.5593318939209,
            "y": 124.55693054199219,
            "z": -0.0015744018601253629
        },
        "vehicle_velocity": {
            "x": 2.9112271704434534e-07,
            "y": 2.0465422494453378e-05,
            "z": -3.701686728163622e-05
        },
        "vehicle_throttle": 0.0,
        "unique_collisions": 0,
        "solid_lane_crosses": 0,
        "double_solid_lane_crosses": 0
    },
    {
        "game_time": 107.50810111733153,
        "vehicle_location": {
            "x": 31.5593318939209,
            "y": 124.55692291259766,
            "z": -0.001583862234838307
        },
        "vehicle_velocity": {
            "x": 8.027459585946417e-09,
            "y": 4.928035757245652e-09,
            "z": -0.0005801296210847795
        },
        "vehicle_throttle": 0.0,
        "unique_collisions": 0,
        "solid_lane_crosses": 0,
        "double_solid_lane_crosses": 0
    },
    {
        "game_time": 108.56036673532799,
        "vehicle_location": {
            "x": 31.5593318939209,
            "y": 124.55692291259766,
            "z": -0.0015841674758121371
        },
        "vehicle_velocity": {
            "x": 3.797848791009528e-08,
            "y": -4.2838735336836464e-10,
            "z": 0.00022894381254445761
        },
        "vehicle_throttle": 0.0,
        "unique_collisions": 0,
        "solid_lane_crosses": 0,
        "double_solid_lane_crosses": 0
    },
    {
        "game_time": 109.63210058072582,
        "vehicle_location": {
            "x": 31.5593318939209,
            "y": 124.55692291259766,
            "z": -0.0016133117023855448
        },
        "vehicle_velocity": {
            "x": 2.1413081086052443e-08,
            "y": 2.1230746050093785e-09,
            "z": 0.00017789362755138427
        },
        "vehicle_throttle": 0.0,
        "unique_collisions": 0,
        "solid_lane_crosses": 0,
        "double_solid_lane_crosses": 0
    },
    {
        "game_time": 110.64012196520343,
        "vehicle_location": {
            "x": 31.5593318939209,
            "y": 124.55692291259766,
            "z": -0.0016128539573401213
        },
        "vehicle_velocity": {
            "x": 5.760254495612571e-08,
            "y": 7.250247069379157e-10,
            "z": -0.00010622024274198338
        },
        "vehicle_throttle": 0.0,
        "unique_collisions": 0,
        "solid_lane_crosses": 0,
        "double_solid_lane_crosses": 0
    },
    {
        "game_time": 111.72568686725572,
        "vehicle_location": {
            "x": 31.5593318939209,
            "y": 124.55692291259766,
            "z": -0.0016253661597147584
        },
        "vehicle_velocity": {
            "x": 3.696912287409759e-08,
            "y": -8.175802812537825e-10,
            "z": -0.0004100608639419079
        },
        "vehicle_throttle": 0.0,
        "unique_collisions": 0,
        "solid_lane_crosses": 0,
        "double_solid_lane_crosses": 0
    },
    {
        "game_time": 112.73179775150493,
        "vehicle_location": {
            "x": 31.5593318939209,
            "y": 124.55692291259766,
            "z": -0.0015999602619558573
        },
        "vehicle_velocity": {
            "x": 4.0248337995762995e-08,
            "y": -3.526966496636419e-10,
            "z": 0.00015884399181231856
        },
        "vehicle_throttle": 0.0,
        "unique_collisions": 0,
        "solid_lane_crosses": 0,
        "double_solid_lane_crosses": 0
    },
    {
        "game_time": 113.83536026859656,
        "vehicle_location": {
            "x": 31.5593318939209,
            "y": 124.55692291259766,
            "z": -0.0015478514833375812
        },
        "vehicle_velocity": {
            "x": -1.232711088761107e-08,
            "y": 5.914463141465376e-09,
            "z": 4.9042700993595645e-05
        },
        "vehicle_throttle": 0.0,
        "unique_collisions": 0,
        "solid_lane_crosses": 0,
        "double_solid_lane_crosses": 0
    },
    {
        "game_time": 114.91651067743078,
        "vehicle_location": {
            "x": 31.5593318939209,
            "y": 124.55692291259766,
            "z": -0.0016082762740552425
        },
        "vehicle_velocity": {
            "x": -1.9679491813917593e-08,
            "y": -5.694488214302851e-10,
            "z": 0.00020449637668207288
        },
        "vehicle_throttle": 0.0,
        "unique_collisions": 0,
        "solid_lane_crosses": 0,
        "double_solid_lane_crosses": 0
    },
    {
        "game_time": 115.99263604404405,
        "vehicle_location": {
            "x": 31.5593318939209,
            "y": 124.55692291259766,
            "z": -0.0016342162853106856
        },
        "vehicle_velocity": {
            "x": 5.0814254137776516e-08,
            "y": 9.599747385902191e-11,
            "z": 0.0002176237030653283
        },
        "vehicle_throttle": 0.0,
        "unique_collisions": 0,
        "solid_lane_crosses": 0,
        "double_solid_lane_crosses": 0
    },
    {
        "game_time": 117.00365865090862,
        "vehicle_location": {
            "x": 31.5593318939209,
            "y": 124.55692291259766,
            "z": -0.0016360473819077015
        },
        "vehicle_velocity": {
            "x": 2.2082923933908205e-08,
            "y": -1.8771013909901768e-10,
            "z": 4.0874481783248484e-05
        },
        "vehicle_throttle": 0.0,
        "unique_collisions": 0,
        "solid_lane_crosses": 0,
        "double_solid_lane_crosses": 0
    },
    {
        "game_time": 118.01447656238452,
        "vehicle_location": {
            "x": 31.5593318939209,
            "y": 124.55692291259766,
            "z": -0.0015962981851771474
        },
        "vehicle_velocity": {
            "x": 4.6183458835002966e-08,
            "y": -7.892748121740567e-10,
            "z": 0.00019058227189816535
        },
        "vehicle_throttle": 0.0,
        "unique_collisions": 0,
        "solid_lane_crosses": 0,
        "double_solid_lane_crosses": 0
    },
    {
        "game_time": 119.13636960135773,
        "vehicle_location": {
            "x": 31.5593318939209,
            "y": 124.55692291259766,
            "z": -0.0016095733735710382
        },
        "vehicle_velocity": {
            "x": 4.499171879501773e-08,
            "y": -3.424735828261305e-09,
            "z": 0.00018655776511877775
        },
        "vehicle_throttle": 0.0,
        "unique_collisions": 0,
        "solid_lane_crosses": 0,
        "double_solid_lane_crosses": 0
    },
    {
        "game_time": 120.16195429349318,
        "vehicle_location": {
            "x": 31.5593318939209,
            "y": 124.55692291259766,
            "z": -0.0016034698346629739
        },
        "vehicle_velocity": {
            "x": 2.73420290852755e-08,
            "y": 2.6364703753500862e-09,
            "z": 0.00014904499403201044
        },
        "vehicle_throttle": 0.0,
        "unique_collisions": 0,
        "solid_lane_crosses": 0,
        "double_solid_lane_crosses": 0
    },
    {
        "game_time": 121.17782875569537,
        "vehicle_location": {
            "x": 31.5593318939209,
            "y": 124.55692291259766,
            "z": -0.0016034698346629739
        },
        "vehicle_velocity": {
            "x": 4.2832297708628175e-08,
            "y": 8.456162992054317e-10,
            "z": 0.00013814926205668598
        },
        "vehicle_throttle": 0.0,
        "unique_collisions": 0,
        "solid_lane_crosses": 0,
        "double_solid_lane_crosses": 0
    },
    {
        "game_time": 122.19734839210287,
        "vehicle_location": {
            "x": 31.5593318939209,
            "y": 124.55692291259766,
            "z": -0.0016155242919921875
        },
        "vehicle_velocity": {
            "x": 4.4234425899958296e-08,
            "y": -1.0443323983366781e-09,
            "z": 0.00013302802108228207
        },
        "vehicle_throttle": 0.0,
        "unique_collisions": 0,
        "solid_lane_crosses": 0,
        "double_solid_lane_crosses": 0
    },
    {
        "game_time": 123.26372440950945,
        "vehicle_location": {
            "x": 31.5593318939209,
            "y": 124.55692291259766,
            "z": -0.0016285704914480448
        },
        "vehicle_velocity": {
            "x": 4.121944385815368e-08,
            "y": 3.812390847457436e-09,
            "z": 0.00011575698590604588
        },
        "vehicle_throttle": 0.0,
        "unique_collisions": 0,
        "solid_lane_crosses": 0,
        "double_solid_lane_crosses": 0
    },
    {
        "game_time": 124.26676124194637,
        "vehicle_location": {
            "x": 31.5593318939209,
            "y": 124.55692291259766,
            "z": -0.0016135405749082565
        },
        "vehicle_velocity": {
            "x": 0.0,
            "y": 0.0,
            "z": 0.0
        },
        "vehicle_throttle": 0.0,
        "unique_collisions": 0,
        "solid_lane_crosses": 0,
        "double_solid_lane_crosses": 0
    },
    {
        "game_time": 125.28412662120536,
        "vehicle_location": {
            "x": 31.5593318939209,
            "y": 124.55692291259766,
            "z": -0.0016051483107730746
        },
        "vehicle_velocity": {
            "x": 4.801086106454022e-08,
            "y": 2.4147936428242645e-10,
            "z": -1.354217511106981e-05
        },
        "vehicle_throttle": 0.0,
        "unique_collisions": 0,
        "solid_lane_crosses": 0,
        "double_solid_lane_crosses": 0
    },
    {
        "game_time": 126.33107418613508,
        "vehicle_location": {
            "x": 31.5593318939209,
            "y": 124.55692291259766,
            "z": -0.0015986632788553834
        },
        "vehicle_velocity": {
            "x": -6.62987389432601e-08,
            "y": 7.346664609997333e-09,
            "z": 1.7642973944020923e-06
        },
        "vehicle_throttle": 0.0,
        "unique_collisions": 0,
        "solid_lane_crosses": 0,
        "double_solid_lane_crosses": 0
    },
    {
        "game_time": 127.39573377044871,
        "vehicle_location": {
            "x": 31.5593318939209,
            "y": 124.55692291259766,
            "z": -0.001619262620806694
        },
        "vehicle_velocity": {
            "x": 2.8796357298688235e-08,
            "y": 7.522958922479006e-10,
            "z": 0.0001294946705456823
        },
        "vehicle_throttle": 0.0,
        "unique_collisions": 0,
        "solid_lane_crosses": 0,
        "double_solid_lane_crosses": 0
    },
    {
        "game_time": 128.40623934427276,
        "vehicle_location": {
            "x": 31.5593318939209,
            "y": 124.55692291259766,
            "z": -0.001605453435331583
        },
        "vehicle_velocity": {
            "x": 4.192920144419077e-08,
            "y": -1.8422945113893974e-10,
            "z": -4.562854519463144e-05
        },
        "vehicle_throttle": 0.0,
        "unique_collisions": 0,
        "solid_lane_crosses": 0,
        "double_solid_lane_crosses": 0
    },
    {
        "game_time": 129.4808049206622,
        "vehicle_location": {
            "x": 31.5593318939209,
            "y": 124.55692291259766,
            "z": -0.0016191863687708974
        },
        "vehicle_velocity": {
            "x": -8.307814880481601e-08,
            "y": -1.1604132099662934e-09,
            "z": 2.370834226894658e-05
        },
        "vehicle_throttle": 0.0,
        "unique_collisions": 0,
        "solid_lane_crosses": 0,
        "double_solid_lane_crosses": 0
    },
    {
        "game_time": 130.49840633990243,
        "vehicle_location": {
            "x": 31.5593318939209,
            "y": 124.55692291259766,
            "z": -0.0016123199602589011
        },
        "vehicle_velocity": {
            "x": -2.7180570683071892e-08,
            "y": -3.935872461280354e-10,
            "z": 0.0002020740503212437
        },
        "vehicle_throttle": 0.0,
        "unique_collisions": 0,
        "solid_lane_crosses": 0,
        "double_solid_lane_crosses": 0
    },
    {
        "game_time": 131.58301692875102,
        "vehicle_location": {
            "x": 31.5593318939209,
            "y": 124.55692291259766,
            "z": -0.0016226195730268955
        },
        "vehicle_velocity": {
            "x": 2.911565433194596e-09,
            "y": 1.1666440036250947e-09,
            "z": 0.00018986224313266575
        },
        "vehicle_throttle": 0.0,
        "unique_collisions": 0,
        "solid_lane_crosses": 0,
        "double_solid_lane_crosses": 0
    },
    {
        "game_time": 132.6506941136904,
        "vehicle_location": {
            "x": 31.5593318939209,
            "y": 124.55692291259766,
            "z": -0.0016275023808702826
        },
        "vehicle_velocity": {
            "x": 2.6622201332315854e-08,
            "y": -2.269689991507562e-10,
            "z": -0.00012591361883096397
        },
        "vehicle_throttle": 0.0,
        "unique_collisions": 0,
        "solid_lane_crosses": 0,
        "double_solid_lane_crosses": 0
    },
    {
        "game_time": 133.66575348051265,
        "vehicle_location": {
            "x": 31.5593318939209,
            "y": 124.55692291259766,
            "z": -0.001626510638743639
        },
        "vehicle_velocity": {
            "x": -2.6438007338924763e-08,
            "y": 8.860448375003216e-09,
            "z": -0.00017381667566951364
        },
        "vehicle_throttle": 0.0,
        "unique_collisions": 0,
        "solid_lane_crosses": 0,
        "double_solid_lane_crosses": 0
    },
    {
        "game_time": 134.6739275478758,
        "vehicle_location": {
            "x": 31.5593318939209,
            "y": 124.55692291259766,
            "z": -0.0016007995000109076
        },
        "vehicle_velocity": {
            "x": -9.65752455783786e-09,
            "y": 2.0638049047505547e-09,
            "z": 0.0005557918339036405
        },
        "vehicle_throttle": 0.0,
        "unique_collisions": 0,
        "solid_lane_crosses": 0,
        "double_solid_lane_crosses": 0
    },
    {
        "game_time": 135.70274768443778,
        "vehicle_location": {
            "x": 31.5593318939209,
            "y": 124.55692291259766,
            "z": -0.0016467284876853228
        },
        "vehicle_velocity": {
            "x": 5.985866380342486e-08,
            "y": 1.3991455771744654e-09,
            "z": 7.06672653905116e-06
        },
        "vehicle_throttle": 0.0,
        "unique_collisions": 0,
        "solid_lane_crosses": 0,
        "double_solid_lane_crosses": 0
    },
    {
        "game_time": 136.72143847914413,
        "vehicle_location": {
            "x": 31.5593318939209,
            "y": 124.55692291259766,
            "z": -0.0016180420061573386
        },
        "vehicle_velocity": {
            "x": -5.6015203142578684e-08,
            "y": 7.63752705523757e-09,
            "z": -0.00010089873831020668
        },
        "vehicle_throttle": 0.0,
        "unique_collisions": 0,
        "solid_lane_crosses": 0,
        "double_solid_lane_crosses": 0
    },
    {
        "game_time": 137.81741728680208,
        "vehicle_location": {
            "x": 31.5593318939209,
            "y": 124.55692291259766,
            "z": -0.0016394805861636996
        },
        "vehicle_velocity": {
            "x": 2.908384644229045e-08,
            "y": 1.548787431637777e-09,
            "z": -0.0003508186200633645
        },
        "vehicle_throttle": 0.0,
        "unique_collisions": 0,
        "solid_lane_crosses": 0,
        "double_solid_lane_crosses": 0
    },
    {
        "game_time": 138.89524482982233,
        "vehicle_location": {
            "x": 31.5593318939209,
            "y": 124.55692291259766,
            "z": -0.0015946959611028433
        },
        "vehicle_velocity": {
            "x": -7.1872370277503705e-09,
            "y": 3.386338320865434e-09,
            "z": 6.067275899113156e-05
        },
        "vehicle_throttle": 0.0,
        "unique_collisions": 0,
        "solid_lane_crosses": 0,
        "double_solid_lane_crosses": 0
    },
    {
        "game_time": 139.97123961197212,
        "vehicle_location": {
            "x": 31.5593318939209,
            "y": 124.55542755126953,
            "z": -0.0017083738930523396
        },
        "vehicle_velocity": {
            "x": 3.8255555409705266e-05,
            "y": -0.009895741939544678,
            "z": 0.0001682329166214913
        },
        "vehicle_throttle": 0.75,
        "unique_collisions": 0,
        "solid_lane_crosses": 0,
        "double_solid_lane_crosses": 0
    },
    {
        "game_time": 141.04964085156098,
        "vehicle_location": {
            "x": 31.558971405029297,
            "y": 124.30142211914062,
            "z": -0.007622747682034969
        },
        "vehicle_velocity": {
            "x": -0.0008026231662370265,
            "y": -0.854564368724823,
            "z": -0.00014778136392123997
        },
        "vehicle_throttle": 0.75,
        "unique_collisions": 0,
        "solid_lane_crosses": 0,
        "double_solid_lane_crosses": 0
    },
    {
        "game_time": 142.08938174927607,
        "vehicle_location": {
            "x": 31.560976028442383,
            "y": 122.19152069091797,
            "z": -0.009702975861728191
        },
        "vehicle_velocity": {
            "x": 0.0021135166753083467,
            "y": -3.124265670776367,
            "z": -0.00027501105796545744
        },
        "vehicle_throttle": 0.0,
        "unique_collisions": 0,
        "solid_lane_crosses": 0,
        "double_solid_lane_crosses": 0
    },
    {
        "game_time": 143.12842379743233,
        "vehicle_location": {
            "x": 31.563705444335938,
            "y": 119.8143539428711,
            "z": 0.005277852527797222
        },
        "vehicle_velocity": {
            "x": 0.0017351241549476981,
            "y": -1.957694172859192,
            "z": -0.00015976905706338584
        },
        "vehicle_throttle": 0.75,
        "unique_collisions": 0,
        "solid_lane_crosses": 0,
        "double_solid_lane_crosses": 0
    },
    {
        "game_time": 144.13169356854632,
        "vehicle_location": {
            "x": 31.564992904663086,
            "y": 116.9592514038086,
            "z": 7.827497756807134e-05
        },
        "vehicle_velocity": {
            "x": 0.0012533938279375434,
            "y": -3.0674288272857666,
            "z": 1.732826240186114e-05
        },
        "vehicle_throttle": 0.75,
        "unique_collisions": 0,
        "solid_lane_crosses": 0,
        "double_solid_lane_crosses": 0
    },
    {
        "game_time": 145.1611688216217,
        "vehicle_location": {
            "x": 31.566627502441406,
            "y": 113.31879425048828,
            "z": -0.0023173512890934944
        },
        "vehicle_velocity": {
            "x": 0.0016444855136796832,
            "y": -3.7771620750427246,
            "z": 0.0001060056674759835
        },
        "vehicle_throttle": 0.75,
        "unique_collisions": 0,
        "solid_lane_crosses": 0,
        "double_solid_lane_crosses": 0
    },
    {
        "game_time": 146.1989951976575,
        "vehicle_location": {
            "x": 31.5682315826416,
            "y": 109.49030303955078,
            "z": -0.0037002533208578825
        },
        "vehicle_velocity": {
            "x": 0.0016125643160194159,
            "y": -3.9708573818206787,
            "z": 0.00021957396529614925
        },
        "vehicle_throttle": 0.75,
        "unique_collisions": 0,
        "solid_lane_crosses": 0,
        "double_solid_lane_crosses": 0
    },
    {
        "game_time": 147.25084164412692,
        "vehicle_location": {
            "x": 31.552902221679688,
            "y": 105.38392639160156,
            "z": -0.0034456606954336166
        },
        "vehicle_velocity": {
            "x": -0.03244965150952339,
            "y": -4.194277286529541,
            "z": 0.00014863013348076493
        },
        "vehicle_throttle": 0.0,
        "unique_collisions": 0,
        "solid_lane_crosses": 0,
        "double_solid_lane_crosses": 0
    },
    {
        "game_time": 148.25856506126001,
        "vehicle_location": {
            "x": 31.246139526367188,
            "y": 101.5114517211914,
            "z": 0.002748558996245265
        },
        "vehicle_velocity": {
            "x": -0.6542158126831055,
            "y": -3.775648832321167,
            "z": 0.0001398468011757359
        },
        "vehicle_throttle": 0.75,
        "unique_collisions": 0,
        "solid_lane_crosses": 0,
        "double_solid_lane_crosses": 0
    },
    {
        "game_time": 149.3057621535845,
        "vehicle_location": {
            "x": 30.059057235717773,
            "y": 97.2598648071289,
            "z": 0.004060050006955862
        },
        "vehicle_velocity": {
            "x": -1.7433501482009888,
            "y": -3.8657941818237305,
            "z": 0.00032113073393702507
        },
        "vehicle_throttle": 0.75,
        "unique_collisions": 0,
        "solid_lane_crosses": 0,
        "double_solid_lane_crosses": 0
    },
    {
        "game_time": 150.32519117044285,
        "vehicle_location": {
            "x": 27.92257308959961,
            "y": 93.66424560546875,
            "z": 0.0047666835598647594
        },
        "vehicle_velocity": {
            "x": -2.4543979167938232,
            "y": -2.5696096420288086,
            "z": -3.84426093660295e-05
        },
        "vehicle_throttle": 0.75,
        "unique_collisions": 0,
        "solid_lane_crosses": 0,
        "double_solid_lane_crosses": 0
    },
    {
        "game_time": 151.39332680450752,
        "vehicle_location": {
            "x": 24.54402732849121,
            "y": 90.75657653808594,
            "z": -0.008361119776964188
        },
        "vehicle_velocity": {
            "x": -4.338266372680664,
            "y": -2.3529176712036133,
            "z": 3.586769162211567e-05
        },
        "vehicle_throttle": 0.75,
        "unique_collisions": 0,
        "solid_lane_crosses": 0,
        "double_solid_lane_crosses": 0
    }
]