[
    {
        "game_time": 6.58896410278976,
        "vehicle_location": {
            "x": 15.48159122467041,
            "y": 201.5916290283203,
            "z": -0.011813773773610592
        },
        "vehicle_velocity": {
            "x": 1.746410608291626,
            "y": -0.33433711528778076,
            "z": 0.0003800344420596957
        },
        "vehicle_throttle": 0.75,
        "unique_collisions": 0,
        "solid_lane_crosses": 0,
        "double_solid_lane_crosses": 0
    },
    {
        "game_time": 7.604568460956216,
        "vehicle_location": {
            "x": 18.24216079711914,
            "y": 200.92239379882812,
            "z": -0.009324760176241398
        },
        "vehicle_velocity": {
            "x": 3.604088068008423,
            "y": -1.3749985694885254,
            "z": 0.00047294615069404244
        },
        "vehicle_throttle": 0.75,
        "unique_collisions": 0,
        "solid_lane_crosses": 0,
        "double_solid_lane_crosses": 0
    },
    {
        "game_time": 8.650786557234824,
        "vehicle_location": {
            "x": 22.764328002929688,
            "y": 198.5976104736328,
            "z": -0.006975669879466295
        },
        "vehicle_velocity": {
            "x": 4.0159912109375,
            "y": -3.2734081745147705,
            "z": -7.411956903524697e-05
        },
        "vehicle_throttle": 0.6134983897209167,
        "unique_collisions": 0,
        "solid_lane_crosses": 0,
        "double_solid_lane_crosses": 0
    },
    {
        "game_time": 9.733956914395094,
        "vehicle_location": {
            "x": 26.6181640625,
            "y": 194.5358123779297,
            "z": -0.006601524073630571
        },
        "vehicle_velocity": {
            "x": 2.964982271194458,
            "y": -4.178865909576416,
            "z": 0.0002063083666143939
        },
        "vehicle_throttle": 0.75,
        "unique_collisions": 0,
        "solid_lane_crosses": 0,
        "double_solid_lane_crosses": 0
    },
    {
        "game_time": 10.767248928546906,
        "vehicle_location": {
            "x": 29.30193328857422,
            "y": 189.41322326660156,
            "z": -0.006666793487966061
        },
        "vehicle_velocity": {
            "x": 1.9927221536636353,
            "y": -5.556308269500732,
            "z": 0.00013555526675190777
        },
        "vehicle_throttle": 0.0,
        "unique_collisions": 0,
        "solid_lane_crosses": 0,
        "double_solid_lane_crosses": 0
    },
    {
        "game_time": 11.776410348713398,
        "vehicle_location": {
            "x": 30.60735511779785,
            "y": 185.0202178955078,
            "z": -0.009257964789867401
        },
        "vehicle_velocity": {
            "x": 0.7258546352386475,
            "y": -4.666407585144043,
            "z": 0.00011964797886321321
        },
        "vehicle_throttle": 0.75,
        "unique_collisions": 0,
        "solid_lane_crosses": 0,
        "double_solid_lane_crosses": 0
    },
    {
        "game_time": 12.810232376679778,
        "vehicle_location": {
            "x": 31.245983123779297,
            "y": 179.32655334472656,
            "z": -0.0066398619674146175
        },
        "vehicle_velocity": {
            "x": 0.2216370552778244,
            "y": -5.684866428375244,
            "z": 5.040168616687879e-05
        },
        "vehicle_throttle": 0.0,
        "unique_collisions": 0,
        "solid_lane_crosses": 0,
        "double_solid_lane_crosses": 0
    },
    {
        "game_time": 13.834048254415393,
        "vehicle_location": {
            "x": 31.42098045349121,
            "y": 174.8658905029297,
            "z": -0.009257850237190723
        },
        "vehicle_velocity": {
            "x": 0.15237627923488617,
            "y": -4.491086483001709,
            "z": 0.0003123712376691401
        },
        "vehicle_throttle": 0.75,
        "unique_collisions": 0,
        "solid_lane_crosses": 0,
        "double_solid_lane_crosses": 0
    },
    {
        "game_time": 14.856008829548955,
        "vehicle_location": {
            "x": 31.49846839904785,
            "y": 169.3162078857422,
            "z": -0.009221801534295082
        },
        "vehicle_velocity": {
            "x": 0.07881242781877518,
            "y": -6.217501163482666,
            "z": 4.302024899516255e-05
        },
        "vehicle_throttle": 0.0,
        "unique_collisions": 0,
        "solid_lane_crosses": 0,
        "double_solid_lane_crosses": 0
    },
    {
        "game_time": 15.871895799413323,
        "vehicle_location": {
            "x": 31.52660369873047,
            "y": 164.62338256835938,
            "z": -0.00875087734311819
        },
        "vehicle_velocity": {
            "x": 0.017999352887272835,
            "y": -4.2763142585754395,
            "z": 0.0004824352217838168
        },
        "vehicle_throttle": 0.75,
        "unique_collisions": 0,
        "solid_lane_crosses": 0,
        "double_solid_lane_crosses": 0
    },
    {
        "game_time": 16.877984438091516,
        "vehicle_location": {
            "x": 31.539569854736328,
            "y": 159.48046875,
            "z": -0.006541290320456028
        },
        "vehicle_velocity": {
            "x": 0.004514932632446289,
            "y": -5.119769096374512,
            "z": -1.624107244424522e-05
        },
        "vehicle_throttle": 0.6283383965492249,
        "unique_collisions": 0,
        "solid_lane_crosses": 0,
        "double_solid_lane_crosses": 0
    },
    {
        "game_time": 17.92174455150962,
        "vehicle_location": {
            "x": 31.5473690032959,
            "y": 154.01527404785156,
            "z": -0.005372390616685152
        },
        "vehicle_velocity": {
            "x": 0.0037963353097438812,
            "y": -4.616004943847656,
            "z": -0.0006008243653923273
        },
        "vehicle_throttle": 0.75,
        "unique_collisions": 0,
        "solid_lane_crosses": 0,
        "double_solid_lane_crosses": 0
    },
    {
        "game_time": 18.932087121531367,
        "vehicle_location": {
            "x": 31.55106544494629,
            "y": 148.9227752685547,
            "z": -0.0070756529457867146
        },
        "vehicle_velocity": {
            "x": 0.007526470813900232,
            "y": -5.244300365447998,
            "z": -7.172584446379915e-05
        },
        "vehicle_throttle": 0.35445019602775574,
        "unique_collisions": 0,
        "solid_lane_crosses": 0,
        "double_solid_lane_crosses": 0
    },
    {
        "game_time": 20.04410010576248,
        "vehicle_location": {
            "x": 31.554443359375,
            "y": 142.77108764648438,
            "z": -0.00818027462810278
        },
        "vehicle_velocity": {
            "x": -0.01632298342883587,
            "y": -6.204252243041992,
            "z": 0.00010906219540629536
        },
        "vehicle_throttle": 0.0,
        "unique_collisions": 0,
        "solid_lane_crosses": 0,
        "double_solid_lane_crosses": 0
    },
    {
        "game_time": 21.067862577736378,
        "vehicle_location": {
            "x": 31.55613899230957,
            "y": 138.01025390625,
            "z": -0.009123267605900764
        },
        "vehicle_velocity": {
            "x": -0.02320037968456745,
            "y": -4.541697978973389,
            "z": -0.00012541770411189646
        },
        "vehicle_throttle": 0.75,
        "unique_collisions": 0,
        "solid_lane_crosses": 0,
        "double_solid_lane_crosses": 0
    },
    {
        "game_time": 22.21775994077325,
        "vehicle_location": {
            "x": 31.558151245117188,
            "y": 131.47889709472656,
            "z": -0.0074968719854950905
        },
        "vehicle_velocity": {
            "x": 0.08915024250745773,
            "y": -6.462475299835205,
            "z": 0.00011658668518066406
        },
        "vehicle_throttle": 0.0,
        "unique_collisions": 0,
        "solid_lane_crosses": 0,
        "double_solid_lane_crosses": 0
    },
    {
        "game_time": 23.370950426906347,
        "vehicle_location": {
            "x": 31.56539535522461,
            "y": 126.38101959228516,
            "z": -0.009512672200798988
        },
        "vehicle_velocity": {
            "x": -0.03075261600315571,
            "y": -4.460631847381592,
            "z": -0.0006973647978156805
        },
        "vehicle_throttle": 0.75,
        "unique_collisions": 0,
        "solid_lane_crosses": 0,
        "double_solid_lane_crosses": 0
    },
    {
        "game_time": 24.493099097162485,
        "vehicle_location": {
            "x": 31.56361961364746,
            "y": 120.27857208251953,
            "z": -0.007097206078469753
        },
        "vehicle_velocity": {
            "x": 0.045064777135849,
            "y": -5.807702541351318,
            "z": 6.307601870503277e-05
        },
        "vehicle_throttle": 0.0,
        "unique_collisions": 0,
        "solid_lane_crosses": 0,
        "double_solid_lane_crosses": 0
    },
    {
        "game_time": 25.61091300472617,
        "vehicle_location": {
            "x": 31.56576156616211,
            "y": 115.28468322753906,
            "z": -0.009461555629968643
        },
        "vehicle_velocity": {
            "x": -0.025908377021551132,
            "y": -4.715560436248779,
            "z": -0.0005958270630799234
        },
        "vehicle_throttle": 0.75,
        "unique_collisions": 0,
        "solid_lane_crosses": 0,
        "double_solid_lane_crosses": 0
    },
    {
        "game_time": 26.693708010017872,
        "vehicle_location": {
            "x": 31.56888198852539,
            "y": 109.63157653808594,
            "z": -0.0057019805535674095
        },
        "vehicle_velocity": {
            "x": 0.0361940935254097,
            "y": -4.6413116455078125,
            "z": -0.0010298442794010043
        },
        "vehicle_throttle": 0.75,
        "unique_collisions": 0,
        "solid_lane_crosses": 0,
        "double_solid_lane_crosses": 0
    },
    {
        "game_time": 27.79159392043948,
        "vehicle_location": {
            "x": 31.57147789001465,
            "y": 103.68792724609375,
            "z": -0.011236686259508133
        },
        "vehicle_velocity": {
            "x": -0.019522126764059067,
            "y": -6.916460037231445,
            "z": -4.177093614998739e-06
        },
        "vehicle_throttle": 0.0,
        "unique_collisions": 0,
        "solid_lane_crosses": 0,
        "double_solid_lane_crosses": 0
    },
    {
        "game_time": 28.863724324852228,
        "vehicle_location": {
            "x": 31.571800231933594,
            "y": 98.42423248291016,
            "z": -0.008733558468520641
        },
        "vehicle_velocity": {
            "x": -0.0013092753943055868,
            "y": -4.1759257316589355,
            "z": 0.00016314505774062127
        },
        "vehicle_throttle": 0.75,
        "unique_collisions": 0,
        "solid_lane_crosses": 0,
        "double_solid_lane_crosses": 0
    },
    {
        "game_time": 29.89980110898614,
        "vehicle_location": {
            "x": 31.574769973754883,
            "y": 93.17536926269531,
            "z": -0.007611922919750214
        },
        "vehicle_velocity": {
            "x": -0.008933700621128082,
            "y": -5.399905681610107,
            "z": -2.344131462450605e-05
        },
        "vehicle_throttle": 0.5113933682441711,
        "unique_collisions": 0,
        "solid_lane_crosses": 0,
        "double_solid_lane_crosses": 0
    },
    {
        "game_time": 30.954578457400203,
        "vehicle_location": {
            "x": 31.577428817749023,
            "y": 87.17198181152344,
            "z": -0.005147285293787718
        },
        "vehicle_velocity": {
            "x": -0.00738517614081502,
            "y": -5.291444778442383,
            "z": -1.8739699953584932e-05
        },
        "vehicle_throttle": 0.0,
        "unique_collisions": 0,
        "solid_lane_crosses": 0,
        "double_solid_lane_crosses": 0
    },
    {
        "game_time": 32.08114826306701,
        "vehicle_location": {
            "x": 31.57967758178711,
            "y": 82.13072204589844,
            "z": -0.009339751675724983
        },
        "vehicle_velocity": {
            "x": -0.003145751543343067,
            "y": -5.122172832489014,
            "z": 0.002266311552375555
        },
        "vehicle_throttle": 0.75,
        "unique_collisions": 0,
        "solid_lane_crosses": 0,
        "double_solid_lane_crosses": 0
    },
    {
        "game_time": 33.089121196419,
        "vehicle_location": {
            "x": 31.58230209350586,
            "y": 76.875732421875,
            "z": -0.0076055144891142845
        },
        "vehicle_velocity": {
            "x": -0.0013132465537637472,
            "y": -4.949108123779297,
            "z": -0.00045629500527866185
        },
        "vehicle_throttle": 0.75,
        "unique_collisions": 0,
        "solid_lane_crosses": 0,
        "double_solid_lane_crosses": 0
    },
    {
        "game_time": 34.254558300599456,
        "vehicle_location": {
            "x": 31.585033416748047,
            "y": 70.3221206665039,
            "z": -0.004845695570111275
        },
        "vehicle_velocity": {
            "x": 0.031089289113879204,
            "y": -5.15241813659668,
            "z": -2.5882720365189016e-05
        },
        "vehicle_throttle": 0.0,
        "unique_collisions": 0,
        "solid_lane_crosses": 0,
        "double_solid_lane_crosses": 0
    },
    {
        "game_time": 35.33409888856113,
        "vehicle_location": {
            "x": 31.58672523498535,
            "y": 65.51776123046875,
            "z": -0.00930225383490324
        },
        "vehicle_velocity": {
            "x": -0.004300699103623629,
            "y": -5.217705726623535,
            "z": 0.0011100864503532648
        },
        "vehicle_throttle": 0.75,
        "unique_collisions": 0,
        "solid_lane_crosses": 0,
        "double_solid_lane_crosses": 0
    },
    {
        "game_time": 36.39877369068563,
        "vehicle_location": {
            "x": 31.588260650634766,
            "y": 59.41279602050781,
            "z": -0.004934577737003565
        },
        "vehicle_velocity": {
            "x": 0.0028498980682343245,
            "y": -5.187278747558594,
            "z": -1.2445449101505801e-05
        },
        "vehicle_throttle": 0.10937827080488205,
        "unique_collisions": 0,
        "solid_lane_crosses": 0,
        "double_solid_lane_crosses": 0
    },
    {
        "game_time": 37.42360021173954,
        "vehicle_location": {
            "x": 31.590579986572266,
            "y": 54.835418701171875,
            "z": -0.009298590943217278
        },
        "vehicle_velocity": {
            "x": 0.005901044700294733,
            "y": -5.208741188049316,
            "z": 0.0008807182312011719
        },
        "vehicle_throttle": 0.75,
        "unique_collisions": 0,
        "solid_lane_crosses": 0,
        "double_solid_lane_crosses": 0
    },
    {
        "game_time": 38.47503809630871,
        "vehicle_location": {
            "x": 31.591814041137695,
            "y": 49.16365051269531,
            "z": -0.006423110608011484
        },
        "vehicle_velocity": {
            "x": 0.0113925039768219,
            "y": -5.051226615905762,
            "z": 3.833770733763231e-06
        },
        "vehicle_throttle": 0.0,
        "unique_collisions": 0,
        "solid_lane_crosses": 0,
        "double_solid_lane_crosses": 0
    },
    {
        "game_time": 39.569053096696734,
        "vehicle_location": {
            "x": 31.594310760498047,
            "y": 44.03451156616211,
            "z": -0.004931754898279905
        },
        "vehicle_velocity": {
            "x": 0.005567849148064852,
            "y": -4.04254150390625,
            "z": -4.267692565917969e-05
        },
        "vehicle_throttle": 0.0,
        "unique_collisions": 0,
        "solid_lane_crosses": 0,
        "double_solid_lane_crosses": 0
    },
    {
        "game_time": 40.634316097944975,
        "vehicle_location": {
            "x": 31.596092224121094,
            "y": 39.73861312866211,
            "z": -0.007252425886690617
        },
        "vehicle_velocity": {
            "x": 0.0017986893653869629,
            "y": -4.235434055328369,
            "z": -0.000936212542001158
        },
        "vehicle_throttle": 0.0,
        "unique_collisions": 0,
        "solid_lane_crosses": 0,
        "double_solid_lane_crosses": 0
    },
    {
        "game_time": 41.70976923778653,
        "vehicle_location": {
            "x": 31.597721099853516,
            "y": 35.77579116821289,
            "z": -0.009589118883013725
        },
        "vehicle_velocity": {
            "x": 0.0018613202264532447,
            "y": -4.559282302856445,
            "z": -0.000521163921803236
        },
        "vehicle_throttle": 0.75,
        "unique_collisions": 0,
        "solid_lane_crosses": 0,
        "double_solid_lane_crosses": 0
    },
    {
        "game_time": 42.737189853563905,
        "vehicle_location": {
            "x": 31.599477767944336,
            "y": 31.47713851928711,
            "z": -0.009244346059858799
        },
        "vehicle_velocity": {
            "x": 0.0018569668754935265,
            "y": -4.615368843078613,
            "z": -0.00023767471429891884
        },
        "vehicle_throttle": 0.0,
        "unique_collisions": 0,
        "solid_lane_crosses": 0,
        "double_solid_lane_crosses": 0
    },
    {
        "game_time": 43.775076519697905,
        "vehicle_location": {
            "x": 31.6005916595459,
            "y": 28.730594635009766,
            "z": -0.007150230463594198
        },
        "vehicle_velocity": {
            "x": 0.0007454061997123063,
            "y": -1.6273787021636963,
            "z": 0.00010442733764648438
        },
        "vehicle_throttle": 0.0,
        "unique_collisions": 0,
        "solid_lane_crosses": 0,
        "double_solid_lane_crosses": 0
    },
    {
        "game_time": 44.78193819522858,
        "vehicle_location": {
            "x": 31.600385665893555,
            "y": 27.90610694885254,
            "z": -0.0083646010607481
        },
        "vehicle_velocity": {
            "x": 0.00012173980212537572,
            "y": -1.1409274339675903,
            "z": -0.0002117156982421875
        },
        "vehicle_throttle": 0.0,
        "unique_collisions": 0,
        "solid_lane_crosses": 0,
        "double_solid_lane_crosses": 0
    },
    {
        "game_time": 45.793605264276266,
        "vehicle_location": {
            "x": 31.60172462463379,
            "y": 27.690298080444336,
            "z": -0.007058219984173775
        },
        "vehicle_velocity": {
            "x": -0.0015977626899257302,
            "y": -0.19188834726810455,
            "z": 0.00019743919256143272
        },
        "vehicle_throttle": 0.75,
        "unique_collisions": 0,
        "solid_lane_crosses": 0,
        "double_solid_lane_crosses": 0
    },
    {
        "game_time": 46.90523452684283,
        "vehicle_location": {
            "x": 31.60099220275879,
            "y": 27.549217224121094,
            "z": -0.007938232272863388
        },
        "vehicle_velocity": {
            "x": 0.0011144347954541445,
            "y": -0.10074541717767715,
            "z": -0.0004777622234541923
        },
        "vehicle_throttle": 0.75,
        "unique_collisions": 0,
        "solid_lane_crosses": 0,
        "double_solid_lane_crosses": 0
    },
    {
        "game_time": 48.00171550177038,
        "vehicle_location": {
            "x": 31.601139068603516,
            "y": 27.503551483154297,
            "z": -0.0076894378289580345
        },
        "vehicle_velocity": {
            "x": 7.20065290806815e-05,
            "y": -0.1019352599978447,
            "z": 0.00028390882653184235
        },
        "vehicle_throttle": 0.75,
        "unique_collisions": 0,
        "solid_lane_crosses": 0,
        "double_solid_lane_crosses": 0
    },
    {
        "game_time": 49.062802569940686,
        "vehicle_location": {
            "x": 31.600770950317383,
            "y": 27.464399337768555,
            "z": -0.007630691397935152
        },
        "vehicle_velocity": {
            "x": 2.4279481749545084e-06,
            "y": -0.022934312000870705,
            "z": 0.000645327556412667
        },
        "vehicle_throttle": 0.75,
        "unique_collisions": 0,
        "solid_lane_crosses": 0,
        "double_solid_lane_crosses": 0
    },
    {
        "game_time": 50.10183810442686,
        "vehicle_location": {
            "x": 31.600727081298828,
            "y": 27.450763702392578,
            "z": -0.007707748096436262
        },
        "vehicle_velocity": {
            "x": 1.2263106441423588e-07,
            "y": 1.345403325103689e-05,
            "z": -7.3814389907056466e-06
        },
        "vehicle_throttle": 0.0,
        "unique_collisions": 0,
        "solid_lane_crosses": 0,
        "double_solid_lane_crosses": 0
    },
    {
        "game_time": 51.11218777298927,
        "vehicle_location": {
            "x": 31.600727081298828,
            "y": 27.45073890686035,
            "z": -0.007748069707304239
        },
        "vehicle_velocity": {
            "x": 6.168234278902673e-08,
            "y": 7.839965832090456e-08,
            "z": 0.0008777904440648854
        },
        "vehicle_throttle": 0.0,
        "unique_collisions": 0,
        "solid_lane_crosses": 0,
        "double_solid_lane_crosses": 0
    },
    {
        "game_time": 52.21181147918105,
        "vehicle_location": {
            "x": 31.600727081298828,
            "y": 27.45073890686035,
            "z": -0.007741851732134819
        },
        "vehicle_velocity": {
            "x": -1.0332470878893218e-08,
            "y": -8.432502696109623e-09,
            "z": -0.0004814433923456818
        },
        "vehicle_throttle": 0.0,
        "unique_collisions": 0,
        "solid_lane_crosses": 0,
        "double_solid_lane_crosses": 0
    },
    {
        "game_time": 53.23423867672682,
        "vehicle_location": {
            "x": 31.600727081298828,
            "y": 27.45073890686035,
            "z": -0.007756233215332031
        },
        "vehicle_velocity": {
            "x": 4.354285820795667e-08,
            "y": 2.5344572662788778e-08,
            "z": 0.0007793140248395503
        },
        "vehicle_throttle": 0.0,
        "unique_collisions": 0,
        "solid_lane_crosses": 0,
        "double_solid_lane_crosses": 0
    },
    {
        "game_time": 54.31300517171621,
        "vehicle_location": {
            "x": 31.600727081298828,
            "y": 27.45073890686035,
            "z": -0.0077005005441606045
        },
        "vehicle_velocity": {
            "x": -2.752820371654252e-08,
            "y": 5.101728373091419e-09,
            "z": 0.0006880330620333552
        },
        "vehicle_throttle": 0.0,
        "unique_collisions": 0,
        "solid_lane_crosses": 0,
        "double_solid_lane_crosses": 0
    },
    {
        "game_time": 55.40593010932207,
        "vehicle_location": {
            "x": 31.600727081298828,
            "y": 27.45073890686035,
            "z": -0.007720947265625
        },
        "vehicle_velocity": {
            "x": -5.1902606656994976e-08,
            "y": 6.255206130845181e-08,
            "z": 0.00026566506130620837
        },
        "vehicle_throttle": 0.0,
        "unique_collisions": 0,
        "solid_lane_crosses": 0,
        "double_solid_lane_crosses": 0
    },
    {
        "game_time": 56.48861889913678,
        "vehicle_location": {
            "x": 31.600727081298828,
            "y": 27.45073890686035,
            "z": -0.007711028680205345
        },
        "vehicle_velocity": {
            "x": 1.3847071045347548e-07,
            "y": -4.311356605057881e-08,
            "z": -0.000677566509693861
        },
        "vehicle_throttle": 0.0,
        "unique_collisions": 0,
        "solid_lane_crosses": 0,
        "double_solid_lane_crosses": 0
    },
    {
        "game_time": 57.54244838282466,
        "vehicle_location": {
            "x": 31.600727081298828,
            "y": 27.45073890686035,
            "z": -0.007713584695011377
        },
        "vehicle_velocity": {
            "x": -1.9654907035260294e-08,
            "y": -5.852921258764354e-09,
            "z": -0.00011441230162745342
        },
        "vehicle_throttle": 0.0,
        "unique_collisions": 0,
        "solid_lane_crosses": 0,
        "double_solid_lane_crosses": 0
    },
    {
        "game_time": 58.6224799901247,
        "vehicle_location": {
            "x": 31.600727081298828,
            "y": 27.45073890686035,
            "z": -0.007735938765108585
        },
        "vehicle_velocity": {
            "x": 8.472084545019243e-08,
            "y": -7.47515105370411e-11,
            "z": -2.7542113457457162e-05
        },
        "vehicle_throttle": 0.0,
        "unique_collisions": 0,
        "solid_lane_crosses": 0,
        "double_solid_lane_crosses": 0
    },
    {
        "game_time": 59.672009725123644,
        "vehicle_location": {
            "x": 31.600727081298828,
            "y": 27.45073890686035,
            "z": -0.007692107930779457
        },
        "vehicle_velocity": {
            "x": 8.867205991691662e-08,
            "y": -4.780791318381716e-10,
            "z": -5.311965651344508e-06
        },
        "vehicle_throttle": 0.0,
        "unique_collisions": 0,
        "solid_lane_crosses": 0,
        "double_solid_lane_crosses": 0
    },
    {
        "game_time": 60.71039287187159,
        "vehicle_location": {
            "x": 31.600727081298828,
            "y": 27.45073890686035,
            "z": -0.0077232359908521175
        },
        "vehicle_velocity": {
            "x": 3.052462460573224e-08,
            "y": -1.4864022901406315e-08,
            "z": -0.0006126498919911683
        },
        "vehicle_throttle": 0.0,
        "unique_collisions": 0,
        "solid_lane_crosses": 0,
        "double_solid_lane_crosses": 0
    },
    {
        "game_time": 61.7724578846246,
        "vehicle_location": {
            "x": 31.600727081298828,
            "y": 27.45073890686035,
            "z": -0.007652854546904564
        },
        "vehicle_velocity": {
            "x": 1.066291765994265e-08,
            "y": -2.7700711058287197e-08,
            "z": 8.502006676280871e-05
        },
        "vehicle_throttle": 0.0,
        "unique_collisions": 0,
        "solid_lane_crosses": 0,
        "double_solid_lane_crosses": 0
    },
    {
        "game_time": 62.85382045432925,
        "vehicle_location": {
            "x": 31.600727081298828,
            "y": 27.45073890686035,
            "z": -0.007705955300480127
        },
        "vehicle_velocity": {
            "x": -2.770970830567876e-08,
            "y": -2.7548766823315418e-08,
            "z": 0.0003572225396055728
        },
        "vehicle_throttle": 0.0,
        "unique_collisions": 0,
        "solid_lane_crosses": 0,
        "double_solid_lane_crosses": 0
    },
    {
        "game_time": 63.865325186401606,
        "vehicle_location": {
            "x": 31.600727081298828,
            "y": 27.45073890686035,
            "z": -0.007730216719210148
        },
        "vehicle_velocity": {
            "x": 1.1588061710199327e-07,
            "y": 3.7326490343048135e-08,
            "z": -0.0003615570021793246
        },
        "vehicle_throttle": 0.0,
        "unique_collisions": 0,
        "solid_lane_crosses": 0,
        "double_solid_lane_crosses": 0
    },
    {
        "game_time": 64.91726832836866,
        "vehicle_location": {
            "x": 31.600727081298828,
            "y": 27.45073890686035,
            "z": -0.007706108037382364
        },
        "vehicle_velocity": {
            "x": -4.0989952765357884e-08,
            "y": -1.423941942135798e-08,
            "z": 0.0005793285090476274
        },
        "vehicle_throttle": 0.0,
        "unique_collisions": 0,
        "solid_lane_crosses": 0,
        "double_solid_lane_crosses": 0
    },
    {
        "game_time": 65.97241653688252,
        "vehicle_location": {
            "x": 31.600727081298828,
            "y": 27.45073890686035,
            "z": -0.007728347554802895
        },
        "vehicle_velocity": {
            "x": 1.1609707684101522e-07,
            "y": -2.1127966931544506e-08,
            "z": -0.0007234287331812084
        },
        "vehicle_throttle": 0.0,
        "unique_collisions": 0,
        "solid_lane_crosses": 0,
        "double_solid_lane_crosses": 0
    },
    {
        "game_time": 67.02202099189162,
        "vehicle_location": {
            "x": 31.600727081298828,
            "y": 27.45073890686035,
            "z": -0.007713622879236937
        },
        "vehicle_velocity": {
            "x": -2.5160185046502193e-09,
            "y": -9.547307655566328e-08,
            "z": 7.674693915760145e-05
        },
        "vehicle_throttle": 0.0,
        "unique_collisions": 0,
        "solid_lane_crosses": 0,
        "double_solid_lane_crosses": 0
    },
    {
        "game_time": 68.05868822522461,
        "vehicle_location": {
            "x": 31.600727081298828,
            "y": 27.45073890686035,
            "z": -0.007675132714211941
        },
        "vehicle_velocity": {
            "x": -1.6588542095519188e-08,
            "y": -4.372277828679216e-08,
            "z": -0.00013767242489848286
        },
        "vehicle_throttle": 0.0,
        "unique_collisions": 0,
        "solid_lane_crosses": 0,
        "double_solid_lane_crosses": 0
    },
    {
        "game_time": 69.11421794258058,
        "vehicle_location": {
            "x": 31.600727081298828,
            "y": 27.45073890686035,
            "z": -0.00768077839165926
        },
        "vehicle_velocity": {
            "x": -1.9207044843483345e-09,
            "y": 2.9092161568655683e-08,
            "z": 0.000511550868395716
        },
        "vehicle_throttle": 0.0,
        "unique_collisions": 0,
        "solid_lane_crosses": 0,
        "double_solid_lane_crosses": 0
    },
    {
        "game_time": 70.14322292804718,
        "vehicle_location": {
            "x": 31.600727081298828,
            "y": 27.45073890686035,
            "z": -0.007708816323429346
        },
        "vehicle_velocity": {
            "x": 4.280376231236005e-08,
            "y": 1.4729959474379939e-08,
            "z": 6.603717338293791e-05
        },
        "vehicle_throttle": 0.0,
        "unique_collisions": 0,
        "solid_lane_crosses": 0,
        "double_solid_lane_crosses": 0
    },
    {
        "game_time": 71.22509917616844,
        "vehicle_location": {
            "x": 31.600727081298828,
            "y": 27.45073890686035,
            "z": -0.007685699500143528
        },
        "vehicle_velocity": {
            "x": 4.906544059934959e-10,
            "y": -1.6955707948795862e-08,
            "z": -0.00017792225116863847
        },
        "vehicle_throttle": 0.0,
        "unique_collisions": 0,
        "solid_lane_crosses": 0,
        "double_solid_lane_crosses": 0
    },
    {
        "game_time": 72.29607790708542,
        "vehicle_location": {
            "x": 31.600727081298828,
            "y": 27.45073890686035,
            "z": -0.007741241250187159
        },
        "vehicle_velocity": {
            "x": -2.57941152881358e-08,
            "y": -4.180706980605464e-08,
            "z": -0.000180473318323493
        },
        "vehicle_throttle": 0.0,
        "unique_collisions": 0,
        "solid_lane_crosses": 0,
        "double_solid_lane_crosses": 0
    },
    {
        "game_time": 73.34207546338439,
        "vehicle_location": {
            "x": 31.600727081298828,
            "y": 27.45073890686035,
            "z": -0.007670936640352011
        },
        "vehicle_velocity": {
            "x": 1.342894648814763e-07,
            "y": -1.6769813981909465e-08,
            "z": 0.0004842471971642226
        },
        "vehicle_throttle": 0.0,
        "unique_collisions": 0,
        "solid_lane_crosses": 0,
        "double_solid_lane_crosses": 0
    },
    {
        "game_time": 74.34380274266005,
        "vehicle_location": {
            "x": 31.600727081298828,
            "y": 27.45073890686035,
            "z": -0.007706489413976669
        },
        "vehicle_velocity": {
            "x": -2.5369066847247268e-08,
            "y": -4.475638704093399e-08,
            "z": 0.00015433311637025326
        },
        "vehicle_throttle": 0.0,
        "unique_collisions": 0,
        "solid_lane_crosses": 0,
        "double_solid_lane_crosses": 0
    },
    {
        "game_time": 75.39268778823316,
        "vehicle_location": {
            "x": 31.600727081298828,
            "y": 27.45073890686035,
            "z": -0.007712783757597208
        },
        "vehicle_velocity": {
            "x": -1.5155642074660136e-08,
            "y": -1.7085397985283635e-08,
            "z": -0.0002942085266113281
        },
        "vehicle_throttle": 0.0,
        "unique_collisions": 0,
        "solid_lane_crosses": 0,
        "double_solid_lane_crosses": 0
    },
    {
        "game_time": 76.44947887584567,
        "vehicle_location": {
            "x": 31.600727081298828,
            "y": 27.45073890686035,
            "z": -0.007723540998995304
        },
        "vehicle_velocity": {
            "x": -4.247586460337516e-08,
            "y": 8.874773271827507e-08,
            "z": 0.0008734035072848201
        },
        "vehicle_throttle": 0.0,
        "unique_collisions": 0,
        "solid_lane_crosses": 0,
        "double_solid_lane_crosses": 0
    },
    {
        "game_time": 77.4528941642493,
        "vehicle_location": {
            "x": 31.600727081298828,
            "y": 27.45073890686035,
            "z": -0.007763213943690062
        },
        "vehicle_velocity": {
            "x": -1.263209004065402e-08,
            "y": -5.899155386401844e-09,
            "z": -0.0010918331099674106
        },
        "vehicle_throttle": 0.0,
        "unique_collisions": 0,
        "solid_lane_crosses": 0,
        "double_solid_lane_crosses": 0
    },
    {
        "game_time": 78.53306181542575,
        "vehicle_location": {
            "x": 31.598966598510742,
            "y": 27.317745208740234,
            "z": -0.007704963441938162
        },
        "vehicle_velocity": {
            "x": -0.0028751047793775797,
            "y": -0.012861710041761398,
            "z": 0.00043251036549918354
        },
        "vehicle_throttle": 0.0,
        "unique_collisions": 0,
        "solid_lane_crosses": 0,
        "double_solid_lane_crosses": 0
    },
    {
        "game_time": 79.55709013715386,
        "vehicle_location": {
            "x": 31.599628448486328,
            "y": 26.255441665649414,
            "z": -0.010017165914177895
        },
        "vehicle_velocity": {
            "x": 0.0011252542026340961,
            "y": -2.3485543727874756,
            "z": -0.0009287548018619418
        },
        "vehicle_throttle": 0.75,
        "unique_collisions": 0,
        "solid_lane_crosses": 0,
        "double_solid_lane_crosses": 0
    },
    {
        "game_time": 80.59989962726831,
        "vehicle_location": {
            "x": 31.601755142211914,
            "y": 23.476423263549805,
            "z": -0.008984527550637722
        },
        "vehicle_velocity": {
            "x": 0.0015507605858147144,
            "y": -2.9688847064971924,
            "z": -0.00010684967128327116
        },
        "vehicle_throttle": 0.75,
        "unique_collisions": 0,
        "solid_lane_crosses": 0,
        "double_solid_lane_crosses": 0
    },
    {
        "game_time": 81.67352364398539,
        "vehicle_location": {
            "x": 31.600053787231445,
            "y": 19.5483341217041,
            "z": -0.004167099017649889
        },
        "vehicle_velocity": {
            "x": -0.005983716808259487,
            "y": -2.68973708152771,
            "z": -0.0009511470561847091
        },
        "vehicle_throttle": 0.0,
        "unique_collisions": 0,
        "solid_lane_crosses": 0,
        "double_solid_lane_crosses": 0
    },
    {
        "game_time": 82.69664784893394,
        "vehicle_location": {
            "x": 31.596065521240234,
            "y": 17.328428268432617,
            "z": -0.009367141872644424
        },
        "vehicle_velocity": {
            "x": -0.005285797640681267,
            "y": -2.910139322280884,
            "z": 9.61732876021415e-05
        },
        "vehicle_throttle": 0.75,
        "unique_collisions": 0,
        "solid_lane_crosses": 0,
        "double_solid_lane_crosses": 0
    },
    {
        "game_time": 83.7042540051043,
        "vehicle_location": {
            "x": 31.57879066467285,
            "y": 13.905684471130371,
            "z": -0.007976874709129333
        },
        "vehicle_velocity": {
            "x": -0.01842205412685871,
            "y": -3.4132540225982666,
            "z": -4.817962690140121e-05
        },
        "vehicle_throttle": 0.75,
        "unique_collisions": 0,
        "solid_lane_crosses": 0,
        "double_solid_lane_crosses": 0
    },
    {
        "game_time": 84.80351231060922,
        "vehicle_location": {
            "x": 31.55181121826172,
            "y": 9.945487022399902,
            "z": -0.0056129456497728825
        },
        "vehicle_velocity": {
            "x": -0.02138430066406727,
            "y": -2.8567562103271484,
            "z": -0.00030578611767850816
        },
        "vehicle_throttle": 0.75,
        "unique_collisions": 0,
        "solid_lane_crosses": 0,
        "double_solid_lane_crosses": 0
    },
    {
        "game_time": 85.8397377897054,
        "vehicle_location": {
            "x": 31.52235984802246,
            "y": 6.20072603225708,
            "z": -0.005224151536822319
        },
        "vehicle_velocity": {
            "x": -0.026981720700860023,
            "y": -3.261767864227295,
            "z": -7.736682891845703e-05
        },
        "vehicle_throttle": 0.75,
        "unique_collisions": 0,
        "solid_lane_crosses": 0,
        "double_solid_lane_crosses": 0
    },
    {
        "game_time": 86.9351143296808,
        "vehicle_location": {
            "x": 31.490890502929688,
            "y": 2.444385290145874,
            "z": -0.006032867357134819
        },
        "vehicle_velocity": {
            "x": -0.025932546705007553,
            "y": -3.0127174854278564,
            "z": 0.00038228987250477076
        },
        "vehicle_throttle": 0.75,
        "unique_collisions": 0,
        "solid_lane_crosses": 0,
        "double_solid_lane_crosses": 0
    },
    {
        "game_time": 87.94023123383522,
        "vehicle_location": {
            "x": 31.458742141723633,
            "y": -1.2874796390533447,
            "z": -0.009543457068502903
        },
        "vehicle_velocity": {
            "x": -0.04115262255072594,
            "y": -4.75522518157959,
            "z": -2.9959677704027854e-05
        },
        "vehicle_throttle": 0.75,
        "unique_collisions": 0,
        "solid_lane_crosses": 0,
        "double_solid_lane_crosses": 0
    },
    {
        "game_time": 88.94562656059861,
        "vehicle_location": {
            "x": 31.43475914001465,
            "y": -4.33378791809082,
            "z": -0.005669059697538614
        },
        "vehicle_velocity": {
            "x": -0.011151795275509357,
            "y": -1.4190468788146973,
            "z": 0.0003908681683242321
        },
        "vehicle_throttle": 0.75,
        "unique_collisions": 0,
        "solid_lane_crosses": 0,
        "double_solid_lane_crosses": 0
    },
    {
        "game_time": 89.97093504294753,
        "vehicle_location": {
            "x": 31.423315048217773,
            "y": -6.852147579193115,
            "z": -0.009457702748477459
        },
        "vehicle_velocity": {
            "x": -0.01436196081340313,
            "y": -3.509679079055786,
            "z": -0.00127465242985636
        },
        "vehicle_throttle": 0.75,
        "unique_collisions": 0,
        "solid_lane_crosses": 0,
        "double_solid_lane_crosses": 0
    },
    {
        "game_time": 91.02321437187493,
        "vehicle_location": {
            "x": 31.42070960998535,
            "y": -10.88180160522461,
            "z": -0.00916694663465023
        },
        "vehicle_velocity": {
            "x": -0.0047093904577195644,
            "y": -4.225271701812744,
            "z": 0.0006927251815795898
        },
        "vehicle_throttle": 0.0,
        "unique_collisions": 0,
        "solid_lane_crosses": 0,
        "double_solid_lane_crosses": 0
    },
    {
        "game_time": 92.04561020433903,
        "vehicle_location": {
            "x": 31.44330406188965,
            "y": -14.75719928741455,
            "z": 0.000670204171910882
        },
        "vehicle_velocity": {
            "x": 0.00651709595695138,
            "y": -3.392976999282837,
            "z": -0.027666807174682617
        },
        "vehicle_throttle": 0.75,
        "unique_collisions": 0,
        "solid_lane_crosses": 0,
        "double_solid_lane_crosses": 0
    },
    {
        "game_time": 93.05312381498516,
        "vehicle_location": {
            "x": 31.491966247558594,
            "y": -18.583820343017578,
            "z": -0.0073942565359175205
        },
        "vehicle_velocity": {
            "x": 0.056803297251462936,
            "y": -3.6791751384735107,
            "z": -0.0011088179890066385
        },
        "vehicle_throttle": 0.75,
        "unique_collisions": 0,
        "solid_lane_crosses": 0,
        "double_solid_lane_crosses": 0
    },
    {
        "game_time": 94.09583540633321,
        "vehicle_location": {
            "x": 31.566463470458984,
            "y": -22.50884437561035,
            "z": -0.008530158549547195
        },
        "vehicle_velocity": {
            "x": 0.1179892048239708,
            "y": -3.6671829223632812,
            "z": 0.0003553962742444128
        },
        "vehicle_throttle": 0.75,
        "unique_collisions": 0,
        "solid_lane_crosses": 0,
        "double_solid_lane_crosses": 0
    },
    {
        "game_time": 95.1061081700027,
        "vehicle_location": {
            "x": 31.661161422729492,
            "y": -26.573442459106445,
            "z": -0.007414817810058594
        },
        "vehicle_velocity": {
            "x": 0.08875482529401779,
            "y": -3.738507032394409,
            "z": 0.0006513595581054688
        },
        "vehicle_throttle": 0.75,
        "unique_collisions": 0,
        "solid_lane_crosses": 0,
        "double_solid_lane_crosses": 0
    },
    {
        "game_time": 96.16515872813761,
        "vehicle_location": {
            "x": 31.76104736328125,
            "y": -30.6137638092041,
            "z": -0.008622855879366398
        },
        "vehicle_velocity": {
            "x": 0.09358204901218414,
            "y": -3.713379383087158,
            "z": -0.0013090991415083408
        },
        "vehicle_throttle": 0.75,
        "unique_collisions": 0,
        "solid_lane_crosses": 0,
        "double_solid_lane_crosses": 0
    },
    {
        "game_time": 97.17172794602811,
        "vehicle_location": {
            "x": 31.86370277404785,
            "y": -34.59511947631836,
            "z": -0.009212684817612171
        },
        "vehicle_velocity": {
            "x": 0.1107502356171608,
            "y": -4.304747581481934,
            "z": 4.6987534005893394e-05
        },
        "vehicle_throttle": 0.75,
        "unique_collisions": 0,
        "solid_lane_crosses": 0,
        "double_solid_lane_crosses": 0
    },
    {
        "game_time": 98.23914841841906,
        "vehicle_location": {
            "x": 31.964426040649414,
            "y": -38.43303298950195,
            "z": -0.006804504431784153
        },
        "vehicle_velocity": {
            "x": 0.0821244865655899,
            "y": -3.1153206825256348,
            "z": -0.0001338100410066545
        },
        "vehicle_throttle": 0.0,
        "unique_collisions": 0,
        "solid_lane_crosses": 0,
        "double_solid_lane_crosses": 0
    },
    {
        "game_time": 99.29731360543519,
        "vehicle_location": {
            "x": 32.05567932128906,
            "y": -41.87789535522461,
            "z": -0.0067076110281050205
        },
        "vehicle_velocity": {
            "x": 0.08799867331981659,
            "y": -3.3128228187561035,
            "z": -0.0004496669571381062
        },
        "vehicle_throttle": 0.0,
        "unique_collisions": 0,
        "solid_lane_crosses": 0,
        "double_solid_lane_crosses": 0
    },
    {
        "game_time": 100.36070754285902,
        "vehicle_location": {
            "x": 32.14792251586914,
            "y": -45.34584045410156,
            "z": -0.00527065247297287
        },
        "vehicle_velocity": {
            "x": 0.07470563054084778,
            "y": -2.8074557781219482,
            "z": -2.9134749638615176e-05
        },
        "vehicle_throttle": 0.75,
        "unique_collisions": 0,
        "solid_lane_crosses": 0,
        "double_solid_lane_crosses": 0
    },
    {
        "game_time": 101.44594450201839,
        "vehicle_location": {
            "x": 32.23973846435547,
            "y": -48.78879165649414,
            "z": -0.007113608997315168
        },
        "vehicle_velocity": {
            "x": 0.08360061794519424,
            "y": -3.1317687034606934,
            "z": 0.0003934573906008154
        },
        "vehicle_throttle": 0.75,
        "unique_collisions": 0,
        "solid_lane_crosses": 0,
        "double_solid_lane_crosses": 0
    },
    {
        "game_time": 102.45576167292893,
        "vehicle_location": {
            "x": 32.337886810302734,
            "y": -52.464115142822266,
            "z": -0.008544654585421085
        },
        "vehicle_velocity": {
            "x": 0.10347543656826019,
            "y": -3.874446392059326,
            "z": 0.0003396892570890486
        },
        "vehicle_throttle": 0.75,
        "unique_collisions": 0,
        "solid_lane_crosses": 0,
        "double_solid_lane_crosses": 0
    },
    {
        "game_time": 103.52302124723792,
        "vehicle_location": {
            "x": 32.44828414916992,
            "y": -56.59532928466797,
            "z": -0.006701507605612278
        },
        "vehicle_velocity": {
            "x": 0.09636488556861877,
            "y": -3.6041531562805176,
            "z": 0.00025622366229072213
        },
        "vehicle_throttle": 0.75,
        "unique_collisions": 0,
        "solid_lane_crosses": 0,
        "double_solid_lane_crosses": 0
    },
    {
        "game_time": 104.57296081725508,
        "vehicle_location": {
            "x": 32.539085388183594,
            "y": -59.9906005859375,
            "z": -0.0043135834857821465
        },
        "vehicle_velocity": {
            "x": 0.046302832663059235,
            "y": -1.723250389099121,
            "z": 5.096435415907763e-05
        },
        "vehicle_throttle": 0.0,
        "unique_collisions": 0,
        "solid_lane_crosses": 0,
        "double_solid_lane_crosses": 0
    },
    {
        "game_time": 105.60604625754058,
        "vehicle_location": {
            "x": 32.56734085083008,
            "y": -61.06711196899414,
            "z": -0.008688468486070633
        },
        "vehicle_velocity": {
            "x": 0.019193485379219055,
            "y": -0.7239672541618347,
            "z": -0.0002874183701351285
        },
        "vehicle_throttle": 0.75,
        "unique_collisions": 0,
        "solid_lane_crosses": 0,
        "double_solid_lane_crosses": 0
    },
    {
        "game_time": 106.63830307964236,
        "vehicle_location": {
            "x": 32.57944107055664,
            "y": -61.43626022338867,
            "z": -0.007293739356100559
        },
        "vehicle_velocity": {
            "x": 0.00042829307494685054,
            "y": -0.00905248150229454,
            "z": 2.9182432626839727e-05
        },
        "vehicle_throttle": 0.0,
        "unique_collisions": 0,
        "solid_lane_crosses": 0,
        "double_solid_lane_crosses": 0
    },
    {
        "game_time": 107.64369516633451,
        "vehicle_location": {
            "x": 32.582603454589844,
            "y": -61.55290222167969,
            "z": -0.007571220397949219
        },
        "vehicle_velocity": {
            "x": 0.00018190043920185417,
            "y": -0.004743251018226147,
            "z": 0.0011539077386260033
        },
        "vehicle_throttle": 0.0,
        "unique_collisions": 0,
        "solid_lane_crosses": 0,
        "double_solid_lane_crosses": 0
    },
    {
        "game_time": 108.75289641693234,
        "vehicle_location": {
            "x": 32.584529876708984,
            "y": -61.64672088623047,
            "z": -0.007813186384737492
        },
        "vehicle_velocity": {
            "x": 0.0006050131050869823,
            "y": -0.05872098729014397,
            "z": -0.00017152786313090473
        },
        "vehicle_throttle": 0.75,
        "unique_collisions": 0,
        "solid_lane_crosses": 0,
        "double_solid_lane_crosses": 0
    },
    {
        "game_time": 109.75890412926674,
        "vehicle_location": {
            "x": 32.586021423339844,
            "y": -61.707664489746094,
            "z": -0.007876205258071423
        },
        "vehicle_velocity": {
            "x": 0.00264449929818511,
            "y": -0.08426032960414886,
            "z": 0.0001474761957069859
        },
        "vehicle_throttle": 0.75,
        "unique_collisions": 0,
        "solid_lane_crosses": 0,
        "double_solid_lane_crosses": 0
    },
    {
        "game_time": 110.77838449552655,
        "vehicle_location": {
            "x": 32.586509704589844,
            "y": -61.73210906982422,
            "z": -0.007684898097068071
        },
        "vehicle_velocity": {
            "x": 1.808597517083399e-05,
            "y": -0.0004552187165245414,
            "z": 0.0015235566534101963
        },
        "vehicle_throttle": 0.0,
        "unique_collisions": 0,
        "solid_lane_crosses": 0,
        "double_solid_lane_crosses": 0
    },
    {
        "game_time": 111.78934985492378,
        "vehicle_location": {
            "x": 32.58665466308594,
            "y": -61.73710632324219,
            "z": -0.007695884443819523
        },
        "vehicle_velocity": {
            "x": 2.2758962359148427e-07,
            "y": 8.992480616143439e-06,
            "z": 0.0010643815621733665
        },
        "vehicle_throttle": 0.0,
        "unique_collisions": 0,
        "solid_lane_crosses": 0,
        "double_solid_lane_crosses": 0
    },
    {
        "game_time": 112.85590372234583,
        "vehicle_location": {
            "x": 32.58665466308594,
            "y": -61.73710632324219,
            "z": -0.007695693988353014
        },
        "vehicle_velocity": {
            "x": 5.908198374982021e-08,
            "y": 2.43435849256457e-08,
            "z": 0.00092992780264467
        },
        "vehicle_throttle": 0.0,
        "unique_collisions": 0,
        "solid_lane_crosses": 0,
        "double_solid_lane_crosses": 0
    },
    {
        "game_time": 113.94112782832235,
        "vehicle_location": {
            "x": 32.58665466308594,
            "y": -61.73710632324219,
            "z": -0.0077757262624800205
        },
        "vehicle_velocity": {
            "x": -2.0940974820859992e-07,
            "y": 3.2172813746456086e-08,
            "z": -0.0004487323749344796
        },
        "vehicle_throttle": 0.0,
        "unique_collisions": 0,
        "solid_lane_crosses": 0,
        "double_solid_lane_crosses": 0
    },
    {
        "game_time": 114.99811480008066,
        "vehicle_location": {
            "x": 32.58665466308594,
            "y": -61.73710632324219,
            "z": -0.007716445717960596
        },
        "vehicle_velocity": {
            "x": -3.5945866727615794e-08,
            "y": -1.1937699717634587e-08,
            "z": -8.8739390776027e-05
        },
        "vehicle_throttle": 0.0,
        "unique_collisions": 0,
        "solid_lane_crosses": 0,
        "double_solid_lane_crosses": 0
    },
    {
        "game_time": 116.02555905748159,
        "vehicle_location": {
            "x": 32.58665466308594,
            "y": -61.73710632324219,
            "z": -0.007711486425250769
        },
        "vehicle_velocity": {
            "x": 8.593458034056312e-08,
            "y": -2.651499464434437e-08,
            "z": 0.00024703980307094753
        },
        "vehicle_throttle": 0.0,
        "unique_collisions": 0,
        "solid_lane_crosses": 0,
        "double_solid_lane_crosses": 0
    },
    {
        "game_time": 117.07002138532698,
        "vehicle_location": {
            "x": 32.58665466308594,
            "y": -61.73710632324219,
            "z": -0.0077552031725645065
        },
        "vehicle_velocity": {
            "x": -2.2726544557372108e-07,
            "y": 1.3475491833503384e-08,
            "z": -0.00010703086445573717
        },
        "vehicle_throttle": 0.0,
        "unique_collisions": 0,
        "solid_lane_crosses": 0,
        "double_solid_lane_crosses": 0
    },
    {
        "game_time": 118.12576037086546,
        "vehicle_location": {
            "x": 32.58665466308594,
            "y": -61.73710632324219,
            "z": -0.0077404784969985485
        },
        "vehicle_velocity": {
            "x": 1.5817025200703938e-07,
            "y": 2.2615903816358696e-08,
            "z": 9.209632844431326e-05
        },
        "vehicle_throttle": 0.0,
        "unique_collisions": 0,
        "solid_lane_crosses": 0,
        "double_solid_lane_crosses": 0
    },
    {
        "game_time": 119.20182572118938,
        "vehicle_location": {
            "x": 32.58665466308594,
            "y": -61.73710632324219,
            "z": -0.007738456595689058
        },
        "vehicle_velocity": {
            "x": 1.429758214044341e-07,
            "y": 1.0323987886806663e-08,
            "z": 4.511832958087325e-05
        },
        "vehicle_throttle": 0.0,
        "unique_collisions": 0,
        "solid_lane_crosses": 0,
        "double_solid_lane_crosses": 0
    },
    {
        "game_time": 120.23083487804979,
        "vehicle_location": {
            "x": 32.58665466308594,
            "y": -61.73710632324219,
            "z": -0.007740516681224108
        },
        "vehicle_velocity": {
            "x": 2.2705680180479249e-07,
            "y": -3.9066652135488766e-08,
            "z": -5.873680129298009e-05
        },
        "vehicle_throttle": 0.0,
        "unique_collisions": 0,
        "solid_lane_crosses": 0,
        "double_solid_lane_crosses": 0
    },
    {
        "game_time": 121.23787280078977,
        "vehicle_location": {
            "x": 32.58665466308594,
            "y": -61.73710632324219,
            "z": -0.00769119244068861
        },
        "vehicle_velocity": {
            "x": 6.860055634660966e-08,
            "y": -6.622380865906052e-09,
            "z": 0.0008769750129431486
        },
        "vehicle_throttle": 0.0,
        "unique_collisions": 0,
        "solid_lane_crosses": 0,
        "double_solid_lane_crosses": 0
    },
    {
        "game_time": 122.28417362552136,
        "vehicle_location": {
            "x": 32.58665466308594,
            "y": -61.73710632324219,
            "z": -0.007752685341984034
        },
        "vehicle_velocity": {
            "x": -1.4430588635150343e-07,
            "y": 4.7911360212538057e-08,
            "z": 4.880905180471018e-05
        },
        "vehicle_throttle": 0.0,
        "unique_collisions": 0,
        "solid_lane_crosses": 0,
        "double_solid_lane_crosses": 0
    },
    {
        "game_time": 123.37067199777812,
        "vehicle_location": {
            "x": 32.58665466308594,
            "y": -61.73710632324219,
            "z": -0.007713508326560259
        },
        "vehicle_velocity": {
            "x": 2.023962935027157e-07,
            "y": 9.734716144293998e-08,
            "z": 0.0009052323875948787
        },
        "vehicle_throttle": 0.0,
        "unique_collisions": 0,
        "solid_lane_crosses": 0,
        "double_solid_lane_crosses": 0
    },
    {
        "game_time": 124.38377562072128,
        "vehicle_location": {
            "x": 32.58665466308594,
            "y": -61.73710632324219,
            "z": -0.007735061459243298
        },
        "vehicle_velocity": {
            "x": -1.685654638095002e-08,
            "y": -1.8944827928635277e-08,
            "z": -0.000494031875859946
        },
        "vehicle_throttle": 0.0,
        "unique_collisions": 0,
        "solid_lane_crosses": 0,
        "double_solid_lane_crosses": 0
    },
    {
        "game_time": 125.41344214696437,
        "vehicle_location": {
            "x": 32.58665466308594,
            "y": -61.73710632324219,
            "z": -0.007709121331572533
        },
        "vehicle_velocity": {
            "x": -1.5875561132361327e-07,
            "y": -4.7161073268853215e-08,
            "z": -0.00019190310558769852
        },
        "vehicle_throttle": 0.0,
        "unique_collisions": 0,
        "solid_lane_crosses": 0,
        "double_solid_lane_crosses": 0
    },
    {
        "game_time": 126.50699005834758,
        "vehicle_location": {
            "x": 32.58665466308594,
            "y": -61.73710632324219,
            "z": -0.007741355802863836
        },
        "vehicle_velocity": {
            "x": 6.460008705744258e-08,
            "y": -9.985114957089536e-09,
            "z": -0.00045454976498149335
        },
        "vehicle_throttle": 0.0,
        "unique_collisions": 0,
        "solid_lane_crosses": 0,
        "double_solid_lane_crosses": 0
    },
    {
        "game_time": 127.58302921801805,
        "vehicle_location": {
            "x": 32.58665466308594,
            "y": -61.73710632324219,
            "z": -0.0076818084344267845
        },
        "vehicle_velocity": {
            "x": 1.3216114780334465e-07,
            "y": -2.6632264393811056e-08,
            "z": 0.0004351520328782499
        },
        "vehicle_throttle": 0.0,
        "unique_collisions": 0,
        "solid_lane_crosses": 0,
        "double_solid_lane_crosses": 0
    },
    {
        "game_time": 128.6658409833908,
        "vehicle_location": {
            "x": 32.58665466308594,
            "y": -61.73710632324219,
            "z": -0.007788314484059811
        },
        "vehicle_velocity": {
            "x": -1.1531772514672411e-07,
            "y": 4.0693382885592655e-08,
            "z": 0.00015324592823162675
        },
        "vehicle_throttle": 0.0,
        "unique_collisions": 0,
        "solid_lane_crosses": 0,
        "double_solid_lane_crosses": 0
    },
    {
        "game_time": 129.67847959138453,
        "vehicle_location": {
            "x": 32.58665466308594,
            "y": -61.73710632324219,
            "z": -0.007741889916360378
        },
        "vehicle_velocity": {
            "x": -5.965205218672054e-08,
            "y": -1.402260920713161e-07,
            "z": -0.001308765378780663
        },
        "vehicle_throttle": 0.0,
        "unique_collisions": 0,
        "solid_lane_crosses": 0,
        "double_solid_lane_crosses": 0
    },
    {
        "game_time": 130.73193633183837,
        "vehicle_location": {
            "x": 32.58665466308594,
            "y": -61.73710632324219,
            "z": -0.007760734297335148
        },
        "vehicle_velocity": {
            "x": 1.5343039194704033e-07,
            "y": 6.014229825268558e-08,
            "z": 0.00020068167941644788
        },
        "vehicle_throttle": 0.0,
        "unique_collisions": 0,
        "solid_lane_crosses": 0,
        "double_solid_lane_crosses": 0
    },
    {
        "game_time": 131.80800623912364,
        "vehicle_location": {
            "x": 32.58665466308594,
            "y": -61.73710632324219,
            "z": -0.007725105155259371
        },
        "vehicle_velocity": {
            "x": -1.6061353136365142e-08,
            "y": -7.847187077913986e-08,
            "z": 0.0005089378100819886
        },
        "vehicle_throttle": 0.0,
        "unique_collisions": 0,
        "solid_lane_crosses": 0,
        "double_solid_lane_crosses": 0
    },
    {
        "game_time": 132.90115573443472,
        "vehicle_location": {
            "x": 32.58665466308594,
            "y": -61.73710632324219,
            "z": -0.007743301335722208
        },
        "vehicle_velocity": {
            "x": -8.48239309902965e-08,
            "y": -4.16383016954569e-09,
            "z": -0.0002991199435200542
        },
        "vehicle_throttle": 0.0,
        "unique_collisions": 0,
        "solid_lane_crosses": 0,
        "double_solid_lane_crosses": 0
    },
    {
        "game_time": 133.95204197149724,
        "vehicle_location": {
            "x": 32.58665466308594,
            "y": -61.73710632324219,
            "z": -0.007751235738396645
        },
        "vehicle_velocity": {
            "x": -3.434616502318022e-08,
            "y": -8.931051453942018e-09,
            "z": -0.0003091144608333707
        },
        "vehicle_throttle": 0.0,
        "unique_collisions": 0,
        "solid_lane_crosses": 0,
        "double_solid_lane_crosses": 0
    },
    {
        "game_time": 134.97255888674408,
        "vehicle_location": {
            "x": 32.58665466308594,
            "y": -61.73710632324219,
            "z": -0.007764396723359823
        },
        "vehicle_velocity": {
            "x": 1.5499377070682385e-07,
            "y": -6.239122996021251e-08,
            "z": -0.00032781600020825863
        },
        "vehicle_throttle": 0.0,
        "unique_collisions": 0,
        "solid_lane_crosses": 0,
        "double_solid_lane_crosses": 0
    },
    {
        "game_time": 136.0052672298625,
        "vehicle_location": {
            "x": 32.58665466308594,
            "y": -61.73710632324219,
            "z": -0.007780265528708696
        },
        "vehicle_velocity": {
            "x": 4.536963160717278e-08,
            "y": 4.178104973107111e-09,
            "z": 0.0003404712479095906
        },
        "vehicle_throttle": 0.0,
        "unique_collisions": 0,
        "solid_lane_crosses": 0,
        "double_solid_lane_crosses": 0
    },
    {
        "game_time": 137.04543307144195,
        "vehicle_location": {
            "x": 32.58665466308594,
            "y": -61.73710632324219,
            "z": -0.007698783650994301
        },
        "vehicle_velocity": {
            "x": 1.0659121585376852e-07,
            "y": -2.900796403082495e-08,
            "z": 0.0004983234102837741
        },
        "vehicle_throttle": 0.0,
        "unique_collisions": 0,
        "solid_lane_crosses": 0,
        "double_solid_lane_crosses": 0
    },
    {
        "game_time": 138.10759688541293,
        "vehicle_location": {
            "x": 32.586673736572266,
            "y": -61.73800277709961,
            "z": -0.007730254903435707
        },
        "vehicle_velocity": {
            "x": -0.00021242642833385617,
            "y": 0.00791080854833126,
            "z": -0.0001492786395829171
        },
        "vehicle_throttle": 0.75,
        "unique_collisions": 0,
        "solid_lane_crosses": 0,
        "double_solid_lane_crosses": 0
    },
    {
        "game_time": 139.17575470451266,
        "vehicle_location": {
            "x": 32.5965461730957,
            "y": -62.1695556640625,
            "z": -0.009100417606532574
        },
        "vehicle_velocity": {
            "x": 0.02095099724829197,
            "y": -0.7937352061271667,
            "z": -0.0005341339274309576
        },
        "vehicle_throttle": 0.75,
        "unique_collisions": 0,
        "solid_lane_crosses": 0,
        "double_solid_lane_crosses": 0
    },
    {
        "game_time": 140.20048561971635,
        "vehicle_location": {
            "x": 32.65591049194336,
            "y": -64.37464904785156,
            "z": -0.00944473221898079
        },
        "vehicle_velocity": {
            "x": 0.08803856372833252,
            "y": -3.28536319732666,
            "z": 0.000559525506105274
        },
        "vehicle_throttle": 0.75,
        "unique_collisions": 0,
        "solid_lane_crosses": 0,
        "double_solid_lane_crosses": 0
    },
    {
        "game_time": 141.25769713614136,
        "vehicle_location": {
            "x": 32.752986907958984,
            "y": -67.99513244628906,
            "z": -0.009510459378361702
        },
        "vehicle_velocity": {
            "x": 0.11005891859531403,
            "y": -4.111915588378906,
            "z": 0.0003982210182584822
        },
        "vehicle_throttle": 0.75,
        "unique_collisions": 0,
        "solid_lane_crosses": 0,
        "double_solid_lane_crosses": 0
    },
    {
        "game_time": 142.26312003098428,
        "vehicle_location": {
            "x": 32.888519287109375,
            "y": -73.07819366455078,
            "z": -0.006840514950454235
        },
        "vehicle_velocity": {
            "x": 0.13925117254257202,
            "y": -5.1851806640625,
            "z": -3.743171691894531e-05
        },
        "vehicle_throttle": 0.45084118843078613,
        "unique_collisions": 0,
        "solid_lane_crosses": 0,
        "double_solid_lane_crosses": 0
    },
    {
        "game_time": 143.31660250667483,
        "vehicle_location": {
            "x": 33.04193115234375,
            "y": -78.77143096923828,
            "z": -0.009216194041073322
        },
        "vehicle_velocity": {
            "x": 0.16537176072597504,
            "y": -6.065091609954834,
            "z": 1.3132094863976818e-05
        },
        "vehicle_throttle": 0.0,
        "unique_collisions": 0,
        "solid_lane_crosses": 0,
        "double_solid_lane_crosses": 0
    },
    {
        "game_time": 144.40222350601107,
        "vehicle_location": {
            "x": 33.17948532104492,
            "y": -83.93736267089844,
            "z": -0.009023169986903667
        },
        "vehicle_velocity": {
            "x": 0.1249665915966034,
            "y": -4.679229259490967,
            "z": 0.0006375455996021628
        },
        "vehicle_throttle": 0.75,
        "unique_collisions": 0,
        "solid_lane_crosses": 0,
        "double_solid_lane_crosses": 0
    },
    {
        "game_time": 145.48130426742136,
        "vehicle_location": {
            "x": 33.32866668701172,
            "y": -89.52476501464844,
            "z": -0.007827567867934704
        },
        "vehicle_velocity": {
            "x": 0.14100980758666992,
            "y": -5.162930965423584,
            "z": 0.00015071392408572137
        },
        "vehicle_throttle": 0.75,
        "unique_collisions": 0,
        "solid_lane_crosses": 0,
        "double_solid_lane_crosses": 0
    },
    {
        "game_time": 146.5500717330724,
        "vehicle_location": {
            "x": 33.47745132446289,
            "y": -95.09638214111328,
            "z": -0.00847370084375143
        },
        "vehicle_velocity": {
            "x": 0.14028407633304596,
            "y": -5.26515007019043,
            "z": -9.233474702341482e-05
        },
        "vehicle_throttle": 0.75,
        "unique_collisions": 0,
        "solid_lane_crosses": 0,
        "double_solid_lane_crosses": 0
    },
    {
        "game_time": 147.58087836951017,
        "vehicle_location": {
            "x": 33.77269744873047,
            "y": -100.48158264160156,
            "z": -0.007553329225629568
        },
        "vehicle_velocity": {
            "x": 1.3157463073730469,
            "y": -4.953948497772217,
            "z": -0.0002864360867533833
        },
        "vehicle_throttle": 0.75,
        "unique_collisions": 0,
        "solid_lane_crosses": 0,
        "double_solid_lane_crosses": 0
    },
    {
        "game_time": 148.6688116742298,
        "vehicle_location": {
            "x": 35.13566970825195,
            "y": -106.42827606201172,
            "z": -0.0047906492836773396
        },
        "vehicle_velocity": {
            "x": 1.0591609477996826,
            "y": -4.3272705078125,
            "z": -0.002138433512300253
        },
        "vehicle_throttle": 0.75,
        "unique_collisions": 0,
        "solid_lane_crosses": 0,
        "double_solid_lane_crosses": 0
    },
    {
        "game_time": 149.70453262142837,
        "vehicle_location": {
            "x": 36.2578010559082,
            "y": -111.03184509277344,
            "z": -0.009211654774844646
        },
        "vehicle_velocity": {
            "x": 1.3036643266677856,
            "y": -5.332911491394043,
            "z": -0.00034469127422198653
        },
        "vehicle_throttle": 0.75,
        "unique_collisions": 0,
        "solid_lane_crosses": 0,
        "double_solid_lane_crosses": 0
    },
    {
        "game_time": 150.79291892796755,
        "vehicle_location": {
            "x": 37.1756477355957,
            "y": -116.7667465209961,
            "z": -0.00714885676279664
        },
        "vehicle_velocity": {
            "x": 0.5959634780883789,
            "y": -5.228714466094971,
            "z": 5.9480666095623747e-05
        },
        "vehicle_throttle": 0.3019190728664398,
        "unique_collisions": 0,
        "solid_lane_crosses": 0,
        "double_solid_lane_crosses": 0
    },
    {
        "game_time": 151.8521241620183,
        "vehicle_location": {
            "x": 37.55976104736328,
            "y": -122.2766342163086,
            "z": -0.006417922675609589
        },
        "vehicle_velocity": {
            "x": 0.34245654940605164,
            "y": -5.0063090324401855,
            "z": 0.0002780532813630998
        },
        "vehicle_throttle": 0.75,
        "unique_collisions": 0,
        "solid_lane_crosses": 0,
        "double_solid_lane_crosses": 0
    },
    {
        "game_time": 152.92824802268296,
        "vehicle_location": {
            "x": 37.776329040527344,
            "y": -127.20986938476562,
            "z": -0.0032725143246352673
        },
        "vehicle_velocity": {
            "x": 0.09802471101284027,
            "y": -2.5520529747009277,
            "z": 2.0937919543939643e-05
        },
        "vehicle_throttle": 0.0,
        "unique_collisions": 0,
        "solid_lane_crosses": 0,
        "double_solid_lane_crosses": 0
    },
    {
        "game_time": 153.9812160860747,
        "vehicle_location": {
            "x": 37.80344772338867,
            "y": -127.9193115234375,
            "z": -0.007653236389160156
        },
        "vehicle_velocity": {
            "x": -9.031811600834772e-07,
            "y": 3.184135493938811e-05,
            "z": -2.8133392788731726e-06
        },
        "vehicle_throttle": 0.0,
        "unique_collisions": 0,
        "solid_lane_crosses": 0,
        "double_solid_lane_crosses": 0
    },
    {
        "game_time": 155.06579824443907,
        "vehicle_location": {
            "x": 37.80345153808594,
            "y": -127.91934967041016,
            "z": -0.007755241356790066
        },
        "vehicle_velocity": {
            "x": 3.4265585924231345e-08,
            "y": 7.219450992579368e-08,
            "z": 6.954192940611392e-05
        },
        "vehicle_throttle": 0.0,
        "unique_collisions": 0,
        "solid_lane_crosses": 0,
        "double_solid_lane_crosses": 0
    },
    {
        "game_time": 156.13978986255825,
        "vehicle_location": {
            "x": 37.80345153808594,
            "y": -127.91934967041016,
            "z": -0.007699851877987385
        },
        "vehicle_velocity": {
            "x": 3.196392839299733e-08,
            "y": 1.3213979244142138e-08,
            "z": 0.00016013621643651277
        },
        "vehicle_throttle": 0.0,
        "unique_collisions": 0,
        "solid_lane_crosses": 0,
        "double_solid_lane_crosses": 0
    },
    {
        "game_time": 157.18204408418387,
        "vehicle_location": {
            "x": 37.80345153808594,
            "y": -127.91934967041016,
            "z": -0.007725028786808252
        },
        "vehicle_velocity": {
            "x": -9.790173294277338e-08,
            "y": -7.410376756666892e-10,
            "z": 0.0007913589361123741
        },
        "vehicle_throttle": 0.0,
        "unique_collisions": 0,
        "solid_lane_crosses": 0,
        "double_solid_lane_crosses": 0
    },
    {
        "game_time": 158.2601854475215,
        "vehicle_location": {
            "x": 37.80345153808594,
            "y": -127.91934967041016,
            "z": -0.007711868267506361
        },
        "vehicle_velocity": {
            "x": 5.961835114476344e-08,
            "y": -1.383945313904178e-08,
            "z": 0.00045950888306833804
        },
        "vehicle_throttle": 0.0,
        "unique_collisions": 0,
        "solid_lane_crosses": 0,
        "double_solid_lane_crosses": 0
    },
    {
        "game_time": 159.33321683853865,
        "vehicle_location": {
            "x": 37.80345153808594,
            "y": -127.91934967041016,
            "z": -0.007701148744672537
        },
        "vehicle_velocity": {
            "x": 0.0,
            "y": 0.0,
            "z": 0.0
        },
        "vehicle_throttle": 0.0,
        "unique_collisions": 0,
        "solid_lane_crosses": 0,
        "double_solid_lane_crosses": 0
    },
    {
        "game_time": 160.36059437226504,
        "vehicle_location": {
            "x": 37.80345153808594,
            "y": -127.91934967041016,
            "z": -0.007694816216826439
        },
        "vehicle_velocity": {
            "x": -5.02886265962843e-08,
            "y": 1.94297622435613e-09,
            "z": 3.097534136031754e-05
        },
        "vehicle_throttle": 0.0,
        "unique_collisions": 0,
        "solid_lane_crosses": 0,
        "double_solid_lane_crosses": 0
    },
    {
        "game_time": 161.39480841439217,
        "vehicle_location": {
            "x": 37.80345153808594,
            "y": -127.91934967041016,
            "z": -0.007696456741541624
        },
        "vehicle_velocity": {
            "x": -3.1255393828644173e-09,
            "y": -8.533178330605296e-11,
            "z": -1.2159347534179688e-05
        },
        "vehicle_throttle": 0.0,
        "unique_collisions": 0,
        "solid_lane_crosses": 0,
        "double_solid_lane_crosses": 0
    },
    {
        "game_time": 162.40034702699631,
        "vehicle_location": {
            "x": 37.80345153808594,
            "y": -127.91934967041016,
            "z": -0.007708396762609482
        },
        "vehicle_velocity": {
            "x": -1.368956930036802e-07,
            "y": 3.550260530005289e-08,
            "z": 9.918689465848729e-05
        },
        "vehicle_throttle": 0.0,
        "unique_collisions": 0,
        "solid_lane_crosses": 0,
        "double_solid_lane_crosses": 0
    },
    {
        "game_time": 163.46053699404,
        "vehicle_location": {
            "x": 37.80345153808594,
            "y": -127.91934967041016,
            "z": -0.007688216865062714
        },
        "vehicle_velocity": {
            "x": 5.739189745668227e-08,
            "y": 5.10436137801662e-08,
            "z": 7.376670509984251e-06
        },
        "vehicle_throttle": 0.0,
        "unique_collisions": 0,
        "solid_lane_crosses": 0,
        "double_solid_lane_crosses": 0
    },
    {
        "game_time": 164.46267578937113,
        "vehicle_location": {
            "x": 37.80345153808594,
            "y": -127.91934967041016,
            "z": -0.007751808036118746
        },
        "vehicle_velocity": {
            "x": -5.0427232167749025e-08,
            "y": 7.136750301839356e-09,
            "z": 5.810737638967112e-05
        },
        "vehicle_throttle": 0.0,
        "unique_collisions": 0,
        "solid_lane_crosses": 0,
        "double_solid_lane_crosses": 0
    },
    {
        "game_time": 165.52350780833513,
        "vehicle_location": {
            "x": 37.80345153808594,
            "y": -127.91934967041016,
            "z": -0.007736472878605127
        },
        "vehicle_velocity": {
            "x": 7.517763833675417e-08,
            "y": 6.933709073564387e-08,
            "z": 0.0004892682773061097
        },
        "vehicle_throttle": 0.0,
        "unique_collisions": 0,
        "solid_lane_crosses": 0,
        "double_solid_lane_crosses": 0
    },
    {
        "game_time": 166.54156915377825,
        "vehicle_location": {
            "x": 37.80345153808594,
            "y": -127.91934967041016,
            "z": -0.007675895467400551
        },
        "vehicle_velocity": {
            "x": -7.856215122892252e-10,
            "y": -7.104667965052158e-09,
            "z": 0.000287904724245891
        },
        "vehicle_throttle": 0.0,
        "unique_collisions": 0,
        "solid_lane_crosses": 0,
        "double_solid_lane_crosses": 0
    },
    {
        "game_time": 167.56581763271242,
        "vehicle_location": {
            "x": 37.80345153808594,
            "y": -127.91937255859375,
            "z": -0.00768497446551919
        },
        "vehicle_velocity": {
            "x": 0.000973981455899775,
            "y": -0.02601761929690838,
            "z": -0.00032020092476159334
        },
        "vehicle_throttle": 0.75,
        "unique_collisions": 0,
        "solid_lane_crosses": 0,
        "double_solid_lane_crosses": 0
    },
    {
        "game_time": 168.64781149290502,
        "vehicle_location": {
            "x": 37.84035873413086,
            "y": -128.97149658203125,
            "z": -0.009832648560404778
        },
        "vehicle_velocity": {
            "x": 0.07713133841753006,
            "y": -2.3003029823303223,
            "z": 0.0008017682703211904
        },
        "vehicle_throttle": 0.75,
        "unique_collisions": 0,
        "solid_lane_crosses": 0,
        "double_solid_lane_crosses": 0
    },
    {
        "game_time": 169.72257127705961,
        "vehicle_location": {
            "x": 37.99140930175781,
            "y": -132.6294708251953,
            "z": -0.009509658440947533
        },
        "vehicle_velocity": {
            "x": 0.4548538029193878,
            "y": -4.516048908233643,
            "z": 0.0004416990268509835
        },
        "vehicle_throttle": 0.75,
        "unique_collisions": 0,
        "solid_lane_crosses": 0,
        "double_solid_lane_crosses": 0
    },
    {
        "game_time": 170.7405102290213,
        "vehicle_location": {
            "x": 38.608524322509766,
            "y": -137.84756469726562,
            "z": -0.006025657523423433
        },
        "vehicle_velocity": {
            "x": 1.109571099281311,
            "y": -4.862802982330322,
            "z": -0.0059751844964921474
        },
        "vehicle_throttle": 0.75,
        "unique_collisions": 0,
        "solid_lane_crosses": 0,
        "double_solid_lane_crosses": 0
    },
    {
        "game_time": 171.79376913327724,
        "vehicle_location": {
            "x": 40.95526885986328,
            "y": -142.66358947753906,
            "z": -0.002723426790907979
        },
        "vehicle_velocity": {
            "x": 4.11749792098999,
            "y": -2.90986967086792,
            "z": 0.03366220369935036
        },
        "vehicle_throttle": 0.75,
        "unique_collisions": 0,
        "solid_lane_crosses": 0,
        "double_solid_lane_crosses": 0
    }
]