[
    {
        "game_time": 6.234151018317789,
        "vehicle_location": {
            "x": -142.9683837890625,
            "y": -89.7965087890625,
            "z": 0.021343613043427467
        },
        "vehicle_velocity": {
            "x": 2.6198718547821045,
            "y": -1.5306110382080078,
            "z": 0.1496938169002533
        },
        "vehicle_throttle": 0.75,
        "unique_collisions": 0,
        "solid_lane_crosses": 0,
        "double_solid_lane_crosses": 0
    },
    {
        "game_time": 7.257108431775123,
        "vehicle_location": {
            "x": -140.5311279296875,
            "y": -92.40625,
            "z": -0.010301131755113602
        },
        "vehicle_velocity": {
            "x": 1.9276422262191772,
            "y": -3.221906900405884,
            "z": -0.0945422351360321
        },
        "vehicle_throttle": 0.0,
        "unique_collisions": 1,
        "solid_lane_crosses": 0,
        "double_solid_lane_crosses": 0
    },
    {
        "game_time": 8.292357058729976,
        "vehicle_location": {
            "x": -137.69265747070312,
            "y": -94.84902954101562,
            "z": -0.002970733679831028
        },
        "vehicle_velocity": {
            "x": 3.9680471420288086,
            "y": -1.725495457649231,
            "z": -0.0024044036399573088
        },
        "vehicle_throttle": 0.75,
        "unique_collisions": 1,
        "solid_lane_crosses": 0,
        "double_solid_lane_crosses": 0
    },
    {
        "game_time": 9.360969381872565,
        "vehicle_location": {
            "x": -132.66481018066406,
            "y": -96.41958618164062,
            "z": -0.001341171213425696
        },
        "vehicle_velocity": {
            "x": 3.3798840045928955,
            "y": -0.704443633556366,
            "z": 0.0001395130093442276
        },
        "vehicle_throttle": 0.0,
        "unique_collisions": 1,
        "solid_lane_crosses": 1,
        "double_solid_lane_crosses": 0
    },
    {
        "game_time": 10.412564455065876,
        "vehicle_location": {
            "x": -129.3854522705078,
            "y": -96.94254302978516,
            "z": -0.002397155622020364
        },
        "vehicle_velocity": {
            "x": 3.4401214122772217,
            "y": -0.45025649666786194,
            "z": -3.3903121220646426e-05
        },
        "vehicle_throttle": 0.0,
        "unique_collisions": 1,
        "solid_lane_crosses": 1,
        "double_solid_lane_crosses": 0
    },
    {
        "game_time": 11.47953879320994,
        "vehicle_location": {
            "x": -125.40312194824219,
            "y": -97.34630584716797,
            "z": -0.0028746032621711493
        },
        "vehicle_velocity": {
            "x": 4.07153844833374,
            "y": -0.3783401548862457,
            "z": 0.000308990478515625
        },
        "vehicle_throttle": 0.75,
        "unique_collisions": 1,
        "solid_lane_crosses": 2,
        "double_solid_lane_crosses": 0
    },
    {
        "game_time": 12.570466997567564,
        "vehicle_location": {
            "x": -120.80078125,
            "y": -97.68258666992188,
            "z": -0.0038064573891460896
        },
        "vehicle_velocity": {
            "x": 4.918917179107666,
            "y": -0.320906400680542,
            "z": -0.00037567137042060494
        },
        "vehicle_throttle": 0.75,
        "unique_collisions": 1,
        "solid_lane_crosses": 2,
        "double_solid_lane_crosses": 0
    },
    {
        "game_time": 13.578118628356606,
        "vehicle_location": {
            "x": -115.6161117553711,
            "y": -97.95819854736328,
            "z": -0.0013516235630959272
        },
        "vehicle_velocity": {
            "x": 3.4659411907196045,
            "y": -0.13256950676441193,
            "z": 0.00028583526727743447
        },
        "vehicle_throttle": 0.0,
        "unique_collisions": 1,
        "solid_lane_crosses": 2,
        "double_solid_lane_crosses": 0
    },
    {
        "game_time": 14.628164863679558,
        "vehicle_location": {
            "x": -112.16854858398438,
            "y": -97.89522552490234,
            "z": -0.0032978057861328125
        },
        "vehicle_velocity": {
            "x": 4.3015875816345215,
            "y": 0.7571536898612976,
            "z": -8.37230691104196e-05
        },
        "vehicle_throttle": 0.0,
        "unique_collisions": 1,
        "solid_lane_crosses": 2,
        "double_solid_lane_crosses": 0
    },
    {
        "game_time": 15.696524180937558,
        "vehicle_location": {
            "x": -108.30382537841797,
            "y": -96.88522338867188,
            "z": -0.003790740855038166
        },
        "vehicle_velocity": {
            "x": 4.195542335510254,
            "y": 2.0730340480804443,
            "z": -0.0006935310084372759
        },
        "vehicle_throttle": 0.75,
        "unique_collisions": 1,
        "solid_lane_crosses": 2,
        "double_solid_lane_crosses": 0
    },
    {
        "game_time": 16.777895395178348,
        "vehicle_location": {
            "x": -105.00242614746094,
            "y": -94.03788757324219,
            "z": 0.00020019531075377017
        },
        "vehicle_velocity": {
            "x": 1.1832807064056396,
            "y": 1.7536449432373047,
            "z": -0.0008446788415312767
        },
        "vehicle_throttle": 0.0,
        "unique_collisions": 1,
        "solid_lane_crosses": 3,
        "double_solid_lane_crosses": 0
    },
    {
        "game_time": 17.862767689395696,
        "vehicle_location": {
            "x": -104.4845199584961,
            "y": -93.27732849121094,
            "z": 0.0006024932954460382
        },
        "vehicle_velocity": {
            "x": -0.003770170733332634,
            "y": 0.0071684070862829685,
            "z": -0.0006602862849831581
        },
        "vehicle_throttle": 0.0,
        "unique_collisions": 1,
        "solid_lane_crosses": 3,
        "double_solid_lane_crosses": 0
    },
    {
        "game_time": 18.96886606188491,
        "vehicle_location": {
            "x": -104.25096130371094,
            "y": -92.92243957519531,
            "z": 0.00039955138345248997
        },
        "vehicle_velocity": {
            "x": 0.0004085827386006713,
            "y": -0.0014601865550503135,
            "z": -3.984928844147362e-05
        },
        "vehicle_throttle": 0.0,
        "unique_collisions": 1,
        "solid_lane_crosses": 3,
        "double_solid_lane_crosses": 0
    },
    {
        "game_time": 20.051975826267153,
        "vehicle_location": {
            "x": -104.25090789794922,
            "y": -92.92237854003906,
            "z": 0.0004093933093827218
        },
        "vehicle_velocity": {
            "x": -7.6219344009587076e-06,
            "y": 1.6043427422118839e-06,
            "z": -0.0004200472612865269
        },
        "vehicle_throttle": 0.0,
        "unique_collisions": 1,
        "solid_lane_crosses": 3,
        "double_solid_lane_crosses": 0
    },
    {
        "game_time": 21.123818072024733,
        "vehicle_location": {
            "x": -104.20114135742188,
            "y": -92.84612274169922,
            "z": -0.00019088744011241943
        },
        "vehicle_velocity": {
            "x": 0.38856348395347595,
            "y": 0.6227862238883972,
            "z": 3.1166076951194555e-05
        },
        "vehicle_throttle": 0.75,
        "unique_collisions": 1,
        "solid_lane_crosses": 3,
        "double_solid_lane_crosses": 0
    },
    {
        "game_time": 22.170984676573426,
        "vehicle_location": {
            "x": -103.60896301269531,
            "y": -91.15171813964844,
            "z": -0.003256301861256361
        },
        "vehicle_velocity": {
            "x": 0.8046440482139587,
            "y": 3.0149104595184326,
            "z": -0.0009485244518145919
        },
        "vehicle_throttle": 0.0,
        "unique_collisions": 1,
        "solid_lane_crosses": 3,
        "double_solid_lane_crosses": 0
    },
    {
        "game_time": 23.217464128974825,
        "vehicle_location": {
            "x": -102.98392486572266,
            "y": -88.42478942871094,
            "z": -0.000476837158203125
        },
        "vehicle_velocity": {
            "x": 0.30232566595077515,
            "y": 2.015498161315918,
            "z": 0.0001556777860969305
        },
        "vehicle_throttle": 0.0,
        "unique_collisions": 1,
        "solid_lane_crosses": 3,
        "double_solid_lane_crosses": 0
    },
    {
        "game_time": 24.27878044778481,
        "vehicle_location": {
            "x": -102.84957122802734,
            "y": -87.55113983154297,
            "z": -0.0018992613768205047
        },
        "vehicle_velocity": {
            "x": -0.008623731322586536,
            "y": 0.005831914488226175,
            "z": 0.00020142554421909153
        },
        "vehicle_throttle": 0.0,
        "unique_collisions": 1,
        "solid_lane_crosses": 3,
        "double_solid_lane_crosses": 0
    },
    {
        "game_time": 25.29278171667829,
        "vehicle_location": {
            "x": -102.83416748046875,
            "y": -87.39982604980469,
            "z": -0.0026660156436264515
        },
        "vehicle_velocity": {
            "x": 0.02719045802950859,
            "y": 0.38185274600982666,
            "z": 8.321761561091989e-05
        },
        "vehicle_throttle": 0.75,
        "unique_collisions": 1,
        "solid_lane_crosses": 3,
        "double_solid_lane_crosses": 0
    },
    {
        "game_time": 26.34708307730034,
        "vehicle_location": {
            "x": -102.6839828491211,
            "y": -85.92069244384766,
            "z": -0.0009923552861437201
        },
        "vehicle_velocity": {
            "x": -0.0010549825383350253,
            "y": 0.0005470379255712032,
            "z": 0.00034533976577222347
        },
        "vehicle_throttle": 0.0,
        "unique_collisions": 1,
        "solid_lane_crosses": 3,
        "double_solid_lane_crosses": 0
    },
    {
        "game_time": 27.361767979804426,
        "vehicle_location": {
            "x": -102.6838150024414,
            "y": -85.91857147216797,
            "z": -0.0025673673953861
        },
        "vehicle_velocity": {
            "x": -9.496523034613347e-08,
            "y": -1.4676412547487416e-06,
            "z": 1.8625258235260844e-05
        },
        "vehicle_throttle": 0.0,
        "unique_collisions": 1,
        "solid_lane_crosses": 3,
        "double_solid_lane_crosses": 0
    },
    {
        "game_time": 28.402667293790728,
        "vehicle_location": {
            "x": -102.6838150024414,
            "y": -85.91856384277344,
            "z": -0.0025911713019013405
        },
        "vehicle_velocity": {
            "x": -2.5115567403588557e-09,
            "y": -3.7856715096040716e-08,
            "z": -0.0002652454422786832
        },
        "vehicle_throttle": 0.0,
        "unique_collisions": 1,
        "solid_lane_crosses": 3,
        "double_solid_lane_crosses": 0
    },
    {
        "game_time": 29.465563367586583,
        "vehicle_location": {
            "x": -102.61390686035156,
            "y": -84.88845825195312,
            "z": -0.0016384124755859375
        },
        "vehicle_velocity": {
            "x": 0.04416818171739578,
            "y": 0.9532950520515442,
            "z": -0.0003444099274929613
        },
        "vehicle_throttle": 0.0,
        "unique_collisions": 1,
        "solid_lane_crosses": 3,
        "double_solid_lane_crosses": 0
    },
    {
        "game_time": 30.51084418548271,
        "vehicle_location": {
            "x": -102.58257293701172,
            "y": -84.34345245361328,
            "z": -0.0032259367872029543
        },
        "vehicle_velocity": {
            "x": 0.04782198742032051,
            "y": 0.9505192637443542,
            "z": -0.00013083458179607987
        },
        "vehicle_throttle": 0.0,
        "unique_collisions": 1,
        "solid_lane_crosses": 3,
        "double_solid_lane_crosses": 0
    },
    {
        "game_time": 31.549191602971405,
        "vehicle_location": {
            "x": -102.56714630126953,
            "y": -84.07906341552734,
            "z": -0.0023681640159338713
        },
        "vehicle_velocity": {
            "x": -0.00016865898214746267,
            "y": 0.000310682225972414,
            "z": 0.00020301817858126014
        },
        "vehicle_throttle": 0.0,
        "unique_collisions": 1,
        "solid_lane_crosses": 3,
        "double_solid_lane_crosses": 0
    },
    {
        "game_time": 32.56517872912809,
        "vehicle_location": {
            "x": -102.5621566772461,
            "y": -83.9943618774414,
            "z": -0.0025447080843150616
        },
        "vehicle_velocity": {
            "x": 0.002516192151233554,
            "y": 0.04726647585630417,
            "z": -0.0003101348702330142
        },
        "vehicle_throttle": 0.75,
        "unique_collisions": 1,
        "solid_lane_crosses": 3,
        "double_solid_lane_crosses": 0
    },
    {
        "game_time": 33.64307632530108,
        "vehicle_location": {
            "x": -102.55976104736328,
            "y": -83.95430755615234,
            "z": -0.0025470734108239412
        },
        "vehicle_velocity": {
            "x": 1.120805518439738e-05,
            "y": -2.58327472693054e-05,
            "z": -5.435943421616685e-06
        },
        "vehicle_throttle": 0.0,
        "unique_collisions": 1,
        "solid_lane_crosses": 3,
        "double_solid_lane_crosses": 0
    },
    {
        "game_time": 34.71162143768743,
        "vehicle_location": {
            "x": -102.55976104736328,
            "y": -83.95423889160156,
            "z": -0.0026242064777761698
        },
        "vehicle_velocity": {
            "x": 1.3810199650521326e-09,
            "y": -2.1284843398916564e-07,
            "z": 0.0003660965012386441
        },
        "vehicle_throttle": 0.0,
        "unique_collisions": 1,
        "solid_lane_crosses": 3,
        "double_solid_lane_crosses": 0
    },
    {
        "game_time": 35.761093978304416,
        "vehicle_location": {
            "x": -102.55976104736328,
            "y": -83.95423889160156,
            "z": -0.002565536415204406
        },
        "vehicle_velocity": {
            "x": 1.0499977554090378e-09,
            "y": -2.7899098586914306e-09,
            "z": -0.00015041351434774697
        },
        "vehicle_throttle": 0.0,
        "unique_collisions": 1,
        "solid_lane_crosses": 3,
        "double_solid_lane_crosses": 0
    },
    {
        "game_time": 36.807100747246295,
        "vehicle_location": {
            "x": -102.55056762695312,
            "y": -83.78935241699219,
            "z": -0.0033243559300899506
        },
        "vehicle_velocity": {
            "x": 0.05033310875296593,
            "y": 0.9777315258979797,
            "z": -0.00032731055398471653
        },
        "vehicle_throttle": 0.75,
        "unique_collisions": 1,
        "solid_lane_crosses": 3,
        "double_solid_lane_crosses": 0
    },
    {
        "game_time": 37.81695353752002,
        "vehicle_location": {
            "x": -102.46756744384766,
            "y": -80.9821548461914,
            "z": -0.0015645598759874701
        },
        "vehicle_velocity": {
            "x": 0.057581882923841476,
            "y": 2.697765827178955,
            "z": -0.0002207374491263181
        },
        "vehicle_throttle": 0.0,
        "unique_collisions": 1,
        "solid_lane_crosses": 3,
        "double_solid_lane_crosses": 0
    },
    {
        "game_time": 38.82186436606571,
        "vehicle_location": {
            "x": -102.42736053466797,
            "y": -78.06394958496094,
            "z": -0.0030735016334801912
        },
        "vehicle_velocity": {
            "x": 0.030388638377189636,
            "y": 3.684685468673706,
            "z": 0.0002733373548835516
        },
        "vehicle_throttle": 0.75,
        "unique_collisions": 1,
        "solid_lane_crosses": 3,
        "double_solid_lane_crosses": 0
    },
    {
        "game_time": 39.82725017471239,
        "vehicle_location": {
            "x": -102.39056396484375,
            "y": -74.38910675048828,
            "z": -0.003135757287964225
        },
        "vehicle_velocity": {
            "x": 0.1676054745912552,
            "y": 4.068125247955322,
            "z": 0.0003850746143143624
        },
        "vehicle_throttle": 0.0,
        "unique_collisions": 1,
        "solid_lane_crosses": 3,
        "double_solid_lane_crosses": 0
    },
    {
        "game_time": 40.82981176348403,
        "vehicle_location": {
            "x": -102.03057098388672,
            "y": -70.34076690673828,
            "z": -0.003415069542825222
        },
        "vehicle_velocity": {
            "x": 1.2037423849105835,
            "y": 5.059906005859375,
            "z": 0.0013604974374175072
        },
        "vehicle_throttle": 0.75,
        "unique_collisions": 1,
        "solid_lane_crosses": 3,
        "double_solid_lane_crosses": 0
    },
    {
        "game_time": 41.85418706992641,
        "vehicle_location": {
            "x": -99.3185806274414,
            "y": -65.69622039794922,
            "z": -0.0021487425547093153
        },
        "vehicle_velocity": {
            "x": 3.763611316680908,
            "y": 3.1302449703216553,
            "z": -0.0012383460998535156
        },
        "vehicle_throttle": 0.0,
        "unique_collisions": 1,
        "solid_lane_crosses": 3,
        "double_solid_lane_crosses": 0
    },
    {
        "game_time": 42.87249394739047,
        "vehicle_location": {
            "x": -95.49625396728516,
            "y": -63.47035598754883,
            "z": -0.0021574401762336493
        },
        "vehicle_velocity": {
            "x": 4.393200397491455,
            "y": 0.909600555896759,
            "z": 0.0007410097168758512
        },
        "vehicle_throttle": 0.0,
        "unique_collisions": 1,
        "solid_lane_crosses": 3,
        "double_solid_lane_crosses": 0
    },
    {
        "game_time": 43.96075573051348,
        "vehicle_location": {
            "x": -91.68326568603516,
            "y": -62.67205810546875,
            "z": -0.0013224792201071978
        },
        "vehicle_velocity": {
            "x": 2.374912738800049,
            "y": 0.317987322807312,
            "z": 0.0002815771149471402
        },
        "vehicle_throttle": 0.0,
        "unique_collisions": 1,
        "solid_lane_crosses": 3,
        "double_solid_lane_crosses": 0
    },
    {
        "game_time": 45.05443586083129,
        "vehicle_location": {
            "x": -88.76507568359375,
            "y": -62.32299041748047,
            "z": -0.0027511597145348787
        },
        "vehicle_velocity": {
            "x": 3.5519332885742188,
            "y": 0.2976997196674347,
            "z": 0.00012058257561875507
        },
        "vehicle_throttle": 0.75,
        "unique_collisions": 1,
        "solid_lane_crosses": 3,
        "double_solid_lane_crosses": 0
    },
    {
        "game_time": 46.066342879552394,
        "vehicle_location": {
            "x": -84.99237060546875,
            "y": -62.13751983642578,
            "z": -0.003330077975988388
        },
        "vehicle_velocity": {
            "x": 4.448611736297607,
            "y": 4.486110992729664e-05,
            "z": -0.00016299248090945184
        },
        "vehicle_throttle": 0.0,
        "unique_collisions": 1,
        "solid_lane_crosses": 3,
        "double_solid_lane_crosses": 0
    },
    {
        "game_time": 47.07879645796493,
        "vehicle_location": {
            "x": -80.99073791503906,
            "y": -62.070106506347656,
            "z": -0.0018225860549136996
        },
        "vehicle_velocity": {
            "x": 3.670041084289551,
            "y": 0.03269515186548233,
            "z": 0.0002397060306975618
        },
        "vehicle_throttle": 0.75,
        "unique_collisions": 1,
        "solid_lane_crosses": 3,
        "double_solid_lane_crosses": 0
    },
    {
        "game_time": 48.13786805840209,
        "vehicle_location": {
            "x": -76.6908950805664,
            "y": -62.06200408935547,
            "z": -0.0030743407551199198
        },
        "vehicle_velocity": {
            "x": 4.278748512268066,
            "y": -0.0376426987349987,
            "z": 0.0003085804055444896
        },
        "vehicle_throttle": 0.75,
        "unique_collisions": 1,
        "solid_lane_crosses": 3,
        "double_solid_lane_crosses": 0
    },
    {
        "game_time": 49.15485905343667,
        "vehicle_location": {
            "x": -72.35615539550781,
            "y": -62.079803466796875,
            "z": -0.002012710552662611
        },
        "vehicle_velocity": {
            "x": 3.8530073165893555,
            "y": -0.019818395376205444,
            "z": -0.000781316717620939
        },
        "vehicle_throttle": 0.0,
        "unique_collisions": 1,
        "solid_lane_crosses": 3,
        "double_solid_lane_crosses": 0
    },
    {
        "game_time": 50.15893893549219,
        "vehicle_location": {
            "x": -68.32803344726562,
            "y": -62.10707473754883,
            "z": -0.0029267119243741035
        },
        "vehicle_velocity": {
            "x": 4.395504951477051,
            "y": -0.03393004462122917,
            "z": 0.00018627165991347283
        },
        "vehicle_throttle": 0.75,
        "unique_collisions": 1,
        "solid_lane_crosses": 3,
        "double_solid_lane_crosses": 0
    },
    {
        "game_time": 51.16276218229905,
        "vehicle_location": {
            "x": -64.13349151611328,
            "y": -62.140907287597656,
            "z": -0.0026367187965661287
        },
        "vehicle_velocity": {
            "x": 4.035030841827393,
            "y": -0.033283691853284836,
            "z": 0.00011404990800656378
        },
        "vehicle_throttle": 0.0,
        "unique_collisions": 1,
        "solid_lane_crosses": 3,
        "double_solid_lane_crosses": 0
    },
    {
        "game_time": 52.22440348053351,
        "vehicle_location": {
            "x": -59.76908874511719,
            "y": -62.178768157958984,
            "z": -0.003083801129832864
        },
        "vehicle_velocity": {
            "x": 4.306344032287598,
            "y": -0.037771694362163544,
            "z": -0.00035139083047397435
        },
        "vehicle_throttle": 0.0,
        "unique_collisions": 1,
        "solid_lane_crosses": 3,
        "double_solid_lane_crosses": 0
    },
    {
        "game_time": 53.29803268099204,
        "vehicle_location": {
            "x": -55.37644958496094,
            "y": -62.21829605102539,
            "z": -0.001805267296731472
        },
        "vehicle_velocity": {
            "x": 3.6491611003875732,
            "y": -0.03312225639820099,
            "z": 0.00011669158993754536
        },
        "vehicle_throttle": 0.75,
        "unique_collisions": 1,
        "solid_lane_crosses": 3,
        "double_solid_lane_crosses": 0
    },
    {
        "game_time": 54.377798911649734,
        "vehicle_location": {
            "x": -50.80498123168945,
            "y": -62.2601203918457,
            "z": -0.0032687378115952015
        },
        "vehicle_velocity": {
            "x": 4.600574016571045,
            "y": -0.04257304593920708,
            "z": 0.0002915191580541432
        },
        "vehicle_throttle": 0.0,
        "unique_collisions": 1,
        "solid_lane_crosses": 3,
        "double_solid_lane_crosses": 0
    },
    {
        "game_time": 55.39594117226079,
        "vehicle_location": {
            "x": -46.63801193237305,
            "y": -62.298519134521484,
            "z": -0.00162162771448493
        },
        "vehicle_velocity": {
            "x": 3.5923948287963867,
            "y": -0.033182524144649506,
            "z": 0.00031002520699985325
        },
        "vehicle_throttle": 0.75,
        "unique_collisions": 1,
        "solid_lane_crosses": 3,
        "double_solid_lane_crosses": 0
    },
    {
        "game_time": 56.43024255009368,
        "vehicle_location": {
            "x": -42.32857894897461,
            "y": -62.338348388671875,
            "z": -0.0029404449742287397
        },
        "vehicle_velocity": {
            "x": 4.278896331787109,
            "y": -0.03959724307060242,
            "z": -0.0004245376621838659
        },
        "vehicle_throttle": 0.0,
        "unique_collisions": 1,
        "solid_lane_crosses": 3,
        "double_solid_lane_crosses": 0
    },
    {
        "game_time": 57.47721232147887,
        "vehicle_location": {
            "x": -37.9187126159668,
            "y": -62.37920379638672,
            "z": -0.001954650739207864
        },
        "vehicle_velocity": {
            "x": 3.911837577819824,
            "y": -0.03623044490814209,
            "z": -0.0003077983856201172
        },
        "vehicle_throttle": 0.75,
        "unique_collisions": 1,
        "solid_lane_crosses": 3,
        "double_solid_lane_crosses": 0
    },
    {
        "game_time": 58.48264230461791,
        "vehicle_location": {
            "x": -33.91139221191406,
            "y": -62.41633224487305,
            "z": -0.003082351526245475
        },
        "vehicle_velocity": {
            "x": 3.917757272720337,
            "y": -0.03630784526467323,
            "z": 0.0002476978115737438
        },
        "vehicle_throttle": 0.0,
        "unique_collisions": 1,
        "solid_lane_crosses": 3,
        "double_solid_lane_crosses": 0
    },
    {
        "game_time": 59.48356924159452,
        "vehicle_location": {
            "x": -30.672924041748047,
            "y": -62.44634246826172,
            "z": -0.0013516235630959272
        },
        "vehicle_velocity": {
            "x": 1.9951826333999634,
            "y": -0.018494999036192894,
            "z": 0.00044383524800650775
        },
        "vehicle_throttle": 0.75,
        "unique_collisions": 1,
        "solid_lane_crosses": 3,
        "double_solid_lane_crosses": 0
    },
    {
        "game_time": 60.536465528886765,
        "vehicle_location": {
            "x": -29.170759201049805,
            "y": -62.46025085449219,
            "z": -0.002561721717938781
        },
        "vehicle_velocity": {
            "x": 1.173272728919983,
            "y": -0.01087366882711649,
            "z": 0.000387568463338539
        },
        "vehicle_throttle": 0.75,
        "unique_collisions": 1,
        "solid_lane_crosses": 3,
        "double_solid_lane_crosses": 0
    },
    {
        "game_time": 61.58286345237866,
        "vehicle_location": {
            "x": -28.65317726135254,
            "y": -62.4649772644043,
            "z": -0.0026765442453324795
        },
        "vehicle_velocity": {
            "x": 0.03788779303431511,
            "y": -0.00032041181111708283,
            "z": 0.0003813648072537035
        },
        "vehicle_throttle": 0.75,
        "unique_collisions": 1,
        "solid_lane_crosses": 3,
        "double_solid_lane_crosses": 0
    },
    {
        "game_time": 62.60603704908863,
        "vehicle_location": {
            "x": -28.598756790161133,
            "y": -62.46528244018555,
            "z": -0.002540969755500555
        },
        "vehicle_velocity": {
            "x": -6.455164111685008e-05,
            "y": -1.194596052300767e-06,
            "z": -0.0002363014209549874
        },
        "vehicle_throttle": 0.0,
        "unique_collisions": 1,
        "solid_lane_crosses": 3,
        "double_solid_lane_crosses": 0
    },
    {
        "game_time": 63.62292729830369,
        "vehicle_location": {
            "x": -28.59874153137207,
            "y": -62.46528244018555,
            "z": -0.0025566862896084785
        },
        "vehicle_velocity": {
            "x": 9.566635483793107e-09,
            "y": 2.244513686022742e-09,
            "z": -0.0005216026329435408
        },
        "vehicle_throttle": 0.75,
        "unique_collisions": 1,
        "solid_lane_crosses": 3,
        "double_solid_lane_crosses": 0
    },
    {
        "game_time": 64.65956149669364,
        "vehicle_location": {
            "x": -27.599252700805664,
            "y": -62.47455978393555,
            "z": -0.003129577497020364
        },
        "vehicle_velocity": {
            "x": 1.9005404710769653,
            "y": -0.017605051398277283,
            "z": 8.235931454692036e-05
        },
        "vehicle_throttle": 0.0,
        "unique_collisions": 1,
        "solid_lane_crosses": 3,
        "double_solid_lane_crosses": 0
    },
    {
        "game_time": 65.74256713083014,
        "vehicle_location": {
            "x": -25.224306106567383,
            "y": -62.49665832519531,
            "z": -0.0018662262009456754
        },
        "vehicle_velocity": {
            "x": 1.4613677263259888,
            "y": -0.013567814603447914,
            "z": -0.0004248142067808658
        },
        "vehicle_throttle": 0.0,
        "unique_collisions": 1,
        "solid_lane_crosses": 3,
        "double_solid_lane_crosses": 0
    },
    {
        "game_time": 66.74306426336989,
        "vehicle_location": {
            "x": -24.18194580078125,
            "y": -62.50638198852539,
            "z": -0.002187881385907531
        },
        "vehicle_velocity": {
            "x": 0.003887510159984231,
            "y": -3.134091821266338e-05,
            "z": -0.00039506435859948397
        },
        "vehicle_throttle": 0.0,
        "unique_collisions": 1,
        "solid_lane_crosses": 3,
        "double_solid_lane_crosses": 0
    },
    {
        "game_time": 67.7523926529102,
        "vehicle_location": {
            "x": -23.891847610473633,
            "y": -62.5088005065918,
            "z": -0.0029116058722138405
        },
        "vehicle_velocity": {
            "x": 0.204694926738739,
            "y": -0.001819812459871173,
            "z": 0.00045608042273670435
        },
        "vehicle_throttle": 0.0,
        "unique_collisions": 1,
        "solid_lane_crosses": 3,
        "double_solid_lane_crosses": 0
    },
    {
        "game_time": 68.762205213774,
        "vehicle_location": {
            "x": -23.73814582824707,
            "y": -62.51021194458008,
            "z": -0.0026567839086055756
        },
        "vehicle_velocity": {
            "x": 0.18239757418632507,
            "y": -0.0019344844622537494,
            "z": -0.0005879402160644531
        },
        "vehicle_throttle": 0.0,
        "unique_collisions": 1,
        "solid_lane_crosses": 3,
        "double_solid_lane_crosses": 0
    },
    {
        "game_time": 69.78920938679948,
        "vehicle_location": {
            "x": -23.708099365234375,
            "y": -62.510501861572266,
            "z": -0.0025005340576171875
        },
        "vehicle_velocity": {
            "x": 0.025094017386436462,
            "y": -0.00023190371575765312,
            "z": 0.00038763045449741185
        },
        "vehicle_throttle": 0.75,
        "unique_collisions": 1,
        "solid_lane_crosses": 3,
        "double_solid_lane_crosses": 0
    },
    {
        "game_time": 70.80988566018641,
        "vehicle_location": {
            "x": -23.577274322509766,
            "y": -62.51158905029297,
            "z": -0.0027558135334402323
        },
        "vehicle_velocity": {
            "x": 0.5756946206092834,
            "y": -0.005096829496324062,
            "z": 0.0006783818826079369
        },
        "vehicle_throttle": 0.75,
        "unique_collisions": 1,
        "solid_lane_crosses": 3,
        "double_solid_lane_crosses": 0
    },
    {
        "game_time": 71.80998808983713,
        "vehicle_location": {
            "x": -21.221426010131836,
            "y": -62.533607482910156,
            "z": -0.0020563506986945868
        },
        "vehicle_velocity": {
            "x": 2.816704034805298,
            "y": -0.026148507371544838,
            "z": -0.0002956390380859375
        },
        "vehicle_throttle": 0.75,
        "unique_collisions": 1,
        "solid_lane_crosses": 3,
        "double_solid_lane_crosses": 0
    },
    {
        "game_time": 72.8378836675547,
        "vehicle_location": {
            "x": -16.743000030517578,
            "y": -62.55754852294922,
            "z": -0.001464309636503458
        },
        "vehicle_velocity": {
            "x": 4.079812526702881,
            "y": 0.05763823539018631,
            "z": -0.0006645202520303428
        },
        "vehicle_throttle": 0.0,
        "unique_collisions": 1,
        "solid_lane_crosses": 3,
        "double_solid_lane_crosses": 0
    },
    {
        "game_time": 73.84349815733731,
        "vehicle_location": {
            "x": -13.49085807800293,
            "y": -62.38792037963867,
            "z": -0.003819274716079235
        },
        "vehicle_velocity": {
            "x": 4.263119697570801,
            "y": 0.8587660193443298,
            "z": -0.0008065605070441961
        },
        "vehicle_throttle": 0.0,
        "unique_collisions": 1,
        "solid_lane_crosses": 3,
        "double_solid_lane_crosses": 0
    },
    {
        "game_time": 74.87924243276939,
        "vehicle_location": {
            "x": -9.799848556518555,
            "y": -61.0737190246582,
            "z": -0.003640212817117572
        },
        "vehicle_velocity": {
            "x": 3.935631513595581,
            "y": 2.9501543045043945,
            "z": -0.0006408977205865085
        },
        "vehicle_throttle": 0.75,
        "unique_collisions": 1,
        "solid_lane_crosses": 3,
        "double_solid_lane_crosses": 0
    },
    {
        "game_time": 75.92870211368427,
        "vehicle_location": {
            "x": -6.86466121673584,
            "y": -56.70119094848633,
            "z": 0.012020339258015156
        },
        "vehicle_velocity": {
            "x": 1.4831817150115967,
            "y": 4.115384101867676,
            "z": 0.1110449880361557
        },
        "vehicle_throttle": 0.75,
        "unique_collisions": 1,
        "solid_lane_crosses": 3,
        "double_solid_lane_crosses": 0
    },
    {
        "game_time": 76.99351756600663,
        "vehicle_location": {
            "x": -5.878149509429932,
            "y": -53.00603485107422,
            "z": -0.005527343600988388
        },
        "vehicle_velocity": {
            "x": 0.22109048068523407,
            "y": 1.765010952949524,
            "z": 0.01999402977526188
        },
        "vehicle_throttle": 0.75,
        "unique_collisions": 1,
        "solid_lane_crosses": 3,
        "double_solid_lane_crosses": 0
    },
    {
        "game_time": 78.06419284408912,
        "vehicle_location": {
            "x": -5.500264644622803,
            "y": -49.75925827026367,
            "z": -0.003265456994995475
        },
        "vehicle_velocity": {
            "x": 0.16306830942630768,
            "y": 4.017138957977295,
            "z": 0.0006594323785975575
        },
        "vehicle_throttle": 0.0,
        "unique_collisions": 1,
        "solid_lane_crosses": 3,
        "double_solid_lane_crosses": 0
    },
    {
        "game_time": 79.11473808204755,
        "vehicle_location": {
            "x": -5.29728889465332,
            "y": -45.82392501831055,
            "z": -0.0018766784342005849
        },
        "vehicle_velocity": {
            "x": 0.12836657464504242,
            "y": 3.571789264678955,
            "z": 8.710384281584993e-05
        },
        "vehicle_throttle": 0.75,
        "unique_collisions": 1,
        "solid_lane_crosses": 4,
        "double_solid_lane_crosses": 0
    },
    {
        "game_time": 80.1730037801899,
        "vehicle_location": {
            "x": -5.228837966918945,
            "y": -41.58676528930664,
            "z": -0.0035461424849927425
        },
        "vehicle_velocity": {
            "x": 0.023583680391311646,
            "y": 4.53995943069458,
            "z": -0.0001927471166709438
        },
        "vehicle_throttle": 0.0,
        "unique_collisions": 1,
        "solid_lane_crosses": 4,
        "double_solid_lane_crosses": 0
    },
    {
        "game_time": 81.23014464275911,
        "vehicle_location": {
            "x": -5.2117180824279785,
            "y": -37.56191635131836,
            "z": -0.0017470549792051315
        },
        "vehicle_velocity": {
            "x": -0.0048519279807806015,
            "y": 3.1493208408355713,
            "z": 0.00021007060422562063
        },
        "vehicle_throttle": 0.75,
        "unique_collisions": 1,
        "solid_lane_crosses": 4,
        "double_solid_lane_crosses": 0
    },
    {
        "game_time": 82.2454613042064,
        "vehicle_location": {
            "x": -5.217784881591797,
            "y": -34.40031814575195,
            "z": -0.0012743377592414618
        },
        "vehicle_velocity": {
            "x": -0.005656172521412373,
            "y": 1.5974483489990234,
            "z": 0.00033853529021143913
        },
        "vehicle_throttle": 0.0,
        "unique_collisions": 1,
        "solid_lane_crosses": 4,
        "double_solid_lane_crosses": 0
    },
    {
        "game_time": 83.27829918311909,
        "vehicle_location": {
            "x": -5.221214294433594,
            "y": -33.346923828125,
            "z": -0.0018437193939462304
        },
        "vehicle_velocity": {
            "x": -7.857468153815717e-05,
            "y": 0.002656143857166171,
            "z": 0.00018515108968131244
        },
        "vehicle_throttle": 0.75,
        "unique_collisions": 1,
        "solid_lane_crosses": 4,
        "double_solid_lane_crosses": 0
    },
    {
        "game_time": 84.31159436749294,
        "vehicle_location": {
            "x": -5.222469329833984,
            "y": -33.044490814208984,
            "z": -0.0026011657901108265
        },
        "vehicle_velocity": {
            "x": -4.832820559386164e-05,
            "y": 0.0008761519566178322,
            "z": 0.0001732540113152936
        },
        "vehicle_throttle": 0.0,
        "unique_collisions": 1,
        "solid_lane_crosses": 4,
        "double_solid_lane_crosses": 0
    },
    {
        "game_time": 85.34583572624251,
        "vehicle_location": {
            "x": -5.223198890686035,
            "y": -32.87157440185547,
            "z": -0.0026133726350963116
        },
        "vehicle_velocity": {
            "x": -0.0010927988914772868,
            "y": 0.3144901990890503,
            "z": 0.0002069854672299698
        },
        "vehicle_throttle": 0.75,
        "unique_collisions": 1,
        "solid_lane_crosses": 4,
        "double_solid_lane_crosses": 0
    },
    {
        "game_time": 86.39700293773785,
        "vehicle_location": {
            "x": -5.223484516143799,
            "y": -32.8179931640625,
            "z": -0.0025405120104551315
        },
        "vehicle_velocity": {
            "x": -8.451495887129568e-06,
            "y": 0.00020264476188458502,
            "z": 0.0003341722476761788
        },
        "vehicle_throttle": 0.0,
        "unique_collisions": 1,
        "solid_lane_crosses": 4,
        "double_solid_lane_crosses": 0
    },
    {
        "game_time": 87.4375393516384,
        "vehicle_location": {
            "x": -5.223483562469482,
            "y": -32.818023681640625,
            "z": -0.0025522613432258368
        },
        "vehicle_velocity": {
            "x": 1.0376281167623347e-08,
            "y": 6.308362117124489e-07,
            "z": 0.00046694278717041016
        },
        "vehicle_throttle": 0.0,
        "unique_collisions": 1,
        "solid_lane_crosses": 4,
        "double_solid_lane_crosses": 0
    },
    {
        "game_time": 88.45828843535855,
        "vehicle_location": {
            "x": -5.223483562469482,
            "y": -32.818023681640625,
            "z": -0.002546234056353569
        },
        "vehicle_velocity": {
            "x": 1.847711761371329e-09,
            "y": 2.676375387977714e-08,
            "z": -7.704734889557585e-05
        },
        "vehicle_throttle": 0.0,
        "unique_collisions": 1,
        "solid_lane_crosses": 4,
        "double_solid_lane_crosses": 0
    },
    {
        "game_time": 89.46450460748747,
        "vehicle_location": {
            "x": -5.223483562469482,
            "y": -32.818023681640625,
            "z": -0.0025686644949018955
        },
        "vehicle_velocity": {
            "x": 1.3159748846192088e-08,
            "y": 1.476567490499292e-08,
            "z": -0.0004128837608732283
        },
        "vehicle_throttle": 0.0,
        "unique_collisions": 1,
        "solid_lane_crosses": 4,
        "double_solid_lane_crosses": 0
    },
    {
        "game_time": 90.48280414985493,
        "vehicle_location": {
            "x": -5.223483562469482,
            "y": -32.818023681640625,
            "z": -0.002597656100988388
        },
        "vehicle_velocity": {
            "x": -2.625743356077237e-08,
            "y": 1.2809205252040101e-08,
            "z": 9.326934377895668e-05
        },
        "vehicle_throttle": 0.0,
        "unique_collisions": 1,
        "solid_lane_crosses": 4,
        "double_solid_lane_crosses": 0
    },
    {
        "game_time": 91.50384791428223,
        "vehicle_location": {
            "x": -5.223483562469482,
            "y": -32.818023681640625,
            "z": -0.002615966834127903
        },
        "vehicle_velocity": {
            "x": 4.549278287413472e-09,
            "y": -7.732029239093663e-09,
            "z": 0.000623784027993679
        },
        "vehicle_throttle": 0.0,
        "unique_collisions": 1,
        "solid_lane_crosses": 4,
        "double_solid_lane_crosses": 0
    },
    {
        "game_time": 92.53558115800843,
        "vehicle_location": {
            "x": -5.223483562469482,
            "y": -32.818023681640625,
            "z": -0.0025289154145866632
        },
        "vehicle_velocity": {
            "x": 8.709572507648033e-10,
            "y": -3.5142483367778254e-10,
            "z": 2.8114318411098793e-05
        },
        "vehicle_throttle": 0.0,
        "unique_collisions": 1,
        "solid_lane_crosses": 4,
        "double_solid_lane_crosses": 0
    },
    {
        "game_time": 93.55138810677454,
        "vehicle_location": {
            "x": -5.223483562469482,
            "y": -32.818023681640625,
            "z": -0.002505416749045253
        },
        "vehicle_velocity": {
            "x": 1.1997085103132576e-08,
            "y": -5.873821429247528e-09,
            "z": -0.0010752677917480469
        },
        "vehicle_throttle": 0.0,
        "unique_collisions": 1,
        "solid_lane_crosses": 4,
        "double_solid_lane_crosses": 0
    },
    {
        "game_time": 94.5538018210791,
        "vehicle_location": {
            "x": -5.223483562469482,
            "y": -32.818023681640625,
            "z": -0.0025788878556340933
        },
        "vehicle_velocity": {
            "x": 2.8703933674378845e-10,
            "y": 1.7879132896414518e-10,
            "z": 2.95114514301531e-05
        },
        "vehicle_throttle": 0.0,
        "unique_collisions": 1,
        "solid_lane_crosses": 4,
        "double_solid_lane_crosses": 0
    },
    {
        "game_time": 95.56247966410592,
        "vehicle_location": {
            "x": -5.223483562469482,
            "y": -32.818023681640625,
            "z": -0.0025308988988399506
        },
        "vehicle_velocity": {
            "x": -2.6720490708953548e-08,
            "y": 5.198022456909257e-09,
            "z": 0.0006869840435683727
        },
        "vehicle_throttle": 0.0,
        "unique_collisions": 1,
        "solid_lane_crosses": 4,
        "double_solid_lane_crosses": 0
    },
    {
        "game_time": 96.58826457103714,
        "vehicle_location": {
            "x": -5.223483562469482,
            "y": -32.818023681640625,
            "z": -0.0025283813010901213
        },
        "vehicle_velocity": {
            "x": 2.2243773489805108e-09,
            "y": 1.9262841988165746e-08,
            "z": 0.00033650873228907585
        },
        "vehicle_throttle": 0.0,
        "unique_collisions": 1,
        "solid_lane_crosses": 4,
        "double_solid_lane_crosses": 0
    },
    {
        "game_time": 97.60585218900815,
        "vehicle_location": {
            "x": -5.223483562469482,
            "y": -32.818023681640625,
            "z": -0.002506256103515625
        },
        "vehicle_velocity": {
            "x": 2.0543366119341044e-08,
            "y": -9.273421142097504e-09,
            "z": 0.0005690669640898705
        },
        "vehicle_throttle": 0.0,
        "unique_collisions": 1,
        "solid_lane_crosses": 4,
        "double_solid_lane_crosses": 0
    },
    {
        "game_time": 98.66069257073104,
        "vehicle_location": {
            "x": -5.223483562469482,
            "y": -32.818023681640625,
            "z": -0.0025833891704678535
        },
        "vehicle_velocity": {
            "x": 1.135984972755466e-09,
            "y": -8.197202028270567e-09,
            "z": -0.000943574879784137
        },
        "vehicle_throttle": 0.0,
        "unique_collisions": 1,
        "solid_lane_crosses": 4,
        "double_solid_lane_crosses": 0
    },
    {
        "game_time": 99.69323746440932,
        "vehicle_location": {
            "x": -5.223483562469482,
            "y": -32.818023681640625,
            "z": -0.002604370005428791
        },
        "vehicle_velocity": {
            "x": 1.110177283436542e-08,
            "y": -7.097086029972388e-09,
            "z": 0.0006429195054806769
        },
        "vehicle_throttle": 0.0,
        "unique_collisions": 1,
        "solid_lane_crosses": 4,
        "double_solid_lane_crosses": 0
    },
    {
        "game_time": 100.73283089883626,
        "vehicle_location": {
            "x": -5.223483562469482,
            "y": -32.818023681640625,
            "z": -0.0025366973131895065
        },
        "vehicle_velocity": {
            "x": 6.16998341307351e-10,
            "y": -5.803265645809574e-10,
            "z": 0.0009638213668949902
        },
        "vehicle_throttle": 0.0,
        "unique_collisions": 1,
        "solid_lane_crosses": 4,
        "double_solid_lane_crosses": 0
    },
    {
        "game_time": 101.73458395106718,
        "vehicle_location": {
            "x": -5.223483562469482,
            "y": -32.818023681640625,
            "z": -0.0025779723655432463
        },
        "vehicle_velocity": {
            "x": 3.1216436102710077e-09,
            "y": -5.764796195961708e-09,
            "z": 0.00054861546959728
        },
        "vehicle_throttle": 0.0,
        "unique_collisions": 1,
        "solid_lane_crosses": 4,
        "double_solid_lane_crosses": 0
    },
    {
        "game_time": 102.76249063154683,
        "vehicle_location": {
            "x": -5.223483562469482,
            "y": -32.818023681640625,
            "z": -0.0026019285432994366
        },
        "vehicle_velocity": {
            "x": 0.0,
            "y": 0.0,
            "z": 0.0
        },
        "vehicle_throttle": 0.0,
        "unique_collisions": 1,
        "solid_lane_crosses": 4,
        "double_solid_lane_crosses": 0
    },
    {
        "game_time": 103.81116416538134,
        "vehicle_location": {
            "x": -5.223483562469482,
            "y": -32.818023681640625,
            "z": -0.0025650786701589823
        },
        "vehicle_velocity": {
            "x": 9.282493884654741e-09,
            "y": 1.31688926430229e-08,
            "z": 0.0005739831831306219
        },
        "vehicle_throttle": 0.0,
        "unique_collisions": 1,
        "solid_lane_crosses": 4,
        "double_solid_lane_crosses": 0
    },
    {
        "game_time": 104.84306316776201,
        "vehicle_location": {
            "x": -5.223483562469482,
            "y": -32.818023681640625,
            "z": -0.0025857542641460896
        },
        "vehicle_velocity": {
            "x": 1.630967805255068e-09,
            "y": 9.290397340322443e-10,
            "z": 0.0003488254442345351
        },
        "vehicle_throttle": 0.0,
        "unique_collisions": 1,
        "solid_lane_crosses": 4,
        "double_solid_lane_crosses": 0
    },
    {
        "game_time": 105.85395372938365,
        "vehicle_location": {
            "x": -5.223483562469482,
            "y": -32.818023681640625,
            "z": -0.0025343322195112705
        },
        "vehicle_velocity": {
            "x": 2.0648001086698287e-09,
            "y": 1.319217179940324e-08,
            "z": -0.0012478160206228495
        },
        "vehicle_throttle": 0.0,
        "unique_collisions": 1,
        "solid_lane_crosses": 4,
        "double_solid_lane_crosses": 0
    },
    {
        "game_time": 106.87642141385004,
        "vehicle_location": {
            "x": -5.223483562469482,
            "y": -32.818023681640625,
            "z": -0.002557372907176614
        },
        "vehicle_velocity": {
            "x": 1.069143973353448e-08,
            "y": 1.764624280031768e-10,
            "z": -7.063865632517263e-05
        },
        "vehicle_throttle": 0.0,
        "unique_collisions": 1,
        "solid_lane_crosses": 4,
        "double_solid_lane_crosses": 0
    },
    {
        "game_time": 107.91642193449661,
        "vehicle_location": {
            "x": -5.223483562469482,
            "y": -32.818023681640625,
            "z": -0.0025989532005041838
        },
        "vehicle_velocity": {
            "x": 1.5283090348816586e-08,
            "y": -3.4375022828214696e-09,
            "z": -0.0007327556377276778
        },
        "vehicle_throttle": 0.0,
        "unique_collisions": 1,
        "solid_lane_crosses": 4,
        "double_solid_lane_crosses": 0
    },
    {
        "game_time": 108.97422218741849,
        "vehicle_location": {
            "x": -5.223483562469482,
            "y": -32.818023681640625,
            "z": -0.002632217248901725
        },
        "vehicle_velocity": {
            "x": -4.843240031249252e-09,
            "y": -7.859143891231213e-10,
            "z": 0.00044634341611526906
        },
        "vehicle_throttle": 0.0,
        "unique_collisions": 1,
        "solid_lane_crosses": 4,
        "double_solid_lane_crosses": 0
    },
    {
        "game_time": 110.01761482935399,
        "vehicle_location": {
            "x": -5.223483562469482,
            "y": -32.818023681640625,
            "z": -0.002582015935331583
        },
        "vehicle_velocity": {
            "x": 1.1783323650149669e-08,
            "y": -4.238540629586396e-09,
            "z": 0.0007223081192933023
        },
        "vehicle_throttle": 0.0,
        "unique_collisions": 1,
        "solid_lane_crosses": 4,
        "double_solid_lane_crosses": 0
    },
    {
        "game_time": 111.02439196966588,
        "vehicle_location": {
            "x": -5.223483562469482,
            "y": -32.818023681640625,
            "z": -0.0025631713215261698
        },
        "vehicle_velocity": {
            "x": 2.1907291536393814e-09,
            "y": -3.823970917693487e-09,
            "z": 8.594512473791838e-05
        },
        "vehicle_throttle": 0.0,
        "unique_collisions": 1,
        "solid_lane_crosses": 4,
        "double_solid_lane_crosses": 0
    },
    {
        "game_time": 112.06659025419503,
        "vehicle_location": {
            "x": -5.223483562469482,
            "y": -32.818023681640625,
            "z": -0.0025165558326989412
        },
        "vehicle_velocity": {
            "x": -2.536959087251489e-08,
            "y": 5.836664485059373e-09,
            "z": -4.800319584319368e-05
        },
        "vehicle_throttle": 0.0,
        "unique_collisions": 1,
        "solid_lane_crosses": 4,
        "double_solid_lane_crosses": 0
    },
    {
        "game_time": 113.0739766638726,
        "vehicle_location": {
            "x": -5.223483562469482,
            "y": -32.818023681640625,
            "z": -0.0025951385032385588
        },
        "vehicle_velocity": {
            "x": -7.039576921386015e-09,
            "y": -1.4209083909477727e-10,
            "z": 0.00012379168765619397
        },
        "vehicle_throttle": 0.0,
        "unique_collisions": 1,
        "solid_lane_crosses": 4,
        "double_solid_lane_crosses": 0
    },
    {
        "game_time": 114.11122088320553,
        "vehicle_location": {
            "x": -5.223483562469482,
            "y": -32.818023681640625,
            "z": -0.0025363920722156763
        },
        "vehicle_velocity": {
            "x": 4.6931147856810185e-09,
            "y": -6.753737125109183e-09,
            "z": 0.0003134918224532157
        },
        "vehicle_throttle": 0.0,
        "unique_collisions": 1,
        "solid_lane_crosses": 4,
        "double_solid_lane_crosses": 0
    },
    {
        "game_time": 115.13931747991592,
        "vehicle_location": {
            "x": -5.223483562469482,
            "y": -32.818023681640625,
            "z": -0.002510146936401725
        },
        "vehicle_velocity": {
            "x": 2.4893311856288847e-09,
            "y": -3.0842361997684975e-09,
            "z": 0.0002860069216694683
        },
        "vehicle_throttle": 0.0,
        "unique_collisions": 1,
        "solid_lane_crosses": 4,
        "double_solid_lane_crosses": 0
    },
    {
        "game_time": 116.15392176806927,
        "vehicle_location": {
            "x": -5.223483562469482,
            "y": -32.818023681640625,
            "z": -0.002588729839771986
        },
        "vehicle_velocity": {
            "x": 3.1093081442890025e-09,
            "y": -4.659548746843711e-09,
            "z": 0.0005538797122426331
        },
        "vehicle_throttle": 0.0,
        "unique_collisions": 1,
        "solid_lane_crosses": 4,
        "double_solid_lane_crosses": 0
    },
    {
        "game_time": 117.16880047600716,
        "vehicle_location": {
            "x": -5.223483562469482,
            "y": -32.818023681640625,
            "z": -0.0025510406121611595
        },
        "vehicle_velocity": {
            "x": 3.362949252405656e-09,
            "y": -2.410044386280674e-09,
            "z": 0.00013617514923680574
        },
        "vehicle_throttle": 0.0,
        "unique_collisions": 1,
        "solid_lane_crosses": 4,
        "double_solid_lane_crosses": 0
    },
    {
        "game_time": 118.18584710732102,
        "vehicle_location": {
            "x": -5.223483562469482,
            "y": -32.818023681640625,
            "z": -0.0025688933674246073
        },
        "vehicle_velocity": {
            "x": 3.5095046868605095e-09,
            "y": -1.196547305681861e-08,
            "z": -0.000387487409170717
        },
        "vehicle_throttle": 0.0,
        "unique_collisions": 1,
        "solid_lane_crosses": 4,
        "double_solid_lane_crosses": 0
    },
    {
        "game_time": 119.1859708307311,
        "vehicle_location": {
            "x": -5.223483562469482,
            "y": -32.818023681640625,
            "z": -0.0025481414049863815
        },
        "vehicle_velocity": {
            "x": 2.7983009687204685e-08,
            "y": -1.2139412142175843e-08,
            "z": 0.00038571355980820954
        },
        "vehicle_throttle": 0.0,
        "unique_collisions": 1,
        "solid_lane_crosses": 4,
        "double_solid_lane_crosses": 0
    },
    {
        "game_time": 120.20039503648877,
        "vehicle_location": {
            "x": -5.223483562469482,
            "y": -32.818023681640625,
            "z": -0.0024900054559111595
        },
        "vehicle_velocity": {
            "x": -2.6082945581151762e-08,
            "y": -8.10235345483079e-09,
            "z": -0.00043860910227522254
        },
        "vehicle_throttle": 0.0,
        "unique_collisions": 1,
        "solid_lane_crosses": 4,
        "double_solid_lane_crosses": 0
    },
    {
        "game_time": 121.22962616477162,
        "vehicle_location": {
            "x": -5.223483562469482,
            "y": -32.818023681640625,
            "z": -0.002562942449003458
        },
        "vehicle_velocity": {
            "x": 2.0849292070579395e-08,
            "y": -1.3712055491055253e-08,
            "z": -3.781318446272053e-05
        },
        "vehicle_throttle": 0.0,
        "unique_collisions": 1,
        "solid_lane_crosses": 4,
        "double_solid_lane_crosses": 0
    },
    {
        "game_time": 122.26585986511782,
        "vehicle_location": {
            "x": -5.223483562469482,
            "y": -32.818023681640625,
            "z": -0.00257499678991735
        },
        "vehicle_velocity": {
            "x": -2.3904096480009684e-08,
            "y": 5.6197473341512705e-09,
            "z": 0.0004135942435823381
        },
        "vehicle_throttle": 0.0,
        "unique_collisions": 1,
        "solid_lane_crosses": 4,
        "double_solid_lane_crosses": 0
    },
    {
        "game_time": 123.32976961648092,
        "vehicle_location": {
            "x": -5.223483562469482,
            "y": -32.818023681640625,
            "z": -0.0025603484828025103
        },
        "vehicle_velocity": {
            "x": -4.33232960617147e-09,
            "y": -6.245086670020328e-10,
            "z": -5.947112731519155e-05
        },
        "vehicle_throttle": 0.0,
        "unique_collisions": 1,
        "solid_lane_crosses": 4,
        "double_solid_lane_crosses": 0
    },
    {
        "game_time": 124.39852218562737,
        "vehicle_location": {
            "x": -5.223483562469482,
            "y": -32.818023681640625,
            "z": -0.0025865936186164618
        },
        "vehicle_velocity": {
            "x": 6.066382951530613e-09,
            "y": -8.010345275977215e-09,
            "z": -0.0009033489041030407
        },
        "vehicle_throttle": 0.0,
        "unique_collisions": 1,
        "solid_lane_crosses": 4,
        "double_solid_lane_crosses": 0
    },
    {
        "game_time": 125.39967685705051,
        "vehicle_location": {
            "x": -5.223809242248535,
            "y": -32.71538162231445,
            "z": -0.003271407913416624
        },
        "vehicle_velocity": {
            "x": -0.002933860057964921,
            "y": 0.8583091497421265,
            "z": 0.00027879237313754857
        },
        "vehicle_throttle": 0.0,
        "unique_collisions": 1,
        "solid_lane_crosses": 4,
        "double_solid_lane_crosses": 0
    },
    {
        "game_time": 126.4672292037867,
        "vehicle_location": {
            "x": -5.234161376953125,
            "y": -30.835905075073242,
            "z": -0.002835616935044527
        },
        "vehicle_velocity": {
            "x": -0.018596895039081573,
            "y": 2.8872249126434326,
            "z": -0.0003054809640161693
        },
        "vehicle_throttle": 0.75,
        "unique_collisions": 1,
        "solid_lane_crosses": 4,
        "double_solid_lane_crosses": 0
    },
    {
        "game_time": 127.4805293045938,
        "vehicle_location": {
            "x": -5.255683898925781,
            "y": -27.53191375732422,
            "z": -0.0018511199159547687
        },
        "vehicle_velocity": {
            "x": -0.025526857003569603,
            "y": 3.131697654724121,
            "z": -0.001149997697211802
        },
        "vehicle_throttle": 0.75,
        "unique_collisions": 1,
        "solid_lane_crosses": 4,
        "double_solid_lane_crosses": 0
    },
    {
        "game_time": 128.53001532284543,
        "vehicle_location": {
            "x": -5.294364929199219,
            "y": -22.454641342163086,
            "z": -0.0019367217319086194
        },
        "vehicle_velocity": {
            "x": -0.043056145310401917,
            "y": 5.361507415771484,
            "z": -0.0001636266679270193
        },
        "vehicle_throttle": 0.6545330882072449,
        "unique_collisions": 1,
        "solid_lane_crosses": 4,
        "double_solid_lane_crosses": 0
    },
    {
        "game_time": 129.57755119167268,
        "vehicle_location": {
            "x": -5.341423034667969,
            "y": -16.695205688476562,
            "z": -0.002529144287109375
        },
        "vehicle_velocity": {
            "x": -0.04825892671942711,
            "y": 5.571192264556885,
            "z": -4.682540748035535e-06
        },
        "vehicle_throttle": 0.13907280564308167,
        "unique_collisions": 1,
        "solid_lane_crosses": 4,
        "double_solid_lane_crosses": 0
    },
    {
        "game_time": 130.61065343674272,
        "vehicle_location": {
            "x": -5.646487712860107,
            "y": -11.48337459564209,
            "z": -0.0002854156482499093
        },
        "vehicle_velocity": {
            "x": -0.7377550601959229,
            "y": 4.320858478546143,
            "z": 0.0032157229725271463
        },
        "vehicle_throttle": 0.75,
        "unique_collisions": 1,
        "solid_lane_crosses": 4,
        "double_solid_lane_crosses": 0
    },
    {
        "game_time": 131.67249496700242,
        "vehicle_location": {
            "x": -8.075109481811523,
            "y": -6.527519226074219,
            "z": 0.012726821936666965
        },
        "vehicle_velocity": {
            "x": -4.488976955413818,
            "y": 3.2325475215911865,
            "z": 0.006932344287633896
        },
        "vehicle_throttle": 0.0,
        "unique_collisions": 1,
        "solid_lane_crosses": 4,
        "double_solid_lane_crosses": 0
    },
    {
        "game_time": 132.71709994366392,
        "vehicle_location": {
            "x": -13.23897933959961,
            "y": -4.352534294128418,
            "z": 0.021248092874884605
        },
        "vehicle_velocity": {
            "x": -5.624752521514893,
            "y": 1.2666003704071045,
            "z": -0.04488328844308853
        },
        "vehicle_throttle": 0.30614158511161804,
        "unique_collisions": 1,
        "solid_lane_crosses": 4,
        "double_solid_lane_crosses": 0
    },
    {
        "game_time": 133.73302743351087,
        "vehicle_location": {
            "x": -18.80629539489746,
            "y": -3.523088216781616,
            "z": 0.03436828404664993
        },
        "vehicle_velocity": {
            "x": -5.221839427947998,
            "y": 0.3251454532146454,
            "z": 0.0057281493209302425
        },
        "vehicle_throttle": 0.5112042427062988,
        "unique_collisions": 1,
        "solid_lane_crosses": 4,
        "double_solid_lane_crosses": 0
    },
    {
        "game_time": 134.8203502590768,
        "vehicle_location": {
            "x": -24.806713104248047,
            "y": -3.2267305850982666,
            "z": 0.03365135192871094
        },
        "vehicle_velocity": {
            "x": -5.630354404449463,
            "y": 0.18259136378765106,
            "z": -0.009959449991583824
        },
        "vehicle_throttle": 0.0,
        "unique_collisions": 1,
        "solid_lane_crosses": 4,
        "double_solid_lane_crosses": 0
    },
    {
        "game_time": 135.90522590419278,
        "vehicle_location": {
            "x": -30.7662410736084,
            "y": -3.0884578227996826,
            "z": 0.023411253467202187
        },
        "vehicle_velocity": {
            "x": -5.805363655090332,
            "y": 0.11659340560436249,
            "z": 0.008019465953111649
        },
        "vehicle_throttle": 0.06376785784959793,
        "unique_collisions": 1,
        "solid_lane_crosses": 4,
        "double_solid_lane_crosses": 0
    }
]