[
    {
        "game_time": 9.644718958996236,
        "vehicle_location": {
            "x": -32.967254638671875,
            "y": 193.7353057861328,
            "z": -0.010598106309771538
        },
        "vehicle_velocity": {
            "x": 1.1560379266738892,
            "y": 0.9940553307533264,
            "z": 0.0006151247071102262
        },
        "vehicle_throttle": 0.75,
        "unique_collisions": 0,
        "solid_lane_crosses": 0,
        "double_solid_lane_crosses": 0
    },
    {
        "game_time": 10.716361380182207,
        "vehicle_location": {
            "x": -31.570167541503906,
            "y": 195.8253631591797,
            "z": -0.007806816138327122
        },
        "vehicle_velocity": {
            "x": 0.10370493680238724,
            "y": 3.687262773513794,
            "z": 0.0005550432251766324
        },
        "vehicle_throttle": 0.75,
        "unique_collisions": 0,
        "solid_lane_crosses": 0,
        "double_solid_lane_crosses": 0
    },
    {
        "game_time": 11.722291251644492,
        "vehicle_location": {
            "x": -33.535945892333984,
            "y": 199.31732177734375,
            "z": -0.005851058755069971
        },
        "vehicle_velocity": {
            "x": -5.3818278312683105,
            "y": 1.3328115940093994,
            "z": -0.00022062778589315712
        },
        "vehicle_throttle": 0.75,
        "unique_collisions": 0,
        "solid_lane_crosses": 0,
        "double_solid_lane_crosses": 0
    },
    {
        "game_time": 12.773861896246672,
        "vehicle_location": {
            "x": -37.93331527709961,
            "y": 197.37606811523438,
            "z": -0.00822376273572445
        },
        "vehicle_velocity": {
            "x": -2.6265158653259277,
            "y": -5.080501079559326,
            "z": 0.0004000282206106931
        },
        "vehicle_throttle": 0.37678807973861694,
        "unique_collisions": 0,
        "solid_lane_crosses": 0,
        "double_solid_lane_crosses": 0
    },
    {
        "game_time": 13.775968719273806,
        "vehicle_location": {
            "x": -40.31257629394531,
            "y": 193.63189697265625,
            "z": -0.008350676856935024
        },
        "vehicle_velocity": {
            "x": -3.4719784259796143,
            "y": -2.602429151535034,
            "z": -0.00028926850063726306
        },
        "vehicle_throttle": 0.75,
        "unique_collisions": 0,
        "solid_lane_crosses": 0,
        "double_solid_lane_crosses": 0
    },
    {
        "game_time": 14.831325073726475,
        "vehicle_location": {
            "x": -45.23578643798828,
            "y": 193.13177490234375,
            "z": -0.005755233578383923
        },
        "vehicle_velocity": {
            "x": -4.888964653015137,
            "y": 0.9292628765106201,
            "z": -0.0043302918784320354
        },
        "vehicle_throttle": 0.75,
        "unique_collisions": 0,
        "solid_lane_crosses": 0,
        "double_solid_lane_crosses": 0
    },
    {
        "game_time": 15.832501552067697,
        "vehicle_location": {
            "x": -50.18720626831055,
            "y": 192.35044860839844,
            "z": -0.007268561981618404
        },
        "vehicle_velocity": {
            "x": -4.996389389038086,
            "y": -1.7641663551330566,
            "z": -0.00017362594371661544
        },
        "vehicle_throttle": 0.4249676764011383,
        "unique_collisions": 0,
        "solid_lane_crosses": 0,
        "double_solid_lane_crosses": 0
    },
    {
        "game_time": 16.836760136298835,
        "vehicle_location": {
            "x": -55.02811050415039,
            "y": 190.28775024414062,
            "z": -0.007280120626091957
        },
        "vehicle_velocity": {
            "x": -4.43732213973999,
            "y": -2.4872968196868896,
            "z": 0.001419820706360042
        },
        "vehicle_throttle": 0.75,
        "unique_collisions": 0,
        "solid_lane_crosses": 0,
        "double_solid_lane_crosses": 0
    },
    {
        "game_time": 17.88886892516166,
        "vehicle_location": {
            "x": -59.709197998046875,
            "y": 187.36363220214844,
            "z": -0.008062057197093964
        },
        "vehicle_velocity": {
            "x": -4.100706577301025,
            "y": -3.2765591144561768,
            "z": -0.00017533301434013993
        },
        "vehicle_throttle": 0.75,
        "unique_collisions": 0,
        "solid_lane_crosses": 0,
        "double_solid_lane_crosses": 0
    },
    {
        "game_time": 18.930658507160842,
        "vehicle_location": {
            "x": -63.74256134033203,
            "y": 183.7615966796875,
            "z": -0.008527984842658043
        },
        "vehicle_velocity": {
            "x": -3.716514825820923,
            "y": -3.710575819015503,
            "z": 0.000736827845685184
        },
        "vehicle_throttle": 0.75,
        "unique_collisions": 0,
        "solid_lane_crosses": 0,
        "double_solid_lane_crosses": 0
    },
    {
        "game_time": 19.992448919452727,
        "vehicle_location": {
            "x": -67.54375457763672,
            "y": 178.9306640625,
            "z": -0.004942359868437052
        },
        "vehicle_velocity": {
            "x": -3.0384535789489746,
            "y": -4.312102317810059,
            "z": 3.1118393962970003e-05
        },
        "vehicle_throttle": 0.0,
        "unique_collisions": 0,
        "solid_lane_crosses": 0,
        "double_solid_lane_crosses": 0
    },
    {
        "game_time": 21.134716973640025,
        "vehicle_location": {
            "x": -70.08503723144531,
            "y": 174.58419799804688,
            "z": -0.009223327040672302
        },
        "vehicle_velocity": {
            "x": -2.229607582092285,
            "y": -4.818570613861084,
            "z": 0.0003242397215217352
        },
        "vehicle_throttle": 0.75,
        "unique_collisions": 0,
        "solid_lane_crosses": 0,
        "double_solid_lane_crosses": 0
    },
    {
        "game_time": 22.15089008677751,
        "vehicle_location": {
            "x": -72.2571792602539,
            "y": 169.33848571777344,
            "z": -0.004870681557804346
        },
        "vehicle_velocity": {
            "x": -1.6952883005142212,
            "y": -4.458213806152344,
            "z": -0.0009889411740005016
        },
        "vehicle_throttle": 0.75,
        "unique_collisions": 0,
        "solid_lane_crosses": 0,
        "double_solid_lane_crosses": 0
    },
    {
        "game_time": 23.273177887313068,
        "vehicle_location": {
            "x": -73.54110717773438,
            "y": 164.62367248535156,
            "z": -0.006680831778794527
        },
        "vehicle_velocity": {
            "x": -0.6251363754272461,
            "y": -5.004147529602051,
            "z": -0.0036175583954900503
        },
        "vehicle_throttle": 0.0,
        "unique_collisions": 0,
        "solid_lane_crosses": 0,
        "double_solid_lane_crosses": 0
    },
    {
        "game_time": 24.288329751230776,
        "vehicle_location": {
            "x": -73.9830551147461,
            "y": 161.78594970703125,
            "z": -0.007248191628605127
        },
        "vehicle_velocity": {
            "x": -0.18796391785144806,
            "y": -1.642853856086731,
            "z": -0.00037757871905341744
        },
        "vehicle_throttle": 0.0,
        "unique_collisions": 0,
        "solid_lane_crosses": 0,
        "double_solid_lane_crosses": 0
    },
    {
        "game_time": 25.393246578983963,
        "vehicle_location": {
            "x": -74.10023498535156,
            "y": 160.8822479248047,
            "z": -0.007991943508386612
        },
        "vehicle_velocity": {
            "x": -0.1394977569580078,
            "y": -1.140272855758667,
            "z": 0.0003022432210855186
        },
        "vehicle_throttle": 0.0,
        "unique_collisions": 0,
        "solid_lane_crosses": 0,
        "double_solid_lane_crosses": 0
    },
    {
        "game_time": 26.47874161694199,
        "vehicle_location": {
            "x": -74.13280487060547,
            "y": 160.62168884277344,
            "z": -0.007166709750890732
        },
        "vehicle_velocity": {
            "x": -0.00937819667160511,
            "y": -0.08375277370214462,
            "z": 0.0007385635399259627
        },
        "vehicle_throttle": 0.75,
        "unique_collisions": 0,
        "solid_lane_crosses": 0,
        "double_solid_lane_crosses": 0
    },
    {
        "game_time": 27.543410434387624,
        "vehicle_location": {
            "x": -74.1524887084961,
            "y": 160.46446228027344,
            "z": -0.0071281432174146175
        },
        "vehicle_velocity": {
            "x": -0.00037722772685810924,
            "y": -0.004246945958584547,
            "z": -0.0010806845966726542
        },
        "vehicle_throttle": 0.0,
        "unique_collisions": 0,
        "solid_lane_crosses": 0,
        "double_solid_lane_crosses": 0
    },
    {
        "game_time": 28.645165647380054,
        "vehicle_location": {
            "x": -74.1597671508789,
            "y": 160.4096221923828,
            "z": -0.0077050779946148396
        },
        "vehicle_velocity": {
            "x": -0.010496612638235092,
            "y": -0.09310424327850342,
            "z": -0.0006085109780542552
        },
        "vehicle_throttle": 0.75,
        "unique_collisions": 0,
        "solid_lane_crosses": 0,
        "double_solid_lane_crosses": 0
    },
    {
        "game_time": 29.74338538106531,
        "vehicle_location": {
            "x": -74.164794921875,
            "y": 160.3737030029297,
            "z": -0.007554817013442516
        },
        "vehicle_velocity": {
            "x": -2.098176810250152e-05,
            "y": -0.0005050500622019172,
            "z": 0.0005508851609192789
        },
        "vehicle_throttle": 0.0,
        "unique_collisions": 0,
        "solid_lane_crosses": 0,
        "double_solid_lane_crosses": 0
    },
    {
        "game_time": 30.850970246829093,
        "vehicle_location": {
            "x": -74.16594696044922,
            "y": 160.36355590820312,
            "z": -0.0076908874325454235
        },
        "vehicle_velocity": {
            "x": 1.6031034419938806e-06,
            "y": 1.7960726836463436e-05,
            "z": -0.00013397693692240864
        },
        "vehicle_throttle": 0.0,
        "unique_collisions": 0,
        "solid_lane_crosses": 0,
        "double_solid_lane_crosses": 0
    },
    {
        "game_time": 31.864193932153285,
        "vehicle_location": {
            "x": -74.16594696044922,
            "y": 160.36355590820312,
            "z": -0.0077704619616270065
        },
        "vehicle_velocity": {
            "x": -2.775259311249556e-08,
            "y": 1.082644018879364e-08,
            "z": -0.000754079781472683
        },
        "vehicle_throttle": 0.0,
        "unique_collisions": 0,
        "solid_lane_crosses": 0,
        "double_solid_lane_crosses": 0
    },
    {
        "game_time": 32.975395374931395,
        "vehicle_location": {
            "x": -74.16594696044922,
            "y": 160.36355590820312,
            "z": -0.007725181523710489
        },
        "vehicle_velocity": {
            "x": 1.1677733624537723e-07,
            "y": 1.469628152506175e-08,
            "z": 0.0007408237433992326
        },
        "vehicle_throttle": 0.0,
        "unique_collisions": 0,
        "solid_lane_crosses": 0,
        "double_solid_lane_crosses": 0
    },
    {
        "game_time": 34.067280939780176,
        "vehicle_location": {
            "x": -74.16594696044922,
            "y": 160.36355590820312,
            "z": -0.007752380333840847
        },
        "vehicle_velocity": {
            "x": 1.677721854775882e-07,
            "y": -6.419113418587585e-08,
            "z": -0.00031664848211221397
        },
        "vehicle_throttle": 0.0,
        "unique_collisions": 0,
        "solid_lane_crosses": 0,
        "double_solid_lane_crosses": 0
    },
    {
        "game_time": 35.1418587686494,
        "vehicle_location": {
            "x": -74.16594696044922,
            "y": 160.36355590820312,
            "z": -0.007746429182589054
        },
        "vehicle_velocity": {
            "x": 1.160646192488457e-07,
            "y": -5.9111261663247205e-08,
            "z": -0.0005474186036735773
        },
        "vehicle_throttle": 0.0,
        "unique_collisions": 0,
        "solid_lane_crosses": 0,
        "double_solid_lane_crosses": 0
    },
    {
        "game_time": 36.18585024494678,
        "vehicle_location": {
            "x": -74.16594696044922,
            "y": 160.36355590820312,
            "z": -0.007739448454231024
        },
        "vehicle_velocity": {
            "x": 2.0113780863084685e-07,
            "y": -2.075891281094755e-08,
            "z": 7.697581895627081e-05
        },
        "vehicle_throttle": 0.0,
        "unique_collisions": 0,
        "solid_lane_crosses": 0,
        "double_solid_lane_crosses": 0
    },
    {
        "game_time": 37.27324305381626,
        "vehicle_location": {
            "x": -74.16594696044922,
            "y": 160.36355590820312,
            "z": -0.007743644528090954
        },
        "vehicle_velocity": {
            "x": 3.5193796321664195e-08,
            "y": 3.217727240212298e-08,
            "z": -0.0008780574426054955
        },
        "vehicle_throttle": 0.0,
        "unique_collisions": 0,
        "solid_lane_crosses": 0,
        "double_solid_lane_crosses": 0
    },
    {
        "game_time": 38.36746901739389,
        "vehicle_location": {
            "x": -74.16594696044922,
            "y": 160.36355590820312,
            "z": -0.00775222759693861
        },
        "vehicle_velocity": {
            "x": 8.120658634425126e-08,
            "y": 9.443666471042889e-08,
            "z": 0.0003308963787276298
        },
        "vehicle_throttle": 0.0,
        "unique_collisions": 0,
        "solid_lane_crosses": 0,
        "double_solid_lane_crosses": 0
    },
    {
        "game_time": 39.50958111602813,
        "vehicle_location": {
            "x": -74.16594696044922,
            "y": 160.36355590820312,
            "z": -0.007728080730885267
        },
        "vehicle_velocity": {
            "x": 2.0691227575753146e-07,
            "y": -8.106005822128282e-08,
            "z": -3.490447852527723e-05
        },
        "vehicle_throttle": 0.0,
        "unique_collisions": 0,
        "solid_lane_crosses": 0,
        "double_solid_lane_crosses": 0
    },
    {
        "game_time": 40.58244785387069,
        "vehicle_location": {
            "x": -74.16594696044922,
            "y": 160.36355590820312,
            "z": -0.007743453606963158
        },
        "vehicle_velocity": {
            "x": 2.3518714442616329e-07,
            "y": -5.8608932818060566e-08,
            "z": 0.0003454208199400455
        },
        "vehicle_throttle": 0.0,
        "unique_collisions": 0,
        "solid_lane_crosses": 0,
        "double_solid_lane_crosses": 0
    },
    {
        "game_time": 41.68818207923323,
        "vehicle_location": {
            "x": -74.16594696044922,
            "y": 160.36355590820312,
            "z": -0.007803573273122311
        },
        "vehicle_velocity": {
            "x": -1.8922268196774894e-08,
            "y": 5.0966580289468766e-08,
            "z": 0.0003342914569657296
        },
        "vehicle_throttle": 0.0,
        "unique_collisions": 0,
        "solid_lane_crosses": 0,
        "double_solid_lane_crosses": 0
    },
    {
        "game_time": 42.8080743746832,
        "vehicle_location": {
            "x": -74.16594696044922,
            "y": 160.36355590820312,
            "z": -0.007782592438161373
        },
        "vehicle_velocity": {
            "x": -4.346186965875631e-09,
            "y": 5.287749751947679e-11,
            "z": -1.6794203475001268e-05
        },
        "vehicle_throttle": 0.0,
        "unique_collisions": 0,
        "solid_lane_crosses": 0,
        "double_solid_lane_crosses": 0
    },
    {
        "game_time": 43.95656915102154,
        "vehicle_location": {
            "x": -74.16594696044922,
            "y": 160.36355590820312,
            "z": -0.0077800750732421875
        },
        "vehicle_velocity": {
            "x": 5.013017201349612e-08,
            "y": -8.360632186565908e-09,
            "z": -0.0005804824759252369
        },
        "vehicle_throttle": 0.0,
        "unique_collisions": 0,
        "solid_lane_crosses": 0,
        "double_solid_lane_crosses": 0
    },
    {
        "game_time": 44.98100968915969,
        "vehicle_location": {
            "x": -74.16594696044922,
            "y": 160.36355590820312,
            "z": -0.007764625363051891
        },
        "vehicle_velocity": {
            "x": -2.0262977074025912e-08,
            "y": 7.381760269709048e-08,
            "z": 0.00041537283686921
        },
        "vehicle_throttle": 0.0,
        "unique_collisions": 0,
        "solid_lane_crosses": 0,
        "double_solid_lane_crosses": 0
    },
    {
        "game_time": 46.003621564246714,
        "vehicle_location": {
            "x": -74.16594696044922,
            "y": 160.36355590820312,
            "z": -0.007730445824563503
        },
        "vehicle_velocity": {
            "x": 2.3385334202430386e-07,
            "y": -5.658055002299989e-08,
            "z": -9.648322884459049e-05
        },
        "vehicle_throttle": 0.0,
        "unique_collisions": 0,
        "solid_lane_crosses": 0,
        "double_solid_lane_crosses": 0
    },
    {
        "game_time": 47.10499743465334,
        "vehicle_location": {
            "x": -74.16594696044922,
            "y": 160.36355590820312,
            "z": -0.007745551876723766
        },
        "vehicle_velocity": {
            "x": -3.2348543843596644e-09,
            "y": -7.705596516416335e-08,
            "z": 0.00012627601972781122
        },
        "vehicle_throttle": 0.0,
        "unique_collisions": 0,
        "solid_lane_crosses": 0,
        "double_solid_lane_crosses": 0
    },
    {
        "game_time": 48.22330802399665,
        "vehicle_location": {
            "x": -74.16594696044922,
            "y": 160.36355590820312,
            "z": -0.007764968555420637
        },
        "vehicle_velocity": {
            "x": 2.995584580389732e-08,
            "y": 5.017294668618888e-08,
            "z": 7.134437328204513e-05
        },
        "vehicle_throttle": 0.0,
        "unique_collisions": 0,
        "solid_lane_crosses": 0,
        "double_solid_lane_crosses": 0
    },
    {
        "game_time": 49.376355421729386,
        "vehicle_location": {
            "x": -74.19002532958984,
            "y": 160.18585205078125,
            "z": -0.007209510542452335
        },
        "vehicle_velocity": {
            "x": -0.013196561485528946,
            "y": -0.09270716458559036,
            "z": 3.1757354008732364e-06
        },
        "vehicle_throttle": 0.75,
        "unique_collisions": 0,
        "solid_lane_crosses": 0,
        "double_solid_lane_crosses": 0
    },
    {
        "game_time": 50.40308508370072,
        "vehicle_location": {
            "x": -74.30667114257812,
            "y": 158.80502319335938,
            "z": -0.009808502160012722
        },
        "vehicle_velocity": {
            "x": -0.1993674635887146,
            "y": -2.6314353942871094,
            "z": 0.0004703807644546032
        },
        "vehicle_throttle": 0.75,
        "unique_collisions": 0,
        "solid_lane_crosses": 0,
        "double_solid_lane_crosses": 0
    },
    {
        "game_time": 51.44776422996074,
        "vehicle_location": {
            "x": -74.44205474853516,
            "y": 154.9335479736328,
            "z": -0.008131179958581924
        },
        "vehicle_velocity": {
            "x": 0.08463478833436966,
            "y": -4.28790807723999,
            "z": 6.935119745321572e-05
        },
        "vehicle_throttle": 0.0,
        "unique_collisions": 0,
        "solid_lane_crosses": 0,
        "double_solid_lane_crosses": 0
    },
    {
        "game_time": 52.47564822528511,
        "vehicle_location": {
            "x": -74.51593780517578,
            "y": 151.63343811035156,
            "z": -0.00949813798069954
        },
        "vehicle_velocity": {
            "x": -0.23198406398296356,
            "y": -3.7544467449188232,
            "z": 0.0003925800265278667
        },
        "vehicle_throttle": 0.75,
        "unique_collisions": 0,
        "solid_lane_crosses": 0,
        "double_solid_lane_crosses": 0
    },
    {
        "game_time": 53.526019980199635,
        "vehicle_location": {
            "x": -74.58309173583984,
            "y": 147.41412353515625,
            "z": -0.004370879847556353
        },
        "vehicle_velocity": {
            "x": -0.03660259768366814,
            "y": -2.8442678451538086,
            "z": 0.005563249345868826
        },
        "vehicle_throttle": 0.75,
        "unique_collisions": 0,
        "solid_lane_crosses": 0,
        "double_solid_lane_crosses": 0
    },
    {
        "game_time": 54.601222922094166,
        "vehicle_location": {
            "x": -74.59807586669922,
            "y": 143.27468872070312,
            "z": -0.0018299865769222379
        },
        "vehicle_velocity": {
            "x": -0.008316151797771454,
            "y": -4.977085590362549,
            "z": 0.010046729817986488
        },
        "vehicle_throttle": 0.75,
        "unique_collisions": 0,
        "solid_lane_crosses": 0,
        "double_solid_lane_crosses": 0
    },
    {
        "game_time": 55.626261048950255,
        "vehicle_location": {
            "x": -74.4369888305664,
            "y": 137.28863525390625,
            "z": 0.012107734568417072
        },
        "vehicle_velocity": {
            "x": 0.6815597414970398,
            "y": -5.887419700622559,
            "z": 0.013276662677526474
        },
        "vehicle_throttle": 0.0,
        "unique_collisions": 0,
        "solid_lane_crosses": 0,
        "double_solid_lane_crosses": 0
    },
    {
        "game_time": 56.66621117759496,
        "vehicle_location": {
            "x": -74.19170379638672,
            "y": 133.7010498046875,
            "z": 0.01742580346763134
        },
        "vehicle_velocity": {
            "x": 0.21862146258354187,
            "y": -3.11989426612854,
            "z": 0.007985848933458328
        },
        "vehicle_throttle": 0.75,
        "unique_collisions": 0,
        "solid_lane_crosses": 0,
        "double_solid_lane_crosses": 0
    },
    {
        "game_time": 57.79525885451585,
        "vehicle_location": {
            "x": -74.08092498779297,
            "y": 128.82823181152344,
            "z": 0.030769500881433487
        },
        "vehicle_velocity": {
            "x": 0.17927268147468567,
            "y": -5.026856422424316,
            "z": 0.012078465893864632
        },
        "vehicle_throttle": 0.0,
        "unique_collisions": 0,
        "solid_lane_crosses": 0,
        "double_solid_lane_crosses": 0
    },
    {
        "game_time": 58.82564064953476,
        "vehicle_location": {
            "x": -74.169921875,
            "y": 123.7853775024414,
            "z": 0.04353141784667969
        },
        "vehicle_velocity": {
            "x": -1.0827821493148804,
            "y": -5.1078290939331055,
            "z": 0.012584628537297249
        },
        "vehicle_throttle": 0.75,
        "unique_collisions": 0,
        "solid_lane_crosses": 0,
        "double_solid_lane_crosses": 0
    },
    {
        "game_time": 59.828529813326895,
        "vehicle_location": {
            "x": -75.38139343261719,
            "y": 118.26716613769531,
            "z": 0.09478103369474411
        },
        "vehicle_velocity": {
            "x": -0.6895000338554382,
            "y": -2.8476390838623047,
            "z": 0.037833500653505325
        },
        "vehicle_throttle": 0.0,
        "unique_collisions": 0,
        "solid_lane_crosses": 0,
        "double_solid_lane_crosses": 0
    },
    {
        "game_time": 60.8641968825832,
        "vehicle_location": {
            "x": -75.55192565917969,
            "y": 117.30567169189453,
            "z": 0.09580707550048828
        },
        "vehicle_velocity": {
            "x": -0.3246772289276123,
            "y": -2.0035884380340576,
            "z": 0.02446753904223442
        },
        "vehicle_throttle": 0.75,
        "unique_collisions": 1,
        "solid_lane_crosses": 0,
        "double_solid_lane_crosses": 0
    },
    {
        "game_time": 61.902992439456284,
        "vehicle_location": {
            "x": -75.99302673339844,
            "y": 115.2269515991211,
            "z": 0.1288159191608429
        },
        "vehicle_velocity": {
            "x": -0.4758535623550415,
            "y": -2.5782201290130615,
            "z": 0.03050600178539753
        },
        "vehicle_throttle": 0.75,
        "unique_collisions": 1,
        "solid_lane_crosses": 0,
        "double_solid_lane_crosses": 0
    },
    {
        "game_time": 62.92019144911319,
        "vehicle_location": {
            "x": -76.40332794189453,
            "y": 113.04328155517578,
            "z": 0.16489669680595398
        },
        "vehicle_velocity": {
            "x": -0.13988618552684784,
            "y": -0.19068986177444458,
            "z": 0.01278915349394083
        },
        "vehicle_throttle": 0.75,
        "unique_collisions": 1,
        "solid_lane_crosses": 0,
        "double_solid_lane_crosses": 0
    },
    {
        "game_time": 63.93564222473651,
        "vehicle_location": {
            "x": -76.62422180175781,
            "y": 112.14411163330078,
            "z": 0.17310959100723267
        },
        "vehicle_velocity": {
            "x": 0.006020704284310341,
            "y": 0.004621820989996195,
            "z": 0.00028757716063410044
        },
        "vehicle_throttle": 0.0,
        "unique_collisions": 1,
        "solid_lane_crosses": 0,
        "double_solid_lane_crosses": 0
    },
    {
        "game_time": 65.08762897644192,
        "vehicle_location": {
            "x": -76.62527465820312,
            "y": 112.14140319824219,
            "z": 0.16915541887283325
        },
        "vehicle_velocity": {
            "x": -1.4459290468948893e-05,
            "y": 4.637136953533627e-05,
            "z": 0.0006571729900315404
        },
        "vehicle_throttle": 0.0,
        "unique_collisions": 1,
        "solid_lane_crosses": 0,
        "double_solid_lane_crosses": 0
    },
    {
        "game_time": 66.23051785398275,
        "vehicle_location": {
            "x": -76.62696838378906,
            "y": 112.13616180419922,
            "z": 0.16909445822238922
        },
        "vehicle_velocity": {
            "x": -0.011218033730983734,
            "y": -0.03382835537195206,
            "z": 0.0008561229333281517
        },
        "vehicle_throttle": 0.75,
        "unique_collisions": 1,
        "solid_lane_crosses": 0,
        "double_solid_lane_crosses": 0
    },
    {
        "game_time": 67.33645705599338,
        "vehicle_location": {
            "x": -76.92809295654297,
            "y": 110.63313293457031,
            "z": 0.18593338131904602
        },
        "vehicle_velocity": {
            "x": -0.3760206997394562,
            "y": -2.685713529586792,
            "z": 0.03289790078997612
        },
        "vehicle_throttle": 0.75,
        "unique_collisions": 1,
        "solid_lane_crosses": 0,
        "double_solid_lane_crosses": 0
    },
    {
        "game_time": 68.45669997204095,
        "vehicle_location": {
            "x": -77.20088958740234,
            "y": 108.15814208984375,
            "z": 0.21926845610141754
        },
        "vehicle_velocity": {
            "x": -0.1791946142911911,
            "y": -1.8675627708435059,
            "z": 0.026773128658533096
        },
        "vehicle_throttle": 0.75,
        "unique_collisions": 1,
        "solid_lane_crosses": 0,
        "double_solid_lane_crosses": 0
    },
    {
        "game_time": 69.5804805951193,
        "vehicle_location": {
            "x": -77.3554458618164,
            "y": 105.37213897705078,
            "z": 0.26351577043533325
        },
        "vehicle_velocity": {
            "x": -0.19490297138690948,
            "y": -2.1450467109680176,
            "z": 0.036317404359579086
        },
        "vehicle_throttle": 0.75,
        "unique_collisions": 1,
        "solid_lane_crosses": 0,
        "double_solid_lane_crosses": 0
    },
    {
        "game_time": 70.62453936506063,
        "vehicle_location": {
            "x": -77.45751953125,
            "y": 102.3318862915039,
            "z": 0.3178229331970215
        },
        "vehicle_velocity": {
            "x": 0.02920539863407612,
            "y": -2.539271831512451,
            "z": 0.044872596859931946
        },
        "vehicle_throttle": 0.75,
        "unique_collisions": 1,
        "solid_lane_crosses": 0,
        "double_solid_lane_crosses": 0
    },
    {
        "game_time": 71.64984622132033,
        "vehicle_location": {
            "x": -77.52783203125,
            "y": 99.00059509277344,
            "z": 0.37523895502090454
        },
        "vehicle_velocity": {
            "x": -0.03667135536670685,
            "y": -3.395890235900879,
            "z": 0.06040463224053383
        },
        "vehicle_throttle": 0.0,
        "unique_collisions": 1,
        "solid_lane_crosses": 0,
        "double_solid_lane_crosses": 0
    },
    {
        "game_time": 72.69282395858318,
        "vehicle_location": {
            "x": -77.5612564086914,
            "y": 95.9820327758789,
            "z": 0.42642420530319214
        },
        "vehicle_velocity": {
            "x": -0.042787663638591766,
            "y": -3.4761264324188232,
            "z": 0.060313206166028976
        },
        "vehicle_throttle": 0.0,
        "unique_collisions": 1,
        "solid_lane_crosses": 0,
        "double_solid_lane_crosses": 0
    },
    {
        "game_time": 73.71603309269994,
        "vehicle_location": {
            "x": -77.58243560791016,
            "y": 93.99491882324219,
            "z": 0.4615153670310974
        },
        "vehicle_velocity": {
            "x": -0.017679698765277863,
            "y": -1.7937685251235962,
            "z": 0.031166380271315575
        },
        "vehicle_throttle": 0.75,
        "unique_collisions": 1,
        "solid_lane_crosses": 0,
        "double_solid_lane_crosses": 0
    },
    {
        "game_time": 74.72657598834485,
        "vehicle_location": {
            "x": -77.59557342529297,
            "y": 91.98504638671875,
            "z": 0.49663013219833374
        },
        "vehicle_velocity": {
            "x": -7.425587682519108e-05,
            "y": -2.4731249809265137,
            "z": 0.0443250946700573
        },
        "vehicle_throttle": 0.75,
        "unique_collisions": 1,
        "solid_lane_crosses": 0,
        "double_solid_lane_crosses": 0
    },
    {
        "game_time": 75.74477083887905,
        "vehicle_location": {
            "x": -77.61223602294922,
            "y": 88.88661193847656,
            "z": 0.5544299483299255
        },
        "vehicle_velocity": {
            "x": -0.013651460409164429,
            "y": -2.7444589138031006,
            "z": 0.04849788546562195
        },
        "vehicle_throttle": 0.75,
        "unique_collisions": 1,
        "solid_lane_crosses": 0,
        "double_solid_lane_crosses": 0
    },
    {
        "game_time": 76.79425309505314,
        "vehicle_location": {
            "x": -77.62608337402344,
            "y": 85.51683044433594,
            "z": 0.6157719492912292
        },
        "vehicle_velocity": {
            "x": -0.006810144521296024,
            "y": -2.318192958831787,
            "z": 0.04116717353463173
        },
        "vehicle_throttle": 0.75,
        "unique_collisions": 1,
        "solid_lane_crosses": 0,
        "double_solid_lane_crosses": 0
    },
    {
        "game_time": 77.85444382857531,
        "vehicle_location": {
            "x": -77.6331787109375,
            "y": 83.61054229736328,
            "z": 0.6448441743850708
        },
        "vehicle_velocity": {
            "x": -0.004370816517621279,
            "y": -1.9047001600265503,
            "z": 0.03418092057108879
        },
        "vehicle_throttle": 0.75,
        "unique_collisions": 1,
        "solid_lane_crosses": 0,
        "double_solid_lane_crosses": 0
    },
    {
        "game_time": 78.95259151700884,
        "vehicle_location": {
            "x": -77.63986206054688,
            "y": 81.55860900878906,
            "z": 0.6808569431304932
        },
        "vehicle_velocity": {
            "x": -0.009569363668560982,
            "y": -2.645772695541382,
            "z": 0.046124961227178574
        },
        "vehicle_throttle": 0.75,
        "unique_collisions": 1,
        "solid_lane_crosses": 0,
        "double_solid_lane_crosses": 0
    },
    {
        "game_time": 80.04447288345546,
        "vehicle_location": {
            "x": -77.65019226074219,
            "y": 78.23033142089844,
            "z": 0.7380096912384033
        },
        "vehicle_velocity": {
            "x": -0.00774733629077673,
            "y": -2.9712071418762207,
            "z": 0.04541241377592087
        },
        "vehicle_throttle": 0.75,
        "unique_collisions": 1,
        "solid_lane_crosses": 0,
        "double_solid_lane_crosses": 0
    },
    {
        "game_time": 81.14110341574997,
        "vehicle_location": {
            "x": -77.66085052490234,
            "y": 74.57981872558594,
            "z": 0.7866535186767578
        },
        "vehicle_velocity": {
            "x": -0.00935478787869215,
            "y": -3.189509153366089,
            "z": 0.03360602259635925
        },
        "vehicle_throttle": 0.75,
        "unique_collisions": 1,
        "solid_lane_crosses": 0,
        "double_solid_lane_crosses": 0
    },
    {
        "game_time": 82.22405034583062,
        "vehicle_location": {
            "x": -77.67096710205078,
            "y": 70.98693084716797,
            "z": 0.8137906193733215
        },
        "vehicle_velocity": {
            "x": -0.009502078406512737,
            "y": -3.4095356464385986,
            "z": 0.015721963718533516
        },
        "vehicle_throttle": 0.75,
        "unique_collisions": 1,
        "solid_lane_crosses": 0,
        "double_solid_lane_crosses": 0
    },
    {
        "game_time": 83.32199344690889,
        "vehicle_location": {
            "x": -77.67893981933594,
            "y": 68.17984008789062,
            "z": 0.8237879872322083
        },
        "vehicle_velocity": {
            "x": -0.003485807916149497,
            "y": -1.3466160297393799,
            "z": -0.0020321940537542105
        },
        "vehicle_throttle": 0.75,
        "unique_collisions": 1,
        "solid_lane_crosses": 0,
        "double_solid_lane_crosses": 0
    },
    {
        "game_time": 84.38872745539993,
        "vehicle_location": {
            "x": -77.68645477294922,
            "y": 65.44900512695312,
            "z": 0.8182276487350464
        },
        "vehicle_velocity": {
            "x": -0.009526963345706463,
            "y": -3.4785006046295166,
            "z": -0.011033978313207626
        },
        "vehicle_throttle": 0.0,
        "unique_collisions": 1,
        "solid_lane_crosses": 0,
        "double_solid_lane_crosses": 0
    },
    {
        "game_time": 85.47581141721457,
        "vehicle_location": {
            "x": -77.6952133178711,
            "y": 62.23675537109375,
            "z": 0.8019651770591736
        },
        "vehicle_velocity": {
            "x": -0.006439529359340668,
            "y": -2.3620007038116455,
            "z": -0.02157406322658062
        },
        "vehicle_throttle": 0.0,
        "unique_collisions": 1,
        "solid_lane_crosses": 0,
        "double_solid_lane_crosses": 0
    },
    {
        "game_time": 86.47767084930092,
        "vehicle_location": {
            "x": -77.69940948486328,
            "y": 60.592342376708984,
            "z": 0.7797072529792786
        },
        "vehicle_velocity": {
            "x": -0.006643997505307198,
            "y": -2.3707191944122314,
            "z": -0.030642809346318245
        },
        "vehicle_throttle": 0.75,
        "unique_collisions": 1,
        "solid_lane_crosses": 0,
        "double_solid_lane_crosses": 0
    },
    {
        "game_time": 87.56021077092737,
        "vehicle_location": {
            "x": -77.70780944824219,
            "y": 57.573265075683594,
            "z": 0.7411229610443115
        },
        "vehicle_velocity": {
            "x": -0.007587916683405638,
            "y": -2.7579357624053955,
            "z": -0.04998213052749634
        },
        "vehicle_throttle": 0.75,
        "unique_collisions": 1,
        "solid_lane_crosses": 0,
        "double_solid_lane_crosses": 0
    },
    {
        "game_time": 88.64657666999847,
        "vehicle_location": {
            "x": -77.71664428710938,
            "y": 54.36872863769531,
            "z": 0.6805490255355835
        },
        "vehicle_velocity": {
            "x": -0.008487403392791748,
            "y": -3.1120004653930664,
            "z": -0.06601034104824066
        },
        "vehicle_throttle": 0.75,
        "unique_collisions": 1,
        "solid_lane_crosses": 0,
        "double_solid_lane_crosses": 0
    },
    {
        "game_time": 89.68426131363958,
        "vehicle_location": {
            "x": -77.72616577148438,
            "y": 50.891048431396484,
            "z": 0.5977519750595093
        },
        "vehicle_velocity": {
            "x": -0.00951140932738781,
            "y": -3.504957914352417,
            "z": -0.09381820261478424
        },
        "vehicle_throttle": 0.75,
        "unique_collisions": 1,
        "solid_lane_crosses": 0,
        "double_solid_lane_crosses": 0
    },
    {
        "game_time": 90.72273102682084,
        "vehicle_location": {
            "x": -77.73495483398438,
            "y": 47.66146469116211,
            "z": 0.5076146125793457
        },
        "vehicle_velocity": {
            "x": -0.008199273608624935,
            "y": -3.0071074962615967,
            "z": -0.08804257214069366
        },
        "vehicle_throttle": 0.75,
        "unique_collisions": 1,
        "solid_lane_crosses": 0,
        "double_solid_lane_crosses": 0
    },
    {
        "game_time": 91.79781811963767,
        "vehicle_location": {
            "x": -77.74396514892578,
            "y": 44.36821746826172,
            "z": 0.41186925768852234
        },
        "vehicle_velocity": {
            "x": -0.00969112291932106,
            "y": -3.5642900466918945,
            "z": -0.10081061720848083
        },
        "vehicle_throttle": 0.75,
        "unique_collisions": 1,
        "solid_lane_crosses": 0,
        "double_solid_lane_crosses": 0
    },
    {
        "game_time": 92.80439758766443,
        "vehicle_location": {
            "x": -77.7510757446289,
            "y": 41.767337799072266,
            "z": 0.34412169456481934
        },
        "vehicle_velocity": {
            "x": -0.0046534291468560696,
            "y": -1.5924993753433228,
            "z": -0.0387403704226017
        },
        "vehicle_throttle": 0.0,
        "unique_collisions": 1,
        "solid_lane_crosses": 0,
        "double_solid_lane_crosses": 0
    },
    {
        "game_time": 93.91707434598356,
        "vehicle_location": {
            "x": -77.75395202636719,
            "y": 40.73114776611328,
            "z": 0.3139916956424713
        },
        "vehicle_velocity": {
            "x": -0.006188486237078905,
            "y": -2.0900042057037354,
            "z": -0.051877934485673904
        },
        "vehicle_throttle": 0.75,
        "unique_collisions": 1,
        "solid_lane_crosses": 0,
        "double_solid_lane_crosses": 0
    },
    {
        "game_time": 94.98847333434969,
        "vehicle_location": {
            "x": -77.76193237304688,
            "y": 37.79275894165039,
            "z": 0.2442343831062317
        },
        "vehicle_velocity": {
            "x": -0.009982668794691563,
            "y": -3.681138277053833,
            "z": -0.07283584773540497
        },
        "vehicle_throttle": 0.75,
        "unique_collisions": 1,
        "solid_lane_crosses": 0,
        "double_solid_lane_crosses": 0
    },
    {
        "game_time": 96.05155114177614,
        "vehicle_location": {
            "x": -77.77574157714844,
            "y": 32.67478561401367,
            "z": 0.15307869017124176
        },
        "vehicle_velocity": {
            "x": -0.02362831123173237,
            "y": -5.276333332061768,
            "z": -0.11429273337125778
        },
        "vehicle_throttle": 0.0,
        "unique_collisions": 1,
        "solid_lane_crosses": 0,
        "double_solid_lane_crosses": 0
    },
    {
        "game_time": 97.14337565097958,
        "vehicle_location": {
            "x": -77.78309631347656,
            "y": 29.89115333557129,
            "z": 0.09828594326972961
        },
        "vehicle_velocity": {
            "x": 0.0002598849532660097,
            "y": -0.013085469603538513,
            "z": -0.00852963700890541
        },
        "vehicle_throttle": 0.75,
        "unique_collisions": 1,
        "solid_lane_crosses": 0,
        "double_solid_lane_crosses": 0
    },
    {
        "game_time": 98.2322678444907,
        "vehicle_location": {
            "x": -77.78289794921875,
            "y": 29.88838005065918,
            "z": 0.09566665440797806
        },
        "vehicle_velocity": {
            "x": -0.0024546945933252573,
            "y": 4.9557685997569934e-05,
            "z": -1.311244886892382e-05
        },
        "vehicle_throttle": 0.75,
        "unique_collisions": 1,
        "solid_lane_crosses": 0,
        "double_solid_lane_crosses": 0
    },
    {
        "game_time": 99.23672822210938,
        "vehicle_location": {
            "x": -77.78271484375,
            "y": 29.886674880981445,
            "z": 0.09538517147302628
        },
        "vehicle_velocity": {
            "x": -0.001673856284469366,
            "y": 3.0550956580555066e-05,
            "z": 0.001100425492040813
        },
        "vehicle_throttle": 0.75,
        "unique_collisions": 1,
        "solid_lane_crosses": 0,
        "double_solid_lane_crosses": 0
    },
    {
        "game_time": 100.32505115773529,
        "vehicle_location": {
            "x": -77.78240203857422,
            "y": 29.885534286499023,
            "z": 0.09566924721002579
        },
        "vehicle_velocity": {
            "x": -0.0014386647380888462,
            "y": -0.002678956836462021,
            "z": 8.431479363935068e-05
        },
        "vehicle_throttle": 0.75,
        "unique_collisions": 1,
        "solid_lane_crosses": 0,
        "double_solid_lane_crosses": 0
    },
    {
        "game_time": 101.36749329138547,
        "vehicle_location": {
            "x": -77.78202056884766,
            "y": 29.8848934173584,
            "z": 0.09652164578437805
        },
        "vehicle_velocity": {
            "x": 0.0020029409788548946,
            "y": -0.0014147615293040872,
            "z": 0.00025423409533686936
        },
        "vehicle_throttle": 0.75,
        "unique_collisions": 1,
        "solid_lane_crosses": 0,
        "double_solid_lane_crosses": 0
    },
    {
        "game_time": 102.36985741835088,
        "vehicle_location": {
            "x": -77.78227233886719,
            "y": 29.883230209350586,
            "z": 0.09620765596628189
        },
        "vehicle_velocity": {
            "x": 0.004913403652608395,
            "y": -0.0008309888653457165,
            "z": 0.0004853219143114984
        },
        "vehicle_throttle": 0.75,
        "unique_collisions": 1,
        "solid_lane_crosses": 0,
        "double_solid_lane_crosses": 0
    },
    {
        "game_time": 103.41415519360453,
        "vehicle_location": {
            "x": -77.78227996826172,
            "y": 29.87992286682129,
            "z": 0.09459056705236435
        },
        "vehicle_velocity": {
            "x": 0.00034042695187963545,
            "y": -0.007538356818258762,
            "z": -0.0028213607147336006
        },
        "vehicle_throttle": 0.75,
        "unique_collisions": 1,
        "solid_lane_crosses": 0,
        "double_solid_lane_crosses": 0
    },
    {
        "game_time": 104.50601417850703,
        "vehicle_location": {
            "x": -77.78203582763672,
            "y": 29.879825592041016,
            "z": 0.09581562131643295
        },
        "vehicle_velocity": {
            "x": -0.0017480512615293264,
            "y": -0.0011281442129984498,
            "z": 0.0002602694439701736
        },
        "vehicle_throttle": 0.75,
        "unique_collisions": 1,
        "solid_lane_crosses": 0,
        "double_solid_lane_crosses": 0
    },
    {
        "game_time": 105.51564057450742,
        "vehicle_location": {
            "x": -77.78175354003906,
            "y": 29.879013061523438,
            "z": 0.09645511209964752
        },
        "vehicle_velocity": {
            "x": 0.004329332150518894,
            "y": -0.0017689657397568226,
            "z": -0.00018320356321055442
        },
        "vehicle_throttle": 0.75,
        "unique_collisions": 1,
        "solid_lane_crosses": 0,
        "double_solid_lane_crosses": 0
    },
    {
        "game_time": 106.58687276672572,
        "vehicle_location": {
            "x": -77.7813720703125,
            "y": 29.87723159790039,
            "z": 0.09627719968557358
        },
        "vehicle_velocity": {
            "x": 0.000507980992551893,
            "y": -0.0019777773413807154,
            "z": 0.0005283430218696594
        },
        "vehicle_throttle": 0.75,
        "unique_collisions": 1,
        "solid_lane_crosses": 0,
        "double_solid_lane_crosses": 0
    },
    {
        "game_time": 107.59275961760432,
        "vehicle_location": {
            "x": -77.7811279296875,
            "y": 29.875505447387695,
            "z": 0.09599937498569489
        },
        "vehicle_velocity": {
            "x": -0.0016166873974725604,
            "y": -0.0006982469349168241,
            "z": 0.0003378459659870714
        },
        "vehicle_throttle": 0.75,
        "unique_collisions": 1,
        "solid_lane_crosses": 0,
        "double_solid_lane_crosses": 0
    },
    {
        "game_time": 108.64053957443684,
        "vehicle_location": {
            "x": -77.7811050415039,
            "y": 29.874189376831055,
            "z": 0.09617690742015839
        },
        "vehicle_velocity": {
            "x": -0.0020281560719013214,
            "y": -0.001447057700715959,
            "z": -0.00022775323304813355
        },
        "vehicle_throttle": 0.75,
        "unique_collisions": 1,
        "solid_lane_crosses": 0,
        "double_solid_lane_crosses": 0
    },
    {
        "game_time": 109.6982205202803,
        "vehicle_location": {
            "x": -77.78074645996094,
            "y": 29.873214721679688,
            "z": 0.09666572511196136
        },
        "vehicle_velocity": {
            "x": 0.004732885397970676,
            "y": -0.002053232165053487,
            "z": -0.0005060130497440696
        },
        "vehicle_throttle": 0.75,
        "unique_collisions": 1,
        "solid_lane_crosses": 0,
        "double_solid_lane_crosses": 0
    },
    {
        "game_time": 110.74834737274796,
        "vehicle_location": {
            "x": -77.78099822998047,
            "y": 29.8710994720459,
            "z": 0.09607066959142685
        },
        "vehicle_velocity": {
            "x": -0.004363594576716423,
            "y": -0.0006254768231883645,
            "z": 0.00032834301237016916
        },
        "vehicle_throttle": 0.75,
        "unique_collisions": 1,
        "solid_lane_crosses": 0,
        "double_solid_lane_crosses": 0
    },
    {
        "game_time": 111.77844810020179,
        "vehicle_location": {
            "x": -77.78064727783203,
            "y": 29.86907958984375,
            "z": 0.09554080665111542
        },
        "vehicle_velocity": {
            "x": 0.005344826262444258,
            "y": -0.0014266347279772162,
            "z": 6.72971727908589e-05
        },
        "vehicle_throttle": 0.75,
        "unique_collisions": 1,
        "solid_lane_crosses": 0,
        "double_solid_lane_crosses": 0
    },
    {
        "game_time": 112.81693726871163,
        "vehicle_location": {
            "x": -77.78050231933594,
            "y": 29.867652893066406,
            "z": 0.09557773172855377
        },
        "vehicle_velocity": {
            "x": -0.0058778440579771996,
            "y": -0.0037715814542025328,
            "z": -0.0004062933730892837
        },
        "vehicle_throttle": 0.75,
        "unique_collisions": 1,
        "solid_lane_crosses": 0,
        "double_solid_lane_crosses": 0
    },
    {
        "game_time": 113.83646316546947,
        "vehicle_location": {
            "x": -77.781005859375,
            "y": 29.865856170654297,
            "z": 0.09531062841415405
        },
        "vehicle_velocity": {
            "x": -0.002978810342028737,
            "y": -0.001341590890660882,
            "z": -3.0051343856030144e-05
        },
        "vehicle_throttle": 0.75,
        "unique_collisions": 1,
        "solid_lane_crosses": 0,
        "double_solid_lane_crosses": 0
    },
    {
        "game_time": 114.85717381630093,
        "vehicle_location": {
            "x": -77.7807388305664,
            "y": 29.865169525146484,
            "z": 0.09600505977869034
        },
        "vehicle_velocity": {
            "x": -0.0048813046887516975,
            "y": -0.0015727424761280417,
            "z": 0.0003038473369088024
        },
        "vehicle_throttle": 0.75,
        "unique_collisions": 1,
        "solid_lane_crosses": 0,
        "double_solid_lane_crosses": 0
    },
    {
        "game_time": 115.89704386983067,
        "vehicle_location": {
            "x": -77.78086853027344,
            "y": 29.8640193939209,
            "z": 0.09637057781219482
        },
        "vehicle_velocity": {
            "x": 0.003908856306225061,
            "y": -0.0018696450861170888,
            "z": 0.00013519883214030415
        },
        "vehicle_throttle": 0.75,
        "unique_collisions": 1,
        "solid_lane_crosses": 0,
        "double_solid_lane_crosses": 0
    },
    {
        "game_time": 116.97771042119712,
        "vehicle_location": {
            "x": -77.78215789794922,
            "y": 29.861949920654297,
            "z": 0.09584171324968338
        },
        "vehicle_velocity": {
            "x": 0.003910674247890711,
            "y": -0.0010151863098144531,
            "z": 0.0007562123355455697
        },
        "vehicle_throttle": 0.75,
        "unique_collisions": 1,
        "solid_lane_crosses": 0,
        "double_solid_lane_crosses": 0
    },
    {
        "game_time": 118.01168992836028,
        "vehicle_location": {
            "x": -77.78238677978516,
            "y": 29.85995864868164,
            "z": 0.09544196724891663
        },
        "vehicle_velocity": {
            "x": 0.0005066008889116347,
            "y": -0.006872262805700302,
            "z": -0.0016794988187029958
        },
        "vehicle_throttle": 0.75,
        "unique_collisions": 1,
        "solid_lane_crosses": 0,
        "double_solid_lane_crosses": 0
    },
    {
        "game_time": 119.03430623468012,
        "vehicle_location": {
            "x": -77.7823486328125,
            "y": 29.85891342163086,
            "z": 0.09583408385515213
        },
        "vehicle_velocity": {
            "x": 0.003880296600982547,
            "y": -0.0017611646326258779,
            "z": 6.778874376323074e-05
        },
        "vehicle_throttle": 0.75,
        "unique_collisions": 1,
        "solid_lane_crosses": 0,
        "double_solid_lane_crosses": 0
    }
]