[
    {
        "game_time": 9.928182364441454,
        "vehicle_location": {
            "x": -32.99410629272461,
            "y": 193.7237091064453,
            "z": -0.04017048701643944
        },
        "vehicle_velocity": {
            "x": 1.046552300453186,
            "y": 0.8924081921577454,
            "z": 0.0005831479793414474
        },
        "vehicle_throttle": 0.75,
        "unique_collisions": 0,
        "solid_lane_crosses": 0,
        "double_solid_lane_crosses": 0
    },
    {
        "game_time": 10.929639813490212,
        "vehicle_location": {
            "x": -31.66429328918457,
            "y": 195.49208068847656,
            "z": -0.03768674656748772
        },
        "vehicle_velocity": {
            "x": 0.45105475187301636,
            "y": 3.358146905899048,
            "z": -0.000434474932262674
        },
        "vehicle_throttle": 0.75,
        "unique_collisions": 0,
        "solid_lane_crosses": 0,
        "double_solid_lane_crosses": 0
    },
    {
        "game_time": 11.943201060406864,
        "vehicle_location": {
            "x": -31.91551399230957,
            "y": 196.46511840820312,
            "z": -0.03682205080986023
        },
        "vehicle_velocity": {
            "x": 0.004172903951257467,
            "y": -0.004026384092867374,
            "z": -0.0004823493945877999
        },
        "vehicle_throttle": 0.0,
        "unique_collisions": 1,
        "solid_lane_crosses": 0,
        "double_solid_lane_crosses": 0
    },
    {
        "game_time": 12.967498848214746,
        "vehicle_location": {
            "x": -31.9162654876709,
            "y": 196.46609497070312,
            "z": -0.037582967430353165
        },
        "vehicle_velocity": {
            "x": 3.317431264804327e-06,
            "y": -2.1225832824711688e-06,
            "z": 0.0005649852682836354
        },
        "vehicle_throttle": 0.0,
        "unique_collisions": 1,
        "solid_lane_crosses": 0,
        "double_solid_lane_crosses": 0
    },
    {
        "game_time": 14.003789249807596,
        "vehicle_location": {
            "x": -31.9162654876709,
            "y": 196.46609497070312,
            "z": -0.03754180669784546
        },
        "vehicle_velocity": {
            "x": 2.792281073027425e-08,
            "y": -1.384806935789129e-08,
            "z": 0.00040369987254962325
        },
        "vehicle_throttle": 0.0,
        "unique_collisions": 1,
        "solid_lane_crosses": 0,
        "double_solid_lane_crosses": 0
    },
    {
        "game_time": 15.045251753181219,
        "vehicle_location": {
            "x": -31.9162654876709,
            "y": 196.46609497070312,
            "z": -0.03756408765912056
        },
        "vehicle_velocity": {
            "x": 4.713180601356726e-08,
            "y": -4.656558250104581e-09,
            "z": 0.0002599477593321353
        },
        "vehicle_throttle": 0.0,
        "unique_collisions": 1,
        "solid_lane_crosses": 0,
        "double_solid_lane_crosses": 0
    },
    {
        "game_time": 16.082534111104906,
        "vehicle_location": {
            "x": -31.9162654876709,
            "y": 196.46609497070312,
            "z": -0.03758888319134712
        },
        "vehicle_velocity": {
            "x": -2.1990034237973077e-09,
            "y": 1.7636056170999836e-08,
            "z": -0.0002950096095446497
        },
        "vehicle_throttle": 0.0,
        "unique_collisions": 1,
        "solid_lane_crosses": 0,
        "double_solid_lane_crosses": 0
    },
    {
        "game_time": 17.1055823052302,
        "vehicle_location": {
            "x": -31.9162654876709,
            "y": 196.46609497070312,
            "z": -0.03757713362574577
        },
        "vehicle_velocity": {
            "x": 7.112456401614509e-09,
            "y": -9.208991791354038e-09,
            "z": 0.0005573463276959956
        },
        "vehicle_throttle": 0.0,
        "unique_collisions": 1,
        "solid_lane_crosses": 0,
        "double_solid_lane_crosses": 0
    },
    {
        "game_time": 18.130499621853232,
        "vehicle_location": {
            "x": -31.9162654876709,
            "y": 196.46609497070312,
            "z": -0.03761539235711098
        },
        "vehicle_velocity": {
            "x": -1.8775722310238052e-08,
            "y": 2.3635609025518534e-08,
            "z": -0.0006891250377520919
        },
        "vehicle_throttle": 0.0,
        "unique_collisions": 1,
        "solid_lane_crosses": 0,
        "double_solid_lane_crosses": 0
    },
    {
        "game_time": 19.13477925863117,
        "vehicle_location": {
            "x": -31.9162654876709,
            "y": 196.46609497070312,
            "z": -0.03755508363246918
        },
        "vehicle_velocity": {
            "x": 2.041503854854909e-08,
            "y": 6.408049202377697e-09,
            "z": 0.00016746520122978836
        },
        "vehicle_throttle": 0.0,
        "unique_collisions": 1,
        "solid_lane_crosses": 0,
        "double_solid_lane_crosses": 0
    },
    {
        "game_time": 20.16546915937215,
        "vehicle_location": {
            "x": -31.9162654876709,
            "y": 196.46609497070312,
            "z": -0.037607572972774506
        },
        "vehicle_velocity": {
            "x": -1.7983069255933515e-08,
            "y": 4.980543089061484e-09,
            "z": -9.114265412790701e-05
        },
        "vehicle_throttle": 0.0,
        "unique_collisions": 1,
        "solid_lane_crosses": 0,
        "double_solid_lane_crosses": 0
    },
    {
        "game_time": 21.1720212418586,
        "vehicle_location": {
            "x": -31.9162654876709,
            "y": 196.46609497070312,
            "z": -0.037605170160532
        },
        "vehicle_velocity": {
            "x": 1.9159159592163633e-08,
            "y": -3.0486376090266276e-08,
            "z": 0.0008615636616013944
        },
        "vehicle_throttle": 0.0,
        "unique_collisions": 1,
        "solid_lane_crosses": 0,
        "double_solid_lane_crosses": 0
    },
    {
        "game_time": 22.17443297524005,
        "vehicle_location": {
            "x": -31.9162654876709,
            "y": 196.46609497070312,
            "z": -0.037596892565488815
        },
        "vehicle_velocity": {
            "x": -1.3807304810597998e-07,
            "y": 2.5892470389976552e-08,
            "z": -0.0004703044833149761
        },
        "vehicle_throttle": 0.0,
        "unique_collisions": 1,
        "solid_lane_crosses": 0,
        "double_solid_lane_crosses": 0
    },
    {
        "game_time": 23.22446673270315,
        "vehicle_location": {
            "x": -31.9162654876709,
            "y": 196.46609497070312,
            "z": -0.037572555243968964
        },
        "vehicle_velocity": {
            "x": 9.661884625700168e-09,
            "y": 6.139369901347891e-09,
            "z": 0.0001867294340627268
        },
        "vehicle_throttle": 0.0,
        "unique_collisions": 1,
        "solid_lane_crosses": 0,
        "double_solid_lane_crosses": 0
    },
    {
        "game_time": 24.258268892765045,
        "vehicle_location": {
            "x": -31.9162654876709,
            "y": 196.46609497070312,
            "z": -0.03756755590438843
        },
        "vehicle_velocity": {
            "x": 5.6507932555405205e-08,
            "y": 1.541796379456173e-08,
            "z": -4.177093433099799e-05
        },
        "vehicle_throttle": 0.0,
        "unique_collisions": 1,
        "solid_lane_crosses": 0,
        "double_solid_lane_crosses": 0
    },
    {
        "game_time": 25.293030861765146,
        "vehicle_location": {
            "x": -31.9162654876709,
            "y": 196.46609497070312,
            "z": -0.03758300840854645
        },
        "vehicle_velocity": {
            "x": 4.146891896539273e-08,
            "y": 3.0132558670459275e-09,
            "z": 0.00011899948003701866
        },
        "vehicle_throttle": 0.0,
        "unique_collisions": 1,
        "solid_lane_crosses": 0,
        "double_solid_lane_crosses": 0
    },
    {
        "game_time": 26.293439789675176,
        "vehicle_location": {
            "x": -31.9162654876709,
            "y": 196.46609497070312,
            "z": -0.037572287023067474
        },
        "vehicle_velocity": {
            "x": -1.5218635951441684e-07,
            "y": 5.376771028409166e-09,
            "z": 3.286361607024446e-05
        },
        "vehicle_throttle": 0.0,
        "unique_collisions": 1,
        "solid_lane_crosses": 0,
        "double_solid_lane_crosses": 0
    },
    {
        "game_time": 27.32364380545914,
        "vehicle_location": {
            "x": -31.9162654876709,
            "y": 196.46609497070312,
            "z": -0.03758609667420387
        },
        "vehicle_velocity": {
            "x": -3.9427639819678006e-08,
            "y": 2.691662182030541e-08,
            "z": -1.202583280246472e-05
        },
        "vehicle_throttle": 0.0,
        "unique_collisions": 1,
        "solid_lane_crosses": 0,
        "double_solid_lane_crosses": 0
    },
    {
        "game_time": 28.37816174235195,
        "vehicle_location": {
            "x": -31.9162654876709,
            "y": 196.46609497070312,
            "z": -0.037556495517492294
        },
        "vehicle_velocity": {
            "x": 1.218016336679284e-07,
            "y": -3.966048822690027e-08,
            "z": 0.001217484474182129
        },
        "vehicle_throttle": 0.0,
        "unique_collisions": 1,
        "solid_lane_crosses": 0,
        "double_solid_lane_crosses": 0
    },
    {
        "game_time": 29.43702024873346,
        "vehicle_location": {
            "x": -31.9162654876709,
            "y": 196.46609497070312,
            "z": -0.037614211440086365
        },
        "vehicle_velocity": {
            "x": -1.4685426208416175e-07,
            "y": 5.528805502308387e-08,
            "z": -0.0008938598330132663
        },
        "vehicle_throttle": 0.0,
        "unique_collisions": 1,
        "solid_lane_crosses": 0,
        "double_solid_lane_crosses": 0
    },
    {
        "game_time": 30.45911174081266,
        "vehicle_location": {
            "x": -31.9162654876709,
            "y": 196.46609497070312,
            "z": -0.03758499026298523
        },
        "vehicle_velocity": {
            "x": -2.927050424261779e-08,
            "y": 1.8769640064419946e-08,
            "z": -0.0004759311559610069
        },
        "vehicle_throttle": 0.0,
        "unique_collisions": 1,
        "solid_lane_crosses": 0,
        "double_solid_lane_crosses": 0
    },
    {
        "game_time": 31.487174367532134,
        "vehicle_location": {
            "x": -31.9162654876709,
            "y": 196.46609497070312,
            "z": -0.03759971633553505
        },
        "vehicle_velocity": {
            "x": 5.7845642942311315e-08,
            "y": -5.8731348673290995e-09,
            "z": 0.0005369567661546171
        },
        "vehicle_throttle": 0.0,
        "unique_collisions": 1,
        "solid_lane_crosses": 0,
        "double_solid_lane_crosses": 0
    },
    {
        "game_time": 32.53391201980412,
        "vehicle_location": {
            "x": -31.9162654876709,
            "y": 196.46609497070312,
            "z": -0.0376092903316021
        },
        "vehicle_velocity": {
            "x": 6.745673353236725e-09,
            "y": 3.70443338226778e-08,
            "z": -0.0010794257977977395
        },
        "vehicle_throttle": 0.0,
        "unique_collisions": 1,
        "solid_lane_crosses": 0,
        "double_solid_lane_crosses": 0
    },
    {
        "game_time": 33.53634420223534,
        "vehicle_location": {
            "x": -31.9162654876709,
            "y": 196.46609497070312,
            "z": -0.03759738802909851
        },
        "vehicle_velocity": {
            "x": 1.5694487487394326e-08,
            "y": -4.331207392738179e-09,
            "z": 0.00042835710337385535
        },
        "vehicle_throttle": 0.0,
        "unique_collisions": 1,
        "solid_lane_crosses": 0,
        "double_solid_lane_crosses": 0
    },
    {
        "game_time": 34.56408772803843,
        "vehicle_location": {
            "x": -31.9162654876709,
            "y": 196.46609497070312,
            "z": -0.0375940315425396
        },
        "vehicle_velocity": {
            "x": 3.103907575408016e-09,
            "y": 1.1869630611727189e-08,
            "z": -0.00027739524375647306
        },
        "vehicle_throttle": 0.0,
        "unique_collisions": 1,
        "solid_lane_crosses": 0,
        "double_solid_lane_crosses": 0
    },
    {
        "game_time": 35.57033677306026,
        "vehicle_location": {
            "x": -31.9162654876709,
            "y": 196.46609497070312,
            "z": -0.03758849948644638
        },
        "vehicle_velocity": {
            "x": -1.228775090567069e-07,
            "y": 1.0482602874617442e-07,
            "z": -0.0006327724549919367
        },
        "vehicle_throttle": 0.0,
        "unique_collisions": 1,
        "solid_lane_crosses": 0,
        "double_solid_lane_crosses": 0
    },
    {
        "game_time": 36.60577415674925,
        "vehicle_location": {
            "x": -31.9162654876709,
            "y": 196.46609497070312,
            "z": -0.03756885603070259
        },
        "vehicle_velocity": {
            "x": -1.4610921539315314e-07,
            "y": 6.268145114063373e-09,
            "z": 0.00022018431627657264
        },
        "vehicle_throttle": 0.0,
        "unique_collisions": 1,
        "solid_lane_crosses": 0,
        "double_solid_lane_crosses": 0
    },
    {
        "game_time": 37.619649447500706,
        "vehicle_location": {
            "x": -31.9162654876709,
            "y": 196.46609497070312,
            "z": -0.03765358030796051
        },
        "vehicle_velocity": {
            "x": -4.755122873234541e-08,
            "y": 9.916439225321483e-09,
            "z": -0.0008838557987473905
        },
        "vehicle_throttle": 0.0,
        "unique_collisions": 1,
        "solid_lane_crosses": 0,
        "double_solid_lane_crosses": 0
    },
    {
        "game_time": 38.63144658692181,
        "vehicle_location": {
            "x": -31.9162654876709,
            "y": 196.46609497070312,
            "z": -0.037593115121126175
        },
        "vehicle_velocity": {
            "x": -3.971777573497093e-09,
            "y": -1.1013653322677897e-09,
            "z": 6.37388220638968e-05
        },
        "vehicle_throttle": 0.0,
        "unique_collisions": 1,
        "solid_lane_crosses": 0,
        "double_solid_lane_crosses": 0
    },
    {
        "game_time": 39.65965056885034,
        "vehicle_location": {
            "x": -31.9162654876709,
            "y": 196.46609497070312,
            "z": -0.03756137937307358
        },
        "vehicle_velocity": {
            "x": 2.7259469348450693e-08,
            "y": 5.836027217043238e-09,
            "z": 0.00018505095795262605
        },
        "vehicle_throttle": 0.0,
        "unique_collisions": 1,
        "solid_lane_crosses": 0,
        "double_solid_lane_crosses": 0
    },
    {
        "game_time": 40.66528370324522,
        "vehicle_location": {
            "x": -31.9162654876709,
            "y": 196.46609497070312,
            "z": -0.03755485266447067
        },
        "vehicle_velocity": {
            "x": 1.8266158363644536e-08,
            "y": 3.6522504132108224e-08,
            "z": -0.0002793598105199635
        },
        "vehicle_throttle": 0.0,
        "unique_collisions": 1,
        "solid_lane_crosses": 0,
        "double_solid_lane_crosses": 0
    },
    {
        "game_time": 41.67745153512806,
        "vehicle_location": {
            "x": -31.9162654876709,
            "y": 196.46609497070312,
            "z": -0.037594716995954514
        },
        "vehicle_velocity": {
            "x": -1.3797371423152072e-07,
            "y": 1.4916677670839817e-08,
            "z": 9.420871356269345e-05
        },
        "vehicle_throttle": 0.0,
        "unique_collisions": 1,
        "solid_lane_crosses": 0,
        "double_solid_lane_crosses": 0
    },
    {
        "game_time": 42.70674166083336,
        "vehicle_location": {
            "x": -31.9162654876709,
            "y": 196.46609497070312,
            "z": -0.03758025914430618
        },
        "vehicle_velocity": {
            "x": 3.925928382386701e-08,
            "y": 6.884616876590144e-09,
            "z": -3.9434431528206915e-05
        },
        "vehicle_throttle": 0.0,
        "unique_collisions": 1,
        "solid_lane_crosses": 0,
        "double_solid_lane_crosses": 0
    },
    {
        "game_time": 43.72047689091414,
        "vehicle_location": {
            "x": -31.9162654876709,
            "y": 196.46609497070312,
            "z": -0.037597961723804474
        },
        "vehicle_velocity": {
            "x": 1.3712669222343266e-08,
            "y": -7.920118783033558e-09,
            "z": 0.0005157851846888661
        },
        "vehicle_throttle": 0.0,
        "unique_collisions": 1,
        "solid_lane_crosses": 0,
        "double_solid_lane_crosses": 0
    },
    {
        "game_time": 44.72683357540518,
        "vehicle_location": {
            "x": -31.9162654876709,
            "y": 196.46609497070312,
            "z": -0.03761543333530426
        },
        "vehicle_velocity": {
            "x": -8.49761647714331e-08,
            "y": 3.0048859400721994e-08,
            "z": -0.0005626487545669079
        },
        "vehicle_throttle": 0.0,
        "unique_collisions": 1,
        "solid_lane_crosses": 0,
        "double_solid_lane_crosses": 0
    },
    {
        "game_time": 45.77513587847352,
        "vehicle_location": {
            "x": -31.9162654876709,
            "y": 196.46609497070312,
            "z": -0.03757907822728157
        },
        "vehicle_velocity": {
            "x": 1.2997837472994433e-08,
            "y": 1.635822322043623e-08,
            "z": -0.00031896590371616185
        },
        "vehicle_throttle": 0.0,
        "unique_collisions": 1,
        "solid_lane_crosses": 0,
        "double_solid_lane_crosses": 0
    },
    {
        "game_time": 46.7878717565909,
        "vehicle_location": {
            "x": -31.9162654876709,
            "y": 196.46609497070312,
            "z": -0.037564389407634735
        },
        "vehicle_velocity": {
            "x": 5.8380699385907064e-08,
            "y": 3.2521509041316676e-08,
            "z": -0.0005701446207240224
        },
        "vehicle_throttle": 0.0,
        "unique_collisions": 1,
        "solid_lane_crosses": 0,
        "double_solid_lane_crosses": 0
    },
    {
        "game_time": 47.80319094005972,
        "vehicle_location": {
            "x": -31.9162654876709,
            "y": 196.46609497070312,
            "z": -0.03759731352329254
        },
        "vehicle_velocity": {
            "x": -6.532075502718726e-08,
            "y": 5.409574121983951e-09,
            "z": 0.00011211395030841231
        },
        "vehicle_throttle": 0.0,
        "unique_collisions": 1,
        "solid_lane_crosses": 0,
        "double_solid_lane_crosses": 0
    },
    {
        "game_time": 48.84203492105007,
        "vehicle_location": {
            "x": -31.9162654876709,
            "y": 196.46609497070312,
            "z": -0.03759002685546875
        },
        "vehicle_velocity": {
            "x": 1.7607456825885492e-08,
            "y": -1.2247890701644337e-08,
            "z": 0.0006892394740134478
        },
        "vehicle_throttle": 0.0,
        "unique_collisions": 1,
        "solid_lane_crosses": 0,
        "double_solid_lane_crosses": 0
    },
    {
        "game_time": 49.870597439818084,
        "vehicle_location": {
            "x": -31.9162654876709,
            "y": 196.46609497070312,
            "z": -0.037569351494312286
        },
        "vehicle_velocity": {
            "x": -3.355392408366242e-08,
            "y": 2.757087613769471e-10,
            "z": -1.5182495189947076e-05
        },
        "vehicle_throttle": 0.0,
        "unique_collisions": 1,
        "solid_lane_crosses": 0,
        "double_solid_lane_crosses": 0
    },
    {
        "game_time": 50.9228276675567,
        "vehicle_location": {
            "x": -31.9162654876709,
            "y": 196.46609497070312,
            "z": -0.03761543333530426
        },
        "vehicle_velocity": {
            "x": 2.806521948173213e-08,
            "y": -9.86500037214455e-09,
            "z": 0.0005352115258574486
        },
        "vehicle_throttle": 0.0,
        "unique_collisions": 1,
        "solid_lane_crosses": 0,
        "double_solid_lane_crosses": 0
    },
    {
        "game_time": 51.95818026922643,
        "vehicle_location": {
            "x": -31.9162654876709,
            "y": 196.46609497070312,
            "z": -0.03759189695119858
        },
        "vehicle_velocity": {
            "x": -3.5267964104690464e-09,
            "y": 6.465908253261432e-09,
            "z": 9.377479000249878e-05
        },
        "vehicle_throttle": 0.0,
        "unique_collisions": 1,
        "solid_lane_crosses": 0,
        "double_solid_lane_crosses": 0
    },
    {
        "game_time": 52.9689864423126,
        "vehicle_location": {
            "x": -31.9162654876709,
            "y": 196.46609497070312,
            "z": -0.037570495158433914
        },
        "vehicle_velocity": {
            "x": 5.0838369958228213e-08,
            "y": 1.4276749560337976e-08,
            "z": -0.00019268989854026586
        },
        "vehicle_throttle": 0.0,
        "unique_collisions": 1,
        "solid_lane_crosses": 0,
        "double_solid_lane_crosses": 0
    },
    {
        "game_time": 53.99986328277737,
        "vehicle_location": {
            "x": -31.9162654876709,
            "y": 196.46609497070312,
            "z": -0.037590064108371735
        },
        "vehicle_velocity": {
            "x": -1.3373725948895299e-07,
            "y": 2.5915721124647462e-08,
            "z": -0.000558290455956012
        },
        "vehicle_throttle": 0.0,
        "unique_collisions": 1,
        "solid_lane_crosses": 0,
        "double_solid_lane_crosses": 0
    },
    {
        "game_time": 55.012445385567844,
        "vehicle_location": {
            "x": -31.9162654876709,
            "y": 196.46609497070312,
            "z": -0.03760513290762901
        },
        "vehicle_velocity": {
            "x": 1.2640614954761986e-07,
            "y": -8.868518364124611e-08,
            "z": 0.0001615047367522493
        },
        "vehicle_throttle": 0.0,
        "unique_collisions": 1,
        "solid_lane_crosses": 0,
        "double_solid_lane_crosses": 0
    },
    {
        "game_time": 56.06095540151,
        "vehicle_location": {
            "x": -31.9162654876709,
            "y": 196.46609497070312,
            "z": -0.037562981247901917
        },
        "vehicle_velocity": {
            "x": -5.90047077864142e-09,
            "y": 9.87730452983726e-10,
            "z": 0.00013092518202029169
        },
        "vehicle_throttle": 0.0,
        "unique_collisions": 1,
        "solid_lane_crosses": 0,
        "double_solid_lane_crosses": 0
    },
    {
        "game_time": 57.09795059636235,
        "vehicle_location": {
            "x": -31.9162654876709,
            "y": 196.46609497070312,
            "z": -0.03762843832373619
        },
        "vehicle_velocity": {
            "x": -1.0044532672282003e-07,
            "y": 2.0591222948951327e-08,
            "z": -0.0006252097664400935
        },
        "vehicle_throttle": 0.0,
        "unique_collisions": 1,
        "solid_lane_crosses": 0,
        "double_solid_lane_crosses": 0
    },
    {
        "game_time": 58.11704409494996,
        "vehicle_location": {
            "x": -31.9162654876709,
            "y": 196.46609497070312,
            "z": -0.037592045962810516
        },
        "vehicle_velocity": {
            "x": 6.807440389167141e-09,
            "y": -2.3946901350768712e-08,
            "z": 0.0009793901117518544
        },
        "vehicle_throttle": 0.0,
        "unique_collisions": 1,
        "solid_lane_crosses": 0,
        "double_solid_lane_crosses": 0
    },
    {
        "game_time": 59.15871355868876,
        "vehicle_location": {
            "x": -31.9162654876709,
            "y": 196.46609497070312,
            "z": -0.037568703293800354
        },
        "vehicle_velocity": {
            "x": -1.2664553139529744e-07,
            "y": 5.394211743947608e-09,
            "z": 0.00027581691392697394
        },
        "vehicle_throttle": 0.0,
        "unique_collisions": 1,
        "solid_lane_crosses": 0,
        "double_solid_lane_crosses": 0
    },
    {
        "game_time": 60.17954039108008,
        "vehicle_location": {
            "x": -31.9162654876709,
            "y": 196.46609497070312,
            "z": -0.03757037967443466
        },
        "vehicle_velocity": {
            "x": 3.1326944593956796e-08,
            "y": -2.4284812383257304e-08,
            "z": -1.1968612852797378e-05
        },
        "vehicle_throttle": 0.0,
        "unique_collisions": 1,
        "solid_lane_crosses": 0,
        "double_solid_lane_crosses": 0
    },
    {
        "game_time": 61.24533309414983,
        "vehicle_location": {
            "x": -31.9162654876709,
            "y": 196.46609497070312,
            "z": -0.037658002227544785
        },
        "vehicle_velocity": {
            "x": -1.3097779572035506e-07,
            "y": 2.7060281126978225e-08,
            "z": -0.0005239391466602683
        },
        "vehicle_throttle": 0.0,
        "unique_collisions": 1,
        "solid_lane_crosses": 0,
        "double_solid_lane_crosses": 0
    },
    {
        "game_time": 62.27611666917801,
        "vehicle_location": {
            "x": -31.9162654876709,
            "y": 196.46609497070312,
            "z": -0.03755359724164009
        },
        "vehicle_velocity": {
            "x": 1.605315844699362e-07,
            "y": -5.226019617055044e-09,
            "z": -0.00010456085146870464
        },
        "vehicle_throttle": 0.0,
        "unique_collisions": 1,
        "solid_lane_crosses": 0,
        "double_solid_lane_crosses": 0
    },
    {
        "game_time": 63.28510051313788,
        "vehicle_location": {
            "x": -31.9162654876709,
            "y": 196.46609497070312,
            "z": -0.037566374987363815
        },
        "vehicle_velocity": {
            "x": -1.2322011855303572e-07,
            "y": 1.1172533120884509e-08,
            "z": 0.0001577997172717005
        },
        "vehicle_throttle": 0.0,
        "unique_collisions": 1,
        "solid_lane_crosses": 0,
        "double_solid_lane_crosses": 0
    },
    {
        "game_time": 64.30864591058344,
        "vehicle_location": {
            "x": -31.9162654876709,
            "y": 196.46609497070312,
            "z": -0.037592850625514984
        },
        "vehicle_velocity": {
            "x": -3.376010582201161e-08,
            "y": 3.285170890876543e-08,
            "z": 0.0005795383476652205
        },
        "vehicle_throttle": 0.0,
        "unique_collisions": 1,
        "solid_lane_crosses": 0,
        "double_solid_lane_crosses": 0
    },
    {
        "game_time": 65.3197010140866,
        "vehicle_location": {
            "x": -31.9162654876709,
            "y": 196.46609497070312,
            "z": -0.03759441152215004
        },
        "vehicle_velocity": {
            "x": 3.6610494191791076e-08,
            "y": -1.0565625707670279e-08,
            "z": 0.000601487117819488
        },
        "vehicle_throttle": 0.0,
        "unique_collisions": 1,
        "solid_lane_crosses": 0,
        "double_solid_lane_crosses": 0
    },
    {
        "game_time": 66.32863438036293,
        "vehicle_location": {
            "x": -31.9162654876709,
            "y": 196.46609497070312,
            "z": -0.0376461036503315
        },
        "vehicle_velocity": {
            "x": -1.5069828407376917e-07,
            "y": 3.541070370260968e-08,
            "z": -0.0007149791345000267
        },
        "vehicle_throttle": 0.0,
        "unique_collisions": 1,
        "solid_lane_crosses": 0,
        "double_solid_lane_crosses": 0
    },
    {
        "game_time": 67.35044629406184,
        "vehicle_location": {
            "x": -31.9162654876709,
            "y": 196.46609497070312,
            "z": -0.0375651940703392
        },
        "vehicle_velocity": {
            "x": -2.987472669246927e-08,
            "y": -1.5077686654763056e-08,
            "z": 0.0003581476048566401
        },
        "vehicle_throttle": 0.0,
        "unique_collisions": 1,
        "solid_lane_crosses": 0,
        "double_solid_lane_crosses": 0
    },
    {
        "game_time": 68.3553436147049,
        "vehicle_location": {
            "x": -31.9162654876709,
            "y": 196.46609497070312,
            "z": -0.03760528564453125
        },
        "vehicle_velocity": {
            "x": 2.738283821912546e-09,
            "y": 9.801246037000055e-09,
            "z": -0.00022685050498694181
        },
        "vehicle_throttle": 0.0,
        "unique_collisions": 1,
        "solid_lane_crosses": 0,
        "double_solid_lane_crosses": 0
    },
    {
        "game_time": 69.38237792253494,
        "vehicle_location": {
            "x": -31.9162654876709,
            "y": 196.46609497070312,
            "z": -0.037572018802165985
        },
        "vehicle_velocity": {
            "x": -1.7936598872836385e-09,
            "y": 3.237234125208488e-08,
            "z": -0.0002036762161878869
        },
        "vehicle_throttle": 0.0,
        "unique_collisions": 1,
        "solid_lane_crosses": 0,
        "double_solid_lane_crosses": 0
    },
    {
        "game_time": 70.42638352885842,
        "vehicle_location": {
            "x": -31.9162654876709,
            "y": 196.46609497070312,
            "z": -0.03760082274675369
        },
        "vehicle_velocity": {
            "x": 2.4967502554318344e-07,
            "y": -1.2134439941746678e-07,
            "z": 0.0003769683826249093
        },
        "vehicle_throttle": 0.0,
        "unique_collisions": 1,
        "solid_lane_crosses": 0,
        "double_solid_lane_crosses": 0
    },
    {
        "game_time": 71.44320832844824,
        "vehicle_location": {
            "x": -31.9162654876709,
            "y": 196.46609497070312,
            "z": -0.03758956864476204
        },
        "vehicle_velocity": {
            "x": -5.3558868451375474e-09,
            "y": -2.8611565894287594e-10,
            "z": -0.0006344127468764782
        },
        "vehicle_throttle": 0.0,
        "unique_collisions": 1,
        "solid_lane_crosses": 0,
        "double_solid_lane_crosses": 0
    },
    {
        "game_time": 72.47326685115695,
        "vehicle_location": {
            "x": -31.9162654876709,
            "y": 196.46609497070312,
            "z": -0.03759677708148956
        },
        "vehicle_velocity": {
            "x": 1.2463692655728664e-07,
            "y": -1.0024849927958712e-07,
            "z": -6.4563751038804185e-06
        },
        "vehicle_throttle": 0.0,
        "unique_collisions": 1,
        "solid_lane_crosses": 0,
        "double_solid_lane_crosses": 0
    },
    {
        "game_time": 73.52442882955074,
        "vehicle_location": {
            "x": -31.9162654876709,
            "y": 196.46609497070312,
            "z": -0.03759372606873512
        },
        "vehicle_velocity": {
            "x": 8.699017683966304e-08,
            "y": 3.333485310008655e-08,
            "z": -0.000290107709588483
        },
        "vehicle_throttle": 0.0,
        "unique_collisions": 1,
        "solid_lane_crosses": 0,
        "double_solid_lane_crosses": 0
    },
    {
        "game_time": 74.54617174249142,
        "vehicle_location": {
            "x": -31.9162654876709,
            "y": 196.46609497070312,
            "z": -0.03755905106663704
        },
        "vehicle_velocity": {
            "x": -4.502223038826969e-09,
            "y": -5.001434821849671e-09,
            "z": 0.00025581836234778166
        },
        "vehicle_throttle": 0.0,
        "unique_collisions": 1,
        "solid_lane_crosses": 0,
        "double_solid_lane_crosses": 0
    },
    {
        "game_time": 75.57528730202466,
        "vehicle_location": {
            "x": -31.9162654876709,
            "y": 196.46609497070312,
            "z": -0.037553444504737854
        },
        "vehicle_velocity": {
            "x": -1.331810750571094e-07,
            "y": 1.5756983273718106e-08,
            "z": 0.00013689040497411042
        },
        "vehicle_throttle": 0.0,
        "unique_collisions": 1,
        "solid_lane_crosses": 0,
        "double_solid_lane_crosses": 0
    },
    {
        "game_time": 76.62133742403239,
        "vehicle_location": {
            "x": -31.9162654876709,
            "y": 196.46609497070312,
            "z": -0.0375991053879261
        },
        "vehicle_velocity": {
            "x": -1.6129455104874069e-07,
            "y": 5.500973898620032e-09,
            "z": 0.00021054266835562885
        },
        "vehicle_throttle": 0.0,
        "unique_collisions": 1,
        "solid_lane_crosses": 0,
        "double_solid_lane_crosses": 0
    },
    {
        "game_time": 77.63697839621454,
        "vehicle_location": {
            "x": -31.9162654876709,
            "y": 196.46609497070312,
            "z": -0.037587545812129974
        },
        "vehicle_velocity": {
            "x": -1.284810764445865e-07,
            "y": 1.3897619943747941e-08,
            "z": 0.0003055858542211354
        },
        "vehicle_throttle": 0.0,
        "unique_collisions": 1,
        "solid_lane_crosses": 0,
        "double_solid_lane_crosses": 0
    },
    {
        "game_time": 78.68412448372692,
        "vehicle_location": {
            "x": -31.9162654876709,
            "y": 196.46609497070312,
            "z": -0.03756561130285263
        },
        "vehicle_velocity": {
            "x": -4.7201055508594436e-08,
            "y": 5.254641166629881e-08,
            "z": 0.0007199382525868714
        },
        "vehicle_throttle": 0.0,
        "unique_collisions": 1,
        "solid_lane_crosses": 0,
        "double_solid_lane_crosses": 0
    },
    {
        "game_time": 79.72039887215942,
        "vehicle_location": {
            "x": -31.9162654876709,
            "y": 196.46609497070312,
            "z": -0.03760303556919098
        },
        "vehicle_velocity": {
            "x": -1.1025326784874778e-07,
            "y": 4.4514347763424666e-08,
            "z": -0.0008732413989491761
        },
        "vehicle_throttle": 0.0,
        "unique_collisions": 1,
        "solid_lane_crosses": 0,
        "double_solid_lane_crosses": 0
    },
    {
        "game_time": 80.76216006092727,
        "vehicle_location": {
            "x": -31.9162654876709,
            "y": 196.46609497070312,
            "z": -0.0375838465988636
        },
        "vehicle_velocity": {
            "x": 1.0090211333135812e-08,
            "y": -2.532309473224359e-09,
            "z": 2.9244421966723166e-05
        },
        "vehicle_throttle": 0.0,
        "unique_collisions": 1,
        "solid_lane_crosses": 0,
        "double_solid_lane_crosses": 0
    },
    {
        "game_time": 81.79276742227376,
        "vehicle_location": {
            "x": -31.9162654876709,
            "y": 196.46609497070312,
            "z": -0.037588346749544144
        },
        "vehicle_velocity": {
            "x": -1.4614674626045598e-07,
            "y": 1.6419184234450768e-08,
            "z": 5.576133480644785e-05
        },
        "vehicle_throttle": 0.0,
        "unique_collisions": 1,
        "solid_lane_crosses": 0,
        "double_solid_lane_crosses": 0
    },
    {
        "game_time": 82.83343807701021,
        "vehicle_location": {
            "x": -31.9162654876709,
            "y": 196.46609497070312,
            "z": -0.0375831201672554
        },
        "vehicle_velocity": {
            "x": -1.7761266235538642e-08,
            "y": 1.1126363830271657e-08,
            "z": -0.0001930618309415877
        },
        "vehicle_throttle": 0.0,
        "unique_collisions": 1,
        "solid_lane_crosses": 0,
        "double_solid_lane_crosses": 0
    },
    {
        "game_time": 83.8610224314034,
        "vehicle_location": {
            "x": -31.9162654876709,
            "y": 196.46609497070312,
            "z": -0.03760448470711708
        },
        "vehicle_velocity": {
            "x": -1.159602973643814e-07,
            "y": 9.420970670248607e-09,
            "z": 0.0003948592930100858
        },
        "vehicle_throttle": 0.0,
        "unique_collisions": 1,
        "solid_lane_crosses": 0,
        "double_solid_lane_crosses": 0
    },
    {
        "game_time": 84.88876921776682,
        "vehicle_location": {
            "x": -31.9162654876709,
            "y": 196.46609497070312,
            "z": -0.037567365914583206
        },
        "vehicle_velocity": {
            "x": -1.9291177011382388e-07,
            "y": 4.4743210025899316e-08,
            "z": 0.0009140348411165178
        },
        "vehicle_throttle": 0.0,
        "unique_collisions": 1,
        "solid_lane_crosses": 0,
        "double_solid_lane_crosses": 0
    },
    {
        "game_time": 85.93186151701957,
        "vehicle_location": {
            "x": -31.9162654876709,
            "y": 196.46609497070312,
            "z": -0.03757980093359947
        },
        "vehicle_velocity": {
            "x": 3.474040610740303e-08,
            "y": -5.152395399221632e-09,
            "z": 0.0003554487193468958
        },
        "vehicle_throttle": 0.0,
        "unique_collisions": 1,
        "solid_lane_crosses": 0,
        "double_solid_lane_crosses": 0
    },
    {
        "game_time": 86.943961603567,
        "vehicle_location": {
            "x": -31.9162654876709,
            "y": 196.46609497070312,
            "z": -0.037584226578474045
        },
        "vehicle_velocity": {
            "x": -2.4574864809778774e-08,
            "y": -1.5326040880836445e-08,
            "z": 0.0006695461343042552
        },
        "vehicle_throttle": 0.0,
        "unique_collisions": 1,
        "solid_lane_crosses": 0,
        "double_solid_lane_crosses": 0
    },
    {
        "game_time": 87.95368644222617,
        "vehicle_location": {
            "x": -31.9162654876709,
            "y": 196.46609497070312,
            "z": -0.03757693991065025
        },
        "vehicle_velocity": {
            "x": -1.506699760511765e-07,
            "y": 8.20572498838601e-09,
            "z": -1.872062603069935e-05
        },
        "vehicle_throttle": 0.0,
        "unique_collisions": 1,
        "solid_lane_crosses": 0,
        "double_solid_lane_crosses": 0
    },
    {
        "game_time": 88.98715736810118,
        "vehicle_location": {
            "x": -31.9162654876709,
            "y": 196.46609497070312,
            "z": -0.037609364837408066
        },
        "vehicle_velocity": {
            "x": 1.269675351522892e-07,
            "y": -3.5249284047189633e-10,
            "z": -2.2554397219209932e-05
        },
        "vehicle_throttle": 0.0,
        "unique_collisions": 1,
        "solid_lane_crosses": 0,
        "double_solid_lane_crosses": 0
    },
    {
        "game_time": 89.98824030999094,
        "vehicle_location": {
            "x": -31.9162654876709,
            "y": 196.46609497070312,
            "z": -0.03759155049920082
        },
        "vehicle_velocity": {
            "x": 8.058117728637626e-09,
            "y": -3.9000049412152293e-08,
            "z": 0.0011703920317813754
        },
        "vehicle_throttle": 0.0,
        "unique_collisions": 1,
        "solid_lane_crosses": 0,
        "double_solid_lane_crosses": 0
    },
    {
        "game_time": 91.02202866505831,
        "vehicle_location": {
            "x": -31.9162654876709,
            "y": 196.46609497070312,
            "z": -0.0376032255589962
        },
        "vehicle_velocity": {
            "x": 2.2398598531481184e-08,
            "y": 2.0590720239965776e-09,
            "z": -3.306865619379096e-05
        },
        "vehicle_throttle": 0.0,
        "unique_collisions": 1,
        "solid_lane_crosses": 0,
        "double_solid_lane_crosses": 0
    },
    {
        "game_time": 92.04270717967302,
        "vehicle_location": {
            "x": -31.9162654876709,
            "y": 196.46609497070312,
            "z": -0.03761829435825348
        },
        "vehicle_velocity": {
            "x": 2.127057108225472e-08,
            "y": -2.6228658356330925e-08,
            "z": 0.0009703206596896052
        },
        "vehicle_throttle": 0.0,
        "unique_collisions": 1,
        "solid_lane_crosses": 0,
        "double_solid_lane_crosses": 0
    },
    {
        "game_time": 93.0698709199205,
        "vehicle_location": {
            "x": -31.9162654876709,
            "y": 196.46609497070312,
            "z": -0.037626150995492935
        },
        "vehicle_velocity": {
            "x": -1.9933618489176297e-07,
            "y": 7.359436438036937e-08,
            "z": 0.00014511584595311433
        },
        "vehicle_throttle": 0.0,
        "unique_collisions": 1,
        "solid_lane_crosses": 0,
        "double_solid_lane_crosses": 0
    },
    {
        "game_time": 94.10317490343004,
        "vehicle_location": {
            "x": -31.9162654876709,
            "y": 196.46609497070312,
            "z": -0.03757293522357941
        },
        "vehicle_velocity": {
            "x": -1.957500650462407e-08,
            "y": 3.443169660499734e-08,
            "z": 0.00017745017248671502
        },
        "vehicle_throttle": 0.0,
        "unique_collisions": 1,
        "solid_lane_crosses": 0,
        "double_solid_lane_crosses": 0
    },
    {
        "game_time": 95.1479875324294,
        "vehicle_location": {
            "x": -31.9162654876709,
            "y": 196.46609497070312,
            "z": -0.03758640214800835
        },
        "vehicle_velocity": {
            "x": 1.0820226492569418e-07,
            "y": -1.0222912294466369e-07,
            "z": 9.993075946113095e-05
        },
        "vehicle_throttle": 0.0,
        "unique_collisions": 1,
        "solid_lane_crosses": 0,
        "double_solid_lane_crosses": 0
    },
    {
        "game_time": 96.17009449191391,
        "vehicle_location": {
            "x": -31.9162654876709,
            "y": 196.46609497070312,
            "z": -0.03757484257221222
        },
        "vehicle_velocity": {
            "x": 5.982650375102594e-09,
            "y": -9.223669827918002e-09,
            "z": 0.0003464174224063754
        },
        "vehicle_throttle": 0.0,
        "unique_collisions": 1,
        "solid_lane_crosses": 0,
        "double_solid_lane_crosses": 0
    },
    {
        "game_time": 97.1737952241674,
        "vehicle_location": {
            "x": -31.9162654876709,
            "y": 196.46609497070312,
            "z": -0.037590332329273224
        },
        "vehicle_velocity": {
            "x": 1.1978015024283195e-08,
            "y": -1.114920489264648e-09,
            "z": 0.0004368543450254947
        },
        "vehicle_throttle": 0.0,
        "unique_collisions": 1,
        "solid_lane_crosses": 0,
        "double_solid_lane_crosses": 0
    },
    {
        "game_time": 98.20545238722116,
        "vehicle_location": {
            "x": -31.9162654876709,
            "y": 196.46609497070312,
            "z": -0.03754871338605881
        },
        "vehicle_velocity": {
            "x": 2.248515507119464e-08,
            "y": 8.20800227785412e-09,
            "z": -0.00014591217041015625
        },
        "vehicle_throttle": 0.0,
        "unique_collisions": 1,
        "solid_lane_crosses": 0,
        "double_solid_lane_crosses": 0
    },
    {
        "game_time": 99.25422329548746,
        "vehicle_location": {
            "x": -31.9162654876709,
            "y": 196.46609497070312,
            "z": -0.0375928096473217
        },
        "vehicle_velocity": {
            "x": 0.0,
            "y": 0.0,
            "z": 0.0
        },
        "vehicle_throttle": 0.0,
        "unique_collisions": 1,
        "solid_lane_crosses": 0,
        "double_solid_lane_crosses": 0
    },
    {
        "game_time": 100.30347091704607,
        "vehicle_location": {
            "x": -31.9162654876709,
            "y": 196.46609497070312,
            "z": -0.03758537024259567
        },
        "vehicle_velocity": {
            "x": -1.49479433275701e-07,
            "y": 2.7253035383978386e-08,
            "z": -0.00026775358128361404
        },
        "vehicle_throttle": 0.0,
        "unique_collisions": 1,
        "solid_lane_crosses": 0,
        "double_solid_lane_crosses": 0
    },
    {
        "game_time": 101.3469033902511,
        "vehicle_location": {
            "x": -31.9162654876709,
            "y": 196.46609497070312,
            "z": -0.03756801411509514
        },
        "vehicle_velocity": {
            "x": -1.2578311725519598e-09,
            "y": 2.7196078722369066e-10,
            "z": -4.8208235057245474e-06
        },
        "vehicle_throttle": 0.75,
        "unique_collisions": 1,
        "solid_lane_crosses": 0,
        "double_solid_lane_crosses": 0
    },
    {
        "game_time": 102.35621348582208,
        "vehicle_location": {
            "x": -32.113590240478516,
            "y": 197.25669860839844,
            "z": -0.038434948772192
        },
        "vehicle_velocity": {
            "x": -0.9115018248558044,
            "y": 1.575024962425232,
            "z": 0.00020961760310456157
        },
        "vehicle_throttle": 0.75,
        "unique_collisions": 1,
        "solid_lane_crosses": 0,
        "double_solid_lane_crosses": 0
    },
    {
        "game_time": 103.37761195376515,
        "vehicle_location": {
            "x": -33.89846420288086,
            "y": 198.97433471679688,
            "z": -0.03749258071184158
        },
        "vehicle_velocity": {
            "x": -3.542379140853882,
            "y": 0.757252037525177,
            "z": 1.963615432032384e-05
        },
        "vehicle_throttle": 0.75,
        "unique_collisions": 1,
        "solid_lane_crosses": 0,
        "double_solid_lane_crosses": 0
    },
    {
        "game_time": 104.4095490546897,
        "vehicle_location": {
            "x": -37.83269119262695,
            "y": 197.73312377929688,
            "z": -0.03780847787857056
        },
        "vehicle_velocity": {
            "x": -3.329535961151123,
            "y": -4.740997314453125,
            "z": 0.0005488586029969156
        },
        "vehicle_throttle": 0.0,
        "unique_collisions": 1,
        "solid_lane_crosses": 0,
        "double_solid_lane_crosses": 0
    },
    {
        "game_time": 105.4295879388228,
        "vehicle_location": {
            "x": -40.910667419433594,
            "y": 194.11578369140625,
            "z": -0.03575294837355614
        },
        "vehicle_velocity": {
            "x": -3.8484814167022705,
            "y": -1.696460247039795,
            "z": -0.0036535596009343863
        },
        "vehicle_throttle": 0.75,
        "unique_collisions": 2,
        "solid_lane_crosses": 0,
        "double_solid_lane_crosses": 0
    },
    {
        "game_time": 106.46085274685174,
        "vehicle_location": {
            "x": -45.80605697631836,
            "y": 193.27630615234375,
            "z": -0.03620755299925804
        },
        "vehicle_velocity": {
            "x": -5.033758640289307,
            "y": -1.2427457571029663,
            "z": 9.740829409565777e-05
        },
        "vehicle_throttle": 0.75,
        "unique_collisions": 2,
        "solid_lane_crosses": 0,
        "double_solid_lane_crosses": 0
    },
    {
        "game_time": 107.5108552314341,
        "vehicle_location": {
            "x": -50.52688217163086,
            "y": 192.02325439453125,
            "z": -0.03872760757803917
        },
        "vehicle_velocity": {
            "x": -4.7602219581604,
            "y": -1.7331875562667847,
            "z": 0.0027968978974968195
        },
        "vehicle_throttle": 0.75,
        "unique_collisions": 2,
        "solid_lane_crosses": 0,
        "double_solid_lane_crosses": 0
    },
    {
        "game_time": 108.5530330631882,
        "vehicle_location": {
            "x": -55.6088752746582,
            "y": 189.86813354492188,
            "z": -0.037947043776512146
        },
        "vehicle_velocity": {
            "x": -4.602465629577637,
            "y": -2.518429756164551,
            "z": 0.00017763137293513864
        },
        "vehicle_throttle": 0.75,
        "unique_collisions": 2,
        "solid_lane_crosses": 0,
        "double_solid_lane_crosses": 0
    },
    {
        "game_time": 109.55317111779004,
        "vehicle_location": {
            "x": -59.80899429321289,
            "y": 187.17385864257812,
            "z": -0.037320706993341446
        },
        "vehicle_velocity": {
            "x": -3.595200777053833,
            "y": -2.733074188232422,
            "z": 0.0007913684821687639
        },
        "vehicle_throttle": 0.75,
        "unique_collisions": 2,
        "solid_lane_crosses": 0,
        "double_solid_lane_crosses": 0
    },
    {
        "game_time": 110.57687619607896,
        "vehicle_location": {
            "x": -63.79369354248047,
            "y": 183.6385040283203,
            "z": -0.0356757752597332
        },
        "vehicle_velocity": {
            "x": -3.435908317565918,
            "y": -3.765385627746582,
            "z": -5.184173642192036e-05
        },
        "vehicle_throttle": 0.75,
        "unique_collisions": 2,
        "solid_lane_crosses": 0,
        "double_solid_lane_crosses": 0
    },
    {
        "game_time": 111.57911462616175,
        "vehicle_location": {
            "x": -66.66959381103516,
            "y": 180.2346954345703,
            "z": -0.03869869187474251
        },
        "vehicle_velocity": {
            "x": -2.777716636657715,
            "y": -3.7353532314300537,
            "z": -2.7580261303228326e-05
        },
        "vehicle_throttle": 0.75,
        "unique_collisions": 2,
        "solid_lane_crosses": 0,
        "double_solid_lane_crosses": 0
    },
    {
        "game_time": 112.5898483293131,
        "vehicle_location": {
            "x": -69.5411148071289,
            "y": 175.75143432617188,
            "z": -0.03521686792373657
        },
        "vehicle_velocity": {
            "x": -2.210829973220825,
            "y": -4.309678077697754,
            "z": -0.0015320777893066406
        },
        "vehicle_throttle": 0.75,
        "unique_collisions": 2,
        "solid_lane_crosses": 0,
        "double_solid_lane_crosses": 0
    },
    {
        "game_time": 113.64138745237142,
        "vehicle_location": {
            "x": -71.46007537841797,
            "y": 171.65945434570312,
            "z": -0.038989219814538956
        },
        "vehicle_velocity": {
            "x": -1.8111662864685059,
            "y": -4.452983379364014,
            "z": 0.0004001998750027269
        },
        "vehicle_throttle": 0.75,
        "unique_collisions": 2,
        "solid_lane_crosses": 0,
        "double_solid_lane_crosses": 0
    },
    {
        "game_time": 114.70833441521972,
        "vehicle_location": {
            "x": -73.18408966064453,
            "y": 166.35987854003906,
            "z": -0.03428463265299797
        },
        "vehicle_velocity": {
            "x": -0.8953545689582825,
            "y": -4.353399753570557,
            "z": -0.02384544350206852
        },
        "vehicle_throttle": 0.75,
        "unique_collisions": 2,
        "solid_lane_crosses": 0,
        "double_solid_lane_crosses": 0
    },
    {
        "game_time": 115.7504217447713,
        "vehicle_location": {
            "x": -73.97598266601562,
            "y": 161.87741088867188,
            "z": -0.038975220173597336
        },
        "vehicle_velocity": {
            "x": -0.46503517031669617,
            "y": -5.033609867095947,
            "z": 0.003190283663570881
        },
        "vehicle_throttle": 0.75,
        "unique_collisions": 2,
        "solid_lane_crosses": 0,
        "double_solid_lane_crosses": 0
    },
    {
        "game_time": 116.7598172640428,
        "vehicle_location": {
            "x": -74.38479614257812,
            "y": 156.6494598388672,
            "z": -0.03486515209078789
        },
        "vehicle_velocity": {
            "x": -0.189187690615654,
            "y": -4.031007766723633,
            "z": -0.0005351733998395503
        },
        "vehicle_throttle": 0.75,
        "unique_collisions": 2,
        "solid_lane_crosses": 0,
        "double_solid_lane_crosses": 0
    },
    {
        "game_time": 117.78854885604233,
        "vehicle_location": {
            "x": -74.51898956298828,
            "y": 152.1956329345703,
            "z": -0.03880256414413452
        },
        "vehicle_velocity": {
            "x": -0.11365099996328354,
            "y": -5.061593055725098,
            "z": 0.0017999934498220682
        },
        "vehicle_throttle": 0.75,
        "unique_collisions": 2,
        "solid_lane_crosses": 0,
        "double_solid_lane_crosses": 0
    },
    {
        "game_time": 118.8072743890807,
        "vehicle_location": {
            "x": -74.53817749023438,
            "y": 146.9541473388672,
            "z": -0.03416568785905838
        },
        "vehicle_velocity": {
            "x": 0.16981880366802216,
            "y": -3.9658665657043457,
            "z": 0.007187766954302788
        },
        "vehicle_throttle": 0.75,
        "unique_collisions": 2,
        "solid_lane_crosses": 0,
        "double_solid_lane_crosses": 0
    },
    {
        "game_time": 119.8637666804716,
        "vehicle_location": {
            "x": -73.78373718261719,
            "y": 142.42491149902344,
            "z": -0.02982163429260254
        },
        "vehicle_velocity": {
            "x": 2.0182178020477295,
            "y": -4.614515781402588,
            "z": 0.0011227988870814443
        },
        "vehicle_throttle": 0.75,
        "unique_collisions": 2,
        "solid_lane_crosses": 0,
        "double_solid_lane_crosses": 0
    },
    {
        "game_time": 120.90930716041476,
        "vehicle_location": {
            "x": -70.74588012695312,
            "y": 138.21888732910156,
            "z": -0.021914366632699966
        },
        "vehicle_velocity": {
            "x": 3.1534950733184814,
            "y": -2.474733352661133,
            "z": -0.0013621615944430232
        },
        "vehicle_throttle": 0.75,
        "unique_collisions": 2,
        "solid_lane_crosses": 0,
        "double_solid_lane_crosses": 0
    },
    {
        "game_time": 121.98550658021122,
        "vehicle_location": {
            "x": -66.1966323852539,
            "y": 136.44241333007812,
            "z": -0.037852250039577484
        },
        "vehicle_velocity": {
            "x": 5.580447196960449,
            "y": -1.2602059841156006,
            "z": -0.008201394230127335
        },
        "vehicle_throttle": 0.75,
        "unique_collisions": 2,
        "solid_lane_crosses": 0,
        "double_solid_lane_crosses": 0
    },
    {
        "game_time": 123.02413192111999,
        "vehicle_location": {
            "x": -61.22622299194336,
            "y": 135.71368408203125,
            "z": -0.037207793444395065
        },
        "vehicle_velocity": {
            "x": 4.061501502990723,
            "y": -0.26171454787254333,
            "z": 0.0002046966546913609
        },
        "vehicle_throttle": 0.75,
        "unique_collisions": 2,
        "solid_lane_crosses": 0,
        "double_solid_lane_crosses": 0
    },
    {
        "game_time": 124.0792135046795,
        "vehicle_location": {
            "x": -56.02475357055664,
            "y": 135.3883514404297,
            "z": -0.03955875709652901
        },
        "vehicle_velocity": {
            "x": 5.957110404968262,
            "y": -0.15822292864322662,
            "z": -0.0001860046322690323
        },
        "vehicle_throttle": 0.0,
        "unique_collisions": 2,
        "solid_lane_crosses": 0,
        "double_solid_lane_crosses": 0
    },
    {
        "game_time": 125.12022238690406,
        "vehicle_location": {
            "x": -51.33082962036133,
            "y": 135.19598388671875,
            "z": -0.038181036710739136
        },
        "vehicle_velocity": {
            "x": 4.126218318939209,
            "y": -0.08893503248691559,
            "z": 0.0004136371426284313
        },
        "vehicle_throttle": 0.75,
        "unique_collisions": 2,
        "solid_lane_crosses": 0,
        "double_solid_lane_crosses": 0
    },
    {
        "game_time": 126.14517192635685,
        "vehicle_location": {
            "x": -46.17793273925781,
            "y": 135.0436553955078,
            "z": -0.03832397237420082
        },
        "vehicle_velocity": {
            "x": 5.710543155670166,
            "y": -0.12271472811698914,
            "z": -6.267547723837197e-05
        },
        "vehicle_throttle": 0.0,
        "unique_collisions": 2,
        "solid_lane_crosses": 0,
        "double_solid_lane_crosses": 0
    },
    {
        "game_time": 127.16748015861958,
        "vehicle_location": {
            "x": -41.450008392333984,
            "y": 134.92098999023438,
            "z": -0.03842262178659439
        },
        "vehicle_velocity": {
            "x": 4.529541492462158,
            "y": -0.1092902421951294,
            "z": -0.0002127265906892717
        },
        "vehicle_throttle": 0.75,
        "unique_collisions": 2,
        "solid_lane_crosses": 0,
        "double_solid_lane_crosses": 0
    },
    {
        "game_time": 128.17148017790169,
        "vehicle_location": {
            "x": -36.210777282714844,
            "y": 134.7946319580078,
            "z": -0.03538746014237404
        },
        "vehicle_velocity": {
            "x": 4.936234951019287,
            "y": -0.11663094162940979,
            "z": -0.0020552442874759436
        },
        "vehicle_throttle": 0.75,
        "unique_collisions": 2,
        "solid_lane_crosses": 0,
        "double_solid_lane_crosses": 0
    },
    {
        "game_time": 129.22797852102667,
        "vehicle_location": {
            "x": -31.4381103515625,
            "y": 134.68357849121094,
            "z": -0.038906972855329514
        },
        "vehicle_velocity": {
            "x": 4.90950870513916,
            "y": -0.11367353796958923,
            "z": 0.0004687738255597651
        },
        "vehicle_throttle": 0.75,
        "unique_collisions": 2,
        "solid_lane_crosses": 0,
        "double_solid_lane_crosses": 0
    },
    {
        "game_time": 130.29285353515297,
        "vehicle_location": {
            "x": -26.84317970275879,
            "y": 134.5781707763672,
            "z": -0.03204827383160591
        },
        "vehicle_velocity": {
            "x": 1.7232396602630615,
            "y": -0.03941979631781578,
            "z": 0.00020092009799554944
        },
        "vehicle_throttle": 0.0,
        "unique_collisions": 2,
        "solid_lane_crosses": 0,
        "double_solid_lane_crosses": 0
    },
    {
        "game_time": 131.32808600831777,
        "vehicle_location": {
            "x": -26.594778060913086,
            "y": 134.5723876953125,
            "z": -0.0375402458012104
        },
        "vehicle_velocity": {
            "x": -1.4831945918558631e-05,
            "y": 6.906784051352588e-07,
            "z": -8.481025724904612e-05
        },
        "vehicle_throttle": 0.0,
        "unique_collisions": 2,
        "solid_lane_crosses": 0,
        "double_solid_lane_crosses": 0
    },
    {
        "game_time": 132.36842053104192,
        "vehicle_location": {
            "x": -26.594770431518555,
            "y": 134.5723876953125,
            "z": -0.03759189695119858
        },
        "vehicle_velocity": {
            "x": -3.150375960103702e-09,
            "y": 1.375989455709714e-07,
            "z": -0.00015344619168899953
        },
        "vehicle_throttle": 0.0,
        "unique_collisions": 2,
        "solid_lane_crosses": 0,
        "double_solid_lane_crosses": 0
    },
    {
        "game_time": 133.42477874550968,
        "vehicle_location": {
            "x": -26.594770431518555,
            "y": 134.5723876953125,
            "z": -0.0375482551753521
        },
        "vehicle_velocity": {
            "x": 6.715469424989351e-08,
            "y": -6.7815868476373e-09,
            "z": 0.00014277457376010716
        },
        "vehicle_throttle": 0.0,
        "unique_collisions": 2,
        "solid_lane_crosses": 0,
        "double_solid_lane_crosses": 0
    },
    {
        "game_time": 134.45262726116925,
        "vehicle_location": {
            "x": -26.594770431518555,
            "y": 134.5723876953125,
            "z": -0.03757850453257561
        },
        "vehicle_velocity": {
            "x": -9.116944532649995e-09,
            "y": -1.8945098645417602e-07,
            "z": -2.388000393693801e-05
        },
        "vehicle_throttle": 0.0,
        "unique_collisions": 2,
        "solid_lane_crosses": 0,
        "double_solid_lane_crosses": 0
    },
    {
        "game_time": 135.52646476682276,
        "vehicle_location": {
            "x": -26.594770431518555,
            "y": 134.5723876953125,
            "z": -0.03757797181606293
        },
        "vehicle_velocity": {
            "x": -2.0013279922181937e-08,
            "y": 1.286763477992281e-07,
            "z": -7.495879799535032e-06
        },
        "vehicle_throttle": 0.0,
        "unique_collisions": 2,
        "solid_lane_crosses": 0,
        "double_solid_lane_crosses": 0
    },
    {
        "game_time": 136.5790725229308,
        "vehicle_location": {
            "x": -26.594770431518555,
            "y": 134.5723876953125,
            "z": -0.03758129104971886
        },
        "vehicle_velocity": {
            "x": 1.6350560905209477e-09,
            "y": -8.592263611717499e-08,
            "z": -7.626533624716103e-05
        },
        "vehicle_throttle": 0.0,
        "unique_collisions": 2,
        "solid_lane_crosses": 0,
        "double_solid_lane_crosses": 0
    },
    {
        "game_time": 137.63112064544111,
        "vehicle_location": {
            "x": -26.594770431518555,
            "y": 134.5723876953125,
            "z": -0.03754157945513725
        },
        "vehicle_velocity": {
            "x": -4.175351975277408e-08,
            "y": -5.25890300195897e-08,
            "z": -0.00022381781309377402
        },
        "vehicle_throttle": 0.0,
        "unique_collisions": 2,
        "solid_lane_crosses": 0,
        "double_solid_lane_crosses": 0
    },
    {
        "game_time": 138.7053074678406,
        "vehicle_location": {
            "x": -26.594770431518555,
            "y": 134.5723876953125,
            "z": -0.03759521245956421
        },
        "vehicle_velocity": {
            "x": -1.2350160005780708e-08,
            "y": -7.094004050856029e-09,
            "z": 4.4374464778229594e-05
        },
        "vehicle_throttle": 0.0,
        "unique_collisions": 2,
        "solid_lane_crosses": 0,
        "double_solid_lane_crosses": 0
    },
    {
        "game_time": 139.77395930606872,
        "vehicle_location": {
            "x": -26.594770431518555,
            "y": 134.5723876953125,
            "z": -0.03757026419043541
        },
        "vehicle_velocity": {
            "x": 3.3383319220092744e-08,
            "y": -7.117378686416487e-08,
            "z": 0.0004051160649396479
        },
        "vehicle_throttle": 0.0,
        "unique_collisions": 2,
        "solid_lane_crosses": 0,
        "double_solid_lane_crosses": 0
    },
    {
        "game_time": 140.84205385949463,
        "vehicle_location": {
            "x": -26.594770431518555,
            "y": 134.5723876953125,
            "z": -0.03757213428616524
        },
        "vehicle_velocity": {
            "x": 1.250952852416276e-08,
            "y": 4.901581363014884e-08,
            "z": 0.0003809404151979834
        },
        "vehicle_throttle": 0.0,
        "unique_collisions": 2,
        "solid_lane_crosses": 0,
        "double_solid_lane_crosses": 0
    },
    {
        "game_time": 141.85111476201564,
        "vehicle_location": {
            "x": -26.594770431518555,
            "y": 134.5723876953125,
            "z": -0.03761695697903633
        },
        "vehicle_velocity": {
            "x": -6.675289654367589e-08,
            "y": -1.9009462448593695e-08,
            "z": 7.249831833178177e-05
        },
        "vehicle_throttle": 0.0,
        "unique_collisions": 2,
        "solid_lane_crosses": 0,
        "double_solid_lane_crosses": 0
    },
    {
        "game_time": 142.85470984037966,
        "vehicle_location": {
            "x": -26.594770431518555,
            "y": 134.5723876953125,
            "z": -0.03757781907916069
        },
        "vehicle_velocity": {
            "x": -3.835183548517307e-08,
            "y": 6.581390721294156e-08,
            "z": 7.386207289528102e-05
        },
        "vehicle_throttle": 0.0,
        "unique_collisions": 2,
        "solid_lane_crosses": 0,
        "double_solid_lane_crosses": 0
    },
    {
        "game_time": 143.89269720669836,
        "vehicle_location": {
            "x": -26.594770431518555,
            "y": 134.5723876953125,
            "z": -0.037585027515888214
        },
        "vehicle_velocity": {
            "x": 1.0719554133231668e-08,
            "y": -5.662804891670703e-09,
            "z": -0.0005375194596126676
        },
        "vehicle_throttle": 0.0,
        "unique_collisions": 2,
        "solid_lane_crosses": 0,
        "double_solid_lane_crosses": 0
    },
    {
        "game_time": 144.94160847272724,
        "vehicle_location": {
            "x": -26.594770431518555,
            "y": 134.5723876953125,
            "z": -0.037612684071063995
        },
        "vehicle_velocity": {
            "x": -6.98918123376302e-09,
            "y": 1.2043303243558512e-08,
            "z": 1.753807009663433e-05
        },
        "vehicle_throttle": 0.0,
        "unique_collisions": 2,
        "solid_lane_crosses": 0,
        "double_solid_lane_crosses": 0
    },
    {
        "game_time": 145.97045650985092,
        "vehicle_location": {
            "x": -26.594770431518555,
            "y": 134.5723876953125,
            "z": -0.0375942587852478
        },
        "vehicle_velocity": {
            "x": 7.064974028025972e-08,
            "y": -2.979543012315844e-08,
            "z": -0.0006513309199362993
        },
        "vehicle_throttle": 0.0,
        "unique_collisions": 2,
        "solid_lane_crosses": 0,
        "double_solid_lane_crosses": 0
    },
    {
        "game_time": 147.0220277821645,
        "vehicle_location": {
            "x": -26.594770431518555,
            "y": 134.5723876953125,
            "z": -0.03760223463177681
        },
        "vehicle_velocity": {
            "x": -3.9207161961485326e-08,
            "y": -1.0265236660700339e-08,
            "z": 0.0002781772636808455
        },
        "vehicle_throttle": 0.0,
        "unique_collisions": 2,
        "solid_lane_crosses": 0,
        "double_solid_lane_crosses": 0
    },
    {
        "game_time": 148.0654589915648,
        "vehicle_location": {
            "x": -26.594770431518555,
            "y": 134.5723876953125,
            "z": -0.037573203444480896
        },
        "vehicle_velocity": {
            "x": -1.8496406184453917e-08,
            "y": 2.8683416530839168e-08,
            "z": 0.00037178516504354775
        },
        "vehicle_throttle": 0.0,
        "unique_collisions": 2,
        "solid_lane_crosses": 0,
        "double_solid_lane_crosses": 0
    },
    {
        "game_time": 149.09457351733,
        "vehicle_location": {
            "x": -26.594770431518555,
            "y": 134.5723876953125,
            "z": -0.03758182376623154
        },
        "vehicle_velocity": {
            "x": -3.5957885557991176e-08,
            "y": -1.7418375364286476e-07,
            "z": -0.0005736255552619696
        },
        "vehicle_throttle": 0.0,
        "unique_collisions": 2,
        "solid_lane_crosses": 0,
        "double_solid_lane_crosses": 0
    },
    {
        "game_time": 150.1218250086531,
        "vehicle_location": {
            "x": -26.594770431518555,
            "y": 134.5723876953125,
            "z": -0.037560347467660904
        },
        "vehicle_velocity": {
            "x": 3.86556777698388e-08,
            "y": -2.6747491332912432e-08,
            "z": -4.107952190679498e-05
        },
        "vehicle_throttle": 0.0,
        "unique_collisions": 2,
        "solid_lane_crosses": 0,
        "double_solid_lane_crosses": 0
    },
    {
        "game_time": 151.15771657880396,
        "vehicle_location": {
            "x": -26.594770431518555,
            "y": 134.5723876953125,
            "z": -0.03754794970154762
        },
        "vehicle_velocity": {
            "x": 1.7170789234910444e-08,
            "y": -1.0940482297883136e-07,
            "z": 0.0003263473336119205
        },
        "vehicle_throttle": 0.0,
        "unique_collisions": 2,
        "solid_lane_crosses": 0,
        "double_solid_lane_crosses": 0
    },
    {
        "game_time": 152.25174018274993,
        "vehicle_location": {
            "x": -26.594770431518555,
            "y": 134.5723876953125,
            "z": -0.037610892206430435
        },
        "vehicle_velocity": {
            "x": 5.2582322496164124e-08,
            "y": -5.8147183068513186e-08,
            "z": -5.3691863286076114e-05
        },
        "vehicle_throttle": 0.0,
        "unique_collisions": 2,
        "solid_lane_crosses": 0,
        "double_solid_lane_crosses": 0
    },
    {
        "game_time": 153.26425177324563,
        "vehicle_location": {
            "x": -26.594770431518555,
            "y": 134.5723876953125,
            "z": -0.03752967715263367
        },
        "vehicle_velocity": {
            "x": -6.869877466897378e-08,
            "y": -1.607613420162579e-08,
            "z": 0.00015234947204589844
        },
        "vehicle_throttle": 0.0,
        "unique_collisions": 2,
        "solid_lane_crosses": 0,
        "double_solid_lane_crosses": 0
    },
    {
        "game_time": 154.2694114567712,
        "vehicle_location": {
            "x": -26.594770431518555,
            "y": 134.5723876953125,
            "z": -0.0375707633793354
        },
        "vehicle_velocity": {
            "x": -6.558673049106289e-10,
            "y": 4.317727686498074e-08,
            "z": -0.00014099120744504035
        },
        "vehicle_throttle": 0.0,
        "unique_collisions": 2,
        "solid_lane_crosses": 0,
        "double_solid_lane_crosses": 0
    },
    {
        "game_time": 155.279069297947,
        "vehicle_location": {
            "x": -25.83904457092285,
            "y": 134.55516052246094,
            "z": -0.039253804832696915
        },
        "vehicle_velocity": {
            "x": 1.7651689052581787,
            "y": -0.040348585695028305,
            "z": 0.00028110979474149644
        },
        "vehicle_throttle": 0.75,
        "unique_collisions": 2,
        "solid_lane_crosses": 0,
        "double_solid_lane_crosses": 0
    },
    {
        "game_time": 156.3041367577389,
        "vehicle_location": {
            "x": -23.05088233947754,
            "y": 134.4916534423828,
            "z": -0.03921974077820778
        },
        "vehicle_velocity": {
            "x": 3.7095372676849365,
            "y": -0.08416543155908585,
            "z": 0.00011084079596912488
        },
        "vehicle_throttle": 0.75,
        "unique_collisions": 2,
        "solid_lane_crosses": 0,
        "double_solid_lane_crosses": 0
    },
    {
        "game_time": 157.36215773690492,
        "vehicle_location": {
            "x": -18.088045120239258,
            "y": 134.6326141357422,
            "z": -0.039471715688705444
        },
        "vehicle_velocity": {
            "x": 5.696449279785156,
            "y": 1.137507438659668,
            "z": -0.000546145427506417
        },
        "vehicle_throttle": 0.0,
        "unique_collisions": 2,
        "solid_lane_crosses": 0,
        "double_solid_lane_crosses": 0
    },
    {
        "game_time": 158.37591984402388,
        "vehicle_location": {
            "x": -13.727235794067383,
            "y": 136.60523986816406,
            "z": -0.037385981529951096
        },
        "vehicle_velocity": {
            "x": 3.2480993270874023,
            "y": 2.8645448684692383,
            "z": 0.0002638149308040738
        },
        "vehicle_throttle": 0.75,
        "unique_collisions": 2,
        "solid_lane_crosses": 0,
        "double_solid_lane_crosses": 0
    },
    {
        "game_time": 159.43359735701233,
        "vehicle_location": {
            "x": -10.963715553283691,
            "y": 141.02699279785156,
            "z": -0.035957999527454376
        },
        "vehicle_velocity": {
            "x": 1.1781286001205444,
            "y": 5.0522141456604,
            "z": -0.00014125346206128597
        },
        "vehicle_throttle": 0.43331611156463623,
        "unique_collisions": 2,
        "solid_lane_crosses": 0,
        "double_solid_lane_crosses": 0
    },
    {
        "game_time": 160.45628567039967,
        "vehicle_location": {
            "x": -10.013124465942383,
            "y": 146.28550720214844,
            "z": -0.03534115105867386
        },
        "vehicle_velocity": {
            "x": 0.3849147856235504,
            "y": 4.608577251434326,
            "z": -0.0005873489426448941
        },
        "vehicle_throttle": 0.75,
        "unique_collisions": 2,
        "solid_lane_crosses": 0,
        "double_solid_lane_crosses": 0
    },
    {
        "game_time": 161.46503135561943,
        "vehicle_location": {
            "x": -9.66109561920166,
            "y": 151.0616912841797,
            "z": -0.03900489583611488
        },
        "vehicle_velocity": {
            "x": 0.30108052492141724,
            "y": 5.544526100158691,
            "z": -0.0004290676151867956
        },
        "vehicle_throttle": 0.75,
        "unique_collisions": 2,
        "solid_lane_crosses": 0,
        "double_solid_lane_crosses": 0
    },
    {
        "game_time": 162.49135268013924,
        "vehicle_location": {
            "x": -9.461136817932129,
            "y": 156.58729553222656,
            "z": -0.03862655535340309
        },
        "vehicle_velocity": {
            "x": 0.1333215832710266,
            "y": 5.593416213989258,
            "z": -4.391670245240675e-06
        },
        "vehicle_throttle": 0.0,
        "unique_collisions": 2,
        "solid_lane_crosses": 0,
        "double_solid_lane_crosses": 0
    },
    {
        "game_time": 163.51528596971184,
        "vehicle_location": {
            "x": -9.370660781860352,
            "y": 161.4811553955078,
            "z": -0.03862934187054634
        },
        "vehicle_velocity": {
            "x": 0.07634500414133072,
            "y": 4.852066993713379,
            "z": 0.0006634664605371654
        },
        "vehicle_throttle": 0.75,
        "unique_collisions": 2,
        "solid_lane_crosses": 0,
        "double_solid_lane_crosses": 0
    },
    {
        "game_time": 164.53524677734822,
        "vehicle_location": {
            "x": -9.308256149291992,
            "y": 166.8767547607422,
            "z": -0.036820486187934875
        },
        "vehicle_velocity": {
            "x": 0.049577951431274414,
            "y": 5.000283241271973,
            "z": 0.0002930927148554474
        },
        "vehicle_throttle": 0.75,
        "unique_collisions": 2,
        "solid_lane_crosses": 0,
        "double_solid_lane_crosses": 0
    },
    {
        "game_time": 165.55334216542542,
        "vehicle_location": {
            "x": -9.263701438903809,
            "y": 172.07452392578125,
            "z": -0.03598339110612869
        },
        "vehicle_velocity": {
            "x": 0.030761610716581345,
            "y": 4.385640621185303,
            "z": -0.00016380309534724802
        },
        "vehicle_throttle": 0.75,
        "unique_collisions": 2,
        "solid_lane_crosses": 0,
        "double_solid_lane_crosses": 0
    },
    {
        "game_time": 166.6034823646769,
        "vehicle_location": {
            "x": -9.224481582641602,
            "y": 177.4120635986328,
            "z": -0.038009148091077805
        },
        "vehicle_velocity": {
            "x": 0.037461183965206146,
            "y": 5.636566638946533,
            "z": -1.721382068353705e-05
        },
        "vehicle_throttle": 0.0,
        "unique_collisions": 2,
        "solid_lane_crosses": 0,
        "double_solid_lane_crosses": 0
    },
    {
        "game_time": 167.6275319159031,
        "vehicle_location": {
            "x": -9.195220947265625,
            "y": 182.1566162109375,
            "z": -0.0383571982383728
        },
        "vehicle_velocity": {
            "x": -0.08286458998918533,
            "y": 4.548022270202637,
            "z": 0.000488657911773771
        },
        "vehicle_throttle": 0.75,
        "unique_collisions": 2,
        "solid_lane_crosses": 0,
        "double_solid_lane_crosses": 0
    },
    {
        "game_time": 168.66954561695457,
        "vehicle_location": {
            "x": -9.5355224609375,
            "y": 187.54478454589844,
            "z": -0.035945821553468704
        },
        "vehicle_velocity": {
            "x": -1.0798454284667969,
            "y": 4.897073745727539,
            "z": 0.0011145115131512284
        },
        "vehicle_throttle": 0.75,
        "unique_collisions": 2,
        "solid_lane_crosses": 0,
        "double_solid_lane_crosses": 0
    },
    {
        "game_time": 169.68458215054125,
        "vehicle_location": {
            "x": -12.709842681884766,
            "y": 191.4152374267578,
            "z": -0.035907965153455734
        },
        "vehicle_velocity": {
            "x": -5.120192527770996,
            "y": 1.565198540687561,
            "z": 0.0005817603669129312
        },
        "vehicle_throttle": 0.3218447268009186,
        "unique_collisions": 2,
        "solid_lane_crosses": 0,
        "double_solid_lane_crosses": 0
    },
    {
        "game_time": 170.71440131496638,
        "vehicle_location": {
            "x": -17.425495147705078,
            "y": 192.8880615234375,
            "z": -0.03866558149456978
        },
        "vehicle_velocity": {
            "x": -4.891343593597412,
            "y": 1.5957061052322388,
            "z": 0.0014769935514777899
        },
        "vehicle_throttle": 0.75,
        "unique_collisions": 2,
        "solid_lane_crosses": 0,
        "double_solid_lane_crosses": 0
    },
    {
        "game_time": 171.73242970649153,
        "vehicle_location": {
            "x": -22.575956344604492,
            "y": 194.56085205078125,
            "z": -0.03829028829932213
        },
        "vehicle_velocity": {
            "x": -5.116029262542725,
            "y": 1.664976716041565,
            "z": -1.4657974134024698e-05
        },
        "vehicle_throttle": 0.75,
        "unique_collisions": 2,
        "solid_lane_crosses": 0,
        "double_solid_lane_crosses": 0
    },
    {
        "game_time": 172.76188068185002,
        "vehicle_location": {
            "x": -27.427377700805664,
            "y": 195.9466094970703,
            "z": -0.0378141775727272
        },
        "vehicle_velocity": {
            "x": -4.43442964553833,
            "y": 0.8633251786231995,
            "z": -0.00025267599266953766
        },
        "vehicle_throttle": 0.75,
        "unique_collisions": 2,
        "solid_lane_crosses": 0,
        "double_solid_lane_crosses": 0
    }
]