[
    {
        "game_time": 9.904291086830199,
        "vehicle_location": {
            "x": -32.40584945678711,
            "y": 194.05715942382812,
            "z": -0.0041259764693677425
        },
        "vehicle_velocity": {
            "x": 2.511662006378174,
            "y": 2.06589412689209,
            "z": 1.1987685866188258e-05
        },
        "vehicle_throttle": 0.75,
        "unique_collisions": 0,
        "solid_lane_crosses": 0,
        "double_solid_lane_crosses": 0
    },
    {
        "game_time": 10.972464171238244,
        "vehicle_location": {
            "x": -31.303184509277344,
            "y": 195.37339782714844,
            "z": 0.0023941039107739925
        },
        "vehicle_velocity": {
            "x": 0.2084313929080963,
            "y": 0.46775004267692566,
            "z": -0.02396801859140396
        },
        "vehicle_throttle": 0.75,
        "unique_collisions": 1,
        "solid_lane_crosses": 0,
        "double_solid_lane_crosses": 0
    },
    {
        "game_time": 11.979399027302861,
        "vehicle_location": {
            "x": -31.28561019897461,
            "y": 195.408203125,
            "z": -0.0008406066917814314
        },
        "vehicle_velocity": {
            "x": -0.0018502267776057124,
            "y": 0.0009604399674572051,
            "z": 0.002383446553722024
        },
        "vehicle_throttle": 0.0,
        "unique_collisions": 1,
        "solid_lane_crosses": 0,
        "double_solid_lane_crosses": 0
    },
    {
        "game_time": 13.030483110807836,
        "vehicle_location": {
            "x": -31.28487777709961,
            "y": 195.4059600830078,
            "z": -0.0006192016298882663
        },
        "vehicle_velocity": {
            "x": -0.001448832917958498,
            "y": -0.0006776579539291561,
            "z": 0.0004775817506015301
        },
        "vehicle_throttle": 0.0,
        "unique_collisions": 1,
        "solid_lane_crosses": 0,
        "double_solid_lane_crosses": 0
    },
    {
        "game_time": 14.071432969532907,
        "vehicle_location": {
            "x": -31.28492546081543,
            "y": 195.4051055908203,
            "z": -0.00047706603072583675
        },
        "vehicle_velocity": {
            "x": -0.000840194639749825,
            "y": -0.0007678397814743221,
            "z": -0.0018022130243480206
        },
        "vehicle_throttle": 0.0,
        "unique_collisions": 1,
        "solid_lane_crosses": 0,
        "double_solid_lane_crosses": 0
    },
    {
        "game_time": 15.147591794840991,
        "vehicle_location": {
            "x": -31.28530502319336,
            "y": 195.4044647216797,
            "z": -0.0004969024448655546
        },
        "vehicle_velocity": {
            "x": -3.7781966966576874e-05,
            "y": -0.00034919678000733256,
            "z": -0.0022772266529500484
        },
        "vehicle_throttle": 0.0,
        "unique_collisions": 1,
        "solid_lane_crosses": 0,
        "double_solid_lane_crosses": 0
    },
    {
        "game_time": 16.17207898851484,
        "vehicle_location": {
            "x": -31.285865783691406,
            "y": 195.404296875,
            "z": -0.0004670715134125203
        },
        "vehicle_velocity": {
            "x": -0.001233647228218615,
            "y": -0.0017507771262899041,
            "z": -8.943144348450005e-05
        },
        "vehicle_throttle": 0.0,
        "unique_collisions": 1,
        "solid_lane_crosses": 0,
        "double_solid_lane_crosses": 0
    },
    {
        "game_time": 17.213761826977134,
        "vehicle_location": {
            "x": -31.289005279541016,
            "y": 195.40689086914062,
            "z": -0.0007275390671566129
        },
        "vehicle_velocity": {
            "x": -0.0011753153521567583,
            "y": -0.00106308632530272,
            "z": 0.0006801408599130809
        },
        "vehicle_throttle": 0.0,
        "unique_collisions": 1,
        "solid_lane_crosses": 0,
        "double_solid_lane_crosses": 0
    },
    {
        "game_time": 18.25709542259574,
        "vehicle_location": {
            "x": -31.289947509765625,
            "y": 195.40708923339844,
            "z": -0.0006883239839226007
        },
        "vehicle_velocity": {
            "x": -0.0007153454935178161,
            "y": -0.0006498376606032252,
            "z": 4.0675513446331024e-05
        },
        "vehicle_throttle": 0.0,
        "unique_collisions": 1,
        "solid_lane_crosses": 0,
        "double_solid_lane_crosses": 0
    },
    {
        "game_time": 19.25871141254902,
        "vehicle_location": {
            "x": -31.29057502746582,
            "y": 195.4071807861328,
            "z": -0.0005004119593650103
        },
        "vehicle_velocity": {
            "x": -0.0015218653716146946,
            "y": -0.001589687541127205,
            "z": 0.0011091702617704868
        },
        "vehicle_throttle": 0.0,
        "unique_collisions": 1,
        "solid_lane_crosses": 0,
        "double_solid_lane_crosses": 0
    },
    {
        "game_time": 20.325735579244792,
        "vehicle_location": {
            "x": -31.29156494140625,
            "y": 195.40725708007812,
            "z": -0.0004788207879755646
        },
        "vehicle_velocity": {
            "x": -0.00173926108982414,
            "y": -0.0017371056601405144,
            "z": -0.00017960279365070164
        },
        "vehicle_throttle": 0.0,
        "unique_collisions": 1,
        "solid_lane_crosses": 0,
        "double_solid_lane_crosses": 0
    },
    {
        "game_time": 21.37794387154281,
        "vehicle_location": {
            "x": -31.292503356933594,
            "y": 195.40728759765625,
            "z": -0.0004998016520403326
        },
        "vehicle_velocity": {
            "x": -0.002113321330398321,
            "y": -0.0017877960344776511,
            "z": 0.0010977538768202066
        },
        "vehicle_throttle": 0.0,
        "unique_collisions": 1,
        "solid_lane_crosses": 0,
        "double_solid_lane_crosses": 0
    },
    {
        "game_time": 22.404910419136286,
        "vehicle_location": {
            "x": -31.293527603149414,
            "y": 195.4071807861328,
            "z": -0.0006479644798673689
        },
        "vehicle_velocity": {
            "x": -0.0012782291742041707,
            "y": -0.0008964927401393652,
            "z": 0.0011518214596435428
        },
        "vehicle_throttle": 0.0,
        "unique_collisions": 1,
        "solid_lane_crosses": 0,
        "double_solid_lane_crosses": 0
    }
]