[
    {
        "game_time": 6.638857735320926,
        "vehicle_location": {
            "x": 15.925681114196777,
            "y": 201.52667236328125,
            "z": -0.23957709968090057
        },
        "vehicle_velocity": {
            "x": 2.86741304397583,
            "y": -0.6637009978294373,
            "z": 0.004714346025139093
        },
        "vehicle_throttle": 0.75,
        "unique_collisions": 0,
        "solid_lane_crosses": 0,
        "double_solid_lane_crosses": 0
    },
    {
        "game_time": 7.654059885069728,
        "vehicle_location": {
            "x": 20.759138107299805,
            "y": 199.84629821777344,
            "z": -0.2365119904279709
        },
        "vehicle_velocity": {
            "x": 4.535267353057861,
            "y": -2.5843288898468018,
            "z": 9.927272913046181e-05
        },
        "vehicle_throttle": 0.48748815059661865,
        "unique_collisions": 0,
        "solid_lane_crosses": 0,
        "double_solid_lane_crosses": 0
    },
    {
        "game_time": 8.689224923960865,
        "vehicle_location": {
            "x": 25.10807228088379,
            "y": 196.41665649414062,
            "z": -0.23788394033908844
        },
        "vehicle_velocity": {
            "x": 3.802388906478882,
            "y": -4.354458808898926,
            "z": -5.418300497694872e-05
        },
        "vehicle_throttle": 0.0,
        "unique_collisions": 0,
        "solid_lane_crosses": 0,
        "double_solid_lane_crosses": 0
    },
    {
        "game_time": 9.715433145873249,
        "vehicle_location": {
            "x": 28.202049255371094,
            "y": 191.842529296875,
            "z": -0.23676975071430206
        },
        "vehicle_velocity": {
            "x": 2.1162919998168945,
            "y": -4.662076473236084,
            "z": -1.0766982995846774e-05
        },
        "vehicle_throttle": 0.75,
        "unique_collisions": 0,
        "solid_lane_crosses": 0,
        "double_solid_lane_crosses": 0
    },
    {
        "game_time": 10.751014319248497,
        "vehicle_location": {
            "x": 30.158056259155273,
            "y": 186.537353515625,
            "z": -0.2373943328857422
        },
        "vehicle_velocity": {
            "x": 1.1282051801681519,
            "y": -5.190055847167969,
            "z": 9.040832082973793e-06
        },
        "vehicle_throttle": 0.1730729639530182,
        "unique_collisions": 0,
        "solid_lane_crosses": 0,
        "double_solid_lane_crosses": 0
    },
    {
        "game_time": 11.792575382627547,
        "vehicle_location": {
            "x": 31.04229736328125,
            "y": 180.98287963867188,
            "z": -0.23809382319450378
        },
        "vehicle_velocity": {
            "x": 0.6107088327407837,
            "y": -5.811133861541748,
            "z": 1.5068053471622989e-05
        },
        "vehicle_throttle": 0.0,
        "unique_collisions": 0,
        "solid_lane_crosses": 0,
        "double_solid_lane_crosses": 0
    },
    {
        "game_time": 12.852780726738274,
        "vehicle_location": {
            "x": 31.36824607849121,
            "y": 175.20530700683594,
            "z": -0.2368009090423584
        },
        "vehicle_velocity": {
            "x": 0.15510225296020508,
            "y": -5.098308086395264,
            "z": 1.802444444365392e-06
        },
        "vehicle_throttle": 0.75,
        "unique_collisions": 0,
        "solid_lane_crosses": 0,
        "double_solid_lane_crosses": 0
    },
    {
        "game_time": 13.871235257945955,
        "vehicle_location": {
            "x": 31.473358154296875,
            "y": 169.73062133789062,
            "z": -0.23779098689556122
        },
        "vehicle_velocity": {
            "x": 0.07046449184417725,
            "y": -5.513675212860107,
            "z": 0.00033773420727811754
        },
        "vehicle_throttle": 0.75,
        "unique_collisions": 0,
        "solid_lane_crosses": 0,
        "double_solid_lane_crosses": 0
    },
    {
        "game_time": 14.930685964412987,
        "vehicle_location": {
            "x": 31.51737403869629,
            "y": 164.47677612304688,
            "z": -0.23753562569618225
        },
        "vehicle_velocity": {
            "x": 0.0259429719299078,
            "y": -4.317513942718506,
            "z": 0.00019061565399169922
        },
        "vehicle_throttle": 0.0,
        "unique_collisions": 0,
        "solid_lane_crosses": 0,
        "double_solid_lane_crosses": 0
    },
    {
        "game_time": 15.948743338696659,
        "vehicle_location": {
            "x": 31.53176498413086,
            "y": 160.71131896972656,
            "z": -0.23660968244075775
        },
        "vehicle_velocity": {
            "x": 0.01093102153390646,
            "y": -3.0680012702941895,
            "z": 3.481864769128151e-05
        },
        "vehicle_throttle": 0.75,
        "unique_collisions": 0,
        "solid_lane_crosses": 0,
        "double_solid_lane_crosses": 0
    },
    {
        "game_time": 16.95536685269326,
        "vehicle_location": {
            "x": 31.54062843322754,
            "y": 157.21241760253906,
            "z": -0.2386646270751953
        },
        "vehicle_velocity": {
            "x": 0.009308060631155968,
            "y": -4.1631879806518555,
            "z": -0.00013453482824843377
        },
        "vehicle_throttle": 0.0,
        "unique_collisions": 0,
        "solid_lane_crosses": 0,
        "double_solid_lane_crosses": 0
    },
    {
        "game_time": 17.999690623022616,
        "vehicle_location": {
            "x": 31.546754837036133,
            "y": 153.18460083007812,
            "z": -0.23864299058914185
        },
        "vehicle_velocity": {
            "x": 0.006493023596704006,
            "y": -5.272900104522705,
            "z": 0.0007647609454579651
        },
        "vehicle_throttle": 0.0,
        "unique_collisions": 0,
        "solid_lane_crosses": 0,
        "double_solid_lane_crosses": 0
    },
    {
        "game_time": 19.00098306965083,
        "vehicle_location": {
            "x": 31.55043601989746,
            "y": 149.12977600097656,
            "z": -0.23887035250663757
        },
        "vehicle_velocity": {
            "x": 0.0037603178061544895,
            "y": -4.751009941101074,
            "z": 2.956390380859375e-05
        },
        "vehicle_throttle": 0.0,
        "unique_collisions": 0,
        "solid_lane_crosses": 0,
        "double_solid_lane_crosses": 0
    },
    {
        "game_time": 20.017456077970564,
        "vehicle_location": {
            "x": 31.553180694580078,
            "y": 144.90390014648438,
            "z": -0.2371993213891983
        },
        "vehicle_velocity": {
            "x": 0.0022090524435043335,
            "y": -3.7674527168273926,
            "z": -0.0001041936848196201
        },
        "vehicle_throttle": 0.0,
        "unique_collisions": 0,
        "solid_lane_crosses": 0,
        "double_solid_lane_crosses": 0
    },
    {
        "game_time": 21.043494298122823,
        "vehicle_location": {
            "x": 31.55529022216797,
            "y": 140.89476013183594,
            "z": -0.23616500198841095
        },
        "vehicle_velocity": {
            "x": 0.0015511760720983148,
            "y": -3.1599578857421875,
            "z": 0.0003016614937223494
        },
        "vehicle_throttle": 0.75,
        "unique_collisions": 0,
        "solid_lane_crosses": 0,
        "double_solid_lane_crosses": 0
    },
    {
        "game_time": 22.104008349590003,
        "vehicle_location": {
            "x": 31.55712890625,
            "y": 136.90126037597656,
            "z": -0.23786014318466187
        },
        "vehicle_velocity": {
            "x": 0.001706719514913857,
            "y": -3.8859481811523438,
            "z": -0.0004325294285081327
        },
        "vehicle_throttle": 0.75,
        "unique_collisions": 0,
        "solid_lane_crosses": 0,
        "double_solid_lane_crosses": 0
    },
    {
        "game_time": 23.104124213568866,
        "vehicle_location": {
            "x": 31.558841705322266,
            "y": 132.93800354003906,
            "z": -0.23840361833572388
        },
        "vehicle_velocity": {
            "x": 0.001729605719447136,
            "y": -4.182366847991943,
            "z": -0.00046180724166333675
        },
        "vehicle_throttle": 0.0,
        "unique_collisions": 0,
        "solid_lane_crosses": 0,
        "double_solid_lane_crosses": 0
    },
    {
        "game_time": 24.12205554265529,
        "vehicle_location": {
            "x": 31.560434341430664,
            "y": 129.09552001953125,
            "z": -0.236860454082489
        },
        "vehicle_velocity": {
            "x": 0.001448803930543363,
            "y": -3.5568368434906006,
            "z": 0.0002720737538766116
        },
        "vehicle_throttle": 0.75,
        "unique_collisions": 0,
        "solid_lane_crosses": 0,
        "double_solid_lane_crosses": 0
    },
    {
        "game_time": 25.143092137761414,
        "vehicle_location": {
            "x": 31.561519622802734,
            "y": 126.43482208251953,
            "z": -0.2390175610780716
        },
        "vehicle_velocity": {
            "x": 0.0015077288262546062,
            "y": -3.7459895610809326,
            "z": -0.0005923747667111456
        },
        "vehicle_throttle": 0.0,
        "unique_collisions": 0,
        "solid_lane_crosses": 0,
        "double_solid_lane_crosses": 0
    },
    {
        "game_time": 26.15000295918435,
        "vehicle_location": {
            "x": 31.562944412231445,
            "y": 122.94871520996094,
            "z": -0.2367916852235794
        },
        "vehicle_velocity": {
            "x": 0.0012046342017129064,
            "y": -2.996166706085205,
            "z": 0.00033096311381086707
        },
        "vehicle_throttle": 0.75,
        "unique_collisions": 0,
        "solid_lane_crosses": 0,
        "double_solid_lane_crosses": 0
    },
    {
        "game_time": 27.174765675328672,
        "vehicle_location": {
            "x": 31.56441879272461,
            "y": 119.24903869628906,
            "z": -0.23726806044578552
        },
        "vehicle_velocity": {
            "x": 0.0014533331850543618,
            "y": -3.643341302871704,
            "z": 0.0003415822866372764
        },
        "vehicle_throttle": 0.75,
        "unique_collisions": 0,
        "solid_lane_crosses": 0,
        "double_solid_lane_crosses": 0
    },
    {
        "game_time": 28.21319202426821,
        "vehicle_location": {
            "x": 31.5660400390625,
            "y": 115.17871856689453,
            "z": -0.23858550190925598
        },
        "vehicle_velocity": {
            "x": 0.0017153018852695823,
            "y": -4.302972316741943,
            "z": -0.0001730632793623954
        },
        "vehicle_throttle": 0.0,
        "unique_collisions": 0,
        "solid_lane_crosses": 0,
        "double_solid_lane_crosses": 0
    },
    {
        "game_time": 29.245770656503737,
        "vehicle_location": {
            "x": 31.56757164001465,
            "y": 111.30744171142578,
            "z": -0.23711104691028595
        },
        "vehicle_velocity": {
            "x": 0.0014418514911085367,
            "y": -3.537832021713257,
            "z": -0.00011552810610737652
        },
        "vehicle_throttle": 0.75,
        "unique_collisions": 0,
        "solid_lane_crosses": 0,
        "double_solid_lane_crosses": 0
    },
    {
        "game_time": 30.308213089592755,
        "vehicle_location": {
            "x": 31.56279945373535,
            "y": 107.1279067993164,
            "z": -0.23740553855895996
        },
        "vehicle_velocity": {
            "x": -0.04394160211086273,
            "y": -3.5002033710479736,
            "z": 0.00019104480452369899
        },
        "vehicle_throttle": 0.0,
        "unique_collisions": 0,
        "solid_lane_crosses": 0,
        "double_solid_lane_crosses": 0
    },
    {
        "game_time": 31.348835633136332,
        "vehicle_location": {
            "x": 31.43035125732422,
            "y": 103.16683197021484,
            "z": -0.23772010207176208
        },
        "vehicle_velocity": {
            "x": -0.2760451138019562,
            "y": -4.347298622131348,
            "z": -0.00010611533798510209
        },
        "vehicle_throttle": 0.0,
        "unique_collisions": 0,
        "solid_lane_crosses": 0,
        "double_solid_lane_crosses": 0
    },
    {
        "game_time": 32.40785956103355,
        "vehicle_location": {
            "x": 30.393320083618164,
            "y": 98.19632720947266,
            "z": -0.23668688535690308
        },
        "vehicle_velocity": {
            "x": -1.8216891288757324,
            "y": -4.402883052825928,
            "z": -0.0018057441338896751
        },
        "vehicle_throttle": 0.0,
        "unique_collisions": 0,
        "solid_lane_crosses": 0,
        "double_solid_lane_crosses": 0
    },
    {
        "game_time": 33.4668590920046,
        "vehicle_location": {
            "x": 28.3165283203125,
            "y": 94.27326965332031,
            "z": -0.23709319531917572
        },
        "vehicle_velocity": {
            "x": -2.3984453678131104,
            "y": -2.8387672901153564,
            "z": 0.00023928641167003661
        },
        "vehicle_throttle": 0.0,
        "unique_collisions": 0,
        "solid_lane_crosses": 0,
        "double_solid_lane_crosses": 0
    },
    {
        "game_time": 34.54494603443891,
        "vehicle_location": {
            "x": 26.014694213867188,
            "y": 91.8909683227539,
            "z": -0.23711177706718445
        },
        "vehicle_velocity": {
            "x": -1.8003727197647095,
            "y": -1.434103012084961,
            "z": 2.3746490114717744e-05
        },
        "vehicle_throttle": 0.75,
        "unique_collisions": 0,
        "solid_lane_crosses": 0,
        "double_solid_lane_crosses": 0
    },
    {
        "game_time": 35.615059970878065,
        "vehicle_location": {
            "x": 23.205514907836914,
            "y": 90.076416015625,
            "z": -0.2381998747587204
        },
        "vehicle_velocity": {
            "x": -3.221766471862793,
            "y": -1.2834908962249756,
            "z": -0.0003727245202753693
        },
        "vehicle_throttle": 0.75,
        "unique_collisions": 0,
        "solid_lane_crosses": 0,
        "double_solid_lane_crosses": 0
    },
    {
        "game_time": 36.67944564577192,
        "vehicle_location": {
            "x": 19.632015228271484,
            "y": 88.99833679199219,
            "z": -0.23885218799114227
        },
        "vehicle_velocity": {
            "x": -4.102437496185303,
            "y": -0.7824438810348511,
            "z": -5.750655873271171e-06
        },
        "vehicle_throttle": 0.0,
        "unique_collisions": 0,
        "solid_lane_crosses": 0,
        "double_solid_lane_crosses": 0
    },
    {
        "game_time": 37.68211177084595,
        "vehicle_location": {
            "x": 14.72637939453125,
            "y": 88.424560546875,
            "z": -0.2376471310853958
        },
        "vehicle_velocity": {
            "x": -5.719482898712158,
            "y": -0.21213684976100922,
            "z": -0.000349931709934026
        },
        "vehicle_throttle": 0.0,
        "unique_collisions": 0,
        "solid_lane_crosses": 0,
        "double_solid_lane_crosses": 0
    },
    {
        "game_time": 38.68699890282005,
        "vehicle_location": {
            "x": 9.298219680786133,
            "y": 88.2069320678711,
            "z": -0.23657874763011932
        },
        "vehicle_velocity": {
            "x": -5.012951850891113,
            "y": -0.12239807844161987,
            "z": -8.294105646200478e-05
        },
        "vehicle_throttle": 0.75,
        "unique_collisions": 0,
        "solid_lane_crosses": 0,
        "double_solid_lane_crosses": 0
    },
    {
        "game_time": 39.75649119261652,
        "vehicle_location": {
            "x": 3.542603015899658,
            "y": 88.1199951171875,
            "z": -0.23800326883792877
        },
        "vehicle_velocity": {
            "x": -5.6295952796936035,
            "y": -0.057887155562639236,
            "z": 0.0002599525323603302
        },
        "vehicle_throttle": 0.5876370668411255,
        "unique_collisions": 0,
        "solid_lane_crosses": 0,
        "double_solid_lane_crosses": 0
    },
    {
        "game_time": 40.76232296321541,
        "vehicle_location": {
            "x": -2.0055301189422607,
            "y": 88.08478546142578,
            "z": -0.23735518753528595
        },
        "vehicle_velocity": {
            "x": -5.336983680725098,
            "y": -0.02495235577225685,
            "z": 8.754729606152978e-06
        },
        "vehicle_throttle": 0.0,
        "unique_collisions": 0,
        "solid_lane_crosses": 0,
        "double_solid_lane_crosses": 0
    },
    {
        "game_time": 41.80759512539953,
        "vehicle_location": {
            "x": -7.610265731811523,
            "y": 88.06597137451172,
            "z": -0.23715704679489136
        },
        "vehicle_velocity": {
            "x": -5.254703998565674,
            "y": -0.009033119305968285,
            "z": 3.8194657463463955e-06
        },
        "vehicle_throttle": 0.0,
        "unique_collisions": 0,
        "solid_lane_crosses": 0,
        "double_solid_lane_crosses": 0
    },
    {
        "game_time": 42.89990631584078,
        "vehicle_location": {
            "x": -10.866913795471191,
            "y": 88.05846405029297,
            "z": -0.23766043782234192
        },
        "vehicle_velocity": {
            "x": -1.7156809568405151,
            "y": -0.0038080397062003613,
            "z": 8.989333582576364e-05
        },
        "vehicle_throttle": 0.75,
        "unique_collisions": 0,
        "solid_lane_crosses": 0,
        "double_solid_lane_crosses": 0
    },
    {
        "game_time": 43.987601780332625,
        "vehicle_location": {
            "x": -11.810604095458984,
            "y": 88.05679321289062,
            "z": -0.23696014285087585
        },
        "vehicle_velocity": {
            "x": -0.001149265212006867,
            "y": 1.59997136961465e-06,
            "z": 9.933471301337704e-05
        },
        "vehicle_throttle": 0.0,
        "unique_collisions": 0,
        "solid_lane_crosses": 0,
        "double_solid_lane_crosses": 0
    },
    {
        "game_time": 44.995277556590736,
        "vehicle_location": {
            "x": -11.984865188598633,
            "y": 88.05651092529297,
            "z": -0.23780784010887146
        },
        "vehicle_velocity": {
            "x": -0.4722857177257538,
            "y": -0.0008727373788133264,
            "z": 9.590148692950606e-05
        },
        "vehicle_throttle": 0.0,
        "unique_collisions": 0,
        "solid_lane_crosses": 0,
        "double_solid_lane_crosses": 0
    },
    {
        "game_time": 46.02936542313546,
        "vehicle_location": {
            "x": -12.072930335998535,
            "y": 88.05642700195312,
            "z": -0.237613245844841
        },
        "vehicle_velocity": {
            "x": -0.0012083017500117421,
            "y": 1.964286411748617e-06,
            "z": -0.0003456115664448589
        },
        "vehicle_throttle": 0.75,
        "unique_collisions": 0,
        "solid_lane_crosses": 0,
        "double_solid_lane_crosses": 0
    },
    {
        "game_time": 47.04093986842781,
        "vehicle_location": {
            "x": -12.881657600402832,
            "y": 88.05486297607422,
            "z": -0.23865531384944916
        },
        "vehicle_velocity": {
            "x": -1.8327258825302124,
            "y": -0.0018849197076633573,
            "z": 0.0005056047230027616
        },
        "vehicle_throttle": 0.0,
        "unique_collisions": 0,
        "solid_lane_crosses": 0,
        "double_solid_lane_crosses": 0
    },
    {
        "game_time": 48.06161346193403,
        "vehicle_location": {
            "x": -15.203388214111328,
            "y": 88.05123138427734,
            "z": -0.23679690062999725
        },
        "vehicle_velocity": {
            "x": -2.427677631378174,
            "y": -0.0035188274923712015,
            "z": 0.0003223228268325329
        },
        "vehicle_throttle": 0.75,
        "unique_collisions": 0,
        "solid_lane_crosses": 0,
        "double_solid_lane_crosses": 0
    },
    {
        "game_time": 49.08513757493347,
        "vehicle_location": {
            "x": -18.123807907104492,
            "y": 88.04706573486328,
            "z": -0.2381037026643753
        },
        "vehicle_velocity": {
            "x": -2.805880308151245,
            "y": -0.003861010307446122,
            "z": 1.8582342818262987e-05
        },
        "vehicle_throttle": 0.0,
        "unique_collisions": 0,
        "solid_lane_crosses": 0,
        "double_solid_lane_crosses": 0
    },
    {
        "game_time": 50.16187962051481,
        "vehicle_location": {
            "x": -19.52182388305664,
            "y": 88.04519653320312,
            "z": -0.23670969903469086
        },
        "vehicle_velocity": {
            "x": -0.32220858335494995,
            "y": -0.00040935751167126,
            "z": 0.00021447657491080463
        },
        "vehicle_throttle": 0.0,
        "unique_collisions": 0,
        "solid_lane_crosses": 0,
        "double_solid_lane_crosses": 0
    },
    {
        "game_time": 51.16577970329672,
        "vehicle_location": {
            "x": -19.938663482666016,
            "y": 88.044677734375,
            "z": -0.23781055212020874
        },
        "vehicle_velocity": {
            "x": -0.27098533511161804,
            "y": -0.0003431894874665886,
            "z": -0.0001493453892180696
        },
        "vehicle_throttle": 0.0,
        "unique_collisions": 0,
        "solid_lane_crosses": 0,
        "double_solid_lane_crosses": 0
    },
    {
        "game_time": 52.22009367030114,
        "vehicle_location": {
            "x": -20.05592155456543,
            "y": 88.044677734375,
            "z": -0.2375640869140625
        },
        "vehicle_velocity": {
            "x": -0.0011209535878151655,
            "y": -8.836861411509744e-07,
            "z": -3.440856744418852e-05
        },
        "vehicle_throttle": 0.0,
        "unique_collisions": 0,
        "solid_lane_crosses": 0,
        "double_solid_lane_crosses": 0
    },
    {
        "game_time": 53.276485436595976,
        "vehicle_location": {
            "x": -20.055898666381836,
            "y": 88.044677734375,
            "z": -0.2375144213438034
        },
        "vehicle_velocity": {
            "x": -3.0545709250873188e-06,
            "y": 9.067586126398908e-10,
            "z": 0.00022539138444699347
        },
        "vehicle_throttle": 0.0,
        "unique_collisions": 0,
        "solid_lane_crosses": 0,
        "double_solid_lane_crosses": 0
    },
    {
        "game_time": 54.28003847878426,
        "vehicle_location": {
            "x": -20.055896759033203,
            "y": 88.044677734375,
            "z": -0.23757942020893097
        },
        "vehicle_velocity": {
            "x": 1.22906385069399e-09,
            "y": 7.58981233417444e-09,
            "z": -0.001021804753690958
        },
        "vehicle_throttle": 0.0,
        "unique_collisions": 0,
        "solid_lane_crosses": 0,
        "double_solid_lane_crosses": 0
    },
    {
        "game_time": 55.280297121964395,
        "vehicle_location": {
            "x": -20.055896759033203,
            "y": 88.044677734375,
            "z": -0.23760536313056946
        },
        "vehicle_velocity": {
            "x": -9.547594714831575e-09,
            "y": -2.145450217483358e-08,
            "z": -0.00025526047102175653
        },
        "vehicle_throttle": 0.0,
        "unique_collisions": 0,
        "solid_lane_crosses": 0,
        "double_solid_lane_crosses": 0
    },
    {
        "game_time": 56.29878430534154,
        "vehicle_location": {
            "x": -20.055896759033203,
            "y": 88.044677734375,
            "z": -0.2375606894493103
        },
        "vehicle_velocity": {
            "x": 8.70274696751494e-09,
            "y": 1.3404847010178855e-08,
            "z": -1.510620040789945e-05
        },
        "vehicle_throttle": 0.0,
        "unique_collisions": 0,
        "solid_lane_crosses": 0,
        "double_solid_lane_crosses": 0
    },
    {
        "game_time": 57.32661772239953,
        "vehicle_location": {
            "x": -20.055896759033203,
            "y": 88.044677734375,
            "z": -0.23765434324741364
        },
        "vehicle_velocity": {
            "x": 5.849273954083856e-09,
            "y": 5.62300694895157e-09,
            "z": 9.340285760117695e-05
        },
        "vehicle_throttle": 0.0,
        "unique_collisions": 0,
        "solid_lane_crosses": 0,
        "double_solid_lane_crosses": 0
    },
    {
        "game_time": 58.3310092529282,
        "vehicle_location": {
            "x": -20.055896759033203,
            "y": 88.044677734375,
            "z": -0.23760928213596344
        },
        "vehicle_velocity": {
            "x": -4.8795056883932375e-09,
            "y": -1.818528616581716e-08,
            "z": 0.00039559841388836503
        },
        "vehicle_throttle": 0.0,
        "unique_collisions": 0,
        "solid_lane_crosses": 0,
        "double_solid_lane_crosses": 0
    },
    {
        "game_time": 59.339879837818444,
        "vehicle_location": {
            "x": -20.055896759033203,
            "y": 88.044677734375,
            "z": -0.23756343126296997
        },
        "vehicle_velocity": {
            "x": -8.109799054523137e-09,
            "y": -2.138223287317942e-08,
            "z": -0.0008750915294513106
        },
        "vehicle_throttle": 0.0,
        "unique_collisions": 0,
        "solid_lane_crosses": 0,
        "double_solid_lane_crosses": 0
    },
    {
        "game_time": 60.3808649322018,
        "vehicle_location": {
            "x": -20.055896759033203,
            "y": 88.044677734375,
            "z": -0.2375720888376236
        },
        "vehicle_velocity": {
            "x": -2.051245573397864e-08,
            "y": 9.138103607142511e-09,
            "z": -5.76210004510358e-05
        },
        "vehicle_throttle": 0.0,
        "unique_collisions": 0,
        "solid_lane_crosses": 0,
        "double_solid_lane_crosses": 0
    },
    {
        "game_time": 61.42531231511384,
        "vehicle_location": {
            "x": -20.055896759033203,
            "y": 88.044677734375,
            "z": -0.23754675686359406
        },
        "vehicle_velocity": {
            "x": 4.744481252316746e-09,
            "y": 7.0299313037480715e-09,
            "z": 0.00048742291983217
        },
        "vehicle_throttle": 0.0,
        "unique_collisions": 0,
        "solid_lane_crosses": 0,
        "double_solid_lane_crosses": 0
    },
    {
        "game_time": 62.4627621313557,
        "vehicle_location": {
            "x": -20.055896759033203,
            "y": 88.044677734375,
            "z": -0.23754951357841492
        },
        "vehicle_velocity": {
            "x": -4.8944155395247435e-09,
            "y": -2.7834801130666165e-08,
            "z": -6.384849257301539e-06
        },
        "vehicle_throttle": 0.0,
        "unique_collisions": 0,
        "solid_lane_crosses": 0,
        "double_solid_lane_crosses": 0
    },
    {
        "game_time": 63.497062985785306,
        "vehicle_location": {
            "x": -20.055896759033203,
            "y": 88.044677734375,
            "z": -0.23756548762321472
        },
        "vehicle_velocity": {
            "x": -3.814549121017308e-09,
            "y": -1.4532115066856477e-08,
            "z": -0.00010354042024118826
        },
        "vehicle_throttle": 0.0,
        "unique_collisions": 0,
        "solid_lane_crosses": 0,
        "double_solid_lane_crosses": 0
    },
    {
        "game_time": 64.57310602907091,
        "vehicle_location": {
            "x": -20.055896759033203,
            "y": 88.044677734375,
            "z": -0.23759883642196655
        },
        "vehicle_velocity": {
            "x": -1.2963959683531812e-08,
            "y": -2.7724919249294544e-08,
            "z": -4.7159195673884824e-05
        },
        "vehicle_throttle": 0.0,
        "unique_collisions": 0,
        "solid_lane_crosses": 0,
        "double_solid_lane_crosses": 0
    },
    {
        "game_time": 65.57984631415457,
        "vehicle_location": {
            "x": -20.055896759033203,
            "y": 88.044677734375,
            "z": -0.23761580884456635
        },
        "vehicle_velocity": {
            "x": -5.465186525555055e-09,
            "y": -1.5782573470346506e-08,
            "z": -0.0001302051532547921
        },
        "vehicle_throttle": 0.0,
        "unique_collisions": 0,
        "solid_lane_crosses": 0,
        "double_solid_lane_crosses": 0
    },
    {
        "game_time": 66.6004557190463,
        "vehicle_location": {
            "x": -20.055896759033203,
            "y": 88.044677734375,
            "z": -0.23760180175304413
        },
        "vehicle_velocity": {
            "x": 0.0,
            "y": 0.0,
            "z": 0.0
        },
        "vehicle_throttle": 0.0,
        "unique_collisions": 0,
        "solid_lane_crosses": 0,
        "double_solid_lane_crosses": 0
    },
    {
        "game_time": 67.6250015432015,
        "vehicle_location": {
            "x": -20.055896759033203,
            "y": 88.044677734375,
            "z": -0.23763145506381989
        },
        "vehicle_velocity": {
            "x": -4.283317700526368e-09,
            "y": -2.6247962026104688e-08,
            "z": -0.0005258750752545893
        },
        "vehicle_throttle": 0.0,
        "unique_collisions": 0,
        "solid_lane_crosses": 0,
        "double_solid_lane_crosses": 0
    },
    {
        "game_time": 68.66732882056385,
        "vehicle_location": {
            "x": -20.055896759033203,
            "y": 88.044677734375,
            "z": -0.2375490516424179
        },
        "vehicle_velocity": {
            "x": 4.180130686037842e-10,
            "y": 9.33668364844209e-10,
            "z": -2.1457671550706436e-07
        },
        "vehicle_throttle": 0.0,
        "unique_collisions": 0,
        "solid_lane_crosses": 0,
        "double_solid_lane_crosses": 0
    },
    {
        "game_time": 69.70178357791156,
        "vehicle_location": {
            "x": -20.055896759033203,
            "y": 88.044677734375,
            "z": -0.237563818693161
        },
        "vehicle_velocity": {
            "x": 8.308858490124749e-09,
            "y": 9.758330143938565e-09,
            "z": -4.1241644794354215e-05
        },
        "vehicle_throttle": 0.0,
        "unique_collisions": 0,
        "solid_lane_crosses": 0,
        "double_solid_lane_crosses": 0
    },
    {
        "game_time": 70.7217310462147,
        "vehicle_location": {
            "x": -20.055896759033203,
            "y": 88.044677734375,
            "z": -0.2376004010438919
        },
        "vehicle_velocity": {
            "x": -1.3089739958616065e-08,
            "y": -2.9244578314546743e-08,
            "z": 5.093097570352256e-05
        },
        "vehicle_throttle": 0.0,
        "unique_collisions": 0,
        "solid_lane_crosses": 0,
        "double_solid_lane_crosses": 0
    },
    {
        "game_time": 71.73688225541264,
        "vehicle_location": {
            "x": -20.055896759033203,
            "y": 88.044677734375,
            "z": -0.23756088316440582
        },
        "vehicle_velocity": {
            "x": -3.860245456621669e-09,
            "y": -1.9527078620740213e-08,
            "z": 0.00011583328159758821
        },
        "vehicle_throttle": 0.0,
        "unique_collisions": 0,
        "solid_lane_crosses": 0,
        "double_solid_lane_crosses": 0
    },
    {
        "game_time": 72.7557423086837,
        "vehicle_location": {
            "x": -20.055896759033203,
            "y": 88.044677734375,
            "z": -0.23759761452674866
        },
        "vehicle_velocity": {
            "x": 0.0,
            "y": 0.0,
            "z": 0.0
        },
        "vehicle_throttle": 0.0,
        "unique_collisions": 0,
        "solid_lane_crosses": 0,
        "double_solid_lane_crosses": 0
    },
    {
        "game_time": 73.78437899053097,
        "vehicle_location": {
            "x": -20.055896759033203,
            "y": 88.044677734375,
            "z": -0.2375585436820984
        },
        "vehicle_velocity": {
            "x": -3.943067650169496e-09,
            "y": -1.3059915815460954e-08,
            "z": -0.00019516467000357807
        },
        "vehicle_throttle": 0.0,
        "unique_collisions": 0,
        "solid_lane_crosses": 0,
        "double_solid_lane_crosses": 0
    },
    {
        "game_time": 74.7862287024036,
        "vehicle_location": {
            "x": -20.055896759033203,
            "y": 88.044677734375,
            "z": -0.23756442964076996
        },
        "vehicle_velocity": {
            "x": -7.361431020314058e-09,
            "y": -2.5104355927396682e-08,
            "z": -0.00023795127344783396
        },
        "vehicle_throttle": 0.0,
        "unique_collisions": 0,
        "solid_lane_crosses": 0,
        "double_solid_lane_crosses": 0
    },
    {
        "game_time": 75.81530136149377,
        "vehicle_location": {
            "x": -20.055896759033203,
            "y": 88.044677734375,
            "z": -0.2375745326280594
        },
        "vehicle_velocity": {
            "x": -9.710922732608651e-09,
            "y": -3.273042992191222e-08,
            "z": -0.0003334426728542894
        },
        "vehicle_throttle": 0.0,
        "unique_collisions": 0,
        "solid_lane_crosses": 0,
        "double_solid_lane_crosses": 0
    },
    {
        "game_time": 76.85695129912347,
        "vehicle_location": {
            "x": -20.055896759033203,
            "y": 88.044677734375,
            "z": -0.23756705224514008
        },
        "vehicle_velocity": {
            "x": 0.0,
            "y": 0.0,
            "z": 0.0
        },
        "vehicle_throttle": 0.0,
        "unique_collisions": 0,
        "solid_lane_crosses": 0,
        "double_solid_lane_crosses": 0
    },
    {
        "game_time": 77.8807971002534,
        "vehicle_location": {
            "x": -20.055896759033203,
            "y": 88.044677734375,
            "z": -0.2375689297914505
        },
        "vehicle_velocity": {
            "x": -8.24757595552228e-09,
            "y": -2.4366704209910495e-08,
            "z": 0.0002638149308040738
        },
        "vehicle_throttle": 0.0,
        "unique_collisions": 0,
        "solid_lane_crosses": 0,
        "double_solid_lane_crosses": 0
    },
    {
        "game_time": 78.88473671395332,
        "vehicle_location": {
            "x": -20.055896759033203,
            "y": 88.044677734375,
            "z": -0.23755942285060883
        },
        "vehicle_velocity": {
            "x": 6.856278655931192e-09,
            "y": 1.578131580970421e-08,
            "z": 0.00026597498799674213
        },
        "vehicle_throttle": 0.0,
        "unique_collisions": 0,
        "solid_lane_crosses": 0,
        "double_solid_lane_crosses": 0
    },
    {
        "game_time": 79.90142763685435,
        "vehicle_location": {
            "x": -20.055896759033203,
            "y": 88.044677734375,
            "z": -0.23752841353416443
        },
        "vehicle_velocity": {
            "x": -9.93572690788369e-09,
            "y": -2.193985615406291e-08,
            "z": 0.00030552863609045744
        },
        "vehicle_throttle": 0.0,
        "unique_collisions": 0,
        "solid_lane_crosses": 0,
        "double_solid_lane_crosses": 0
    },
    {
        "game_time": 80.92953003011644,
        "vehicle_location": {
            "x": -20.055896759033203,
            "y": 88.044677734375,
            "z": -0.23759238421916962
        },
        "vehicle_velocity": {
            "x": -6.740227931345544e-09,
            "y": -2.620888928106524e-08,
            "z": 0.00044146538130007684
        },
        "vehicle_throttle": 0.0,
        "unique_collisions": 0,
        "solid_lane_crosses": 0,
        "double_solid_lane_crosses": 0
    },
    {
        "game_time": 81.94554077181965,
        "vehicle_location": {
            "x": -20.055896759033203,
            "y": 88.044677734375,
            "z": -0.2375854104757309
        },
        "vehicle_velocity": {
            "x": -1.3968257661645112e-09,
            "y": -1.1535261634776361e-08,
            "z": 1.8768310837913305e-05
        },
        "vehicle_throttle": 0.0,
        "unique_collisions": 0,
        "solid_lane_crosses": 0,
        "double_solid_lane_crosses": 0
    },
    {
        "game_time": 82.97751843370497,
        "vehicle_location": {
            "x": -20.055896759033203,
            "y": 88.044677734375,
            "z": -0.23758132755756378
        },
        "vehicle_velocity": {
            "x": 7.532887202899019e-09,
            "y": 1.1419641232635058e-08,
            "z": 0.0001018905604723841
        },
        "vehicle_throttle": 0.0,
        "unique_collisions": 0,
        "solid_lane_crosses": 0,
        "double_solid_lane_crosses": 0
    },
    {
        "game_time": 84.00098555814475,
        "vehicle_location": {
            "x": -20.055896759033203,
            "y": 88.044677734375,
            "z": -0.2375524491071701
        },
        "vehicle_velocity": {
            "x": -3.7110270412199498e-09,
            "y": -1.2196633036865023e-08,
            "z": 0.0003482770698610693
        },
        "vehicle_throttle": 0.0,
        "unique_collisions": 0,
        "solid_lane_crosses": 0,
        "double_solid_lane_crosses": 0
    },
    {
        "game_time": 85.001460775733,
        "vehicle_location": {
            "x": -20.055896759033203,
            "y": 88.044677734375,
            "z": -0.23752528429031372
        },
        "vehicle_velocity": {
            "x": 7.232779264398914e-09,
            "y": 4.465606551207202e-09,
            "z": 1.7781258065951988e-05
        },
        "vehicle_throttle": 0.0,
        "unique_collisions": 0,
        "solid_lane_crosses": 0,
        "double_solid_lane_crosses": 0
    },
    {
        "game_time": 86.04174809902906,
        "vehicle_location": {
            "x": -20.055896759033203,
            "y": 88.044677734375,
            "z": -0.23759052157402039
        },
        "vehicle_velocity": {
            "x": 4.909923134732708e-09,
            "y": 5.197379415733394e-09,
            "z": -0.0006509971572086215
        },
        "vehicle_throttle": 0.0,
        "unique_collisions": 0,
        "solid_lane_crosses": 0,
        "double_solid_lane_crosses": 0
    },
    {
        "game_time": 87.09782194718719,
        "vehicle_location": {
            "x": -20.055896759033203,
            "y": 88.044677734375,
            "z": -0.23756667971611023
        },
        "vehicle_velocity": {
            "x": 5.6997819797288685e-09,
            "y": 1.030041740790466e-08,
            "z": -6.468773062806576e-05
        },
        "vehicle_throttle": 0.0,
        "unique_collisions": 0,
        "solid_lane_crosses": 0,
        "double_solid_lane_crosses": 0
    },
    {
        "game_time": 88.15250029601157,
        "vehicle_location": {
            "x": -20.055896759033203,
            "y": 88.044677734375,
            "z": -0.2375858575105667
        },
        "vehicle_velocity": {
            "x": 3.6383271950768403e-09,
            "y": 5.489449339535213e-09,
            "z": 9.201049397233874e-05
        },
        "vehicle_throttle": 0.0,
        "unique_collisions": 0,
        "solid_lane_crosses": 0,
        "double_solid_lane_crosses": 0
    },
    {
        "game_time": 89.17932658270001,
        "vehicle_location": {
            "x": -20.055896759033203,
            "y": 88.044677734375,
            "z": -0.2375606894493103
        },
        "vehicle_velocity": {
            "x": 0.0,
            "y": 0.0,
            "z": 0.0
        },
        "vehicle_throttle": 0.0,
        "unique_collisions": 0,
        "solid_lane_crosses": 0,
        "double_solid_lane_crosses": 0
    },
    {
        "game_time": 90.21485289186239,
        "vehicle_location": {
            "x": -20.055896759033203,
            "y": 88.044677734375,
            "z": -0.23764991760253906
        },
        "vehicle_velocity": {
            "x": -1.5159345778670286e-08,
            "y": 1.0235563507876577e-08,
            "z": 0.0007713460945524275
        },
        "vehicle_throttle": 0.0,
        "unique_collisions": 0,
        "solid_lane_crosses": 0,
        "double_solid_lane_crosses": 0
    },
    {
        "game_time": 91.22369488142431,
        "vehicle_location": {
            "x": -20.055896759033203,
            "y": 88.044677734375,
            "z": -0.23756930232048035
        },
        "vehicle_velocity": {
            "x": -5.6605404807896775e-09,
            "y": -1.9989153443589203e-08,
            "z": -0.00010441303311381489
        },
        "vehicle_throttle": 0.0,
        "unique_collisions": 0,
        "solid_lane_crosses": 0,
        "double_solid_lane_crosses": 0
    },
    {
        "game_time": 92.27270399592817,
        "vehicle_location": {
            "x": -20.055896759033203,
            "y": 88.044677734375,
            "z": -0.23750288784503937
        },
        "vehicle_velocity": {
            "x": -1.5020813037835978e-08,
            "y": 7.217336506215588e-09,
            "z": 0.00029780864133499563
        },
        "vehicle_throttle": 0.0,
        "unique_collisions": 0,
        "solid_lane_crosses": 0,
        "double_solid_lane_crosses": 0
    },
    {
        "game_time": 93.30263397842646,
        "vehicle_location": {
            "x": -20.232288360595703,
            "y": 88.04450225830078,
            "z": -0.23832808434963226
        },
        "vehicle_velocity": {
            "x": -0.9947195053100586,
            "y": -0.0013317561242729425,
            "z": -5.0921440561069176e-05
        },
        "vehicle_throttle": 0.0,
        "unique_collisions": 0,
        "solid_lane_crosses": 0,
        "double_solid_lane_crosses": 0
    },
    {
        "game_time": 94.31523681432009,
        "vehicle_location": {
            "x": -21.415565490722656,
            "y": 88.04293060302734,
            "z": -0.23740458488464355
        },
        "vehicle_velocity": {
            "x": -1.811638355255127,
            "y": -0.002326951827853918,
            "z": -6.298065272858366e-05
        },
        "vehicle_throttle": 0.75,
        "unique_collisions": 0,
        "solid_lane_crosses": 0,
        "double_solid_lane_crosses": 0
    },
    {
        "game_time": 95.35154293850064,
        "vehicle_location": {
            "x": -24.449222564697266,
            "y": 88.03910827636719,
            "z": -0.238869771361351
        },
        "vehicle_velocity": {
            "x": -4.308893203735352,
            "y": -0.005123468115925789,
            "z": 9.706020500743762e-05
        },
        "vehicle_throttle": 0.0,
        "unique_collisions": 0,
        "solid_lane_crosses": 0,
        "double_solid_lane_crosses": 0
    },
    {
        "game_time": 96.39921349659562,
        "vehicle_location": {
            "x": -28.092374801635742,
            "y": 88.0347900390625,
            "z": -0.23883044719696045
        },
        "vehicle_velocity": {
            "x": -4.171456336975098,
            "y": -0.004763617645949125,
            "z": -0.00011534690565895289
        },
        "vehicle_throttle": 0.0,
        "unique_collisions": 0,
        "solid_lane_crosses": 0,
        "double_solid_lane_crosses": 0
    },
    {
        "game_time": 97.45385672710836,
        "vehicle_location": {
            "x": -31.8931884765625,
            "y": 88.03034210205078,
            "z": -0.23658359050750732
        },
        "vehicle_velocity": {
            "x": -3.006593942642212,
            "y": -0.003572206012904644,
            "z": 9.623527148505673e-05
        },
        "vehicle_throttle": 0.75,
        "unique_collisions": 0,
        "solid_lane_crosses": 0,
        "double_solid_lane_crosses": 0
    }
]