[
    {
        "game_time": 7.366015788167715,
        "vehicle_location": {
            "x": 15.812504768371582,
            "y": 201.55178833007812,
            "z": -0.23958773910999298
        },
        "vehicle_velocity": {
            "x": 2.687547206878662,
            "y": -0.5053309798240662,
            "z": 0.002317180624231696
        },
        "vehicle_throttle": 0.75,
        "unique_collisions": 0,
        "solid_lane_crosses": 0,
        "double_solid_lane_crosses": 0
    },
    {
        "game_time": 8.445282954722643,
        "vehicle_location": {
            "x": 20.947633743286133,
            "y": 199.8187255859375,
            "z": -0.236439049243927
        },
        "vehicle_velocity": {
            "x": 4.499091625213623,
            "y": -2.813074827194214,
            "z": -8.678435960973729e-07
        },
        "vehicle_throttle": 0.0,
        "unique_collisions": 0,
        "solid_lane_crosses": 0,
        "double_solid_lane_crosses": 0
    },
    {
        "game_time": 9.493512690067291,
        "vehicle_location": {
            "x": 25.086750030517578,
            "y": 196.57948303222656,
            "z": -0.2359820157289505
        },
        "vehicle_velocity": {
            "x": 2.38289475440979,
            "y": -2.756314992904663,
            "z": 0.00017749785911291838
        },
        "vehicle_throttle": 0.75,
        "unique_collisions": 0,
        "solid_lane_crosses": 0,
        "double_solid_lane_crosses": 0
    },
    {
        "game_time": 10.503989063203335,
        "vehicle_location": {
            "x": 27.447599411010742,
            "y": 193.5476837158203,
            "z": -0.23662066459655762
        },
        "vehicle_velocity": {
            "x": 1.663604974746704,
            "y": -2.6183183193206787,
            "z": -0.0003002071171067655
        },
        "vehicle_throttle": 0.75,
        "unique_collisions": 0,
        "solid_lane_crosses": 0,
        "double_solid_lane_crosses": 0
    },
    {
        "game_time": 11.563417319208384,
        "vehicle_location": {
            "x": 29.016942977905273,
            "y": 190.426513671875,
            "z": -0.2377968579530716
        },
        "vehicle_velocity": {
            "x": 1.1416279077529907,
            "y": -2.7056233882904053,
            "z": -0.0003000545548275113
        },
        "vehicle_throttle": 0.75,
        "unique_collisions": 0,
        "solid_lane_crosses": 0,
        "double_solid_lane_crosses": 0
    },
    {
        "game_time": 12.67911522462964,
        "vehicle_location": {
            "x": 30.151752471923828,
            "y": 187.1910858154297,
            "z": -0.23600326478481293
        },
        "vehicle_velocity": {
            "x": 0.18306732177734375,
            "y": -0.8021500110626221,
            "z": 0.0002747774124145508
        },
        "vehicle_throttle": 0.0,
        "unique_collisions": 0,
        "solid_lane_crosses": 0,
        "double_solid_lane_crosses": 0
    },
    {
        "game_time": 13.731326542794704,
        "vehicle_location": {
            "x": 30.326000213623047,
            "y": 186.4666290283203,
            "z": -0.23864154517650604
        },
        "vehicle_velocity": {
            "x": 0.27919310331344604,
            "y": -1.2558064460754395,
            "z": -4.602432090905495e-05
        },
        "vehicle_throttle": 0.75,
        "unique_collisions": 0,
        "solid_lane_crosses": 0,
        "double_solid_lane_crosses": 0
    },
    {
        "game_time": 14.764360373839736,
        "vehicle_location": {
            "x": 30.75041961669922,
            "y": 184.60569763183594,
            "z": -0.23886030912399292
        },
        "vehicle_velocity": {
            "x": 0.37189504504203796,
            "y": -2.6388304233551025,
            "z": 0.00023606776085216552
        },
        "vehicle_throttle": 0.75,
        "unique_collisions": 0,
        "solid_lane_crosses": 0,
        "double_solid_lane_crosses": 0
    },
    {
        "game_time": 15.833299124613404,
        "vehicle_location": {
            "x": 31.120635986328125,
            "y": 181.76953125,
            "z": -0.23832488059997559
        },
        "vehicle_velocity": {
            "x": 0.236252099275589,
            "y": -2.5199825763702393,
            "z": -0.000466146448161453
        },
        "vehicle_throttle": 0.75,
        "unique_collisions": 0,
        "solid_lane_crosses": 0,
        "double_solid_lane_crosses": 0
    },
    {
        "game_time": 16.928995134308934,
        "vehicle_location": {
            "x": 31.330333709716797,
            "y": 178.36378479003906,
            "z": -0.23705118894577026
        },
        "vehicle_velocity": {
            "x": 0.09544867277145386,
            "y": -2.248666524887085,
            "z": -0.00023120878904592246
        },
        "vehicle_throttle": 0.75,
        "unique_collisions": 0,
        "solid_lane_crosses": 0,
        "double_solid_lane_crosses": 0
    },
    {
        "game_time": 18.065720500424504,
        "vehicle_location": {
            "x": 31.439857482910156,
            "y": 174.62474060058594,
            "z": -0.23596781492233276
        },
        "vehicle_velocity": {
            "x": 0.027056191116571426,
            "y": -1.681064248085022,
            "z": 0.00015014648670330644
        },
        "vehicle_throttle": 0.0,
        "unique_collisions": 0,
        "solid_lane_crosses": 0,
        "double_solid_lane_crosses": 0
    },
    {
        "game_time": 19.183032538741827,
        "vehicle_location": {
            "x": 31.474393844604492,
            "y": 172.9451141357422,
            "z": -0.23727527260780334
        },
        "vehicle_velocity": {
            "x": 0.035165075212717056,
            "y": -1.8914663791656494,
            "z": 0.0004884624504484236
        },
        "vehicle_throttle": 0.75,
        "unique_collisions": 0,
        "solid_lane_crosses": 0,
        "double_solid_lane_crosses": 0
    },
    {
        "game_time": 20.18859844096005,
        "vehicle_location": {
            "x": 31.500864028930664,
            "y": 170.3231658935547,
            "z": -0.23621928691864014
        },
        "vehicle_velocity": {
            "x": 0.010613949969410896,
            "y": -1.3777259588241577,
            "z": -7.886886123742443e-06
        },
        "vehicle_throttle": 0.75,
        "unique_collisions": 0,
        "solid_lane_crosses": 0,
        "double_solid_lane_crosses": 0
    },
    {
        "game_time": 21.206168681383133,
        "vehicle_location": {
            "x": 31.5156307220459,
            "y": 168.24891662597656,
            "z": -0.2375049889087677
        },
        "vehicle_velocity": {
            "x": 0.011206790804862976,
            "y": -1.8522062301635742,
            "z": 0.0001686286850599572
        },
        "vehicle_throttle": 0.75,
        "unique_collisions": 0,
        "solid_lane_crosses": 0,
        "double_solid_lane_crosses": 0
    },
    {
        "game_time": 22.335700077936053,
        "vehicle_location": {
            "x": 31.529571533203125,
            "y": 165.29298400878906,
            "z": -0.2383560836315155
        },
        "vehicle_velocity": {
            "x": -0.0009102638578042388,
            "y": -2.793328285217285,
            "z": -0.0003568744577933103
        },
        "vehicle_throttle": 0.75,
        "unique_collisions": 0,
        "solid_lane_crosses": 0,
        "double_solid_lane_crosses": 0
    },
    {
        "game_time": 23.465739734470844,
        "vehicle_location": {
            "x": 31.53855323791504,
            "y": 161.58566284179688,
            "z": -0.2362055480480194
        },
        "vehicle_velocity": {
            "x": 0.0030966789927333593,
            "y": -1.4944106340408325,
            "z": -0.00022742271539755166
        },
        "vehicle_throttle": 0.75,
        "unique_collisions": 0,
        "solid_lane_crosses": 0,
        "double_solid_lane_crosses": 0
    },
    {
        "game_time": 24.55772645957768,
        "vehicle_location": {
            "x": 31.54421615600586,
            "y": 158.27597045898438,
            "z": -0.236067533493042
        },
        "vehicle_velocity": {
            "x": 0.003023935714736581,
            "y": -2.408639669418335,
            "z": -8.37135303299874e-05
        },
        "vehicle_throttle": 0.0,
        "unique_collisions": 0,
        "solid_lane_crosses": 0,
        "double_solid_lane_crosses": 0
    },
    {
        "game_time": 25.626652751117945,
        "vehicle_location": {
            "x": 31.547895431518555,
            "y": 154.80848693847656,
            "z": -0.23695799708366394
        },
        "vehicle_velocity": {
            "x": 0.002795199630782008,
            "y": -3.7711293697357178,
            "z": 0.00044777870061807334
        },
        "vehicle_throttle": 0.75,
        "unique_collisions": 0,
        "solid_lane_crosses": 0,
        "double_solid_lane_crosses": 0
    },
    {
        "game_time": 26.662374967709184,
        "vehicle_location": {
            "x": 31.55130958557129,
            "y": 149.78814697265625,
            "z": -0.23619960248470306
        },
        "vehicle_velocity": {
            "x": 0.0023715125862509012,
            "y": -4.134944915771484,
            "z": -0.001004934310913086
        },
        "vehicle_throttle": 0.0,
        "unique_collisions": 0,
        "solid_lane_crosses": 0,
        "double_solid_lane_crosses": 0
    },
    {
        "game_time": 27.679430227726698,
        "vehicle_location": {
            "x": 31.553016662597656,
            "y": 146.57504272460938,
            "z": -0.23627975583076477
        },
        "vehicle_velocity": {
            "x": 0.001077050226740539,
            "y": -2.207263708114624,
            "z": -0.0003635692410171032
        },
        "vehicle_throttle": 0.75,
        "unique_collisions": 0,
        "solid_lane_crosses": 0,
        "double_solid_lane_crosses": 0
    },
    {
        "game_time": 28.71129441075027,
        "vehicle_location": {
            "x": 31.5546932220459,
            "y": 142.94981384277344,
            "z": -0.23614268004894257
        },
        "vehicle_velocity": {
            "x": 0.0013346396153792739,
            "y": -2.9836339950561523,
            "z": 0.0002529954945202917
        },
        "vehicle_throttle": 0.0,
        "unique_collisions": 0,
        "solid_lane_crosses": 0,
        "double_solid_lane_crosses": 0
    },
    {
        "game_time": 29.78332448936999,
        "vehicle_location": {
            "x": 31.55619239807129,
            "y": 139.53089904785156,
            "z": -0.23674175143241882
        },
        "vehicle_velocity": {
            "x": 0.0012632131110876799,
            "y": -3.002976655960083,
            "z": 0.00022021292534191161
        },
        "vehicle_throttle": 0.75,
        "unique_collisions": 0,
        "solid_lane_crosses": 0,
        "double_solid_lane_crosses": 0
    },
    {
        "game_time": 30.868119414895773,
        "vehicle_location": {
            "x": 31.557836532592773,
            "y": 135.57675170898438,
            "z": -0.2384871244430542
        },
        "vehicle_velocity": {
            "x": 0.0016957279294729233,
            "y": -4.1407246589660645,
            "z": -0.00014148712216410786
        },
        "vehicle_throttle": 0.75,
        "unique_collisions": 0,
        "solid_lane_crosses": 0,
        "double_solid_lane_crosses": 0
    },
    {
        "game_time": 31.910481134429574,
        "vehicle_location": {
            "x": 31.559206008911133,
            "y": 132.198974609375,
            "z": -0.2386247217655182
        },
        "vehicle_velocity": {
            "x": 0.0013032257556915283,
            "y": -3.219888210296631,
            "z": 0.0002949046902358532
        },
        "vehicle_throttle": 0.75,
        "unique_collisions": 0,
        "solid_lane_crosses": 0,
        "double_solid_lane_crosses": 0
    },
    {
        "game_time": 32.9717326015234,
        "vehicle_location": {
            "x": 31.560373306274414,
            "y": 129.31259155273438,
            "z": -0.23602305352687836
        },
        "vehicle_velocity": {
            "x": 0.00011649343650788069,
            "y": -0.26567602157592773,
            "z": -0.0003699111985042691
        },
        "vehicle_throttle": 0.0,
        "unique_collisions": 0,
        "solid_lane_crosses": 0,
        "double_solid_lane_crosses": 0
    },
    {
        "game_time": 34.034249879419804,
        "vehicle_location": {
            "x": 31.560375213623047,
            "y": 129.17483520507812,
            "z": -0.23840056359767914
        },
        "vehicle_velocity": {
            "x": 0.00031469648820348084,
            "y": -0.8108899593353271,
            "z": -0.00017522810958325863
        },
        "vehicle_throttle": 0.0,
        "unique_collisions": 0,
        "solid_lane_crosses": 0,
        "double_solid_lane_crosses": 0
    },
    {
        "game_time": 35.09718653000891,
        "vehicle_location": {
            "x": 31.560409545898438,
            "y": 129.0839385986328,
            "z": -0.23759245872497559
        },
        "vehicle_velocity": {
            "x": 9.165232128793832e-09,
            "y": -3.832141374005005e-05,
            "z": -0.0005684947827830911
        },
        "vehicle_throttle": 0.0,
        "unique_collisions": 0,
        "solid_lane_crosses": 0,
        "double_solid_lane_crosses": 0
    },
    {
        "game_time": 36.15483658015728,
        "vehicle_location": {
            "x": 31.560409545898438,
            "y": 129.08395385742188,
            "z": -0.23759044706821442
        },
        "vehicle_velocity": {
            "x": -8.509236870679615e-09,
            "y": 2.514958730159833e-08,
            "z": -0.00033198355231434107
        },
        "vehicle_throttle": 0.0,
        "unique_collisions": 0,
        "solid_lane_crosses": 0,
        "double_solid_lane_crosses": 0
    },
    {
        "game_time": 37.216036688536406,
        "vehicle_location": {
            "x": 31.560409545898438,
            "y": 129.08395385742188,
            "z": -0.23757518827915192
        },
        "vehicle_velocity": {
            "x": -3.139114923556008e-08,
            "y": 5.2366613267906814e-09,
            "z": 0.00015225409879349172
        },
        "vehicle_throttle": 0.0,
        "unique_collisions": 0,
        "solid_lane_crosses": 0,
        "double_solid_lane_crosses": 0
    },
    {
        "game_time": 38.273377135396004,
        "vehicle_location": {
            "x": 31.560409545898438,
            "y": 129.08395385742188,
            "z": -0.23760268092155457
        },
        "vehicle_velocity": {
            "x": -1.8437349424971217e-08,
            "y": 4.406101705711762e-09,
            "z": -0.0001308917999267578
        },
        "vehicle_throttle": 0.0,
        "unique_collisions": 0,
        "solid_lane_crosses": 0,
        "double_solid_lane_crosses": 0
    },
    {
        "game_time": 39.34080506302416,
        "vehicle_location": {
            "x": 31.560409545898438,
            "y": 129.08395385742188,
            "z": -0.23761004209518433
        },
        "vehicle_velocity": {
            "x": 5.298510785678445e-08,
            "y": -1.313924347101647e-08,
            "z": -1.1768341209972277e-05
        },
        "vehicle_throttle": 0.0,
        "unique_collisions": 0,
        "solid_lane_crosses": 0,
        "double_solid_lane_crosses": 0
    },
    {
        "game_time": 40.40174251794815,
        "vehicle_location": {
            "x": 31.560409545898438,
            "y": 129.08395385742188,
            "z": -0.23760554194450378
        },
        "vehicle_velocity": {
            "x": -3.6051983620666306e-09,
            "y": -7.879882524264303e-09,
            "z": -0.00011565208114916459
        },
        "vehicle_throttle": 0.0,
        "unique_collisions": 0,
        "solid_lane_crosses": 0,
        "double_solid_lane_crosses": 0
    },
    {
        "game_time": 41.490491615608335,
        "vehicle_location": {
            "x": 31.560409545898438,
            "y": 129.08395385742188,
            "z": -0.23759494721889496
        },
        "vehicle_velocity": {
            "x": 2.9145942548325365e-08,
            "y": 1.1715568959402844e-08,
            "z": -0.0007074737222865224
        },
        "vehicle_throttle": 0.0,
        "unique_collisions": 0,
        "solid_lane_crosses": 0,
        "double_solid_lane_crosses": 0
    },
    {
        "game_time": 42.574114080518484,
        "vehicle_location": {
            "x": 31.560409545898438,
            "y": 129.08395385742188,
            "z": -0.23761245608329773
        },
        "vehicle_velocity": {
            "x": 5.8888209863994234e-09,
            "y": -9.130403100243711e-09,
            "z": -0.00017323493375442922
        },
        "vehicle_throttle": 0.0,
        "unique_collisions": 0,
        "solid_lane_crosses": 0,
        "double_solid_lane_crosses": 0
    },
    {
        "game_time": 43.63503807969391,
        "vehicle_location": {
            "x": 31.560409545898438,
            "y": 129.08395385742188,
            "z": -0.237589031457901
        },
        "vehicle_velocity": {
            "x": -2.2270061350582182e-08,
            "y": 2.8852633615628065e-09,
            "z": -0.0002662181796040386
        },
        "vehicle_throttle": 0.0,
        "unique_collisions": 0,
        "solid_lane_crosses": 0,
        "double_solid_lane_crosses": 0
    },
    {
        "game_time": 44.69406399875879,
        "vehicle_location": {
            "x": 31.560409545898438,
            "y": 129.08395385742188,
            "z": -0.23760280013084412
        },
        "vehicle_velocity": {
            "x": 0.0,
            "y": 0.0,
            "z": 0.0
        },
        "vehicle_throttle": 0.0,
        "unique_collisions": 0,
        "solid_lane_crosses": 0,
        "double_solid_lane_crosses": 0
    },
    {
        "game_time": 45.74874628521502,
        "vehicle_location": {
            "x": 31.560409545898438,
            "y": 129.08395385742188,
            "z": -0.237635537981987
        },
        "vehicle_velocity": {
            "x": -3.992954411558003e-09,
            "y": -9.16230735725776e-09,
            "z": 0.0001330947852693498
        },
        "vehicle_throttle": 0.0,
        "unique_collisions": 0,
        "solid_lane_crosses": 0,
        "double_solid_lane_crosses": 0
    },
    {
        "game_time": 46.81926171481609,
        "vehicle_location": {
            "x": 31.560409545898438,
            "y": 129.08395385742188,
            "z": -0.23759299516677856
        },
        "vehicle_velocity": {
            "x": 5.3673727684611094e-09,
            "y": 3.950553495446485e-10,
            "z": -0.00047113417531363666
        },
        "vehicle_throttle": 0.0,
        "unique_collisions": 0,
        "solid_lane_crosses": 0,
        "double_solid_lane_crosses": 0
    },
    {
        "game_time": 47.878986490890384,
        "vehicle_location": {
            "x": 31.560409545898438,
            "y": 129.08395385742188,
            "z": -0.23760920763015747
        },
        "vehicle_velocity": {
            "x": 3.406589144105965e-08,
            "y": 3.2005154082526133e-09,
            "z": -0.00018263816309627146
        },
        "vehicle_throttle": 0.0,
        "unique_collisions": 0,
        "solid_lane_crosses": 0,
        "double_solid_lane_crosses": 0
    },
    {
        "game_time": 48.93239215761423,
        "vehicle_location": {
            "x": 31.560409545898438,
            "y": 129.08395385742188,
            "z": -0.23756873607635498
        },
        "vehicle_velocity": {
            "x": 3.468713316578942e-08,
            "y": 1.0387361193409106e-08,
            "z": -0.00029734609415754676
        },
        "vehicle_throttle": 0.0,
        "unique_collisions": 0,
        "solid_lane_crosses": 0,
        "double_solid_lane_crosses": 0
    },
    {
        "game_time": 50.002040792256594,
        "vehicle_location": {
            "x": 31.560409545898438,
            "y": 129.08395385742188,
            "z": -0.2375544309616089
        },
        "vehicle_velocity": {
            "x": 3.7086255844087646e-08,
            "y": 7.0168106880430514e-09,
            "z": 4.5819280785508454e-05
        },
        "vehicle_throttle": 0.0,
        "unique_collisions": 0,
        "solid_lane_crosses": 0,
        "double_solid_lane_crosses": 0
    },
    {
        "game_time": 51.05314452201128,
        "vehicle_location": {
            "x": 31.560409545898438,
            "y": 129.08395385742188,
            "z": -0.23756739497184753
        },
        "vehicle_velocity": {
            "x": 2.5581114115880155e-08,
            "y": 1.201522970006863e-08,
            "z": -0.0005194854456931353
        },
        "vehicle_throttle": 0.0,
        "unique_collisions": 0,
        "solid_lane_crosses": 0,
        "double_solid_lane_crosses": 0
    },
    {
        "game_time": 52.10116585530341,
        "vehicle_location": {
            "x": 31.560409545898438,
            "y": 129.08395385742188,
            "z": -0.23757056891918182
        },
        "vehicle_velocity": {
            "x": 2.1199463517973527e-08,
            "y": 5.251332257927288e-09,
            "z": -0.00035177229437977076
        },
        "vehicle_throttle": 0.0,
        "unique_collisions": 0,
        "solid_lane_crosses": 0,
        "double_solid_lane_crosses": 0
    },
    {
        "game_time": 53.15012786723673,
        "vehicle_location": {
            "x": 31.560409545898438,
            "y": 129.08395385742188,
            "z": -0.23757986724376678
        },
        "vehicle_velocity": {
            "x": -5.765557364867391e-09,
            "y": -4.730689617815642e-09,
            "z": -0.00045013427734375
        },
        "vehicle_throttle": 0.0,
        "unique_collisions": 0,
        "solid_lane_crosses": 0,
        "double_solid_lane_crosses": 0
    },
    {
        "game_time": 54.22167094424367,
        "vehicle_location": {
            "x": 31.560409545898438,
            "y": 129.08395385742188,
            "z": -0.23761016130447388
        },
        "vehicle_velocity": {
            "x": -4.165765510322217e-09,
            "y": 8.850043475838731e-10,
            "z": 7.115364132914692e-05
        },
        "vehicle_throttle": 0.0,
        "unique_collisions": 0,
        "solid_lane_crosses": 0,
        "double_solid_lane_crosses": 0
    },
    {
        "game_time": 55.27393983118236,
        "vehicle_location": {
            "x": 31.560409545898438,
            "y": 129.08395385742188,
            "z": -0.23757465183734894
        },
        "vehicle_velocity": {
            "x": -3.432272777104117e-08,
            "y": 3.6669536296329852e-09,
            "z": 0.00013475418381858617
        },
        "vehicle_throttle": 0.0,
        "unique_collisions": 0,
        "solid_lane_crosses": 0,
        "double_solid_lane_crosses": 0
    },
    {
        "game_time": 56.347126852720976,
        "vehicle_location": {
            "x": 31.560409545898438,
            "y": 129.08395385742188,
            "z": -0.2376195788383484
        },
        "vehicle_velocity": {
            "x": 1.547716621530526e-08,
            "y": -1.1462165661058066e-09,
            "z": 0.0002254486025776714
        },
        "vehicle_throttle": 0.0,
        "unique_collisions": 0,
        "solid_lane_crosses": 0,
        "double_solid_lane_crosses": 0
    },
    {
        "game_time": 57.39732370339334,
        "vehicle_location": {
            "x": 31.560409545898438,
            "y": 129.08395385742188,
            "z": -0.2376314103603363
        },
        "vehicle_velocity": {
            "x": 2.14951967336674e-08,
            "y": 2.2898467566534464e-09,
            "z": -8.026122668525204e-05
        },
        "vehicle_throttle": 0.0,
        "unique_collisions": 0,
        "solid_lane_crosses": 0,
        "double_solid_lane_crosses": 0
    },
    {
        "game_time": 58.45202788896859,
        "vehicle_location": {
            "x": 31.560409545898438,
            "y": 129.08395385742188,
            "z": -0.2376190572977066
        },
        "vehicle_velocity": {
            "x": 4.188109414826613e-09,
            "y": -2.7236637389904672e-09,
            "z": -0.00047716140397824347
        },
        "vehicle_throttle": 0.0,
        "unique_collisions": 0,
        "solid_lane_crosses": 0,
        "double_solid_lane_crosses": 0
    },
    {
        "game_time": 59.504401221871376,
        "vehicle_location": {
            "x": 31.560409545898438,
            "y": 129.08395385742188,
            "z": -0.2375921905040741
        },
        "vehicle_velocity": {
            "x": -3.277937921097873e-08,
            "y": 6.336761337877306e-09,
            "z": -0.0006298160296864808
        },
        "vehicle_throttle": 0.0,
        "unique_collisions": 0,
        "solid_lane_crosses": 0,
        "double_solid_lane_crosses": 0
    },
    {
        "game_time": 60.5552589353174,
        "vehicle_location": {
            "x": 31.560409545898438,
            "y": 129.08395385742188,
            "z": -0.23757579922676086
        },
        "vehicle_velocity": {
            "x": -3.656860414480434e-08,
            "y": 4.210869875009848e-09,
            "z": 0.0003551578556653112
        },
        "vehicle_throttle": 0.0,
        "unique_collisions": 0,
        "solid_lane_crosses": 0,
        "double_solid_lane_crosses": 0
    },
    {
        "game_time": 61.604666788131,
        "vehicle_location": {
            "x": 31.560409545898438,
            "y": 129.08395385742188,
            "z": -0.23754805326461792
        },
        "vehicle_velocity": {
            "x": 2.7657884871246097e-08,
            "y": 5.105452949294431e-09,
            "z": 0.00026233671815134585
        },
        "vehicle_throttle": 0.0,
        "unique_collisions": 0,
        "solid_lane_crosses": 0,
        "double_solid_lane_crosses": 0
    },
    {
        "game_time": 62.66652131639421,
        "vehicle_location": {
            "x": 31.560409545898438,
            "y": 129.08395385742188,
            "z": -0.23757319152355194
        },
        "vehicle_velocity": {
            "x": 1.9734674339133562e-08,
            "y": -1.5888965143595613e-10,
            "z": -0.0007691096980124712
        },
        "vehicle_throttle": 0.0,
        "unique_collisions": 0,
        "solid_lane_crosses": 0,
        "double_solid_lane_crosses": 0
    },
    {
        "game_time": 63.73331045731902,
        "vehicle_location": {
            "x": 31.560409545898438,
            "y": 129.08395385742188,
            "z": -0.23756159842014313
        },
        "vehicle_velocity": {
            "x": 8.16776035694744e-10,
            "y": 4.873015879702791e-10,
            "z": 0.0001072025261237286
        },
        "vehicle_throttle": 0.0,
        "unique_collisions": 0,
        "solid_lane_crosses": 0,
        "double_solid_lane_crosses": 0
    },
    {
        "game_time": 64.79657741449773,
        "vehicle_location": {
            "x": 31.560409545898438,
            "y": 129.08395385742188,
            "z": -0.23760265111923218
        },
        "vehicle_velocity": {
            "x": 4.366129147115316e-08,
            "y": 4.272554310347232e-09,
            "z": 0.00037673948099836707
        },
        "vehicle_throttle": 0.0,
        "unique_collisions": 0,
        "solid_lane_crosses": 0,
        "double_solid_lane_crosses": 0
    },
    {
        "game_time": 65.87299383245409,
        "vehicle_location": {
            "x": 31.560409545898438,
            "y": 129.08395385742188,
            "z": -0.2375420331954956
        },
        "vehicle_velocity": {
            "x": 7.901107323959877e-09,
            "y": 4.5095799316996477e-10,
            "z": -8.316993626067415e-05
        },
        "vehicle_throttle": 0.0,
        "unique_collisions": 0,
        "solid_lane_crosses": 0,
        "double_solid_lane_crosses": 0
    },
    {
        "game_time": 66.95047084987164,
        "vehicle_location": {
            "x": 31.560409545898438,
            "y": 129.08395385742188,
            "z": -0.23756995797157288
        },
        "vehicle_velocity": {
            "x": 1.921879100308388e-09,
            "y": -8.190434996890872e-09,
            "z": 6.70623776386492e-05
        },
        "vehicle_throttle": 0.0,
        "unique_collisions": 0,
        "solid_lane_crosses": 0,
        "double_solid_lane_crosses": 0
    },
    {
        "game_time": 67.99415409006178,
        "vehicle_location": {
            "x": 31.560409545898438,
            "y": 129.08395385742188,
            "z": -0.23754318058490753
        },
        "vehicle_velocity": {
            "x": 3.069895981866466e-08,
            "y": 8.856708255677859e-09,
            "z": -0.00015417099348269403
        },
        "vehicle_throttle": 0.0,
        "unique_collisions": 0,
        "solid_lane_crosses": 0,
        "double_solid_lane_crosses": 0
    },
    {
        "game_time": 69.03623323328793,
        "vehicle_location": {
            "x": 31.560409545898438,
            "y": 129.08395385742188,
            "z": -0.23757968842983246
        },
        "vehicle_velocity": {
            "x": -4.73256100974595e-08,
            "y": 3.750214361275539e-09,
            "z": -0.00021245956304483116
        },
        "vehicle_throttle": 0.0,
        "unique_collisions": 0,
        "solid_lane_crosses": 0,
        "double_solid_lane_crosses": 0
    },
    {
        "game_time": 70.10491444170475,
        "vehicle_location": {
            "x": 31.560409545898438,
            "y": 129.08395385742188,
            "z": -0.23759113252162933
        },
        "vehicle_velocity": {
            "x": 2.617577976593566e-08,
            "y": -2.092408912801602e-08,
            "z": -0.00041434288141317666
        },
        "vehicle_throttle": 0.0,
        "unique_collisions": 0,
        "solid_lane_crosses": 0,
        "double_solid_lane_crosses": 0
    },
    {
        "game_time": 71.16631161421537,
        "vehicle_location": {
            "x": 31.560409545898438,
            "y": 129.08395385742188,
            "z": -0.2375461906194687
        },
        "vehicle_velocity": {
            "x": 5.219704668490976e-10,
            "y": -2.684257260909817e-10,
            "z": 2.4700163976376643e-06
        },
        "vehicle_throttle": 0.0,
        "unique_collisions": 0,
        "solid_lane_crosses": 0,
        "double_solid_lane_crosses": 0
    },
    {
        "game_time": 72.22916417196393,
        "vehicle_location": {
            "x": 31.560409545898438,
            "y": 129.08395385742188,
            "z": -0.23761031031608582
        },
        "vehicle_velocity": {
            "x": 6.209984193539242e-10,
            "y": -7.985385686026802e-09,
            "z": 6.89506487105973e-05
        },
        "vehicle_throttle": 0.0,
        "unique_collisions": 0,
        "solid_lane_crosses": 0,
        "double_solid_lane_crosses": 0
    },
    {
        "game_time": 73.27132279798388,
        "vehicle_location": {
            "x": 31.560409545898438,
            "y": 129.08395385742188,
            "z": -0.23755812644958496
        },
        "vehicle_velocity": {
            "x": 4.738335501741631e-09,
            "y": -1.4529405456542577e-10,
            "z": 0.0006797885871492326
        },
        "vehicle_throttle": 0.0,
        "unique_collisions": 0,
        "solid_lane_crosses": 0,
        "double_solid_lane_crosses": 0
    },
    {
        "game_time": 74.35864998400211,
        "vehicle_location": {
            "x": 31.560409545898438,
            "y": 129.08395385742188,
            "z": -0.23756614327430725
        },
        "vehicle_velocity": {
            "x": -3.647064872325245e-08,
            "y": 7.058793993763857e-09,
            "z": -0.00012338637316133827
        },
        "vehicle_throttle": 0.0,
        "unique_collisions": 0,
        "solid_lane_crosses": 0,
        "double_solid_lane_crosses": 0
    },
    {
        "game_time": 75.44344368390739,
        "vehicle_location": {
            "x": 31.560409545898438,
            "y": 129.08395385742188,
            "z": -0.23753100633621216
        },
        "vehicle_velocity": {
            "x": -5.536899649882798e-08,
            "y": 1.5109508089139467e-09,
            "z": 0.00021073341486044228
        },
        "vehicle_throttle": 0.0,
        "unique_collisions": 0,
        "solid_lane_crosses": 0,
        "double_solid_lane_crosses": 0
    },
    {
        "game_time": 76.52022814378142,
        "vehicle_location": {
            "x": 31.560409545898438,
            "y": 129.08395385742188,
            "z": -0.23758059740066528
        },
        "vehicle_velocity": {
            "x": 2.3299145723854053e-08,
            "y": 6.202402591526379e-09,
            "z": 0.00019149780564475805
        },
        "vehicle_throttle": 0.0,
        "unique_collisions": 0,
        "solid_lane_crosses": 0,
        "double_solid_lane_crosses": 0
    },
    {
        "game_time": 77.5984392054379,
        "vehicle_location": {
            "x": 31.560409545898438,
            "y": 129.08395385742188,
            "z": -0.23756365478038788
        },
        "vehicle_velocity": {
            "x": 1.1356264373318936e-08,
            "y": 1.8438353066585478e-08,
            "z": 0.00013187408330850303
        },
        "vehicle_throttle": 0.0,
        "unique_collisions": 0,
        "solid_lane_crosses": 0,
        "double_solid_lane_crosses": 0
    },
    {
        "game_time": 78.61295445263386,
        "vehicle_location": {
            "x": 31.560409545898438,
            "y": 129.08395385742188,
            "z": -0.23757918179035187
        },
        "vehicle_velocity": {
            "x": 3.9914691996045804e-08,
            "y": -1.3203781179527141e-08,
            "z": 3.093719351454638e-05
        },
        "vehicle_throttle": 0.0,
        "unique_collisions": 0,
        "solid_lane_crosses": 0,
        "double_solid_lane_crosses": 0
    },
    {
        "game_time": 79.71606858633459,
        "vehicle_location": {
            "x": 31.560409545898438,
            "y": 129.08395385742188,
            "z": -0.23758624494075775
        },
        "vehicle_velocity": {
            "x": 4.0012398727640175e-08,
            "y": 3.560173711392167e-09,
            "z": 0.00011907577572856098
        },
        "vehicle_throttle": 0.0,
        "unique_collisions": 0,
        "solid_lane_crosses": 0,
        "double_solid_lane_crosses": 0
    },
    {
        "game_time": 80.8331848680973,
        "vehicle_location": {
            "x": 31.56045913696289,
            "y": 128.94569396972656,
            "z": -0.23848387598991394
        },
        "vehicle_velocity": {
            "x": 0.000346202461514622,
            "y": -0.8836180567741394,
            "z": 0.00019492149294819683
        },
        "vehicle_throttle": 0.0,
        "unique_collisions": 0,
        "solid_lane_crosses": 0,
        "double_solid_lane_crosses": 0
    },
    {
        "game_time": 81.9041912201792,
        "vehicle_location": {
            "x": 31.560991287231445,
            "y": 127.6594009399414,
            "z": -0.23886387050151825
        },
        "vehicle_velocity": {
            "x": 0.0013450825354084373,
            "y": -3.101125955581665,
            "z": -0.00011364936653990299
        },
        "vehicle_throttle": 0.0,
        "unique_collisions": 0,
        "solid_lane_crosses": 0,
        "double_solid_lane_crosses": 0
    },
    {
        "game_time": 83.04594346694648,
        "vehicle_location": {
            "x": 31.562265396118164,
            "y": 124.58639526367188,
            "z": -0.23777683079242706
        },
        "vehicle_velocity": {
            "x": 0.0013304611202329397,
            "y": -3.35815167427063,
            "z": 6.65569314151071e-05
        },
        "vehicle_throttle": 0.0,
        "unique_collisions": 0,
        "solid_lane_crosses": 0,
        "double_solid_lane_crosses": 0
    },
    {
        "game_time": 84.16996429301798,
        "vehicle_location": {
            "x": 31.56367301940918,
            "y": 121.10421752929688,
            "z": -0.23753425478935242
        },
        "vehicle_velocity": {
            "x": 0.001484134467318654,
            "y": -3.753632068634033,
            "z": 8.571624493924901e-05
        },
        "vehicle_throttle": 0.0,
        "unique_collisions": 0,
        "solid_lane_crosses": 0,
        "double_solid_lane_crosses": 0
    },
    {
        "game_time": 85.20368301309645,
        "vehicle_location": {
            "x": 31.56512451171875,
            "y": 117.49732971191406,
            "z": -0.23779505491256714
        },
        "vehicle_velocity": {
            "x": 0.0015049930661916733,
            "y": -3.760807752609253,
            "z": 0.00011840819934150204
        },
        "vehicle_throttle": 0.0,
        "unique_collisions": 0,
        "solid_lane_crosses": 0,
        "double_solid_lane_crosses": 0
    },
    {
        "game_time": 86.28649892099202,
        "vehicle_location": {
            "x": 31.566364288330078,
            "y": 114.3341064453125,
            "z": -0.23895014822483063
        },
        "vehicle_velocity": {
            "x": 0.0018167924135923386,
            "y": -4.484385967254639,
            "z": 6.66522973915562e-05
        },
        "vehicle_throttle": 0.75,
        "unique_collisions": 0,
        "solid_lane_crosses": 0,
        "double_solid_lane_crosses": 0
    },
    {
        "game_time": 87.41505517438054,
        "vehicle_location": {
            "x": 31.568851470947266,
            "y": 108.1361083984375,
            "z": -0.23778560757637024
        },
        "vehicle_velocity": {
            "x": 0.002222193870693445,
            "y": -5.527233123779297,
            "z": 5.45024849998299e-05
        },
        "vehicle_throttle": 0.75,
        "unique_collisions": 0,
        "solid_lane_crosses": 0,
        "double_solid_lane_crosses": 0
    },
    {
        "game_time": 88.5464895311743,
        "vehicle_location": {
            "x": 31.246044158935547,
            "y": 101.94290161132812,
            "z": -0.23689612746238708
        },
        "vehicle_velocity": {
            "x": -0.7224847078323364,
            "y": -5.024665355682373,
            "z": 1.7576217942405492e-05
        },
        "vehicle_throttle": 0.0,
        "unique_collisions": 0,
        "solid_lane_crosses": 0,
        "double_solid_lane_crosses": 0
    },
    {
        "game_time": 89.68500054068863,
        "vehicle_location": {
            "x": 29.563993453979492,
            "y": 96.25796508789062,
            "z": -0.23637893795967102
        },
        "vehicle_velocity": {
            "x": -2.4414117336273193,
            "y": -4.11034631729126,
            "z": -0.0012993717100471258
        },
        "vehicle_throttle": 0.75,
        "unique_collisions": 0,
        "solid_lane_crosses": 0,
        "double_solid_lane_crosses": 0
    },
    {
        "game_time": 90.71004442311823,
        "vehicle_location": {
            "x": 26.18004035949707,
            "y": 92.00213623046875,
            "z": -0.23642298579216003
        },
        "vehicle_velocity": {
            "x": -3.54716157913208,
            "y": -3.0098609924316406,
            "z": -0.0008483981946483254
        },
        "vehicle_throttle": 0.75,
        "unique_collisions": 0,
        "solid_lane_crosses": 0,
        "double_solid_lane_crosses": 0
    },
    {
        "game_time": 91.7528874669224,
        "vehicle_location": {
            "x": 21.50282096862793,
            "y": 89.0621109008789,
            "z": -0.23691165447235107
        },
        "vehicle_velocity": {
            "x": -4.409998893737793,
            "y": -2.3147921562194824,
            "z": -0.0008020210079848766
        },
        "vehicle_throttle": 0.75,
        "unique_collisions": 0,
        "solid_lane_crosses": 0,
        "double_solid_lane_crosses": 0
    }
]