[
    {
        "game_time": 8.354996229056269,
        "vehicle_location": {
            "x": 16.044475555419922,
            "y": 201.50851440429688,
            "z": -0.23979994654655457
        },
        "vehicle_velocity": {
            "x": 3.3002841472625732,
            "y": -0.7697634696960449,
            "z": 0.0032850741408765316
        },
        "vehicle_throttle": 0.0,
        "unique_collisions": 0,
        "solid_lane_crosses": 0,
        "double_solid_lane_crosses": 0
    },
    {
        "game_time": 9.364276910666376,
        "vehicle_location": {
            "x": 18.034881591796875,
            "y": 201.05491638183594,
            "z": -0.23664157092571259
        },
        "vehicle_velocity": {
            "x": 0.16223213076591492,
            "y": -0.04029291868209839,
            "z": -1.5878677004366182e-05
        },
        "vehicle_throttle": 0.75,
        "unique_collisions": 0,
        "solid_lane_crosses": 0,
        "double_solid_lane_crosses": 0
    },
    {
        "game_time": 10.392872963566333,
        "vehicle_location": {
            "x": 19.210193634033203,
            "y": 200.68417358398438,
            "z": -0.23884738981723785
        },
        "vehicle_velocity": {
            "x": 2.3522841930389404,
            "y": -0.9271634221076965,
            "z": -0.0006086921785026789
        },
        "vehicle_throttle": 0.0,
        "unique_collisions": 0,
        "solid_lane_crosses": 0,
        "double_solid_lane_crosses": 0
    },
    {
        "game_time": 11.405426847282797,
        "vehicle_location": {
            "x": 21.43712615966797,
            "y": 199.67718505859375,
            "z": -0.2364926040172577
        },
        "vehicle_velocity": {
            "x": 1.7637335062026978,
            "y": -1.0133020877838135,
            "z": 0.0006632470758631825
        },
        "vehicle_throttle": 0.75,
        "unique_collisions": 0,
        "solid_lane_crosses": 0,
        "double_solid_lane_crosses": 0
    },
    {
        "game_time": 12.484115895349532,
        "vehicle_location": {
            "x": 23.947343826293945,
            "y": 197.94287109375,
            "z": -0.23750434815883636
        },
        "vehicle_velocity": {
            "x": 2.178912401199341,
            "y": -2.1023144721984863,
            "z": 0.00022136687766760588
        },
        "vehicle_throttle": 0.75,
        "unique_collisions": 0,
        "solid_lane_crosses": 0,
        "double_solid_lane_crosses": 0
    },
    {
        "game_time": 13.49410590948537,
        "vehicle_location": {
            "x": 26.017045974731445,
            "y": 195.69895935058594,
            "z": -0.23882976174354553
        },
        "vehicle_velocity": {
            "x": 2.225630044937134,
            "y": -2.8838675022125244,
            "z": -0.0003411006764508784
        },
        "vehicle_throttle": 0.75,
        "unique_collisions": 0,
        "solid_lane_crosses": 0,
        "double_solid_lane_crosses": 0
    },
    {
        "game_time": 14.50315272854641,
        "vehicle_location": {
            "x": 27.884784698486328,
            "y": 192.86631774902344,
            "z": -0.23695026338100433
        },
        "vehicle_velocity": {
            "x": 1.2346996068954468,
            "y": -2.4504687786102295,
            "z": 4.6992299758130684e-05
        },
        "vehicle_throttle": 0.75,
        "unique_collisions": 0,
        "solid_lane_crosses": 0,
        "double_solid_lane_crosses": 0
    },
    {
        "game_time": 15.53413492674008,
        "vehicle_location": {
            "x": 29.205829620361328,
            "y": 190.059326171875,
            "z": -0.23824752867221832
        },
        "vehicle_velocity": {
            "x": 1.2654273509979248,
            "y": -3.1026461124420166,
            "z": 0.00019016265287064016
        },
        "vehicle_throttle": 0.75,
        "unique_collisions": 0,
        "solid_lane_crosses": 0,
        "double_solid_lane_crosses": 0
    },
    {
        "game_time": 16.573236022610217,
        "vehicle_location": {
            "x": 30.07185935974121,
            "y": 187.54534912109375,
            "z": -0.23734980821609497
        },
        "vehicle_velocity": {
            "x": 0.4041300415992737,
            "y": -1.300180435180664,
            "z": 0.0001663398725213483
        },
        "vehicle_throttle": 0.75,
        "unique_collisions": 0,
        "solid_lane_crosses": 0,
        "double_solid_lane_crosses": 0
    },
    {
        "game_time": 17.651103659067303,
        "vehicle_location": {
            "x": 30.6630802154541,
            "y": 185.11155700683594,
            "z": -0.23885490000247955
        },
        "vehicle_velocity": {
            "x": 0.46379920840263367,
            "y": -3.247514009475708,
            "z": 0.000261764507740736
        },
        "vehicle_throttle": 0.0,
        "unique_collisions": 0,
        "solid_lane_crosses": 0,
        "double_solid_lane_crosses": 0
    },
    {
        "game_time": 18.66692064376548,
        "vehicle_location": {
            "x": 31.05768394470215,
            "y": 182.330078125,
            "z": -0.23727042973041534
        },
        "vehicle_velocity": {
            "x": 0.24359671771526337,
            "y": -2.643925428390503,
            "z": -0.0003309822059236467
        },
        "vehicle_throttle": 0.75,
        "unique_collisions": 0,
        "solid_lane_crosses": 0,
        "double_solid_lane_crosses": 0
    },
    {
        "game_time": 19.740282526705414,
        "vehicle_location": {
            "x": 31.257091522216797,
            "y": 179.814208984375,
            "z": -0.2378089874982834
        },
        "vehicle_velocity": {
            "x": 0.10628876090049744,
            "y": -1.7947981357574463,
            "z": -0.00015159606118686497
        },
        "vehicle_throttle": 0.0,
        "unique_collisions": 0,
        "solid_lane_crosses": 0,
        "double_solid_lane_crosses": 0
    },
    {
        "game_time": 20.761136694345623,
        "vehicle_location": {
            "x": 31.30490493774414,
            "y": 179.06988525390625,
            "z": -0.2367398738861084
        },
        "vehicle_velocity": {
            "x": 0.01595333032310009,
            "y": -0.26173073053359985,
            "z": 3.8843154470669106e-05
        },
        "vehicle_throttle": 0.75,
        "unique_collisions": 0,
        "solid_lane_crosses": 0,
        "double_solid_lane_crosses": 0
    },
    {
        "game_time": 21.790792983490974,
        "vehicle_location": {
            "x": 31.3204288482666,
            "y": 178.74024963378906,
            "z": -0.23767203092575073
        },
        "vehicle_velocity": {
            "x": 1.4909998753864784e-05,
            "y": 2.9087224902468733e-05,
            "z": 0.00028425216441974044
        },
        "vehicle_throttle": 0.0,
        "unique_collisions": 0,
        "solid_lane_crosses": 0,
        "double_solid_lane_crosses": 0
    },
    {
        "game_time": 22.81324846157804,
        "vehicle_location": {
            "x": 31.320438385009766,
            "y": 178.7404022216797,
            "z": -0.23759829998016357
        },
        "vehicle_velocity": {
            "x": 1.4402273151858935e-08,
            "y": -5.48640798569977e-07,
            "z": -3.74412520613987e-05
        },
        "vehicle_throttle": 0.0,
        "unique_collisions": 0,
        "solid_lane_crosses": 0,
        "double_solid_lane_crosses": 0
    },
    {
        "game_time": 23.845832420978695,
        "vehicle_location": {
            "x": 31.320438385009766,
            "y": 178.7404022216797,
            "z": -0.2375418096780777
        },
        "vehicle_velocity": {
            "x": -1.9945721518865867e-08,
            "y": -1.2306645702508945e-09,
            "z": -0.00015123367484193295
        },
        "vehicle_throttle": 0.0,
        "unique_collisions": 0,
        "solid_lane_crosses": 0,
        "double_solid_lane_crosses": 0
    },
    {
        "game_time": 24.878400737885386,
        "vehicle_location": {
            "x": 31.320438385009766,
            "y": 178.7404022216797,
            "z": -0.23763686418533325
        },
        "vehicle_velocity": {
            "x": 9.711760284858428e-09,
            "y": 2.797325571179954e-08,
            "z": -0.00015401840209960938
        },
        "vehicle_throttle": 0.0,
        "unique_collisions": 0,
        "solid_lane_crosses": 0,
        "double_solid_lane_crosses": 0
    },
    {
        "game_time": 25.944991084281355,
        "vehicle_location": {
            "x": 31.350109100341797,
            "y": 178.01759338378906,
            "z": -0.23766852915287018
        },
        "vehicle_velocity": {
            "x": 0.05075101554393768,
            "y": -1.417362928390503,
            "z": -0.0004221057752147317
        },
        "vehicle_throttle": 0.75,
        "unique_collisions": 0,
        "solid_lane_crosses": 0,
        "double_solid_lane_crosses": 0
    },
    {
        "game_time": 26.98654348263517,
        "vehicle_location": {
            "x": 31.425262451171875,
            "y": 175.53013610839844,
            "z": -0.2387104034423828
        },
        "vehicle_velocity": {
            "x": 0.0151304816827178,
            "y": -3.3805313110351562,
            "z": -9.659767238190398e-05
        },
        "vehicle_throttle": 0.0,
        "unique_collisions": 0,
        "solid_lane_crosses": 0,
        "double_solid_lane_crosses": 0
    },
    {
        "game_time": 28.049145164433867,
        "vehicle_location": {
            "x": 31.473920822143555,
            "y": 172.6254425048828,
            "z": -0.2372739017009735
        },
        "vehicle_velocity": {
            "x": 0.03456658124923706,
            "y": -2.7124276161193848,
            "z": -0.00013203620619606227
        },
        "vehicle_throttle": 0.75,
        "unique_collisions": 0,
        "solid_lane_crosses": 0,
        "double_solid_lane_crosses": 0
    },
    {
        "game_time": 29.09265839541331,
        "vehicle_location": {
            "x": 31.5062198638916,
            "y": 169.46597290039062,
            "z": -0.2386392205953598
        },
        "vehicle_velocity": {
            "x": 0.0020468097645789385,
            "y": -3.407719135284424,
            "z": -0.00022514343436341733
        },
        "vehicle_throttle": 0.75,
        "unique_collisions": 0,
        "solid_lane_crosses": 0,
        "double_solid_lane_crosses": 0
    },
    {
        "game_time": 30.09695956343785,
        "vehicle_location": {
            "x": 31.525236129760742,
            "y": 166.05409240722656,
            "z": -0.23877562582492828
        },
        "vehicle_velocity": {
            "x": 0.018930548802018166,
            "y": -3.8659934997558594,
            "z": -0.00026798248291015625
        },
        "vehicle_throttle": 0.0,
        "unique_collisions": 0,
        "solid_lane_crosses": 0,
        "double_solid_lane_crosses": 0
    },
    {
        "game_time": 31.101759106386453,
        "vehicle_location": {
            "x": 31.53542137145996,
            "y": 162.55462646484375,
            "z": -0.23736411333084106
        },
        "vehicle_velocity": {
            "x": 0.007244935259222984,
            "y": -3.3912606239318848,
            "z": -0.0002821826783474535
        },
        "vehicle_throttle": 0.0,
        "unique_collisions": 0,
        "solid_lane_crosses": 0,
        "double_solid_lane_crosses": 0
    },
    {
        "game_time": 32.164478505495936,
        "vehicle_location": {
            "x": 31.542192459106445,
            "y": 159.03369140625,
            "z": -0.23615172505378723
        },
        "vehicle_velocity": {
            "x": 0.003952700644731522,
            "y": -2.623767375946045,
            "z": -4.362106119515374e-05
        },
        "vehicle_throttle": 0.0,
        "unique_collisions": 0,
        "solid_lane_crosses": 0,
        "double_solid_lane_crosses": 0
    },
    {
        "game_time": 33.187463239300996,
        "vehicle_location": {
            "x": 31.546274185180664,
            "y": 156.00416564941406,
            "z": -0.23648639023303986
        },
        "vehicle_velocity": {
            "x": 0.0032707564532756805,
            "y": -2.68261981010437,
            "z": -0.00017869948351290077
        },
        "vehicle_throttle": 0.75,
        "unique_collisions": 0,
        "solid_lane_crosses": 0,
        "double_solid_lane_crosses": 0
    },
    {
        "game_time": 34.22668610373512,
        "vehicle_location": {
            "x": 31.55009651184082,
            "y": 151.30831909179688,
            "z": -0.23658011853694916
        },
        "vehicle_velocity": {
            "x": 0.003325739409774542,
            "y": -4.666444778442383,
            "z": -0.0019815920386463404
        },
        "vehicle_throttle": 0.0,
        "unique_collisions": 0,
        "solid_lane_crosses": 0,
        "double_solid_lane_crosses": 0
    },
    {
        "game_time": 35.236621665302664,
        "vehicle_location": {
            "x": 31.5523624420166,
            "y": 147.53977966308594,
            "z": -0.23720458149909973
        },
        "vehicle_velocity": {
            "x": 0.0019663621205836535,
            "y": -3.585493326187134,
            "z": -7.925987301860005e-05
        },
        "vehicle_throttle": 0.0,
        "unique_collisions": 0,
        "solid_lane_crosses": 0,
        "double_solid_lane_crosses": 0
    },
    {
        "game_time": 36.3091831416823,
        "vehicle_location": {
            "x": 31.553510665893555,
            "y": 145.34359741210938,
            "z": -0.23604442179203033
        },
        "vehicle_velocity": {
            "x": 0.00022565534163732082,
            "y": -0.4816453754901886,
            "z": 0.00021534442203119397
        },
        "vehicle_throttle": 0.0,
        "unique_collisions": 0,
        "solid_lane_crosses": 0,
        "double_solid_lane_crosses": 0
    },
    {
        "game_time": 37.33687774138525,
        "vehicle_location": {
            "x": 31.553789138793945,
            "y": 144.747314453125,
            "z": -0.238412007689476
        },
        "vehicle_velocity": {
            "x": 0.0003989051328971982,
            "y": -0.8357983827590942,
            "z": -0.00025462149642407894
        },
        "vehicle_throttle": 0.0,
        "unique_collisions": 0,
        "solid_lane_crosses": 0,
        "double_solid_lane_crosses": 0
    },
    {
        "game_time": 38.37256947206333,
        "vehicle_location": {
            "x": 31.55386734008789,
            "y": 144.57696533203125,
            "z": -0.2374967485666275
        },
        "vehicle_velocity": {
            "x": -8.325973510636686e-08,
            "y": 0.00032880555954761803,
            "z": 7.195472426246852e-05
        },
        "vehicle_throttle": 0.0,
        "unique_collisions": 0,
        "solid_lane_crosses": 0,
        "double_solid_lane_crosses": 0
    },
    {
        "game_time": 39.40795628214255,
        "vehicle_location": {
            "x": 31.55386734008789,
            "y": 144.5768585205078,
            "z": -0.23753581941127777
        },
        "vehicle_velocity": {
            "x": 2.1180948550636458e-08,
            "y": 4.1976261400122894e-07,
            "z": -0.0002769851707853377
        },
        "vehicle_throttle": 0.0,
        "unique_collisions": 0,
        "solid_lane_crosses": 0,
        "double_solid_lane_crosses": 0
    },
    {
        "game_time": 40.45920027280226,
        "vehicle_location": {
            "x": 31.55386734008789,
            "y": 144.5768585205078,
            "z": -0.23753902316093445
        },
        "vehicle_velocity": {
            "x": 0.0,
            "y": 0.0,
            "z": 0.0
        },
        "vehicle_throttle": 0.0,
        "unique_collisions": 0,
        "solid_lane_crosses": 0,
        "double_solid_lane_crosses": 0
    },
    {
        "game_time": 41.50533667439595,
        "vehicle_location": {
            "x": 31.55386734008789,
            "y": 144.5768585205078,
            "z": -0.23754939436912537
        },
        "vehicle_velocity": {
            "x": -2.1202319899771283e-08,
            "y": -1.4126286806970256e-09,
            "z": -0.00021784781711176038
        },
        "vehicle_throttle": 0.0,
        "unique_collisions": 0,
        "solid_lane_crosses": 0,
        "double_solid_lane_crosses": 0
    },
    {
        "game_time": 42.55157593684271,
        "vehicle_location": {
            "x": 31.55386734008789,
            "y": 144.5768585205078,
            "z": -0.23755359649658203
        },
        "vehicle_velocity": {
            "x": 6.858224566030913e-08,
            "y": 6.204352309691075e-11,
            "z": 4.780769086210057e-05
        },
        "vehicle_throttle": 0.0,
        "unique_collisions": 0,
        "solid_lane_crosses": 0,
        "double_solid_lane_crosses": 0
    },
    {
        "game_time": 43.62318136030808,
        "vehicle_location": {
            "x": 31.55386734008789,
            "y": 144.5768585205078,
            "z": -0.2375548928976059
        },
        "vehicle_velocity": {
            "x": -1.097382185122342e-08,
            "y": -4.526607089161416e-09,
            "z": 0.00037666319985873997
        },
        "vehicle_throttle": 0.0,
        "unique_collisions": 0,
        "solid_lane_crosses": 0,
        "double_solid_lane_crosses": 0
    },
    {
        "game_time": 44.6773994253017,
        "vehicle_location": {
            "x": 31.55386734008789,
            "y": 144.5768585205078,
            "z": -0.23755969107151031
        },
        "vehicle_velocity": {
            "x": -1.88065940598392e-09,
            "y": -3.1774291531228016e-10,
            "z": -0.00021760939853265882
        },
        "vehicle_throttle": 0.0,
        "unique_collisions": 0,
        "solid_lane_crosses": 0,
        "double_solid_lane_crosses": 0
    },
    {
        "game_time": 45.68052838789299,
        "vehicle_location": {
            "x": 31.55386734008789,
            "y": 144.5768585205078,
            "z": -0.23754489421844482
        },
        "vehicle_velocity": {
            "x": -1.0400222016926364e-08,
            "y": -2.740975668658052e-09,
            "z": 0.0004469442355912179
        },
        "vehicle_throttle": 0.0,
        "unique_collisions": 0,
        "solid_lane_crosses": 0,
        "double_solid_lane_crosses": 0
    },
    {
        "game_time": 46.747064071241766,
        "vehicle_location": {
            "x": 31.55386734008789,
            "y": 144.5768585205078,
            "z": -0.23763979971408844
        },
        "vehicle_velocity": {
            "x": 9.93703119789302e-10,
            "y": -1.003019556300444e-09,
            "z": -0.0006408500485122204
        },
        "vehicle_throttle": 0.0,
        "unique_collisions": 0,
        "solid_lane_crosses": 0,
        "double_solid_lane_crosses": 0
    },
    {
        "game_time": 47.76390498736873,
        "vehicle_location": {
            "x": 31.55386734008789,
            "y": 144.5768585205078,
            "z": -0.2375599592924118
        },
        "vehicle_velocity": {
            "x": -1.018716044853818e-08,
            "y": -1.9180741717139682e-10,
            "z": 8.295058796647936e-05
        },
        "vehicle_throttle": 0.0,
        "unique_collisions": 0,
        "solid_lane_crosses": 0,
        "double_solid_lane_crosses": 0
    },
    {
        "game_time": 48.84509212570265,
        "vehicle_location": {
            "x": 31.55386734008789,
            "y": 144.5768585205078,
            "z": -0.23754249513149261
        },
        "vehicle_velocity": {
            "x": -6.755774162314765e-09,
            "y": -1.1942614674964602e-09,
            "z": 1.7833708625403233e-05
        },
        "vehicle_throttle": 0.0,
        "unique_collisions": 0,
        "solid_lane_crosses": 0,
        "double_solid_lane_crosses": 0
    },
    {
        "game_time": 49.86561626987532,
        "vehicle_location": {
            "x": 31.55386734008789,
            "y": 144.5768585205078,
            "z": -0.23757411539554596
        },
        "vehicle_velocity": {
            "x": -1.2396085047328143e-08,
            "y": -3.2796048099470454e-09,
            "z": -0.00011216163693461567
        },
        "vehicle_throttle": 0.0,
        "unique_collisions": 0,
        "solid_lane_crosses": 0,
        "double_solid_lane_crosses": 0
    },
    {
        "game_time": 50.89469129452482,
        "vehicle_location": {
            "x": 31.55386734008789,
            "y": 144.5768585205078,
            "z": -0.23760265111923218
        },
        "vehicle_velocity": {
            "x": -2.4231789907958046e-09,
            "y": -8.895835179600908e-10,
            "z": -0.00025106428074650466
        },
        "vehicle_throttle": 0.0,
        "unique_collisions": 0,
        "solid_lane_crosses": 0,
        "double_solid_lane_crosses": 0
    },
    {
        "game_time": 51.90716936858371,
        "vehicle_location": {
            "x": 31.55386734008789,
            "y": 144.5768585205078,
            "z": -0.23757976293563843
        },
        "vehicle_velocity": {
            "x": -1.568281149388895e-08,
            "y": -3.4530114323416683e-09,
            "z": 0.00024251460854429752
        },
        "vehicle_throttle": 0.0,
        "unique_collisions": 0,
        "solid_lane_crosses": 0,
        "double_solid_lane_crosses": 0
    },
    {
        "game_time": 52.941460464615375,
        "vehicle_location": {
            "x": 31.55386734008789,
            "y": 144.5768585205078,
            "z": -0.2375665158033371
        },
        "vehicle_velocity": {
            "x": -2.9472422280463206e-09,
            "y": -2.612927374467944e-10,
            "z": 0.00046160697820596397
        },
        "vehicle_throttle": 0.0,
        "unique_collisions": 0,
        "solid_lane_crosses": 0,
        "double_solid_lane_crosses": 0
    },
    {
        "game_time": 53.996629368979484,
        "vehicle_location": {
            "x": 31.55386734008789,
            "y": 144.5768585205078,
            "z": -0.23758883774280548
        },
        "vehicle_velocity": {
            "x": -1.1370386410192168e-08,
            "y": -3.267809980944669e-11,
            "z": 0.0002620124723762274
        },
        "vehicle_throttle": 0.0,
        "unique_collisions": 0,
        "solid_lane_crosses": 0,
        "double_solid_lane_crosses": 0
    },
    {
        "game_time": 55.022505902219564,
        "vehicle_location": {
            "x": 31.55386734008789,
            "y": 144.5768585205078,
            "z": -0.23760581016540527
        },
        "vehicle_velocity": {
            "x": -6.032724986226867e-09,
            "y": -4.8300162480696684e-11,
            "z": -1.5888213965808973e-05
        },
        "vehicle_throttle": 0.0,
        "unique_collisions": 0,
        "solid_lane_crosses": 0,
        "double_solid_lane_crosses": 0
    },
    {
        "game_time": 56.06397339934483,
        "vehicle_location": {
            "x": 31.55386734008789,
            "y": 144.5768585205078,
            "z": -0.23756594955921173
        },
        "vehicle_velocity": {
            "x": -1.4146936955228284e-08,
            "y": -1.1041326741789703e-09,
            "z": 0.0004214239015709609
        },
        "vehicle_throttle": 0.0,
        "unique_collisions": 0,
        "solid_lane_crosses": 0,
        "double_solid_lane_crosses": 0
    },
    {
        "game_time": 57.1131014120765,
        "vehicle_location": {
            "x": 31.55386734008789,
            "y": 144.5768585205078,
            "z": -0.23757465183734894
        },
        "vehicle_velocity": {
            "x": 2.3349047140186485e-08,
            "y": 1.1972035807161774e-08,
            "z": -0.0002674102724995464
        },
        "vehicle_throttle": 0.0,
        "unique_collisions": 0,
        "solid_lane_crosses": 0,
        "double_solid_lane_crosses": 0
    },
    {
        "game_time": 58.140423415694386,
        "vehicle_location": {
            "x": 31.55386734008789,
            "y": 144.5768585205078,
            "z": -0.2375498116016388
        },
        "vehicle_velocity": {
            "x": -1.4414849758281889e-08,
            "y": 1.2054306441910967e-09,
            "z": -0.0001008796680252999
        },
        "vehicle_throttle": 0.0,
        "unique_collisions": 0,
        "solid_lane_crosses": 0,
        "double_solid_lane_crosses": 0
    },
    {
        "game_time": 59.19709857972339,
        "vehicle_location": {
            "x": 31.55386734008789,
            "y": 144.5768585205078,
            "z": -0.23762427270412445
        },
        "vehicle_velocity": {
            "x": 1.3848852731257466e-08,
            "y": 3.816402305290012e-09,
            "z": -5.389213401940651e-05
        },
        "vehicle_throttle": 0.0,
        "unique_collisions": 0,
        "solid_lane_crosses": 0,
        "double_solid_lane_crosses": 0
    },
    {
        "game_time": 60.25393540086225,
        "vehicle_location": {
            "x": 31.55386734008789,
            "y": 144.5768585205078,
            "z": -0.23756514489650726
        },
        "vehicle_velocity": {
            "x": -4.573491807491337e-09,
            "y": 7.98732469053931e-11,
            "z": 2.5997162083513103e-05
        },
        "vehicle_throttle": 0.0,
        "unique_collisions": 0,
        "solid_lane_crosses": 0,
        "double_solid_lane_crosses": 0
    },
    {
        "game_time": 61.31387272151187,
        "vehicle_location": {
            "x": 31.55386734008789,
            "y": 144.5768585205078,
            "z": -0.2375013679265976
        },
        "vehicle_velocity": {
            "x": 9.210836537931755e-09,
            "y": 7.549319391841891e-09,
            "z": 0.00032667635241523385
        },
        "vehicle_throttle": 0.0,
        "unique_collisions": 0,
        "solid_lane_crosses": 0,
        "double_solid_lane_crosses": 0
    },
    {
        "game_time": 62.32863220991567,
        "vehicle_location": {
            "x": 31.55386734008789,
            "y": 144.5768585205078,
            "z": -0.2375757098197937
        },
        "vehicle_velocity": {
            "x": -1.3174950908023675e-08,
            "y": -2.8928666129246494e-09,
            "z": -0.0003195095050614327
        },
        "vehicle_throttle": 0.0,
        "unique_collisions": 0,
        "solid_lane_crosses": 0,
        "double_solid_lane_crosses": 0
    },
    {
        "game_time": 63.32867700466886,
        "vehicle_location": {
            "x": 31.55386734008789,
            "y": 144.5768585205078,
            "z": -0.2375711351633072
        },
        "vehicle_velocity": {
            "x": 2.30588046434832e-08,
            "y": 1.3683974842138014e-08,
            "z": -1.7914771888172254e-05
        },
        "vehicle_throttle": 0.0,
        "unique_collisions": 0,
        "solid_lane_crosses": 0,
        "double_solid_lane_crosses": 0
    },
    {
        "game_time": 64.39314269134775,
        "vehicle_location": {
            "x": 31.55386734008789,
            "y": 144.5768585205078,
            "z": -0.237574502825737
        },
        "vehicle_velocity": {
            "x": 0.0,
            "y": 0.0,
            "z": 0.0
        },
        "vehicle_throttle": 0.0,
        "unique_collisions": 0,
        "solid_lane_crosses": 0,
        "double_solid_lane_crosses": 0
    },
    {
        "game_time": 65.45777342515066,
        "vehicle_location": {
            "x": 31.55386734008789,
            "y": 144.5768585205078,
            "z": -0.23749122023582458
        },
        "vehicle_velocity": {
            "x": -2.0930178479261485e-08,
            "y": -2.070174920376644e-09,
            "z": -4.0707585867494345e-05
        },
        "vehicle_throttle": 0.0,
        "unique_collisions": 0,
        "solid_lane_crosses": 0,
        "double_solid_lane_crosses": 0
    },
    {
        "game_time": 66.46474309125915,
        "vehicle_location": {
            "x": 31.55386734008789,
            "y": 144.5768585205078,
            "z": -0.2375723272562027
        },
        "vehicle_velocity": {
            "x": -3.1352804796824785e-08,
            "y": 1.1978317893124313e-08,
            "z": -2.2830961825093254e-05
        },
        "vehicle_throttle": 0.0,
        "unique_collisions": 0,
        "solid_lane_crosses": 0,
        "double_solid_lane_crosses": 0
    },
    {
        "game_time": 67.47819090308622,
        "vehicle_location": {
            "x": 31.55386734008789,
            "y": 144.5768585205078,
            "z": -0.23754741251468658
        },
        "vehicle_velocity": {
            "x": 5.819786963456863e-08,
            "y": -1.5639324280058986e-09,
            "z": 0.00014971256314311177
        },
        "vehicle_throttle": 0.0,
        "unique_collisions": 0,
        "solid_lane_crosses": 0,
        "double_solid_lane_crosses": 0
    },
    {
        "game_time": 68.54618984507397,
        "vehicle_location": {
            "x": 31.55386734008789,
            "y": 144.5768585205078,
            "z": -0.23756034672260284
        },
        "vehicle_velocity": {
            "x": 1.817358707967287e-08,
            "y": -3.170260165497041e-10,
            "z": -8.392333938900265e-07
        },
        "vehicle_throttle": 0.0,
        "unique_collisions": 0,
        "solid_lane_crosses": 0,
        "double_solid_lane_crosses": 0
    },
    {
        "game_time": 69.58210311317816,
        "vehicle_location": {
            "x": 31.55386734008789,
            "y": 144.5768585205078,
            "z": -0.2375808209180832
        },
        "vehicle_velocity": {
            "x": -8.621007907549938e-09,
            "y": 2.406045085390218e-10,
            "z": 9.090900130104274e-05
        },
        "vehicle_throttle": 0.0,
        "unique_collisions": 0,
        "solid_lane_crosses": 0,
        "double_solid_lane_crosses": 0
    },
    {
        "game_time": 70.5825903606601,
        "vehicle_location": {
            "x": 31.55386734008789,
            "y": 144.5768585205078,
            "z": -0.23758487403392792
        },
        "vehicle_velocity": {
            "x": -8.913921822895077e-10,
            "y": 4.895590044462494e-10,
            "z": -2.712249624892138e-05
        },
        "vehicle_throttle": 0.0,
        "unique_collisions": 0,
        "solid_lane_crosses": 0,
        "double_solid_lane_crosses": 0
    },
    {
        "game_time": 71.59506389917806,
        "vehicle_location": {
            "x": 31.55386734008789,
            "y": 144.5768585205078,
            "z": -0.23757266998291016
        },
        "vehicle_velocity": {
            "x": -8.408330920417484e-09,
            "y": 3.846367668813855e-10,
            "z": 7.431030098814517e-05
        },
        "vehicle_throttle": 0.0,
        "unique_collisions": 0,
        "solid_lane_crosses": 0,
        "double_solid_lane_crosses": 0
    },
    {
        "game_time": 72.62031908752397,
        "vehicle_location": {
            "x": 31.55386734008789,
            "y": 144.5768585205078,
            "z": -0.237630233168602
        },
        "vehicle_velocity": {
            "x": 2.9616339602966946e-08,
            "y": 1.344712785567026e-08,
            "z": 4.891395292361267e-05
        },
        "vehicle_throttle": 0.0,
        "unique_collisions": 0,
        "solid_lane_crosses": 0,
        "double_solid_lane_crosses": 0
    },
    {
        "game_time": 73.62427753442898,
        "vehicle_location": {
            "x": 31.55386734008789,
            "y": 144.5768585205078,
            "z": -0.2375674694776535
        },
        "vehicle_velocity": {
            "x": -5.609035014231267e-09,
            "y": -1.7600285673324834e-09,
            "z": 0.0004726934421341866
        },
        "vehicle_throttle": 0.0,
        "unique_collisions": 0,
        "solid_lane_crosses": 0,
        "double_solid_lane_crosses": 0
    },
    {
        "game_time": 74.68243895145133,
        "vehicle_location": {
            "x": 31.55386734008789,
            "y": 144.5768585205078,
            "z": -0.237578883767128
        },
        "vehicle_velocity": {
            "x": -6.480495073901693e-08,
            "y": -1.1889310369550543e-10,
            "z": 1.9617080397438258e-05
        },
        "vehicle_throttle": 0.0,
        "unique_collisions": 0,
        "solid_lane_crosses": 0,
        "double_solid_lane_crosses": 0
    },
    {
        "game_time": 75.692410080228,
        "vehicle_location": {
            "x": 31.55386734008789,
            "y": 144.5768585205078,
            "z": -0.23755542933940887
        },
        "vehicle_velocity": {
            "x": 6.924160089738507e-08,
            "y": 1.1026970447858275e-08,
            "z": -0.00013971328735351562
        },
        "vehicle_throttle": 0.0,
        "unique_collisions": 0,
        "solid_lane_crosses": 0,
        "double_solid_lane_crosses": 0
    },
    {
        "game_time": 76.70301865646616,
        "vehicle_location": {
            "x": 31.55386734008789,
            "y": 144.5768585205078,
            "z": -0.2375585436820984
        },
        "vehicle_velocity": {
            "x": -1.0611952205863417e-08,
            "y": -3.274588156187974e-09,
            "z": 0.0003781413834076375
        },
        "vehicle_throttle": 0.0,
        "unique_collisions": 0,
        "solid_lane_crosses": 0,
        "double_solid_lane_crosses": 0
    },
    {
        "game_time": 77.75818234169856,
        "vehicle_location": {
            "x": 31.55386734008789,
            "y": 144.5768585205078,
            "z": -0.23759497702121735
        },
        "vehicle_velocity": {
            "x": -2.5606916587150863e-09,
            "y": -7.301877991139349e-10,
            "z": -0.0001055049870046787
        },
        "vehicle_throttle": 0.0,
        "unique_collisions": 0,
        "solid_lane_crosses": 0,
        "double_solid_lane_crosses": 0
    },
    {
        "game_time": 78.80931019457057,
        "vehicle_location": {
            "x": 31.55386734008789,
            "y": 144.5768585205078,
            "z": -0.23755820095539093
        },
        "vehicle_velocity": {
            "x": 0.0,
            "y": 0.0,
            "z": 0.0
        },
        "vehicle_throttle": 0.0,
        "unique_collisions": 0,
        "solid_lane_crosses": 0,
        "double_solid_lane_crosses": 0
    },
    {
        "game_time": 79.83300863066688,
        "vehicle_location": {
            "x": 31.55386734008789,
            "y": 144.5768585205078,
            "z": -0.2375665158033371
        },
        "vehicle_velocity": {
            "x": -1.2603284638146306e-08,
            "y": -5.662796898064926e-09,
            "z": -8.932113269111142e-05
        },
        "vehicle_throttle": 0.0,
        "unique_collisions": 0,
        "solid_lane_crosses": 0,
        "double_solid_lane_crosses": 0
    },
    {
        "game_time": 80.86931083211675,
        "vehicle_location": {
            "x": 31.55386734008789,
            "y": 144.5768585205078,
            "z": -0.23756705224514008
        },
        "vehicle_velocity": {
            "x": -1.3930314679555522e-08,
            "y": -2.855818026503698e-09,
            "z": 0.00011380672367522493
        },
        "vehicle_throttle": 0.0,
        "unique_collisions": 0,
        "solid_lane_crosses": 0,
        "double_solid_lane_crosses": 0
    },
    {
        "game_time": 81.90328680211678,
        "vehicle_location": {
            "x": 31.55386734008789,
            "y": 144.5768585205078,
            "z": -0.23752611875534058
        },
        "vehicle_velocity": {
            "x": 4.929410213350138e-09,
            "y": -1.3070706295081891e-08,
            "z": 0.00043750760960392654
        },
        "vehicle_throttle": 0.0,
        "unique_collisions": 0,
        "solid_lane_crosses": 0,
        "double_solid_lane_crosses": 0
    },
    {
        "game_time": 82.9714475874789,
        "vehicle_location": {
            "x": 31.55386734008789,
            "y": 144.5768585205078,
            "z": -0.23757250607013702
        },
        "vehicle_velocity": {
            "x": -2.069617588418282e-09,
            "y": -3.275490434440087e-10,
            "z": 0.0001370286918245256
        },
        "vehicle_throttle": 0.0,
        "unique_collisions": 0,
        "solid_lane_crosses": 0,
        "double_solid_lane_crosses": 0
    },
    {
        "game_time": 84.02242576191202,
        "vehicle_location": {
            "x": 31.553913116455078,
            "y": 144.48069763183594,
            "z": -0.23752665519714355
        },
        "vehicle_velocity": {
            "x": 7.068928198350477e-07,
            "y": -0.0023113323841243982,
            "z": 0.00013940810458734632
        },
        "vehicle_throttle": 0.75,
        "unique_collisions": 0,
        "solid_lane_crosses": 0,
        "double_solid_lane_crosses": 0
    },
    {
        "game_time": 85.05297856265679,
        "vehicle_location": {
            "x": 31.554588317871094,
            "y": 143.05810546875,
            "z": -0.2387612909078598
        },
        "vehicle_velocity": {
            "x": 0.0011988418409600854,
            "y": -2.645582437515259,
            "z": -7.867812996664725e-07
        },
        "vehicle_throttle": 0.0,
        "unique_collisions": 0,
        "solid_lane_crosses": 0,
        "double_solid_lane_crosses": 0
    },
    {
        "game_time": 86.06478646444157,
        "vehicle_location": {
            "x": 31.555816650390625,
            "y": 140.34288024902344,
            "z": -0.23669876158237457
        },
        "vehicle_velocity": {
            "x": 0.0010714224772527814,
            "y": -2.4496705532073975,
            "z": -6.546973963850178e-06
        },
        "vehicle_throttle": 0.0,
        "unique_collisions": 0,
        "solid_lane_crosses": 0,
        "double_solid_lane_crosses": 0
    },
    {
        "game_time": 87.0983136263676,
        "vehicle_location": {
            "x": 31.556642532348633,
            "y": 138.38552856445312,
            "z": -0.23880450427532196
        },
        "vehicle_velocity": {
            "x": 0.0013936286559328437,
            "y": -3.299623727798462,
            "z": 0.0002452373446431011
        },
        "vehicle_throttle": 0.0,
        "unique_collisions": 0,
        "solid_lane_crosses": 0,
        "double_solid_lane_crosses": 0
    },
    {
        "game_time": 88.15800367901102,
        "vehicle_location": {
            "x": 31.557861328125,
            "y": 135.43673706054688,
            "z": -0.23717384040355682
        },
        "vehicle_velocity": {
            "x": 0.0011650501983240247,
            "y": -2.7907216548919678,
            "z": 0.0004594135098159313
        },
        "vehicle_throttle": 0.75,
        "unique_collisions": 0,
        "solid_lane_crosses": 0,
        "double_solid_lane_crosses": 0
    },
    {
        "game_time": 89.19928283477202,
        "vehicle_location": {
            "x": 31.559194564819336,
            "y": 132.24661254882812,
            "z": -0.23876139521598816
        },
        "vehicle_velocity": {
            "x": 0.0015172975836321712,
            "y": -3.735090494155884,
            "z": -0.00011409759463276714
        },
        "vehicle_throttle": 0.0,
        "unique_collisions": 0,
        "solid_lane_crosses": 0,
        "double_solid_lane_crosses": 0
    },
    {
        "game_time": 90.26781471120194,
        "vehicle_location": {
            "x": 31.5605525970459,
            "y": 128.90248107910156,
            "z": -0.23723506927490234
        },
        "vehicle_velocity": {
            "x": 0.001269887201488018,
            "y": -3.1425650119781494,
            "z": 0.0002295589365530759
        },
        "vehicle_throttle": 0.0,
        "unique_collisions": 0,
        "solid_lane_crosses": 0,
        "double_solid_lane_crosses": 0
    },
    {
        "game_time": 91.31850644620135,
        "vehicle_location": {
            "x": 31.561384201049805,
            "y": 126.8414535522461,
            "z": -0.23685458302497864
        },
        "vehicle_velocity": {
            "x": 0.00038883270462974906,
            "y": -0.9634949564933777,
            "z": 0.0007334041292779148
        },
        "vehicle_throttle": 0.0,
        "unique_collisions": 0,
        "solid_lane_crosses": 0,
        "double_solid_lane_crosses": 0
    },
    {
        "game_time": 92.33010801346973,
        "vehicle_location": {
            "x": 31.561552047729492,
            "y": 126.37171936035156,
            "z": -0.23685607314109802
        },
        "vehicle_velocity": {
            "x": -3.165474140587321e-07,
            "y": 0.0006639886414632201,
            "z": 4.046916728839278e-05
        },
        "vehicle_throttle": 0.75,
        "unique_collisions": 0,
        "solid_lane_crosses": 0,
        "double_solid_lane_crosses": 0
    },
    {
        "game_time": 93.38038220861927,
        "vehicle_location": {
            "x": 31.561649322509766,
            "y": 126.12728881835938,
            "z": -0.23725707828998566
        },
        "vehicle_velocity": {
            "x": -4.6433527245426376e-07,
            "y": 0.0006618393817916512,
            "z": 0.0003406476753298193
        },
        "vehicle_throttle": 0.0,
        "unique_collisions": 0,
        "solid_lane_crosses": 0,
        "double_solid_lane_crosses": 0
    },
    {
        "game_time": 94.42236395226792,
        "vehicle_location": {
            "x": 31.561717987060547,
            "y": 125.95658111572266,
            "z": -0.23750720918178558
        },
        "vehicle_velocity": {
            "x": -4.1911584958143067e-07,
            "y": 0.0004740346921607852,
            "z": 0.0002629232476465404
        },
        "vehicle_throttle": 0.0,
        "unique_collisions": 0,
        "solid_lane_crosses": 0,
        "double_solid_lane_crosses": 0
    },
    {
        "game_time": 95.5210863915272,
        "vehicle_location": {
            "x": 31.561742782592773,
            "y": 125.84395599365234,
            "z": -0.23783710598945618
        },
        "vehicle_velocity": {
            "x": 0.00015670241555199027,
            "y": -0.38402754068374634,
            "z": 0.0002666902437340468
        },
        "vehicle_throttle": 0.75,
        "unique_collisions": 0,
        "solid_lane_crosses": 0,
        "double_solid_lane_crosses": 0
    },
    {
        "game_time": 96.55567092495039,
        "vehicle_location": {
            "x": 31.561824798583984,
            "y": 125.6367416381836,
            "z": -0.2378615140914917
        },
        "vehicle_velocity": {
            "x": 6.332485645543784e-05,
            "y": -0.15666505694389343,
            "z": 0.0002792453742586076
        },
        "vehicle_throttle": 0.0,
        "unique_collisions": 0,
        "solid_lane_crosses": 0,
        "double_solid_lane_crosses": 0
    },
    {
        "game_time": 97.57267261529341,
        "vehicle_location": {
            "x": 31.561885833740234,
            "y": 125.49166870117188,
            "z": -0.2370576113462448
        },
        "vehicle_velocity": {
            "x": 6.792556632717606e-07,
            "y": -0.0008885164861567318,
            "z": 0.00038058278732933104
        },
        "vehicle_throttle": 0.0,
        "unique_collisions": 0,
        "solid_lane_crosses": 0,
        "double_solid_lane_crosses": 0
    },
    {
        "game_time": 98.62592013785616,
        "vehicle_location": {
            "x": 31.561918258666992,
            "y": 125.39435577392578,
            "z": -0.2373667061328888
        },
        "vehicle_velocity": {
            "x": -9.40059692311479e-08,
            "y": 9.902808233164251e-05,
            "z": -0.0004936218028888106
        },
        "vehicle_throttle": 0.0,
        "unique_collisions": 0,
        "solid_lane_crosses": 0,
        "double_solid_lane_crosses": 0
    },
    {
        "game_time": 99.62710263067856,
        "vehicle_location": {
            "x": 31.56194496154785,
            "y": 125.3094482421875,
            "z": -0.23750457167625427
        },
        "vehicle_velocity": {
            "x": -2.3022677453354845e-07,
            "y": 0.0003195231838617474,
            "z": 0.00014636515697930008
        },
        "vehicle_throttle": 0.0,
        "unique_collisions": 0,
        "solid_lane_crosses": 0,
        "double_solid_lane_crosses": 0
    },
    {
        "game_time": 100.67975333007053,
        "vehicle_location": {
            "x": 31.5620059967041,
            "y": 125.12826538085938,
            "z": -0.23770560324192047
        },
        "vehicle_velocity": {
            "x": 7.808174996171147e-05,
            "y": -0.16377879679203033,
            "z": 0.00015802860434632748
        },
        "vehicle_throttle": 0.75,
        "unique_collisions": 0,
        "solid_lane_crosses": 0,
        "double_solid_lane_crosses": 0
    },
    {
        "game_time": 101.6867317748256,
        "vehicle_location": {
            "x": 31.562047958374023,
            "y": 124.98045349121094,
            "z": -0.23757304251194
        },
        "vehicle_velocity": {
            "x": 1.3632885611514212e-06,
            "y": -0.0038284442853182554,
            "z": 0.0002984237507916987
        },
        "vehicle_throttle": 0.0,
        "unique_collisions": 0,
        "solid_lane_crosses": 0,
        "double_solid_lane_crosses": 0
    },
    {
        "game_time": 102.75645574042574,
        "vehicle_location": {
            "x": 31.562047958374023,
            "y": 124.98031616210938,
            "z": -0.2375430315732956
        },
        "vehicle_velocity": {
            "x": 6.569439436887592e-10,
            "y": -5.272412181511754e-06,
            "z": 0.00014606952026952058
        },
        "vehicle_throttle": 0.0,
        "unique_collisions": 0,
        "solid_lane_crosses": 0,
        "double_solid_lane_crosses": 0
    },
    {
        "game_time": 103.78882893966511,
        "vehicle_location": {
            "x": 31.562047958374023,
            "y": 124.98033142089844,
            "z": -0.23756878077983856
        },
        "vehicle_velocity": {
            "x": -2.9092506181882527e-09,
            "y": 5.2339714784466196e-09,
            "z": 0.00019438743765931576
        },
        "vehicle_throttle": 0.0,
        "unique_collisions": 0,
        "solid_lane_crosses": 0,
        "double_solid_lane_crosses": 0
    },
    {
        "game_time": 104.85967420833185,
        "vehicle_location": {
            "x": 31.562047958374023,
            "y": 124.98033142089844,
            "z": -0.2375287562608719
        },
        "vehicle_velocity": {
            "x": 1.589187803574532e-08,
            "y": 1.9028749409510937e-10,
            "z": 0.00038249490899033844
        },
        "vehicle_throttle": 0.0,
        "unique_collisions": 0,
        "solid_lane_crosses": 0,
        "double_solid_lane_crosses": 0
    },
    {
        "game_time": 105.8878931463696,
        "vehicle_location": {
            "x": 31.562047958374023,
            "y": 124.98033142089844,
            "z": -0.23761290311813354
        },
        "vehicle_velocity": {
            "x": -8.906378745621168e-09,
            "y": -4.2839271019445846e-10,
            "z": 5.446910654427484e-05
        },
        "vehicle_throttle": 0.0,
        "unique_collisions": 0,
        "solid_lane_crosses": 0,
        "double_solid_lane_crosses": 0
    },
    {
        "game_time": 106.93426667386666,
        "vehicle_location": {
            "x": 31.562047958374023,
            "y": 124.98033142089844,
            "z": -0.23757003247737885
        },
        "vehicle_velocity": {
            "x": 4.3278758354858837e-10,
            "y": -5.12908326921746e-10,
            "z": -1.771926872606855e-05
        },
        "vehicle_throttle": 0.0,
        "unique_collisions": 0,
        "solid_lane_crosses": 0,
        "double_solid_lane_crosses": 0
    },
    {
        "game_time": 107.99648815998808,
        "vehicle_location": {
            "x": 31.562047958374023,
            "y": 124.98033142089844,
            "z": -0.23755797743797302
        },
        "vehicle_velocity": {
            "x": 8.000004925179383e-08,
            "y": 8.217902747187367e-11,
            "z": 0.00019282341236248612
        },
        "vehicle_throttle": 0.0,
        "unique_collisions": 0,
        "solid_lane_crosses": 0,
        "double_solid_lane_crosses": 0
    },
    {
        "game_time": 109.03780092159286,
        "vehicle_location": {
            "x": 31.562047958374023,
            "y": 124.98033142089844,
            "z": -0.2376006692647934
        },
        "vehicle_velocity": {
            "x": 6.378470196466424e-09,
            "y": -2.5339985665340237e-09,
            "z": -0.0003140830958727747
        },
        "vehicle_throttle": 0.0,
        "unique_collisions": 0,
        "solid_lane_crosses": 0,
        "double_solid_lane_crosses": 0
    },
    {
        "game_time": 110.10784677276388,
        "vehicle_location": {
            "x": 31.562047958374023,
            "y": 124.98033142089844,
            "z": -0.23759062588214874
        },
        "vehicle_velocity": {
            "x": 8.838566856184116e-08,
            "y": -1.232401403150618e-09,
            "z": -6.361007399391383e-05
        },
        "vehicle_throttle": 0.0,
        "unique_collisions": 0,
        "solid_lane_crosses": 0,
        "double_solid_lane_crosses": 0
    },
    {
        "game_time": 111.13194145308807,
        "vehicle_location": {
            "x": 31.562047958374023,
            "y": 124.98033142089844,
            "z": -0.23760490119457245
        },
        "vehicle_velocity": {
            "x": 8.216795066573468e-08,
            "y": -2.434942469875523e-09,
            "z": 5.687713564839214e-05
        },
        "vehicle_throttle": 0.0,
        "unique_collisions": 0,
        "solid_lane_crosses": 0,
        "double_solid_lane_crosses": 0
    },
    {
        "game_time": 112.13805416831747,
        "vehicle_location": {
            "x": 31.562047958374023,
            "y": 124.98033142089844,
            "z": -0.2375832349061966
        },
        "vehicle_velocity": {
            "x": 4.018696042606962e-09,
            "y": -7.719501704528398e-10,
            "z": 1.2969970839549205e-06
        },
        "vehicle_throttle": 0.0,
        "unique_collisions": 0,
        "solid_lane_crosses": 0,
        "double_solid_lane_crosses": 0
    },
    {
        "game_time": 113.1874499307014,
        "vehicle_location": {
            "x": 31.562047958374023,
            "y": 124.98033142089844,
            "z": -0.23756305873394012
        },
        "vehicle_velocity": {
            "x": 6.991680123746846e-08,
            "y": -6.522622997273686e-10,
            "z": -0.00014319419278763235
        },
        "vehicle_throttle": 0.0,
        "unique_collisions": 0,
        "solid_lane_crosses": 0,
        "double_solid_lane_crosses": 0
    },
    {
        "game_time": 114.22763321967795,
        "vehicle_location": {
            "x": 31.562047958374023,
            "y": 124.98033142089844,
            "z": -0.23759238421916962
        },
        "vehicle_velocity": {
            "x": -6.81440326388838e-08,
            "y": 4.312141616003018e-11,
            "z": 0.0004315519181545824
        },
        "vehicle_throttle": 0.0,
        "unique_collisions": 0,
        "solid_lane_crosses": 0,
        "double_solid_lane_crosses": 0
    },
    {
        "game_time": 115.25692375609651,
        "vehicle_location": {
            "x": 31.562047958374023,
            "y": 124.98033142089844,
            "z": -0.23756088316440582
        },
        "vehicle_velocity": {
            "x": -5.405861003282553e-08,
            "y": -8.515662619501541e-10,
            "z": 0.00014742850908078253
        },
        "vehicle_throttle": 0.0,
        "unique_collisions": 0,
        "solid_lane_crosses": 0,
        "double_solid_lane_crosses": 0
    },
    {
        "game_time": 116.32737640896812,
        "vehicle_location": {
            "x": 31.562047958374023,
            "y": 124.98033142089844,
            "z": -0.2375689595937729
        },
        "vehicle_velocity": {
            "x": -5.578635153824507e-08,
            "y": -1.135622040848716e-09,
            "z": -6.46400440018624e-05
        },
        "vehicle_throttle": 0.0,
        "unique_collisions": 0,
        "solid_lane_crosses": 0,
        "double_solid_lane_crosses": 0
    },
    {
        "game_time": 117.35133429290727,
        "vehicle_location": {
            "x": 31.562047958374023,
            "y": 124.98033142089844,
            "z": -0.2375326156616211
        },
        "vehicle_velocity": {
            "x": 2.7718433770473894e-08,
            "y": -1.3976798607373553e-09,
            "z": 6.999969627941027e-05
        },
        "vehicle_throttle": 0.0,
        "unique_collisions": 0,
        "solid_lane_crosses": 0,
        "double_solid_lane_crosses": 0
    },
    {
        "game_time": 118.3706599813886,
        "vehicle_location": {
            "x": 31.562047958374023,
            "y": 124.98033142089844,
            "z": -0.23759157955646515
        },
        "vehicle_velocity": {
            "x": 9.352794094752426e-09,
            "y": -1.498648316555773e-09,
            "z": 0.00024456976098008454
        },
        "vehicle_throttle": 0.0,
        "unique_collisions": 0,
        "solid_lane_crosses": 0,
        "double_solid_lane_crosses": 0
    },
    {
        "game_time": 119.42201201850548,
        "vehicle_location": {
            "x": 31.562047958374023,
            "y": 124.98033142089844,
            "z": -0.23755095899105072
        },
        "vehicle_velocity": {
            "x": 0.0,
            "y": 0.0,
            "z": 0.0
        },
        "vehicle_throttle": 0.0,
        "unique_collisions": 0,
        "solid_lane_crosses": 0,
        "double_solid_lane_crosses": 0
    },
    {
        "game_time": 120.46288624452427,
        "vehicle_location": {
            "x": 31.562047958374023,
            "y": 124.98033142089844,
            "z": -0.23757678270339966
        },
        "vehicle_velocity": {
            "x": -5.51164767159662e-08,
            "y": -1.2530821935641256e-09,
            "z": -0.0002951240458060056
        },
        "vehicle_throttle": 0.0,
        "unique_collisions": 0,
        "solid_lane_crosses": 0,
        "double_solid_lane_crosses": 0
    },
    {
        "game_time": 121.51207478204742,
        "vehicle_location": {
            "x": 31.562047958374023,
            "y": 124.98033142089844,
            "z": -0.2375689297914505
        },
        "vehicle_velocity": {
            "x": -1.5953832033233084e-08,
            "y": -1.3514760865973585e-08,
            "z": -2.314567427674774e-05
        },
        "vehicle_throttle": 0.0,
        "unique_collisions": 0,
        "solid_lane_crosses": 0,
        "double_solid_lane_crosses": 0
    },
    {
        "game_time": 122.56926967063919,
        "vehicle_location": {
            "x": 31.562047958374023,
            "y": 124.98033142089844,
            "z": -0.23755785822868347
        },
        "vehicle_velocity": {
            "x": -2.3313823760418018e-08,
            "y": 8.227444503461356e-09,
            "z": 9.785174916032702e-05
        },
        "vehicle_throttle": 0.0,
        "unique_collisions": 0,
        "solid_lane_crosses": 0,
        "double_solid_lane_crosses": 0
    },
    {
        "game_time": 123.58675037743524,
        "vehicle_location": {
            "x": 31.562047958374023,
            "y": 124.98033142089844,
            "z": -0.23754966259002686
        },
        "vehicle_velocity": {
            "x": 2.945785004815349e-10,
            "y": -2.656277975354726e-10,
            "z": 0.000425744045060128
        },
        "vehicle_throttle": 0.0,
        "unique_collisions": 0,
        "solid_lane_crosses": 0,
        "double_solid_lane_crosses": 0
    },
    {
        "game_time": 124.66949387127534,
        "vehicle_location": {
            "x": 31.562047958374023,
            "y": 124.98033142089844,
            "z": -0.23760390281677246
        },
        "vehicle_velocity": {
            "x": 7.0091439319242e-09,
            "y": -4.3987466447070744e-10,
            "z": 4.905700552626513e-05
        },
        "vehicle_throttle": 0.0,
        "unique_collisions": 0,
        "solid_lane_crosses": 0,
        "double_solid_lane_crosses": 0
    },
    {
        "game_time": 125.7466746144928,
        "vehicle_location": {
            "x": 31.562047958374023,
            "y": 124.98033142089844,
            "z": -0.23756499588489532
        },
        "vehicle_velocity": {
            "x": 2.0661843791458523e-08,
            "y": -1.1624784690411616e-08,
            "z": -0.00026072500622831285
        },
        "vehicle_throttle": 0.0,
        "unique_collisions": 0,
        "solid_lane_crosses": 0,
        "double_solid_lane_crosses": 0
    },
    {
        "game_time": 126.76836116658524,
        "vehicle_location": {
            "x": 31.562047958374023,
            "y": 124.98033142089844,
            "z": -0.23757487535476685
        },
        "vehicle_velocity": {
            "x": -6.761706572433468e-08,
            "y": -9.2115554073402e-10,
            "z": 0.0006084012566134334
        },
        "vehicle_throttle": 0.0,
        "unique_collisions": 0,
        "solid_lane_crosses": 0,
        "double_solid_lane_crosses": 0
    },
    {
        "game_time": 127.83835763344541,
        "vehicle_location": {
            "x": 31.562047958374023,
            "y": 124.98033142089844,
            "z": -0.23755000531673431
        },
        "vehicle_velocity": {
            "x": 5.264948033101291e-09,
            "y": -3.568085826799461e-10,
            "z": 0.0002711391425691545
        },
        "vehicle_throttle": 0.0,
        "unique_collisions": 0,
        "solid_lane_crosses": 0,
        "double_solid_lane_crosses": 0
    },
    {
        "game_time": 128.88964438671246,
        "vehicle_location": {
            "x": 31.562047958374023,
            "y": 124.98033142089844,
            "z": -0.23755744099617004
        },
        "vehicle_velocity": {
            "x": 8.87865070353655e-09,
            "y": 2.5232224643012557e-10,
            "z": -0.0001254653907380998
        },
        "vehicle_throttle": 0.0,
        "unique_collisions": 0,
        "solid_lane_crosses": 0,
        "double_solid_lane_crosses": 0
    },
    {
        "game_time": 129.90145125659183,
        "vehicle_location": {
            "x": 31.562047958374023,
            "y": 124.98033142089844,
            "z": -0.23756712675094604
        },
        "vehicle_velocity": {
            "x": -2.5671853975950398e-08,
            "y": 2.2308619396227414e-09,
            "z": 5.284785947878845e-05
        },
        "vehicle_throttle": 0.0,
        "unique_collisions": 0,
        "solid_lane_crosses": 0,
        "double_solid_lane_crosses": 0
    },
    {
        "game_time": 130.9915009927936,
        "vehicle_location": {
            "x": 31.562047958374023,
            "y": 124.98033142089844,
            "z": -0.23755012452602386
        },
        "vehicle_velocity": {
            "x": 5.617884824005159e-09,
            "y": -2.4719812308227063e-10,
            "z": 0.00017903804837260395
        },
        "vehicle_throttle": 0.0,
        "unique_collisions": 0,
        "solid_lane_crosses": 0,
        "double_solid_lane_crosses": 0
    },
    {
        "game_time": 132.04010113375261,
        "vehicle_location": {
            "x": 31.562047958374023,
            "y": 124.98033142089844,
            "z": -0.23756717145442963
        },
        "vehicle_velocity": {
            "x": 5.825892301913882e-08,
            "y": 1.2873739407837093e-08,
            "z": 0.00010454177390784025
        },
        "vehicle_throttle": 0.0,
        "unique_collisions": 0,
        "solid_lane_crosses": 0,
        "double_solid_lane_crosses": 0
    },
    {
        "game_time": 133.09025294007733,
        "vehicle_location": {
            "x": 31.562047958374023,
            "y": 124.98033142089844,
            "z": -0.23755457997322083
        },
        "vehicle_velocity": {
            "x": -7.514553601595253e-08,
            "y": 3.860703857300196e-12,
            "z": -0.00012480735313147306
        },
        "vehicle_throttle": 0.0,
        "unique_collisions": 0,
        "solid_lane_crosses": 0,
        "double_solid_lane_crosses": 0
    },
    {
        "game_time": 134.15764407860115,
        "vehicle_location": {
            "x": 31.562047958374023,
            "y": 124.98033142089844,
            "z": -0.23755156993865967
        },
        "vehicle_velocity": {
            "x": 6.189134982292899e-09,
            "y": -3.492721889486461e-09,
            "z": 8.79335348145105e-05
        },
        "vehicle_throttle": 0.0,
        "unique_collisions": 0,
        "solid_lane_crosses": 0,
        "double_solid_lane_crosses": 0
    },
    {
        "game_time": 135.21705874288455,
        "vehicle_location": {
            "x": 31.562047958374023,
            "y": 124.98033142089844,
            "z": -0.23756690323352814
        },
        "vehicle_velocity": {
            "x": -2.7682114378535516e-08,
            "y": 1.2207909350081536e-08,
            "z": -0.00018173217540606856
        },
        "vehicle_throttle": 0.0,
        "unique_collisions": 0,
        "solid_lane_crosses": 0,
        "double_solid_lane_crosses": 0
    },
    {
        "game_time": 136.22137913340703,
        "vehicle_location": {
            "x": 31.562047958374023,
            "y": 124.98033142089844,
            "z": -0.23757590353488922
        },
        "vehicle_velocity": {
            "x": 1.9850057597636805e-08,
            "y": -6.61147969704956e-10,
            "z": 5.750655873271171e-06
        },
        "vehicle_throttle": 0.0,
        "unique_collisions": 0,
        "solid_lane_crosses": 0,
        "double_solid_lane_crosses": 0
    },
    {
        "game_time": 137.27109626168385,
        "vehicle_location": {
            "x": 31.562047958374023,
            "y": 124.98033142089844,
            "z": -0.23756279051303864
        },
        "vehicle_velocity": {
            "x": 4.5666979531233665e-08,
            "y": -9.054392791085775e-09,
            "z": 4.00543212890625e-05
        },
        "vehicle_throttle": 0.0,
        "unique_collisions": 0,
        "solid_lane_crosses": 0,
        "double_solid_lane_crosses": 0
    },
    {
        "game_time": 138.3269928903319,
        "vehicle_location": {
            "x": 31.562047958374023,
            "y": 124.98033142089844,
            "z": -0.23758360743522644
        },
        "vehicle_velocity": {
            "x": 1.1091186635781014e-08,
            "y": -2.030927204188515e-09,
            "z": 9.994506399380043e-05
        },
        "vehicle_throttle": 0.0,
        "unique_collisions": 0,
        "solid_lane_crosses": 0,
        "double_solid_lane_crosses": 0
    },
    {
        "game_time": 139.35784814925864,
        "vehicle_location": {
            "x": 31.562047958374023,
            "y": 124.98033142089844,
            "z": -0.2375626266002655
        },
        "vehicle_velocity": {
            "x": 7.890101016982953e-08,
            "y": -8.560517850142446e-10,
            "z": 0.0002300786873092875
        },
        "vehicle_throttle": 0.0,
        "unique_collisions": 0,
        "solid_lane_crosses": 0,
        "double_solid_lane_crosses": 0
    },
    {
        "game_time": 140.41728767799214,
        "vehicle_location": {
            "x": 31.562047958374023,
            "y": 124.9793930053711,
            "z": -0.2376149743795395
        },
        "vehicle_velocity": {
            "x": 1.6000913092284463e-05,
            "y": -0.03798046335577965,
            "z": -0.0004952907329425216
        },
        "vehicle_throttle": 0.75,
        "unique_collisions": 0,
        "solid_lane_crosses": 0,
        "double_solid_lane_crosses": 0
    },
    {
        "game_time": 141.46898638876155,
        "vehicle_location": {
            "x": 31.56283187866211,
            "y": 123.10562896728516,
            "z": -0.2378864288330078
        },
        "vehicle_velocity": {
            "x": 0.00099352712277323,
            "y": -2.4366273880004883,
            "z": -2.4862289137672633e-05
        },
        "vehicle_throttle": 0.0,
        "unique_collisions": 0,
        "solid_lane_crosses": 0,
        "double_solid_lane_crosses": 0
    },
    {
        "game_time": 142.56034768978134,
        "vehicle_location": {
            "x": 31.564098358154297,
            "y": 119.97720336914062,
            "z": -0.23655520379543304
        },
        "vehicle_velocity": {
            "x": 0.0011347539257258177,
            "y": -2.798987627029419,
            "z": 0.0004551219753921032
        },
        "vehicle_throttle": 0.0,
        "unique_collisions": 0,
        "solid_lane_crosses": 0,
        "double_solid_lane_crosses": 0
    },
    {
        "game_time": 143.610080702696,
        "vehicle_location": {
            "x": 31.565446853637695,
            "y": 116.6364517211914,
            "z": -0.23705382645130157
        },
        "vehicle_velocity": {
            "x": 0.0012603106442838907,
            "y": -3.1465401649475098,
            "z": -0.00035491943708620965
        },
        "vehicle_throttle": 0.75,
        "unique_collisions": 0,
        "solid_lane_crosses": 0,
        "double_solid_lane_crosses": 0
    },
    {
        "game_time": 144.66955387080088,
        "vehicle_location": {
            "x": 31.566951751708984,
            "y": 112.92298889160156,
            "z": -0.2387876808643341
        },
        "vehicle_velocity": {
            "x": 0.0016767060151323676,
            "y": -4.197556018829346,
            "z": -0.0005874061607755721
        },
        "vehicle_throttle": 0.0,
        "unique_collisions": 0,
        "solid_lane_crosses": 0,
        "double_solid_lane_crosses": 0
    },
    {
        "game_time": 145.73270244011655,
        "vehicle_location": {
            "x": 31.568552017211914,
            "y": 108.92189025878906,
            "z": -0.23738700151443481
        },
        "vehicle_velocity": {
            "x": 0.0016680835979059339,
            "y": -4.1768083572387695,
            "z": 0.00011944770812988281
        },
        "vehicle_throttle": 0.75,
        "unique_collisions": 0,
        "solid_lane_crosses": 0,
        "double_solid_lane_crosses": 0
    },
    {
        "game_time": 146.7950353831984,
        "vehicle_location": {
            "x": 31.509700775146484,
            "y": 104.45972442626953,
            "z": -0.23789232969284058
        },
        "vehicle_velocity": {
            "x": -0.24956803023815155,
            "y": -3.778254270553589,
            "z": 0.0001745843910612166
        },
        "vehicle_throttle": 0.0,
        "unique_collisions": 0,
        "solid_lane_crosses": 0,
        "double_solid_lane_crosses": 0
    },
    {
        "game_time": 147.81800424167886,
        "vehicle_location": {
            "x": 31.06053924560547,
            "y": 100.45844268798828,
            "z": -0.23861247301101685
        },
        "vehicle_velocity": {
            "x": -1.3424943685531616,
            "y": -5.58339786529541,
            "z": 0.00033189295209012926
        },
        "vehicle_throttle": 0.0,
        "unique_collisions": 0,
        "solid_lane_crosses": 0,
        "double_solid_lane_crosses": 0
    },
    {
        "game_time": 148.84498644107953,
        "vehicle_location": {
            "x": 29.35346031188965,
            "y": 95.92164611816406,
            "z": -0.2384759485721588
        },
        "vehicle_velocity": {
            "x": -2.655918836593628,
            "y": -4.342094421386719,
            "z": 0.0010950756259262562
        },
        "vehicle_throttle": 0.0,
        "unique_collisions": 0,
        "solid_lane_crosses": 0,
        "double_solid_lane_crosses": 0
    },
    {
        "game_time": 149.8642247603275,
        "vehicle_location": {
            "x": 26.71417236328125,
            "y": 92.46443939208984,
            "z": -0.23860134184360504
        },
        "vehicle_velocity": {
            "x": -4.061473369598389,
            "y": -3.6214773654937744,
            "z": 0.0006996679003350437
        },
        "vehicle_throttle": 0.75,
        "unique_collisions": 0,
        "solid_lane_crosses": 0,
        "double_solid_lane_crosses": 0
    },
    {
        "game_time": 150.94077181490138,
        "vehicle_location": {
            "x": 21.710493087768555,
            "y": 89.1961441040039,
            "z": -0.23800987005233765
        },
        "vehicle_velocity": {
            "x": -4.997410774230957,
            "y": -2.737837791442871,
            "z": -7.509231363655999e-05
        },
        "vehicle_throttle": 0.0,
        "unique_collisions": 0,
        "solid_lane_crosses": 0,
        "double_solid_lane_crosses": 0
    }
]