[
    {
        "game_time": 7.007321282522753,
        "vehicle_location": {
            "x": -143.68199157714844,
            "y": -89.55854034423828,
            "z": -0.0377531424164772
        },
        "vehicle_velocity": {
            "x": -3.5205168558150035e-08,
            "y": 5.0111054861190496e-08,
            "z": 0.00018875121895689517
        },
        "vehicle_throttle": 0.0,
        "unique_collisions": 0,
        "solid_lane_crosses": 0,
        "double_solid_lane_crosses": 0
    },
    {
        "game_time": 8.016854669200256,
        "vehicle_location": {
            "x": -143.68199157714844,
            "y": -89.55854034423828,
            "z": -0.037750471383333206
        },
        "vehicle_velocity": {
            "x": 3.417046912090882e-08,
            "y": -2.4257997210952453e-07,
            "z": -0.00033310888102278113
        },
        "vehicle_throttle": 0.0,
        "unique_collisions": 0,
        "solid_lane_crosses": 0,
        "double_solid_lane_crosses": 0
    },
    {
        "game_time": 9.021294343518093,
        "vehicle_location": {
            "x": -143.68199157714844,
            "y": -89.55854034423828,
            "z": -0.03776668384671211
        },
        "vehicle_velocity": {
            "x": -2.8622581638160227e-08,
            "y": -4.056668245766559e-08,
            "z": 0.00025776863913051784
        },
        "vehicle_throttle": 0.0,
        "unique_collisions": 0,
        "solid_lane_crosses": 0,
        "double_solid_lane_crosses": 0
    },
    {
        "game_time": 10.09945324365981,
        "vehicle_location": {
            "x": -143.68199157714844,
            "y": -89.55854034423828,
            "z": -0.037728726863861084
        },
        "vehicle_velocity": {
            "x": 0.0,
            "y": 0.0,
            "z": 0.0
        },
        "vehicle_throttle": 0.0,
        "unique_collisions": 0,
        "solid_lane_crosses": 0,
        "double_solid_lane_crosses": 0
    },
    {
        "game_time": 11.133124263258651,
        "vehicle_location": {
            "x": -143.56353759765625,
            "y": -89.63431549072266,
            "z": -0.0397879034280777
        },
        "vehicle_velocity": {
            "x": 0.74228835105896,
            "y": -0.4854332506656647,
            "z": 0.02524258755147457
        },
        "vehicle_throttle": 0.75,
        "unique_collisions": 1,
        "solid_lane_crosses": 0,
        "double_solid_lane_crosses": 0
    },
    {
        "game_time": 12.185958647402003,
        "vehicle_location": {
            "x": -142.40003967285156,
            "y": -90.8758773803711,
            "z": -0.0387018583714962
        },
        "vehicle_velocity": {
            "x": 1.173500895500183,
            "y": -2.8211097717285156,
            "z": -0.00013588904403150082
        },
        "vehicle_throttle": 0.75,
        "unique_collisions": 1,
        "solid_lane_crosses": 1,
        "double_solid_lane_crosses": 0
    },
    {
        "game_time": 13.285713113145903,
        "vehicle_location": {
            "x": -140.3125762939453,
            "y": -94.71184539794922,
            "z": -0.039567068219184875
        },
        "vehicle_velocity": {
            "x": 3.0458738803863525,
            "y": -3.617509603500366,
            "z": 0.0046708425506949425
        },
        "vehicle_throttle": 0.75,
        "unique_collisions": 1,
        "solid_lane_crosses": 1,
        "double_solid_lane_crosses": 0
    },
    {
        "game_time": 14.298319160239771,
        "vehicle_location": {
            "x": -135.87890625,
            "y": -96.72075653076172,
            "z": -0.03749065473675728
        },
        "vehicle_velocity": {
            "x": 5.628578186035156,
            "y": 0.7622072696685791,
            "z": 2.0313262211857364e-05
        },
        "vehicle_throttle": 0.0,
        "unique_collisions": 1,
        "solid_lane_crosses": 1,
        "double_solid_lane_crosses": 0
    },
    {
        "game_time": 15.326908334391192,
        "vehicle_location": {
            "x": -132.6046600341797,
            "y": -96.50276184082031,
            "z": -0.03615943714976311
        },
        "vehicle_velocity": {
            "x": 1.3568392992019653,
            "y": 0.08887607604265213,
            "z": -0.0001183509812108241
        },
        "vehicle_throttle": 0.75,
        "unique_collisions": 1,
        "solid_lane_crosses": 2,
        "double_solid_lane_crosses": 0
    },
    {
        "game_time": 16.446332964347675,
        "vehicle_location": {
            "x": -130.24266052246094,
            "y": -96.92818450927734,
            "z": -0.037806738168001175
        },
        "vehicle_velocity": {
            "x": 2.634648084640503,
            "y": -0.6866613030433655,
            "z": 0.000577201833948493
        },
        "vehicle_throttle": 0.0,
        "unique_collisions": 1,
        "solid_lane_crosses": 3,
        "double_solid_lane_crosses": 0
    },
    {
        "game_time": 17.463092469843104,
        "vehicle_location": {
            "x": -128.84974670410156,
            "y": -97.11026763916016,
            "z": -0.035604361444711685
        },
        "vehicle_velocity": {
            "x": 0.49667760729789734,
            "y": -0.03858786076307297,
            "z": 0.0006230926373973489
        },
        "vehicle_throttle": 0.0,
        "unique_collisions": 1,
        "solid_lane_crosses": 3,
        "double_solid_lane_crosses": 0
    },
    {
        "game_time": 18.498795152874663,
        "vehicle_location": {
            "x": -128.40090942382812,
            "y": -97.1554946899414,
            "z": -0.03667186573147774
        },
        "vehicle_velocity": {
            "x": 0.0029787784442305565,
            "y": -0.0005268122185952961,
            "z": 0.0001236581738339737
        },
        "vehicle_throttle": 0.0,
        "unique_collisions": 1,
        "solid_lane_crosses": 3,
        "double_solid_lane_crosses": 0
    },
    {
        "game_time": 19.608108810381964,
        "vehicle_location": {
            "x": -128.23098754882812,
            "y": -97.1697769165039,
            "z": -0.03819850832223892
        },
        "vehicle_velocity": {
            "x": 0.3137072026729584,
            "y": -0.027018003165721893,
            "z": 0.0006584310322068632
        },
        "vehicle_throttle": 0.75,
        "unique_collisions": 1,
        "solid_lane_crosses": 3,
        "double_solid_lane_crosses": 0
    },
    {
        "game_time": 20.670189841883257,
        "vehicle_location": {
            "x": -128.07928466796875,
            "y": -97.18312072753906,
            "z": -0.03804187849164009
        },
        "vehicle_velocity": {
            "x": 0.2642156779766083,
            "y": -0.02310323156416416,
            "z": -0.0002822685055434704
        },
        "vehicle_throttle": 0.75,
        "unique_collisions": 1,
        "solid_lane_crosses": 3,
        "double_solid_lane_crosses": 0
    },
    {
        "game_time": 21.792685716645792,
        "vehicle_location": {
            "x": -126.87407684326172,
            "y": -97.28809356689453,
            "z": -0.0393538661301136
        },
        "vehicle_velocity": {
            "x": 1.9324952363967896,
            "y": -0.17214547097682953,
            "z": 6.35433170828037e-05
        },
        "vehicle_throttle": 0.75,
        "unique_collisions": 1,
        "solid_lane_crosses": 3,
        "double_solid_lane_crosses": 0
    },
    {
        "game_time": 22.832917084218934,
        "vehicle_location": {
            "x": -124.91304779052734,
            "y": -97.44161987304688,
            "z": -0.03688979893922806
        },
        "vehicle_velocity": {
            "x": 1.1546694040298462,
            "y": -0.07941415905952454,
            "z": -8.054733189055696e-05
        },
        "vehicle_throttle": 0.75,
        "unique_collisions": 1,
        "solid_lane_crosses": 3,
        "double_solid_lane_crosses": 0
    },
    {
        "game_time": 23.91101450030692,
        "vehicle_location": {
            "x": -124.15971374511719,
            "y": -97.49392700195312,
            "z": -0.03588111698627472
        },
        "vehicle_velocity": {
            "x": 0.02152336947619915,
            "y": -0.0007299053249880672,
            "z": -0.0003071594110224396
        },
        "vehicle_throttle": 0.75,
        "unique_collisions": 1,
        "solid_lane_crosses": 3,
        "double_solid_lane_crosses": 0
    },
    {
        "game_time": 24.927548106061295,
        "vehicle_location": {
            "x": -123.85794830322266,
            "y": -97.5162582397461,
            "z": -0.036821555346250534
        },
        "vehicle_velocity": {
            "x": 0.08928576111793518,
            "y": -0.006009028293192387,
            "z": -0.00030299185891635716
        },
        "vehicle_throttle": 0.75,
        "unique_collisions": 1,
        "solid_lane_crosses": 3,
        "double_solid_lane_crosses": 0
    },
    {
        "game_time": 25.95491362293251,
        "vehicle_location": {
            "x": -123.74883270263672,
            "y": -97.52330780029297,
            "z": -0.03775031864643097
        },
        "vehicle_velocity": {
            "x": 0.0014383986126631498,
            "y": -5.086990859126672e-05,
            "z": -0.0009065914200618863
        },
        "vehicle_throttle": 0.0,
        "unique_collisions": 1,
        "solid_lane_crosses": 3,
        "double_solid_lane_crosses": 0
    },
    {
        "game_time": 26.980574931250885,
        "vehicle_location": {
            "x": -123.71112060546875,
            "y": -97.52640533447266,
            "z": -0.03788837417960167
        },
        "vehicle_velocity": {
            "x": 0.13137200474739075,
            "y": -0.008993661031126976,
            "z": 0.00011980056297034025
        },
        "vehicle_throttle": 0.75,
        "unique_collisions": 1,
        "solid_lane_crosses": 3,
        "double_solid_lane_crosses": 0
    },
    {
        "game_time": 28.081439043628052,
        "vehicle_location": {
            "x": -123.69290924072266,
            "y": -97.52812194824219,
            "z": -0.037742119282484055
        },
        "vehicle_velocity": {
            "x": 0.0,
            "y": 0.0,
            "z": 0.0
        },
        "vehicle_throttle": 0.0,
        "unique_collisions": 1,
        "solid_lane_crosses": 3,
        "double_solid_lane_crosses": 0
    },
    {
        "game_time": 29.165609791176394,
        "vehicle_location": {
            "x": -123.69290924072266,
            "y": -97.52812194824219,
            "z": -0.03775547072291374
        },
        "vehicle_velocity": {
            "x": 3.8830300752579205e-08,
            "y": -1.5465904112943463e-08,
            "z": -0.0003830623463727534
        },
        "vehicle_throttle": 0.0,
        "unique_collisions": 1,
        "solid_lane_crosses": 3,
        "double_solid_lane_crosses": 0
    },
    {
        "game_time": 30.26984242652543,
        "vehicle_location": {
            "x": -123.69290924072266,
            "y": -97.52812194824219,
            "z": -0.037752874195575714
        },
        "vehicle_velocity": {
            "x": -1.1422061518828741e-08,
            "y": 1.0601645072938481e-07,
            "z": 0.0007942390511743724
        },
        "vehicle_throttle": 0.0,
        "unique_collisions": 1,
        "solid_lane_crosses": 3,
        "double_solid_lane_crosses": 0
    },
    {
        "game_time": 31.365428858669475,
        "vehicle_location": {
            "x": -123.69290924072266,
            "y": -97.52812194824219,
            "z": -0.037750244140625
        },
        "vehicle_velocity": {
            "x": 7.19182935426943e-10,
            "y": 8.283138441811388e-08,
            "z": 0.0005924129509367049
        },
        "vehicle_throttle": 0.0,
        "unique_collisions": 1,
        "solid_lane_crosses": 3,
        "double_solid_lane_crosses": 0
    },
    {
        "game_time": 32.45753837493248,
        "vehicle_location": {
            "x": -123.69290924072266,
            "y": -97.52812194824219,
            "z": -0.037739142775535583
        },
        "vehicle_velocity": {
            "x": 1.0624214397125797e-08,
            "y": -2.0867682692937706e-08,
            "z": 0.00022206305584404618
        },
        "vehicle_throttle": 0.0,
        "unique_collisions": 1,
        "solid_lane_crosses": 3,
        "double_solid_lane_crosses": 0
    },
    {
        "game_time": 33.57341273617931,
        "vehicle_location": {
            "x": -123.69290924072266,
            "y": -97.52812194824219,
            "z": -0.037795789539813995
        },
        "vehicle_velocity": {
            "x": -2.5033058292933674e-08,
            "y": -5.665493318929293e-08,
            "z": -0.0005193614633753896
        },
        "vehicle_throttle": 0.0,
        "unique_collisions": 1,
        "solid_lane_crosses": 3,
        "double_solid_lane_crosses": 0
    },
    {
        "game_time": 34.662528296234086,
        "vehicle_location": {
            "x": -123.69290924072266,
            "y": -97.52812194824219,
            "z": -0.03776775300502777
        },
        "vehicle_velocity": {
            "x": 4.610681969552388e-08,
            "y": -9.783507337601804e-09,
            "z": -0.00037286756560206413
        },
        "vehicle_throttle": 0.0,
        "unique_collisions": 1,
        "solid_lane_crosses": 3,
        "double_solid_lane_crosses": 0
    },
    {
        "game_time": 35.759625987382606,
        "vehicle_location": {
            "x": -123.69290924072266,
            "y": -97.52812194824219,
            "z": -0.03774433210492134
        },
        "vehicle_velocity": {
            "x": 4.021980259949487e-08,
            "y": -2.8275378483044733e-08,
            "z": -0.0007946586702018976
        },
        "vehicle_throttle": 0.0,
        "unique_collisions": 1,
        "solid_lane_crosses": 3,
        "double_solid_lane_crosses": 0
    },
    {
        "game_time": 36.82380149257369,
        "vehicle_location": {
            "x": -123.69290924072266,
            "y": -97.52812194824219,
            "z": -0.03775062412023544
        },
        "vehicle_velocity": {
            "x": 4.132762398967316e-08,
            "y": -3.866658460083272e-08,
            "z": 0.00014780997298657894
        },
        "vehicle_throttle": 0.0,
        "unique_collisions": 1,
        "solid_lane_crosses": 3,
        "double_solid_lane_crosses": 0
    },
    {
        "game_time": 37.850751721533015,
        "vehicle_location": {
            "x": -123.69290924072266,
            "y": -97.52812194824219,
            "z": -0.03775680437684059
        },
        "vehicle_velocity": {
            "x": -4.8531042295962834e-08,
            "y": -7.556622705351401e-08,
            "z": 0.00034121511271223426
        },
        "vehicle_throttle": 0.0,
        "unique_collisions": 1,
        "solid_lane_crosses": 3,
        "double_solid_lane_crosses": 0
    },
    {
        "game_time": 38.891128667863086,
        "vehicle_location": {
            "x": -123.69290924072266,
            "y": -97.52812194824219,
            "z": -0.03777427598834038
        },
        "vehicle_velocity": {
            "x": 4.795331776108469e-08,
            "y": 1.2463311804822297e-07,
            "z": 0.00016760826110839844
        },
        "vehicle_throttle": 0.0,
        "unique_collisions": 1,
        "solid_lane_crosses": 3,
        "double_solid_lane_crosses": 0
    },
    {
        "game_time": 39.927656137617305,
        "vehicle_location": {
            "x": -123.69290924072266,
            "y": -97.52812194824219,
            "z": -0.037768974900245667
        },
        "vehicle_velocity": {
            "x": -1.560849227644212e-08,
            "y": -5.053743734606542e-08,
            "z": -3.699302760651335e-05
        },
        "vehicle_throttle": 0.0,
        "unique_collisions": 1,
        "solid_lane_crosses": 3,
        "double_solid_lane_crosses": 0
    },
    {
        "game_time": 40.93658206728287,
        "vehicle_location": {
            "x": -123.69290924072266,
            "y": -97.52812194824219,
            "z": -0.0377684012055397
        },
        "vehicle_velocity": {
            "x": -3.962077954611232e-08,
            "y": -6.432319565874423e-08,
            "z": -0.0005167865892872214
        },
        "vehicle_throttle": 0.0,
        "unique_collisions": 1,
        "solid_lane_crosses": 3,
        "double_solid_lane_crosses": 0
    },
    {
        "game_time": 41.973841165425256,
        "vehicle_location": {
            "x": -123.69290924072266,
            "y": -97.52812194824219,
            "z": -0.037755049765110016
        },
        "vehicle_velocity": {
            "x": 2.8016428288424322e-08,
            "y": 6.336830438158358e-08,
            "z": -0.0001109123186324723
        },
        "vehicle_throttle": 0.0,
        "unique_collisions": 1,
        "solid_lane_crosses": 3,
        "double_solid_lane_crosses": 0
    },
    {
        "game_time": 43.00775807839818,
        "vehicle_location": {
            "x": -123.69290924072266,
            "y": -97.52812194824219,
            "z": -0.03775607794523239
        },
        "vehicle_velocity": {
            "x": -1.6230400134986667e-08,
            "y": -7.970078286234639e-08,
            "z": 0.00022397995053324848
        },
        "vehicle_throttle": 0.0,
        "unique_collisions": 1,
        "solid_lane_crosses": 3,
        "double_solid_lane_crosses": 0
    },
    {
        "game_time": 44.03076592949219,
        "vehicle_location": {
            "x": -123.65772247314453,
            "y": -97.52996063232422,
            "z": -0.03821582719683647
        },
        "vehicle_velocity": {
            "x": 0.011616329662501812,
            "y": 0.01382575836032629,
            "z": -4.20570358983241e-06
        },
        "vehicle_throttle": 0.0,
        "unique_collisions": 1,
        "solid_lane_crosses": 3,
        "double_solid_lane_crosses": 0
    },
    {
        "game_time": 45.060789932729676,
        "vehicle_location": {
            "x": -123.22074890136719,
            "y": -97.5625,
            "z": -0.03942905366420746
        },
        "vehicle_velocity": {
            "x": 0.9443768858909607,
            "y": -0.06721068918704987,
            "z": -0.0002632903924677521
        },
        "vehicle_throttle": 0.75,
        "unique_collisions": 1,
        "solid_lane_crosses": 3,
        "double_solid_lane_crosses": 0
    },
    {
        "game_time": 46.0680299710948,
        "vehicle_location": {
            "x": -121.66441345214844,
            "y": -97.66132354736328,
            "z": -0.03485351428389549
        },
        "vehicle_velocity": {
            "x": 0.7843443751335144,
            "y": -0.04997824504971504,
            "z": 0.00021651267888955772
        },
        "vehicle_throttle": 0.0,
        "unique_collisions": 1,
        "solid_lane_crosses": 3,
        "double_solid_lane_crosses": 0
    },
    {
        "game_time": 47.17688732710667,
        "vehicle_location": {
            "x": -121.02783203125,
            "y": -97.70037841796875,
            "z": -0.03660575672984123
        },
        "vehicle_velocity": {
            "x": 0.00885983370244503,
            "y": 0.0041201915591955185,
            "z": 0.0002595996775198728
        },
        "vehicle_throttle": 0.0,
        "unique_collisions": 1,
        "solid_lane_crosses": 3,
        "double_solid_lane_crosses": 0
    },
    {
        "game_time": 48.23445684579201,
        "vehicle_location": {
            "x": -120.79032897949219,
            "y": -97.71443176269531,
            "z": -0.03686157241463661
        },
        "vehicle_velocity": {
            "x": 0.08709502220153809,
            "y": -0.004505104850977659,
            "z": 1.0490417423625331e-07
        },
        "vehicle_throttle": 0.75,
        "unique_collisions": 1,
        "solid_lane_crosses": 3,
        "double_solid_lane_crosses": 0
    },
    {
        "game_time": 49.341587716015056,
        "vehicle_location": {
            "x": -120.69845581054688,
            "y": -97.71876525878906,
            "z": -0.03774268925189972
        },
        "vehicle_velocity": {
            "x": -3.880686199408956e-05,
            "y": -1.3142483794581494e-06,
            "z": -0.00028021811158396304
        },
        "vehicle_throttle": 0.0,
        "unique_collisions": 1,
        "solid_lane_crosses": 3,
        "double_solid_lane_crosses": 0
    },
    {
        "game_time": 50.482782126637176,
        "vehicle_location": {
            "x": -120.68856811523438,
            "y": -97.71937561035156,
            "z": -0.03817359730601311
        },
        "vehicle_velocity": {
            "x": 0.19098833203315735,
            "y": -0.010823491960763931,
            "z": 0.0002381038648309186
        },
        "vehicle_throttle": 0.75,
        "unique_collisions": 1,
        "solid_lane_crosses": 3,
        "double_solid_lane_crosses": 0
    },
    {
        "game_time": 51.51696708914824,
        "vehicle_location": {
            "x": -120.3277587890625,
            "y": -97.73849487304688,
            "z": -0.039089277386665344
        },
        "vehicle_velocity": {
            "x": 0.7333897948265076,
            "y": -0.04243478178977966,
            "z": 0.0005751037388108671
        },
        "vehicle_throttle": 0.75,
        "unique_collisions": 1,
        "solid_lane_crosses": 3,
        "double_solid_lane_crosses": 0
    },
    {
        "game_time": 52.52647628006525,
        "vehicle_location": {
            "x": -118.5655517578125,
            "y": -97.84159088134766,
            "z": -0.03925887867808342
        },
        "vehicle_velocity": {
            "x": 2.669893503189087,
            "y": -0.15044881403446198,
            "z": 7.821082544978708e-05
        },
        "vehicle_throttle": 0.75,
        "unique_collisions": 1,
        "solid_lane_crosses": 3,
        "double_solid_lane_crosses": 0
    },
    {
        "game_time": 53.54562658560462,
        "vehicle_location": {
            "x": -114.82908630371094,
            "y": -98.01585388183594,
            "z": -0.039247702807188034
        },
        "vehicle_velocity": {
            "x": 4.608259677886963,
            "y": -0.023187393322587013,
            "z": 0.00031825064797885716
        },
        "vehicle_throttle": 0.75,
        "unique_collisions": 1,
        "solid_lane_crosses": 3,
        "double_solid_lane_crosses": 0
    },
    {
        "game_time": 54.573913463624194,
        "vehicle_location": {
            "x": -111.36133575439453,
            "y": -97.94678497314453,
            "z": -0.03867446631193161
        },
        "vehicle_velocity": {
            "x": -0.5306997299194336,
            "y": -0.16274234652519226,
            "z": -0.03518826887011528
        },
        "vehicle_throttle": 0.75,
        "unique_collisions": 2,
        "solid_lane_crosses": 3,
        "double_solid_lane_crosses": 0
    },
    {
        "game_time": 55.61982005578466,
        "vehicle_location": {
            "x": -111.12081909179688,
            "y": -97.8631362915039,
            "z": -0.04066989943385124
        },
        "vehicle_velocity": {
            "x": -0.00039619446033611894,
            "y": 0.0017855584155768156,
            "z": -0.0006897079874761403
        },
        "vehicle_throttle": 0.75,
        "unique_collisions": 2,
        "solid_lane_crosses": 3,
        "double_solid_lane_crosses": 0
    },
    {
        "game_time": 56.681134316371754,
        "vehicle_location": {
            "x": -110.17117309570312,
            "y": -97.58455657958984,
            "z": -0.04124565050005913
        },
        "vehicle_velocity": {
            "x": 2.1601452827453613,
            "y": 0.6480731964111328,
            "z": -0.00010619478416629136
        },
        "vehicle_throttle": 0.75,
        "unique_collisions": 2,
        "solid_lane_crosses": 3,
        "double_solid_lane_crosses": 0
    },
    {
        "game_time": 57.712200212525204,
        "vehicle_location": {
            "x": -107.16446685791016,
            "y": -96.63723754882812,
            "z": -0.035981979221105576
        },
        "vehicle_velocity": {
            "x": 2.194862127304077,
            "y": 0.7434217929840088,
            "z": 0.006926572881639004
        },
        "vehicle_throttle": 0.0,
        "unique_collisions": 2,
        "solid_lane_crosses": 3,
        "double_solid_lane_crosses": 0
    },
    {
        "game_time": 58.72973982733674,
        "vehicle_location": {
            "x": -106.67596435546875,
            "y": -96.47301483154297,
            "z": -0.037075843662023544
        },
        "vehicle_velocity": {
            "x": -0.0004834537976421416,
            "y": 0.00014324503717944026,
            "z": -0.0011751141864806414
        },
        "vehicle_throttle": 0.0,
        "unique_collisions": 2,
        "solid_lane_crosses": 3,
        "double_solid_lane_crosses": 0
    },
    {
        "game_time": 59.80224789609201,
        "vehicle_location": {
            "x": -106.67578125,
            "y": -96.47309112548828,
            "z": -0.037359464913606644
        },
        "vehicle_velocity": {
            "x": -0.0001551138993818313,
            "y": 4.572254329104908e-05,
            "z": 7.225356966955587e-05
        },
        "vehicle_throttle": 0.0,
        "unique_collisions": 2,
        "solid_lane_crosses": 3,
        "double_solid_lane_crosses": 0
    },
    {
        "game_time": 60.80713143502362,
        "vehicle_location": {
            "x": -106.67578125,
            "y": -96.47315216064453,
            "z": -0.03735920041799545
        },
        "vehicle_velocity": {
            "x": -6.90761225996539e-05,
            "y": 2.0570173546730075e-06,
            "z": 9.122229675995186e-05
        },
        "vehicle_throttle": 0.0,
        "unique_collisions": 2,
        "solid_lane_crosses": 3,
        "double_solid_lane_crosses": 0
    },
    {
        "game_time": 61.8942304935772,
        "vehicle_location": {
            "x": -106.67578125,
            "y": -96.47319030761719,
            "z": -0.03736183047294617
        },
        "vehicle_velocity": {
            "x": -0.00014079964603297412,
            "y": 1.8244994862470776e-05,
            "z": 0.0004376336873974651
        },
        "vehicle_throttle": 0.0,
        "unique_collisions": 2,
        "solid_lane_crosses": 3,
        "double_solid_lane_crosses": 0
    },
    {
        "game_time": 62.966730007203296,
        "vehicle_location": {
            "x": -106.67572021484375,
            "y": -96.47322082519531,
            "z": -0.03740387037396431
        },
        "vehicle_velocity": {
            "x": -0.00023052023607306182,
            "y": -1.0093950550071895e-05,
            "z": 0.001120850327424705
        },
        "vehicle_throttle": 0.0,
        "unique_collisions": 2,
        "solid_lane_crosses": 3,
        "double_solid_lane_crosses": 0
    },
    {
        "game_time": 63.96725860540755,
        "vehicle_location": {
            "x": -106.67572784423828,
            "y": -96.47322845458984,
            "z": -0.037382278591394424
        },
        "vehicle_velocity": {
            "x": 8.377974882023409e-05,
            "y": 1.7316724552074447e-05,
            "z": 0.00021079428552184254
        },
        "vehicle_throttle": 0.0,
        "unique_collisions": 2,
        "solid_lane_crosses": 3,
        "double_solid_lane_crosses": 0
    },
    {
        "game_time": 64.9968430895824,
        "vehicle_location": {
            "x": -106.67659759521484,
            "y": -96.4730224609375,
            "z": -0.037699468433856964
        },
        "vehicle_velocity": {
            "x": 3.9088404264475685e-06,
            "y": -1.3448096751744743e-06,
            "z": 0.00013499260239768773
        },
        "vehicle_throttle": 0.0,
        "unique_collisions": 2,
        "solid_lane_crosses": 3,
        "double_solid_lane_crosses": 0
    },
    {
        "game_time": 66.00150947389193,
        "vehicle_location": {
            "x": -106.54910278320312,
            "y": -96.42961883544922,
            "z": -0.03951011598110199
        },
        "vehicle_velocity": {
            "x": 0.7312458753585815,
            "y": 0.2514990568161011,
            "z": -0.001128187170252204
        },
        "vehicle_throttle": 0.75,
        "unique_collisions": 2,
        "solid_lane_crosses": 3,
        "double_solid_lane_crosses": 0
    },
    {
        "game_time": 67.02394866687246,
        "vehicle_location": {
            "x": -104.97119140625,
            "y": -96.0135726928711,
            "z": -0.03203067556023598
        },
        "vehicle_velocity": {
            "x": 1.3608722686767578,
            "y": 0.12030412256717682,
            "z": 0.0006546020158566535
        },
        "vehicle_throttle": 0.0,
        "unique_collisions": 2,
        "solid_lane_crosses": 3,
        "double_solid_lane_crosses": 0
    },
    {
        "game_time": 68.08157271076925,
        "vehicle_location": {
            "x": -104.14242553710938,
            "y": -95.91832733154297,
            "z": -0.033883512020111084
        },
        "vehicle_velocity": {
            "x": 0.6675561666488647,
            "y": 0.05357832461595535,
            "z": 0.001504178042523563
        },
        "vehicle_throttle": 0.0,
        "unique_collisions": 2,
        "solid_lane_crosses": 3,
        "double_solid_lane_crosses": 0
    },
    {
        "game_time": 69.1610162735451,
        "vehicle_location": {
            "x": -103.83872985839844,
            "y": -95.88704681396484,
            "z": -0.03152072802186012
        },
        "vehicle_velocity": {
            "x": 0.04808308929204941,
            "y": 0.004333080258220434,
            "z": 0.0008444356499239802
        },
        "vehicle_throttle": 0.75,
        "unique_collisions": 2,
        "solid_lane_crosses": 3,
        "double_solid_lane_crosses": 0
    },
    {
        "game_time": 70.16229115542956,
        "vehicle_location": {
            "x": -103.71322631835938,
            "y": -95.87110137939453,
            "z": -0.032423172146081924
        },
        "vehicle_velocity": {
            "x": 0.002327532973140478,
            "y": -0.0004354878328740597,
            "z": -0.0005412039463408291
        },
        "vehicle_throttle": 0.0,
        "unique_collisions": 2,
        "solid_lane_crosses": 3,
        "double_solid_lane_crosses": 0
    },
    {
        "game_time": 71.18103871145286,
        "vehicle_location": {
            "x": -103.60028839111328,
            "y": -95.8587875366211,
            "z": -0.031328048557043076
        },
        "vehicle_velocity": {
            "x": -0.00031778629636392,
            "y": -0.00019042227359022945,
            "z": 0.0009798031533136964
        },
        "vehicle_throttle": 0.0,
        "unique_collisions": 2,
        "solid_lane_crosses": 3,
        "double_solid_lane_crosses": 0
    },
    {
        "game_time": 72.18315155361779,
        "vehicle_location": {
            "x": -103.45285034179688,
            "y": -95.84271240234375,
            "z": -0.03229549154639244
        },
        "vehicle_velocity": {
            "x": 0.5920696258544922,
            "y": 0.05946530029177666,
            "z": 0.003055906156077981
        },
        "vehicle_throttle": 0.0,
        "unique_collisions": 2,
        "solid_lane_crosses": 3,
        "double_solid_lane_crosses": 0
    },
    {
        "game_time": 73.20471515902318,
        "vehicle_location": {
            "x": -102.1349868774414,
            "y": -95.88589477539062,
            "z": -0.02816421538591385
        },
        "vehicle_velocity": {
            "x": 2.0869688987731934,
            "y": -0.694821298122406,
            "z": 0.004938769154250622
        },
        "vehicle_throttle": 0.75,
        "unique_collisions": 2,
        "solid_lane_crosses": 3,
        "double_solid_lane_crosses": 0
    },
    {
        "game_time": 74.24092255928554,
        "vehicle_location": {
            "x": -99.66981506347656,
            "y": -96.786865234375,
            "z": -0.022879866883158684
        },
        "vehicle_velocity": {
            "x": 2.6758944988250732,
            "y": -1.5973222255706787,
            "z": 0.006903791334480047
        },
        "vehicle_throttle": 0.75,
        "unique_collisions": 2,
        "solid_lane_crosses": 3,
        "double_solid_lane_crosses": 0
    },
    {
        "game_time": 75.28254400775768,
        "vehicle_location": {
            "x": -96.83203125,
            "y": -98.81987762451172,
            "z": -0.009145393036305904
        },
        "vehicle_velocity": {
            "x": 2.5127711296081543,
            "y": -2.1410863399505615,
            "z": 0.01688280515372753
        },
        "vehicle_throttle": 0.75,
        "unique_collisions": 2,
        "solid_lane_crosses": 3,
        "double_solid_lane_crosses": 0
    },
    {
        "game_time": 76.29683689610101,
        "vehicle_location": {
            "x": -93.50413513183594,
            "y": -101.47321319580078,
            "z": 0.005791396833956242
        },
        "vehicle_velocity": {
            "x": 4.068457126617432,
            "y": -2.8730921745300293,
            "z": 0.01726539060473442
        },
        "vehicle_throttle": 0.75,
        "unique_collisions": 2,
        "solid_lane_crosses": 3,
        "double_solid_lane_crosses": 0
    },
    {
        "game_time": 77.32915562787093,
        "vehicle_location": {
            "x": -88.73857879638672,
            "y": -103.80162811279297,
            "z": 0.02692977897822857
        },
        "vehicle_velocity": {
            "x": 4.020882606506348,
            "y": -1.2711856365203857,
            "z": 0.01579681783914566
        },
        "vehicle_throttle": 0.75,
        "unique_collisions": 2,
        "solid_lane_crosses": 3,
        "double_solid_lane_crosses": 0
    },
    {
        "game_time": 78.3649188161362,
        "vehicle_location": {
            "x": -83.97276306152344,
            "y": -104.83441162109375,
            "z": -0.010232390835881233
        },
        "vehicle_velocity": {
            "x": 5.661141872406006,
            "y": -0.5472672581672668,
            "z": -0.0548919178545475
        },
        "vehicle_throttle": 0.2769922912120819,
        "unique_collisions": 2,
        "solid_lane_crosses": 3,
        "double_solid_lane_crosses": 0
    },
    {
        "game_time": 79.4164375171531,
        "vehicle_location": {
            "x": -78.80683898925781,
            "y": -105.30491638183594,
            "z": -0.0374491885304451
        },
        "vehicle_velocity": {
            "x": 4.3275580406188965,
            "y": -0.21239377558231354,
            "z": 0.0020265434868633747
        },
        "vehicle_throttle": 0.75,
        "unique_collisions": 2,
        "solid_lane_crosses": 3,
        "double_solid_lane_crosses": 0
    },
    {
        "game_time": 80.44693343364634,
        "vehicle_location": {
            "x": -73.61782836914062,
            "y": -105.48211669921875,
            "z": -0.03823161870241165
        },
        "vehicle_velocity": {
            "x": 5.546159744262695,
            "y": -0.10429716110229492,
            "z": 1.5192031241895165e-05
        },
        "vehicle_throttle": 0.01493228878825903,
        "unique_collisions": 2,
        "solid_lane_crosses": 3,
        "double_solid_lane_crosses": 0
    },
    {
        "game_time": 81.4775321551133,
        "vehicle_location": {
            "x": -68.65592193603516,
            "y": -105.54641723632812,
            "z": -0.03856319189071655
        },
        "vehicle_velocity": {
            "x": 4.772542476654053,
            "y": -0.04137991741299629,
            "z": -0.00034282682463526726
        },
        "vehicle_throttle": 0.75,
        "unique_collisions": 2,
        "solid_lane_crosses": 3,
        "double_solid_lane_crosses": 0
    },
    {
        "game_time": 82.5117667124141,
        "vehicle_location": {
            "x": -63.224124908447266,
            "y": -105.57649230957031,
            "z": -0.03641391545534134
        },
        "vehicle_velocity": {
            "x": 5.067624568939209,
            "y": -0.02726651355624199,
            "z": 0.00031774904346093535
        },
        "vehicle_throttle": 0.75,
        "unique_collisions": 2,
        "solid_lane_crosses": 3,
        "double_solid_lane_crosses": 0
    }
]