[
    {
        "game_time": 5.780899803387001,
        "vehicle_location": {
            "x": -143.0399169921875,
            "y": -89.83885192871094,
            "z": -0.19645167887210846
        },
        "vehicle_velocity": {
            "x": 2.2443511486053467,
            "y": -1.5594598054885864,
            "z": 0.08782308548688889
        },
        "vehicle_throttle": 0.75,
        "unique_collisions": 0,
        "solid_lane_crosses": 0,
        "double_solid_lane_crosses": 0
    },
    {
        "game_time": 6.789534283103421,
        "vehicle_location": {
            "x": -140.05230712890625,
            "y": -92.81658172607422,
            "z": -0.13382694125175476
        },
        "vehicle_velocity": {
            "x": 2.3857808113098145,
            "y": -4.4002790451049805,
            "z": -0.4006398618221283
        },
        "vehicle_throttle": 0.0,
        "unique_collisions": 0,
        "solid_lane_crosses": 0,
        "double_solid_lane_crosses": 0
    },
    {
        "game_time": 7.808045876445249,
        "vehicle_location": {
            "x": -138.20297241210938,
            "y": -94.886962890625,
            "z": -0.23515667021274567
        },
        "vehicle_velocity": {
            "x": 2.632526397705078,
            "y": -1.2005066871643066,
            "z": -0.015342974103987217
        },
        "vehicle_throttle": 0.75,
        "unique_collisions": 0,
        "solid_lane_crosses": 0,
        "double_solid_lane_crosses": 0
    },
    {
        "game_time": 8.876892855623737,
        "vehicle_location": {
            "x": -133.313232421875,
            "y": -96.4493408203125,
            "z": -0.23263897001743317
        },
        "vehicle_velocity": {
            "x": 4.970836162567139,
            "y": -0.8979125022888184,
            "z": -0.014952899888157845
        },
        "vehicle_throttle": 0.5937411785125732,
        "unique_collisions": 1,
        "solid_lane_crosses": 1,
        "double_solid_lane_crosses": 0
    },
    {
        "game_time": 9.924397541442886,
        "vehicle_location": {
            "x": -127.85136413574219,
            "y": -97.16878509521484,
            "z": -0.2359044998884201
        },
        "vehicle_velocity": {
            "x": 4.916195869445801,
            "y": -0.47851550579071045,
            "z": -0.005082929041236639
        },
        "vehicle_throttle": 0.75,
        "unique_collisions": 1,
        "solid_lane_crosses": 2,
        "double_solid_lane_crosses": 0
    },
    {
        "game_time": 10.966547329211608,
        "vehicle_location": {
            "x": -122.69811248779297,
            "y": -97.57259368896484,
            "z": -0.2375158965587616
        },
        "vehicle_velocity": {
            "x": 4.2570624351501465,
            "y": -0.2962837219238281,
            "z": 0.00028323172591626644
        },
        "vehicle_throttle": 0.75,
        "unique_collisions": 1,
        "solid_lane_crosses": 2,
        "double_solid_lane_crosses": 0
    },
    {
        "game_time": 12.014446517685428,
        "vehicle_location": {
            "x": -117.14802551269531,
            "y": -97.91034698486328,
            "z": -0.2370891571044922
        },
        "vehicle_velocity": {
            "x": 4.947992324829102,
            "y": -0.280147910118103,
            "z": -0.00042734143789857626
        },
        "vehicle_throttle": 0.75,
        "unique_collisions": 1,
        "solid_lane_crosses": 2,
        "double_solid_lane_crosses": 0
    },
    {
        "game_time": 13.090638617286459,
        "vehicle_location": {
            "x": -111.31521606445312,
            "y": -97.70574188232422,
            "z": -0.23831480741500854
        },
        "vehicle_velocity": {
            "x": 5.770544528961182,
            "y": 1.234194278717041,
            "z": -1.1229514711885713e-05
        },
        "vehicle_throttle": 0.0,
        "unique_collisions": 1,
        "solid_lane_crosses": 2,
        "double_solid_lane_crosses": 0
    },
    {
        "game_time": 14.137697641039267,
        "vehicle_location": {
            "x": -106.29495239257812,
            "y": -95.28746032714844,
            "z": -0.23536017537117004
        },
        "vehicle_velocity": {
            "x": 3.724285125732422,
            "y": 3.939937114715576,
            "z": 0.00550885172560811
        },
        "vehicle_throttle": 0.0,
        "unique_collisions": 1,
        "solid_lane_crosses": 3,
        "double_solid_lane_crosses": 0
    },
    {
        "game_time": 15.15399911836721,
        "vehicle_location": {
            "x": -103.71367645263672,
            "y": -90.65016174316406,
            "z": -0.2357153296470642
        },
        "vehicle_velocity": {
            "x": 1.1897066831588745,
            "y": 4.787999629974365,
            "z": 0.1775241494178772
        },
        "vehicle_throttle": 0.75,
        "unique_collisions": 1,
        "solid_lane_crosses": 3,
        "double_solid_lane_crosses": 0
    },
    {
        "game_time": 16.204138178611174,
        "vehicle_location": {
            "x": -102.77359771728516,
            "y": -85.165771484375,
            "z": -0.2374447137117386
        },
        "vehicle_velocity": {
            "x": 0.23633374273777008,
            "y": 4.697720050811768,
            "z": 0.005418615415692329
        },
        "vehicle_throttle": 0.0,
        "unique_collisions": 1,
        "solid_lane_crosses": 3,
        "double_solid_lane_crosses": 0
    },
    {
        "game_time": 17.22329328232445,
        "vehicle_location": {
            "x": -102.62027740478516,
            "y": -82.8154067993164,
            "z": -0.23827753961086273
        },
        "vehicle_velocity": {
            "x": 0.08047060668468475,
            "y": 1.4585325717926025,
            "z": 5.9242247516522184e-05
        },
        "vehicle_throttle": 0.0,
        "unique_collisions": 1,
        "solid_lane_crosses": 4,
        "double_solid_lane_crosses": 0
    },
    {
        "game_time": 18.24935111985542,
        "vehicle_location": {
            "x": -102.58419799804688,
            "y": -82.21196746826172,
            "z": -0.23747488856315613
        },
        "vehicle_velocity": {
            "x": 0.030299769714474678,
            "y": 0.5354828834533691,
            "z": -4.924774111714214e-05
        },
        "vehicle_throttle": 0.75,
        "unique_collisions": 1,
        "solid_lane_crosses": 4,
        "double_solid_lane_crosses": 0
    },
    {
        "game_time": 19.26909608603455,
        "vehicle_location": {
            "x": -102.5599365234375,
            "y": -81.80547332763672,
            "z": -0.237436443567276
        },
        "vehicle_velocity": {
            "x": 0.028501996770501137,
            "y": 0.49525561928749084,
            "z": -0.0003070640377700329
        },
        "vehicle_throttle": 0.75,
        "unique_collisions": 1,
        "solid_lane_crosses": 4,
        "double_solid_lane_crosses": 0
    },
    {
        "game_time": 20.308906350517645,
        "vehicle_location": {
            "x": -102.52800750732422,
            "y": -81.03388214111328,
            "z": -0.23741519451141357
        },
        "vehicle_velocity": {
            "x": 0.02827792800962925,
            "y": 0.9652101397514343,
            "z": 0.00033579347655177116
        },
        "vehicle_throttle": 0.75,
        "unique_collisions": 1,
        "solid_lane_crosses": 4,
        "double_solid_lane_crosses": 0
    },
    {
        "game_time": 21.319635320687667,
        "vehicle_location": {
            "x": -102.48717498779297,
            "y": -79.72184753417969,
            "z": -0.23774299025535583
        },
        "vehicle_velocity": {
            "x": 0.020533733069896698,
            "y": 1.8554662466049194,
            "z": 0.0004369449452497065
        },
        "vehicle_throttle": 0.75,
        "unique_collisions": 1,
        "solid_lane_crosses": 4,
        "double_solid_lane_crosses": 0
    },
    {
        "game_time": 22.381430588895455,
        "vehicle_location": {
            "x": -102.43983459472656,
            "y": -76.95437622070312,
            "z": -0.237838476896286
        },
        "vehicle_velocity": {
            "x": 0.03383807837963104,
            "y": 3.1464428901672363,
            "z": 0.0004340362502261996
        },
        "vehicle_throttle": 0.0,
        "unique_collisions": 1,
        "solid_lane_crosses": 4,
        "double_solid_lane_crosses": 0
    },
    {
        "game_time": 23.394266749033704,
        "vehicle_location": {
            "x": -102.37602996826172,
            "y": -73.39958190917969,
            "z": -0.23734787106513977
        },
        "vehicle_velocity": {
            "x": 0.14994275569915771,
            "y": 4.1446661949157715,
            "z": 0.00044934748439118266
        },
        "vehicle_throttle": 0.75,
        "unique_collisions": 1,
        "solid_lane_crosses": 4,
        "double_solid_lane_crosses": 0
    },
    {
        "game_time": 24.404918944695964,
        "vehicle_location": {
            "x": -101.68473052978516,
            "y": -69.12086486816406,
            "z": -0.23693153262138367
        },
        "vehicle_velocity": {
            "x": 1.5901211500167847,
            "y": 3.588212728500366,
            "z": 0.0001086091942852363
        },
        "vehicle_throttle": 0.75,
        "unique_collisions": 1,
        "solid_lane_crosses": 4,
        "double_solid_lane_crosses": 0
    },
    {
        "game_time": 25.419832583749667,
        "vehicle_location": {
            "x": -99.15814971923828,
            "y": -65.3871841430664,
            "z": -0.2361525297164917
        },
        "vehicle_velocity": {
            "x": 2.80991792678833,
            "y": 2.222628355026245,
            "z": 2.4986265998450108e-06
        },
        "vehicle_throttle": 0.75,
        "unique_collisions": 1,
        "solid_lane_crosses": 4,
        "double_solid_lane_crosses": 0
    },
    {
        "game_time": 26.43841277458705,
        "vehicle_location": {
            "x": -96.2400894165039,
            "y": -63.71923065185547,
            "z": -0.23896244168281555
        },
        "vehicle_velocity": {
            "x": 4.021998405456543,
            "y": 1.3909549713134766,
            "z": 4.5547483750851825e-05
        },
        "vehicle_throttle": 0.75,
        "unique_collisions": 1,
        "solid_lane_crosses": 4,
        "double_solid_lane_crosses": 0
    },
    {
        "game_time": 27.468653382966295,
        "vehicle_location": {
            "x": -92.53897857666016,
            "y": -62.72123336791992,
            "z": -0.23789863288402557
        },
        "vehicle_velocity": {
            "x": 3.401355504989624,
            "y": 0.47868478298187256,
            "z": 0.0005661582690663636
        },
        "vehicle_throttle": 0.75,
        "unique_collisions": 1,
        "solid_lane_crosses": 4,
        "double_solid_lane_crosses": 0
    },
    {
        "game_time": 28.49318388500251,
        "vehicle_location": {
            "x": -89.29976654052734,
            "y": -62.34367370605469,
            "z": -0.23795749247074127
        },
        "vehicle_velocity": {
            "x": 3.0480270385742188,
            "y": 0.23217277228832245,
            "z": -0.00015894889656919986
        },
        "vehicle_throttle": 0.75,
        "unique_collisions": 1,
        "solid_lane_crosses": 4,
        "double_solid_lane_crosses": 0
    },
    {
        "game_time": 29.558538416633382,
        "vehicle_location": {
            "x": -85.73456573486328,
            "y": -62.15981674194336,
            "z": -0.23900733888149261
        },
        "vehicle_velocity": {
            "x": 4.407698154449463,
            "y": 0.17968299984931946,
            "z": -0.0002562141453381628
        },
        "vehicle_throttle": 0.0,
        "unique_collisions": 1,
        "solid_lane_crosses": 4,
        "double_solid_lane_crosses": 0
    },
    {
        "game_time": 30.65377833158709,
        "vehicle_location": {
            "x": -81.44879913330078,
            "y": -62.07529067993164,
            "z": -0.23695491254329681
        },
        "vehicle_velocity": {
            "x": 3.5830516815185547,
            "y": 0.042414307594299316,
            "z": -0.0005063915159553289
        },
        "vehicle_throttle": 0.0,
        "unique_collisions": 1,
        "solid_lane_crosses": 4,
        "double_solid_lane_crosses": 0
    },
    {
        "game_time": 31.711472366238013,
        "vehicle_location": {
            "x": -77.61325073242188,
            "y": -62.06175994873047,
            "z": -0.23630927503108978
        },
        "vehicle_velocity": {
            "x": 2.9360809326171875,
            "y": -0.0024061661679297686,
            "z": 0.0002673959534149617
        },
        "vehicle_throttle": 0.75,
        "unique_collisions": 1,
        "solid_lane_crosses": 4,
        "double_solid_lane_crosses": 0
    },
    {
        "game_time": 32.75727703073062,
        "vehicle_location": {
            "x": -73.5640640258789,
            "y": -62.073543548583984,
            "z": -0.2370583713054657
        },
        "vehicle_velocity": {
            "x": 3.5929348468780518,
            "y": -0.01797877438366413,
            "z": 0.00034456251887604594
        },
        "vehicle_throttle": 0.75,
        "unique_collisions": 1,
        "solid_lane_crosses": 4,
        "double_solid_lane_crosses": 0
    },
    {
        "game_time": 33.822382491314784,
        "vehicle_location": {
            "x": -69.36221313476562,
            "y": -62.09930419921875,
            "z": -0.23856055736541748
        },
        "vehicle_velocity": {
            "x": 4.263815402984619,
            "y": -0.029885539785027504,
            "z": -0.0003901672316715121
        },
        "vehicle_throttle": 0.75,
        "unique_collisions": 1,
        "solid_lane_crosses": 4,
        "double_solid_lane_crosses": 0
    },
    {
        "game_time": 34.90571353607811,
        "vehicle_location": {
            "x": -65.08534240722656,
            "y": -62.13275146484375,
            "z": -0.2385769635438919
        },
        "vehicle_velocity": {
            "x": 4.448524475097656,
            "y": -0.040392663329839706,
            "z": -0.00037959098699502647
        },
        "vehicle_throttle": 0.0,
        "unique_collisions": 1,
        "solid_lane_crosses": 4,
        "double_solid_lane_crosses": 0
    },
    {
        "game_time": 35.939689377555624,
        "vehicle_location": {
            "x": -61.063743591308594,
            "y": -62.16722106933594,
            "z": -0.23697975277900696
        },
        "vehicle_velocity": {
            "x": 3.6732583045959473,
            "y": -0.032196905463933945,
            "z": -0.00046503066550940275
        },
        "vehicle_throttle": 0.0,
        "unique_collisions": 1,
        "solid_lane_crosses": 4,
        "double_solid_lane_crosses": 0
    },
    {
        "game_time": 36.96780449175276,
        "vehicle_location": {
            "x": -57.19660568237305,
            "y": -62.201786041259766,
            "z": -0.23640185594558716
        },
        "vehicle_velocity": {
            "x": 3.2147297859191895,
            "y": -0.02890341728925705,
            "z": 0.00044896602048538625
        },
        "vehicle_throttle": 0.75,
        "unique_collisions": 1,
        "solid_lane_crosses": 4,
        "double_solid_lane_crosses": 0
    },
    {
        "game_time": 38.00002976343967,
        "vehicle_location": {
            "x": -53.31371307373047,
            "y": -62.23710632324219,
            "z": -0.2378872185945511
        },
        "vehicle_velocity": {
            "x": 3.747107744216919,
            "y": -0.03423531353473663,
            "z": -0.0002544689050409943
        },
        "vehicle_throttle": 0.75,
        "unique_collisions": 1,
        "solid_lane_crosses": 4,
        "double_solid_lane_crosses": 0
    },
    {
        "game_time": 39.04839404881932,
        "vehicle_location": {
            "x": -49.34910583496094,
            "y": -62.27350616455078,
            "z": -0.23858599364757538
        },
        "vehicle_velocity": {
            "x": 3.9815919399261475,
            "y": -0.036665014922618866,
            "z": -0.0001679420383879915
        },
        "vehicle_throttle": 0.0,
        "unique_collisions": 1,
        "solid_lane_crosses": 4,
        "double_solid_lane_crosses": 0
    },
    {
        "game_time": 40.055257089668885,
        "vehicle_location": {
            "x": -46.64110565185547,
            "y": -62.298484802246094,
            "z": -0.23876109719276428
        },
        "vehicle_velocity": {
            "x": 3.2278478145599365,
            "y": -0.029915224760770798,
            "z": 0.00041934489854611456
        },
        "vehicle_throttle": 0.0,
        "unique_collisions": 1,
        "solid_lane_crosses": 4,
        "double_solid_lane_crosses": 0
    },
    {
        "game_time": 41.081237104022875,
        "vehicle_location": {
            "x": -44.57719802856445,
            "y": -62.31757354736328,
            "z": -0.2378416359424591
        },
        "vehicle_velocity": {
            "x": 1.9602394104003906,
            "y": -0.018096288666129112,
            "z": -0.00015907287888694555
        },
        "vehicle_throttle": 0.0,
        "unique_collisions": 1,
        "solid_lane_crosses": 4,
        "double_solid_lane_crosses": 0
    },
    {
        "game_time": 42.115723652997985,
        "vehicle_location": {
            "x": -43.846317291259766,
            "y": -62.32432556152344,
            "z": -0.23695728182792664
        },
        "vehicle_velocity": {
            "x": 0.3373500406742096,
            "y": -0.0031123568769544363,
            "z": -0.0001668453187448904
        },
        "vehicle_throttle": 0.75,
        "unique_collisions": 1,
        "solid_lane_crosses": 4,
        "double_solid_lane_crosses": 0
    },
    {
        "game_time": 43.13082494423725,
        "vehicle_location": {
            "x": -42.64118957519531,
            "y": -62.335487365722656,
            "z": -0.23865120112895966
        },
        "vehicle_velocity": {
            "x": 1.9485743045806885,
            "y": -0.0180196650326252,
            "z": 0.0003979253815487027
        },
        "vehicle_throttle": 0.0,
        "unique_collisions": 1,
        "solid_lane_crosses": 4,
        "double_solid_lane_crosses": 0
    },
    {
        "game_time": 44.13889654376544,
        "vehicle_location": {
            "x": -41.08259201049805,
            "y": -62.349891662597656,
            "z": -0.23638637363910675
        },
        "vehicle_velocity": {
            "x": 0.8898356556892395,
            "y": -0.008231345564126968,
            "z": -0.0003876018454320729
        },
        "vehicle_throttle": 0.0,
        "unique_collisions": 1,
        "solid_lane_crosses": 4,
        "double_solid_lane_crosses": 0
    },
    {
        "game_time": 45.190618224674836,
        "vehicle_location": {
            "x": -40.41971969604492,
            "y": -62.35602951049805,
            "z": -0.23783835768699646
        },
        "vehicle_velocity": {
            "x": 0.7364595532417297,
            "y": -0.0068181175738573074,
            "z": -0.00019571304437704384
        },
        "vehicle_throttle": 0.0,
        "unique_collisions": 1,
        "solid_lane_crosses": 4,
        "double_solid_lane_crosses": 0
    },
    {
        "game_time": 46.190962018677965,
        "vehicle_location": {
            "x": -39.94881820678711,
            "y": -62.360355377197266,
            "z": -0.23792506754398346
        },
        "vehicle_velocity": {
            "x": 0.9461894631385803,
            "y": -0.008772722445428371,
            "z": 0.0003340864204801619
        },
        "vehicle_throttle": 0.0,
        "unique_collisions": 1,
        "solid_lane_crosses": 4,
        "double_solid_lane_crosses": 0
    },
    {
        "game_time": 47.24158579320647,
        "vehicle_location": {
            "x": -38.812782287597656,
            "y": -62.370853424072266,
            "z": -0.23819845914840698
        },
        "vehicle_velocity": {
            "x": 1.7660102844238281,
            "y": -0.016380056738853455,
            "z": 0.00011289596295682713
        },
        "vehicle_throttle": 0.0,
        "unique_collisions": 1,
        "solid_lane_crosses": 4,
        "double_solid_lane_crosses": 0
    },
    {
        "game_time": 48.26434861519374,
        "vehicle_location": {
            "x": -37.585330963134766,
            "y": -62.38224411010742,
            "z": -0.23741279542446136
        },
        "vehicle_velocity": {
            "x": 0.8369640707969666,
            "y": -0.007765125948935747,
            "z": -7.745742914266884e-05
        },
        "vehicle_throttle": 0.75,
        "unique_collisions": 1,
        "solid_lane_crosses": 4,
        "double_solid_lane_crosses": 0
    },
    {
        "game_time": 49.31138752051629,
        "vehicle_location": {
            "x": -36.869937896728516,
            "y": -62.38887405395508,
            "z": -0.2368755340576172
        },
        "vehicle_velocity": {
            "x": 0.10675384104251862,
            "y": -0.0009895716793835163,
            "z": -8.197307761292905e-05
        },
        "vehicle_throttle": 0.0,
        "unique_collisions": 1,
        "solid_lane_crosses": 4,
        "double_solid_lane_crosses": 0
    },
    {
        "game_time": 50.348104072967544,
        "vehicle_location": {
            "x": -36.86796188354492,
            "y": -62.38889694213867,
            "z": -0.2375560700893402
        },
        "vehicle_velocity": {
            "x": -5.9799581322295126e-06,
            "y": 3.999408448862596e-08,
            "z": -0.0004855441802646965
        },
        "vehicle_throttle": 0.0,
        "unique_collisions": 1,
        "solid_lane_crosses": 4,
        "double_solid_lane_crosses": 0
    },
    {
        "game_time": 51.39086342626251,
        "vehicle_location": {
            "x": -36.86795425415039,
            "y": -62.38889694213867,
            "z": -0.23758377134799957
        },
        "vehicle_velocity": {
            "x": -1.5010346743338232e-08,
            "y": -1.1714204717350185e-08,
            "z": 0.0003050804079975933
        },
        "vehicle_throttle": 0.0,
        "unique_collisions": 1,
        "solid_lane_crosses": 4,
        "double_solid_lane_crosses": 0
    },
    {
        "game_time": 52.425620652968064,
        "vehicle_location": {
            "x": -36.68614959716797,
            "y": -62.390594482421875,
            "z": -0.23704516887664795
        },
        "vehicle_velocity": {
            "x": 0.0016083165537565947,
            "y": -1.4278165508585516e-05,
            "z": 0.0005130004719831049
        },
        "vehicle_throttle": 0.0,
        "unique_collisions": 1,
        "solid_lane_crosses": 4,
        "double_solid_lane_crosses": 0
    },
    {
        "game_time": 53.43049028632231,
        "vehicle_location": {
            "x": -36.40616226196289,
            "y": -62.39317321777344,
            "z": -0.23703044652938843
        },
        "vehicle_velocity": {
            "x": 0.28933143615722656,
            "y": -0.002682081423699856,
            "z": 9.239673090633005e-05
        },
        "vehicle_throttle": 0.75,
        "unique_collisions": 1,
        "solid_lane_crosses": 4,
        "double_solid_lane_crosses": 0
    },
    {
        "game_time": 54.46337912348099,
        "vehicle_location": {
            "x": -36.017433166503906,
            "y": -62.396785736083984,
            "z": -0.23760955035686493
        },
        "vehicle_velocity": {
            "x": 0.06716424971818924,
            "y": -0.000621945015154779,
            "z": 9.455680992687121e-05
        },
        "vehicle_throttle": 0.0,
        "unique_collisions": 1,
        "solid_lane_crosses": 4,
        "double_solid_lane_crosses": 0
    },
    {
        "game_time": 55.51045461115427,
        "vehicle_location": {
            "x": -35.844642639160156,
            "y": -62.39839553833008,
            "z": -0.23760394752025604
        },
        "vehicle_velocity": {
            "x": 0.0023564528673887253,
            "y": -2.183744618378114e-05,
            "z": -0.0007871150737628341
        },
        "vehicle_throttle": 0.0,
        "unique_collisions": 1,
        "solid_lane_crosses": 4,
        "double_solid_lane_crosses": 0
    },
    {
        "game_time": 56.53817563620396,
        "vehicle_location": {
            "x": -35.84463882446289,
            "y": -62.39839553833008,
            "z": -0.23755724728107452
        },
        "vehicle_velocity": {
            "x": 4.2507103898969945e-06,
            "y": -6.681126052399122e-08,
            "z": 0.00030980585142970085
        },
        "vehicle_throttle": 0.0,
        "unique_collisions": 1,
        "solid_lane_crosses": 4,
        "double_solid_lane_crosses": 0
    },
    {
        "game_time": 57.5746395078022,
        "vehicle_location": {
            "x": -35.84463882446289,
            "y": -62.39839553833008,
            "z": -0.23757049441337585
        },
        "vehicle_velocity": {
            "x": -1.347384515071326e-08,
            "y": -1.8369082255276226e-08,
            "z": 1.3728141311730724e-05
        },
        "vehicle_throttle": 0.0,
        "unique_collisions": 1,
        "solid_lane_crosses": 4,
        "double_solid_lane_crosses": 0
    },
    {
        "game_time": 58.62050332617946,
        "vehicle_location": {
            "x": -35.84463882446289,
            "y": -62.39839553833008,
            "z": -0.23759223520755768
        },
        "vehicle_velocity": {
            "x": 4.6383652474446535e-09,
            "y": -1.818899342254099e-08,
            "z": 0.00034455774584785104
        },
        "vehicle_throttle": 0.0,
        "unique_collisions": 1,
        "solid_lane_crosses": 4,
        "double_solid_lane_crosses": 0
    },
    {
        "game_time": 59.68357162293978,
        "vehicle_location": {
            "x": -35.84463882446289,
            "y": -62.39839553833008,
            "z": -0.23758289217948914
        },
        "vehicle_velocity": {
            "x": 1.7460695111992663e-09,
            "y": -5.270380576405387e-09,
            "z": 4.663944127969444e-05
        },
        "vehicle_throttle": 0.0,
        "unique_collisions": 1,
        "solid_lane_crosses": 4,
        "double_solid_lane_crosses": 0
    },
    {
        "game_time": 60.71242473018356,
        "vehicle_location": {
            "x": -35.84463882446289,
            "y": -62.39839553833008,
            "z": -0.23756027221679688
        },
        "vehicle_velocity": {
            "x": 4.358509997359761e-09,
            "y": -1.5010773068979688e-08,
            "z": -0.00017852782912086695
        },
        "vehicle_throttle": 0.0,
        "unique_collisions": 1,
        "solid_lane_crosses": 4,
        "double_solid_lane_crosses": 0
    },
    {
        "game_time": 61.74291958962567,
        "vehicle_location": {
            "x": -35.84463882446289,
            "y": -62.39839553833008,
            "z": -0.2375783920288086
        },
        "vehicle_velocity": {
            "x": 1.022575357723099e-08,
            "y": -2.8576552679737688e-08,
            "z": 0.0001912260049721226
        },
        "vehicle_throttle": 0.0,
        "unique_collisions": 1,
        "solid_lane_crosses": 4,
        "double_solid_lane_crosses": 0
    },
    {
        "game_time": 62.773324956418946,
        "vehicle_location": {
            "x": -35.84463882446289,
            "y": -62.39839553833008,
            "z": -0.23754501342773438
        },
        "vehicle_velocity": {
            "x": 3.494264877446085e-09,
            "y": -2.1623694834715934e-08,
            "z": -0.00022320746211335063
        },
        "vehicle_throttle": 0.0,
        "unique_collisions": 1,
        "solid_lane_crosses": 4,
        "double_solid_lane_crosses": 0
    },
    {
        "game_time": 63.799510698067024,
        "vehicle_location": {
            "x": -35.84463882446289,
            "y": -62.39839553833008,
            "z": -0.23753142356872559
        },
        "vehicle_velocity": {
            "x": 1.249282455262346e-09,
            "y": -5.028492733316625e-09,
            "z": 0.00017694472626317292
        },
        "vehicle_throttle": 0.0,
        "unique_collisions": 1,
        "solid_lane_crosses": 4,
        "double_solid_lane_crosses": 0
    },
    {
        "game_time": 64.83979324367829,
        "vehicle_location": {
            "x": -35.611961364746094,
            "y": -62.40053176879883,
            "z": -0.23743106424808502
        },
        "vehicle_velocity": {
            "x": 0.4410393536090851,
            "y": -0.004092168994247913,
            "z": 0.00011556148092495278
        },
        "vehicle_throttle": 0.75,
        "unique_collisions": 1,
        "solid_lane_crosses": 4,
        "double_solid_lane_crosses": 0
    },
    {
        "game_time": 65.88989140209742,
        "vehicle_location": {
            "x": -34.698856353759766,
            "y": -62.40901565551758,
            "z": -0.23745940625667572
        },
        "vehicle_velocity": {
            "x": 1.243016004562378,
            "y": -0.011519950814545155,
            "z": 0.00018694877508096397
        },
        "vehicle_throttle": 0.75,
        "unique_collisions": 1,
        "solid_lane_crosses": 4,
        "double_solid_lane_crosses": 0
    },
    {
        "game_time": 66.9600381583441,
        "vehicle_location": {
            "x": -32.69563674926758,
            "y": -62.427581787109375,
            "z": -0.23770420253276825
        },
        "vehicle_velocity": {
            "x": 2.3702638149261475,
            "y": -0.021973447874188423,
            "z": 0.0003750324249267578
        },
        "vehicle_throttle": 0.75,
        "unique_collisions": 1,
        "solid_lane_crosses": 4,
        "double_solid_lane_crosses": 0
    },
    {
        "game_time": 67.99142096680589,
        "vehicle_location": {
            "x": -29.8825626373291,
            "y": -62.45365905761719,
            "z": -0.23705820739269257
        },
        "vehicle_velocity": {
            "x": 2.4335708618164062,
            "y": -0.022553954273462296,
            "z": 0.0002003574336413294
        },
        "vehicle_throttle": 0.75,
        "unique_collisions": 1,
        "solid_lane_crosses": 4,
        "double_solid_lane_crosses": 0
    },
    {
        "game_time": 69.05358533677645,
        "vehicle_location": {
            "x": -27.97858428955078,
            "y": -62.4713134765625,
            "z": -0.23776458203792572
        },
        "vehicle_velocity": {
            "x": 1.2089132070541382,
            "y": -0.011204398237168789,
            "z": -0.0006026649498380721
        },
        "vehicle_throttle": 0.75,
        "unique_collisions": 1,
        "solid_lane_crosses": 4,
        "double_solid_lane_crosses": 0
    },
    {
        "game_time": 70.05681178090163,
        "vehicle_location": {
            "x": -27.36236000061035,
            "y": -62.47702407836914,
            "z": -0.23718269169330597
        },
        "vehicle_velocity": {
            "x": 0.18040835857391357,
            "y": -0.0016714280936866999,
            "z": -0.00048040389083325863
        },
        "vehicle_throttle": 0.75,
        "unique_collisions": 1,
        "solid_lane_crosses": 4,
        "double_solid_lane_crosses": 0
    },
    {
        "game_time": 71.11427898076363,
        "vehicle_location": {
            "x": -27.141475677490234,
            "y": -62.47905731201172,
            "z": -0.23752819001674652
        },
        "vehicle_velocity": {
            "x": -0.00018539481970947236,
            "y": 1.66998427175713e-06,
            "z": -0.00022840499877929688
        },
        "vehicle_throttle": 0.0,
        "unique_collisions": 1,
        "solid_lane_crosses": 4,
        "double_solid_lane_crosses": 0
    },
    {
        "game_time": 72.11584558920003,
        "vehicle_location": {
            "x": -27.14139747619629,
            "y": -62.47905731201172,
            "z": -0.23755893111228943
        },
        "vehicle_velocity": {
            "x": -1.9497223036069045e-07,
            "y": 5.647192713453819e-10,
            "z": 0.00037520885234698653
        },
        "vehicle_throttle": 0.0,
        "unique_collisions": 1,
        "solid_lane_crosses": 4,
        "double_solid_lane_crosses": 0
    },
    {
        "game_time": 73.13758730632253,
        "vehicle_location": {
            "x": -27.13962173461914,
            "y": -62.47907257080078,
            "z": -0.23761940002441406
        },
        "vehicle_velocity": {
            "x": 0.07945393025875092,
            "y": -0.0007364370976574719,
            "z": 0.0005398368812166154
        },
        "vehicle_throttle": 0.75,
        "unique_collisions": 1,
        "solid_lane_crosses": 4,
        "double_solid_lane_crosses": 0
    },
    {
        "game_time": 74.1769292645622,
        "vehicle_location": {
            "x": -26.87522315979004,
            "y": -62.48149871826172,
            "z": -0.23766136169433594
        },
        "vehicle_velocity": {
            "x": 0.21068643033504486,
            "y": -0.0019480678020045161,
            "z": 0.0005480527761392295
        },
        "vehicle_throttle": 0.0,
        "unique_collisions": 1,
        "solid_lane_crosses": 4,
        "double_solid_lane_crosses": 0
    },
    {
        "game_time": 75.19806271721609,
        "vehicle_location": {
            "x": -26.389732360839844,
            "y": -62.48600769042969,
            "z": -0.2375791072845459
        },
        "vehicle_velocity": {
            "x": 0.8075802326202393,
            "y": -0.007490141317248344,
            "z": -0.0003162765351589769
        },
        "vehicle_throttle": 0.75,
        "unique_collisions": 1,
        "solid_lane_crosses": 4,
        "double_solid_lane_crosses": 0
    },
    {
        "game_time": 76.22234961320646,
        "vehicle_location": {
            "x": -24.954280853271484,
            "y": -62.499324798583984,
            "z": -0.2374906837940216
        },
        "vehicle_velocity": {
            "x": 1.734959363937378,
            "y": -0.01607562229037285,
            "z": -0.0006834697560407221
        },
        "vehicle_throttle": 0.75,
        "unique_collisions": 1,
        "solid_lane_crosses": 4,
        "double_solid_lane_crosses": 0
    },
    {
        "game_time": 77.23636043560691,
        "vehicle_location": {
            "x": -21.832685470581055,
            "y": -62.52829360961914,
            "z": -0.23829089105129242
        },
        "vehicle_velocity": {
            "x": 4.12221097946167,
            "y": -0.03820077329874039,
            "z": 0.00011249064846197143
        },
        "vehicle_throttle": 0.0,
        "unique_collisions": 1,
        "solid_lane_crosses": 4,
        "double_solid_lane_crosses": 0
    },
    {
        "game_time": 78.30495304358192,
        "vehicle_location": {
            "x": -20.240970611572266,
            "y": -62.54304885864258,
            "z": -0.23755472898483276
        },
        "vehicle_velocity": {
            "x": -0.001003389828838408,
            "y": 9.273708201362751e-06,
            "z": -0.00041280745062977076
        },
        "vehicle_throttle": 0.0,
        "unique_collisions": 1,
        "solid_lane_crosses": 4,
        "double_solid_lane_crosses": 0
    },
    {
        "game_time": 79.33572109532543,
        "vehicle_location": {
            "x": -20.240894317626953,
            "y": -62.54305648803711,
            "z": -0.23757120966911316
        },
        "vehicle_velocity": {
            "x": 0.0,
            "y": 0.0,
            "z": 0.0
        },
        "vehicle_throttle": 0.0,
        "unique_collisions": 1,
        "solid_lane_crosses": 4,
        "double_solid_lane_crosses": 0
    },
    {
        "game_time": 80.36125496518798,
        "vehicle_location": {
            "x": -20.240896224975586,
            "y": -62.54305648803711,
            "z": -0.23758597671985626
        },
        "vehicle_velocity": {
            "x": -4.1785938598160044e-10,
            "y": 2.2626500673084138e-09,
            "z": 0.0001748609502101317
        },
        "vehicle_throttle": 0.0,
        "unique_collisions": 1,
        "solid_lane_crosses": 4,
        "double_solid_lane_crosses": 0
    },
    {
        "game_time": 81.41922567342408,
        "vehicle_location": {
            "x": -20.240896224975586,
            "y": -62.54305648803711,
            "z": -0.23755107820034027
        },
        "vehicle_velocity": {
            "x": 2.1954230100540428e-10,
            "y": 8.473847179502059e-10,
            "z": -0.00010957717313431203
        },
        "vehicle_throttle": 0.0,
        "unique_collisions": 1,
        "solid_lane_crosses": 4,
        "double_solid_lane_crosses": 0
    },
    {
        "game_time": 82.4651366036851,
        "vehicle_location": {
            "x": -20.240896224975586,
            "y": -62.54305648803711,
            "z": -0.23759856820106506
        },
        "vehicle_velocity": {
            "x": -3.4102307644445773e-09,
            "y": -2.0791388610774675e-09,
            "z": 4.428863394423388e-05
        },
        "vehicle_throttle": 0.0,
        "unique_collisions": 1,
        "solid_lane_crosses": 4,
        "double_solid_lane_crosses": 0
    },
    {
        "game_time": 83.48987045814283,
        "vehicle_location": {
            "x": -20.212244033813477,
            "y": -62.54331588745117,
            "z": -0.23793822526931763
        },
        "vehicle_velocity": {
            "x": 0.37379908561706543,
            "y": -0.0034651788882911205,
            "z": 3.313064371468499e-05
        },
        "vehicle_throttle": 0.0,
        "unique_collisions": 1,
        "solid_lane_crosses": 4,
        "double_solid_lane_crosses": 0
    },
    {
        "game_time": 84.50877169077285,
        "vehicle_location": {
            "x": -19.616540908813477,
            "y": -62.5488166809082,
            "z": -0.23739100992679596
        },
        "vehicle_velocity": {
            "x": 0.5668563842773438,
            "y": -0.005255599040538073,
            "z": 0.0003186893300153315
        },
        "vehicle_throttle": 0.75,
        "unique_collisions": 1,
        "solid_lane_crosses": 4,
        "double_solid_lane_crosses": 0
    },
    {
        "game_time": 85.52100975741632,
        "vehicle_location": {
            "x": -18.063230514526367,
            "y": -62.56322479248047,
            "z": -0.23862704634666443
        },
        "vehicle_velocity": {
            "x": 2.499201536178589,
            "y": -0.023176971822977066,
            "z": -0.00016239166143350303
        },
        "vehicle_throttle": 0.75,
        "unique_collisions": 1,
        "solid_lane_crosses": 4,
        "double_solid_lane_crosses": 0
    },
    {
        "game_time": 86.5616313230712,
        "vehicle_location": {
            "x": -13.214588165283203,
            "y": -62.26034927368164,
            "z": -0.2369549572467804
        },
        "vehicle_velocity": {
            "x": 5.244665622711182,
            "y": 1.0145595073699951,
            "z": -0.0002773618616629392
        },
        "vehicle_throttle": 0.0,
        "unique_collisions": 1,
        "solid_lane_crosses": 4,
        "double_solid_lane_crosses": 0
    },
    {
        "game_time": 87.61274688062258,
        "vehicle_location": {
            "x": -9.387619972229004,
            "y": -60.78347396850586,
            "z": -0.23588699102401733
        },
        "vehicle_velocity": {
            "x": 1.2869596481323242,
            "y": 0.775093674659729,
            "z": -9.937286449712701e-06
        },
        "vehicle_throttle": 0.75,
        "unique_collisions": 1,
        "solid_lane_crosses": 4,
        "double_solid_lane_crosses": 0
    },
    {
        "game_time": 88.690867689671,
        "vehicle_location": {
            "x": -7.095660209655762,
            "y": -58.35457992553711,
            "z": -0.23690231144428253
        },
        "vehicle_velocity": {
            "x": 1.442717432975769,
            "y": 3.5871684551239014,
            "z": 0.00026436804910190403
        },
        "vehicle_throttle": 0.0,
        "unique_collisions": 1,
        "solid_lane_crosses": 5,
        "double_solid_lane_crosses": 0
    },
    {
        "game_time": 89.76336341840215,
        "vehicle_location": {
            "x": -5.991255283355713,
            "y": -54.99279022216797,
            "z": -0.23616214096546173
        },
        "vehicle_velocity": {
            "x": 0.5614824295043945,
            "y": 3.395815849304199,
            "z": -0.0016349410871043801
        },
        "vehicle_throttle": 0.0,
        "unique_collisions": 1,
        "solid_lane_crosses": 5,
        "double_solid_lane_crosses": 0
    },
    {
        "game_time": 90.80019400944002,
        "vehicle_location": {
            "x": -5.543938636779785,
            "y": -52.01035690307617,
            "z": -0.23812805116176605
        },
        "vehicle_velocity": {
            "x": 0.3685316741466522,
            "y": 3.649434804916382,
            "z": 0.00035414696321822703
        },
        "vehicle_throttle": 0.0,
        "unique_collisions": 1,
        "solid_lane_crosses": 5,
        "double_solid_lane_crosses": 0
    },
    {
        "game_time": 91.83055374701507,
        "vehicle_location": {
            "x": -5.337623596191406,
            "y": -48.8327522277832,
            "z": -0.2375749945640564
        },
        "vehicle_velocity": {
            "x": 0.11207747459411621,
            "y": 3.0496459007263184,
            "z": -2.674102688615676e-05
        },
        "vehicle_throttle": 0.75,
        "unique_collisions": 1,
        "solid_lane_crosses": 6,
        "double_solid_lane_crosses": 0
    },
    {
        "game_time": 92.87314418447204,
        "vehicle_location": {
            "x": -5.252530574798584,
            "y": -46.40911102294922,
            "z": -0.23662909865379333
        },
        "vehicle_velocity": {
            "x": 0.019509442150592804,
            "y": 1.10260009765625,
            "z": 0.00016049861733336002
        },
        "vehicle_throttle": 0.0,
        "unique_collisions": 1,
        "solid_lane_crosses": 6,
        "double_solid_lane_crosses": 0
    },
    {
        "game_time": 93.93252019886859,
        "vehicle_location": {
            "x": -5.232193470001221,
            "y": -45.50844955444336,
            "z": -0.23763258755207062
        },
        "vehicle_velocity": {
            "x": 0.006573436316102743,
            "y": 0.3607019782066345,
            "z": 0.0008256244473159313
        },
        "vehicle_throttle": 0.0,
        "unique_collisions": 1,
        "solid_lane_crosses": 6,
        "double_solid_lane_crosses": 0
    },
    {
        "game_time": 94.98264231276698,
        "vehicle_location": {
            "x": -5.226557731628418,
            "y": -45.25809860229492,
            "z": -0.2371876835823059
        },
        "vehicle_velocity": {
            "x": 0.0018060230650007725,
            "y": 0.08217848837375641,
            "z": -0.00038558957749046385
        },
        "vehicle_throttle": 0.75,
        "unique_collisions": 1,
        "solid_lane_crosses": 6,
        "double_solid_lane_crosses": 0
    },
    {
        "game_time": 95.9838964745868,
        "vehicle_location": {
            "x": -5.224823951721191,
            "y": -45.17964172363281,
            "z": -0.23754332959651947
        },
        "vehicle_velocity": {
            "x": 5.191190666664625e-06,
            "y": -7.22127515473403e-05,
            "z": -0.00042874334030784667
        },
        "vehicle_throttle": 0.0,
        "unique_collisions": 1,
        "solid_lane_crosses": 6,
        "double_solid_lane_crosses": 0
    },
    {
        "game_time": 97.03288561874069,
        "vehicle_location": {
            "x": -5.224823951721191,
            "y": -45.17959213256836,
            "z": -0.23758697509765625
        },
        "vehicle_velocity": {
            "x": -4.424379529410771e-09,
            "y": -1.0178737142041427e-07,
            "z": 7.019042823230848e-05
        },
        "vehicle_throttle": 0.0,
        "unique_collisions": 1,
        "solid_lane_crosses": 6,
        "double_solid_lane_crosses": 0
    },
    {
        "game_time": 98.04995690868236,
        "vehicle_location": {
            "x": -5.224823951721191,
            "y": -45.17959213256836,
            "z": -0.23761500418186188
        },
        "vehicle_velocity": {
            "x": 1.2713928798646634e-09,
            "y": 3.0931033290215737e-09,
            "z": -0.0002898692910093814
        },
        "vehicle_throttle": 0.0,
        "unique_collisions": 1,
        "solid_lane_crosses": 6,
        "double_solid_lane_crosses": 0
    },
    {
        "game_time": 99.05039854370989,
        "vehicle_location": {
            "x": -5.224823951721191,
            "y": -45.17959213256836,
            "z": -0.23758140206336975
        },
        "vehicle_velocity": {
            "x": -2.6768006478050665e-08,
            "y": -6.946232034010791e-09,
            "z": 0.0002456474176142365
        },
        "vehicle_throttle": 0.0,
        "unique_collisions": 1,
        "solid_lane_crosses": 6,
        "double_solid_lane_crosses": 0
    },
    {
        "game_time": 100.05988543690182,
        "vehicle_location": {
            "x": -5.224823951721191,
            "y": -45.17959213256836,
            "z": -0.23765116930007935
        },
        "vehicle_velocity": {
            "x": 6.216236293071775e-12,
            "y": 3.0141917850556865e-09,
            "z": -0.0004266166652087122
        },
        "vehicle_throttle": 0.0,
        "unique_collisions": 1,
        "solid_lane_crosses": 6,
        "double_solid_lane_crosses": 0
    },
    {
        "game_time": 101.07434569229372,
        "vehicle_location": {
            "x": -5.224823951721191,
            "y": -45.17959213256836,
            "z": -0.23755675554275513
        },
        "vehicle_velocity": {
            "x": 1.40963163364205e-09,
            "y": 3.9489220782229495e-09,
            "z": 4.215240551275201e-05
        },
        "vehicle_throttle": 0.0,
        "unique_collisions": 1,
        "solid_lane_crosses": 6,
        "double_solid_lane_crosses": 0
    },
    {
        "game_time": 102.09563814778812,
        "vehicle_location": {
            "x": -5.224823951721191,
            "y": -45.17959213256836,
            "z": -0.2376004308462143
        },
        "vehicle_velocity": {
            "x": 1.310611952298757e-09,
            "y": 2.1705934827309648e-08,
            "z": -0.0007187080336734653
        },
        "vehicle_throttle": 0.0,
        "unique_collisions": 1,
        "solid_lane_crosses": 6,
        "double_solid_lane_crosses": 0
    },
    {
        "game_time": 103.11965776630677,
        "vehicle_location": {
            "x": -5.224823951721191,
            "y": -45.17959213256836,
            "z": -0.23758690059185028
        },
        "vehicle_velocity": {
            "x": 2.058700099283328e-09,
            "y": 4.046468937701775e-09,
            "z": 3.802299397648312e-05
        },
        "vehicle_throttle": 0.0,
        "unique_collisions": 1,
        "solid_lane_crosses": 6,
        "double_solid_lane_crosses": 0
    },
    {
        "game_time": 104.17705192626454,
        "vehicle_location": {
            "x": -5.224823951721191,
            "y": -45.17959213256836,
            "z": -0.23752623796463013
        },
        "vehicle_velocity": {
            "x": 1.421146089697345e-09,
            "y": 1.5346471871069411e-09,
            "z": -0.000489301688503474
        },
        "vehicle_throttle": 0.0,
        "unique_collisions": 1,
        "solid_lane_crosses": 6,
        "double_solid_lane_crosses": 0
    },
    {
        "game_time": 105.25227677659132,
        "vehicle_location": {
            "x": -5.224823951721191,
            "y": -45.17959213256836,
            "z": -0.2375248223543167
        },
        "vehicle_velocity": {
            "x": 4.0992529370953434e-09,
            "y": 3.6221785570944576e-09,
            "z": -0.0001419448817614466
        },
        "vehicle_throttle": 0.0,
        "unique_collisions": 1,
        "solid_lane_crosses": 6,
        "double_solid_lane_crosses": 0
    },
    {
        "game_time": 106.31853991025127,
        "vehicle_location": {
            "x": -5.224823951721191,
            "y": -45.17959213256836,
            "z": -0.23757632076740265
        },
        "vehicle_velocity": {
            "x": 2.10818876245078e-10,
            "y": -1.1612412365025193e-08,
            "z": 0.0001461458159610629
        },
        "vehicle_throttle": 0.0,
        "unique_collisions": 1,
        "solid_lane_crosses": 6,
        "double_solid_lane_crosses": 0
    },
    {
        "game_time": 107.37487856694497,
        "vehicle_location": {
            "x": -5.224823951721191,
            "y": -45.17959213256836,
            "z": -0.23758353292942047
        },
        "vehicle_velocity": {
            "x": 3.1143201351113703e-09,
            "y": 5.709767769701557e-09,
            "z": 0.0007116079214029014
        },
        "vehicle_throttle": 0.0,
        "unique_collisions": 1,
        "solid_lane_crosses": 6,
        "double_solid_lane_crosses": 0
    },
    {
        "game_time": 108.39533850760199,
        "vehicle_location": {
            "x": -5.224823951721191,
            "y": -45.17959213256836,
            "z": -0.23760703206062317
        },
        "vehicle_velocity": {
            "x": 5.923117551986934e-09,
            "y": -2.2291816392794317e-08,
            "z": -0.0004800987080670893
        },
        "vehicle_throttle": 0.0,
        "unique_collisions": 1,
        "solid_lane_crosses": 6,
        "double_solid_lane_crosses": 0
    },
    {
        "game_time": 109.4522267470602,
        "vehicle_location": {
            "x": -5.224823951721191,
            "y": -45.17959213256836,
            "z": -0.23757709562778473
        },
        "vehicle_velocity": {
            "x": 1.6359091858930697e-10,
            "y": 4.095061512110476e-10,
            "z": 3.3755302865756676e-05
        },
        "vehicle_throttle": 0.0,
        "unique_collisions": 1,
        "solid_lane_crosses": 6,
        "double_solid_lane_crosses": 0
    },
    {
        "game_time": 110.46209778287448,
        "vehicle_location": {
            "x": -5.224823951721191,
            "y": -45.17959213256836,
            "z": -0.2375614047050476
        },
        "vehicle_velocity": {
            "x": 5.484991350002133e-10,
            "y": 1.1206541472574827e-08,
            "z": -5.9242247516522184e-05
        },
        "vehicle_throttle": 0.0,
        "unique_collisions": 1,
        "solid_lane_crosses": 6,
        "double_solid_lane_crosses": 0
    },
    {
        "game_time": 111.4947590122465,
        "vehicle_location": {
            "x": -5.224823951721191,
            "y": -45.17959213256836,
            "z": -0.23757602274417877
        },
        "vehicle_velocity": {
            "x": -1.1039723579742144e-09,
            "y": -2.0002037359745373e-08,
            "z": 0.00044994353083893657
        },
        "vehicle_throttle": 0.0,
        "unique_collisions": 1,
        "solid_lane_crosses": 6,
        "double_solid_lane_crosses": 0
    },
    {
        "game_time": 112.49877103068866,
        "vehicle_location": {
            "x": -5.224823951721191,
            "y": -45.17959213256836,
            "z": -0.23759040236473083
        },
        "vehicle_velocity": {
            "x": 7.171803151351241e-10,
            "y": 3.2993265897118818e-09,
            "z": 0.00016652107296977192
        },
        "vehicle_throttle": 0.0,
        "unique_collisions": 1,
        "solid_lane_crosses": 6,
        "double_solid_lane_crosses": 0
    },
    {
        "game_time": 113.5128272457514,
        "vehicle_location": {
            "x": -5.224823951721191,
            "y": -45.17959213256836,
            "z": -0.23754973709583282
        },
        "vehicle_velocity": {
            "x": 2.6641866490706434e-09,
            "y": 2.8572888499667215e-09,
            "z": 0.0002735614834818989
        },
        "vehicle_throttle": 0.0,
        "unique_collisions": 1,
        "solid_lane_crosses": 6,
        "double_solid_lane_crosses": 0
    },
    {
        "game_time": 114.51651340001263,
        "vehicle_location": {
            "x": -5.224823951721191,
            "y": -45.17959213256836,
            "z": -0.23757651448249817
        },
        "vehicle_velocity": {
            "x": 5.226734045571391e-10,
            "y": 7.518659028704633e-10,
            "z": 0.00026653765235096216
        },
        "vehicle_throttle": 0.0,
        "unique_collisions": 1,
        "solid_lane_crosses": 6,
        "double_solid_lane_crosses": 0
    },
    {
        "game_time": 115.56733404495753,
        "vehicle_location": {
            "x": -5.224823951721191,
            "y": -45.17959213256836,
            "z": -0.23756878077983856
        },
        "vehicle_velocity": {
            "x": 4.3089238843663225e-09,
            "y": 5.487744925147808e-09,
            "z": -0.00010435104195494205
        },
        "vehicle_throttle": 0.0,
        "unique_collisions": 1,
        "solid_lane_crosses": 6,
        "double_solid_lane_crosses": 0
    },
    {
        "game_time": 116.6274696441833,
        "vehicle_location": {
            "x": -5.224823951721191,
            "y": -45.17959213256836,
            "z": -0.23754706978797913
        },
        "vehicle_velocity": {
            "x": 2.0889283636194023e-09,
            "y": 3.314194696457662e-09,
            "z": -0.0010960102081298828
        },
        "vehicle_throttle": 0.0,
        "unique_collisions": 1,
        "solid_lane_crosses": 6,
        "double_solid_lane_crosses": 0
    },
    {
        "game_time": 117.67451079771854,
        "vehicle_location": {
            "x": -5.224823951721191,
            "y": -45.17959213256836,
            "z": -0.23755481839179993
        },
        "vehicle_velocity": {
            "x": 1.0229775915249206e-09,
            "y": 5.54096368787782e-09,
            "z": 0.0002807664859574288
        },
        "vehicle_throttle": 0.0,
        "unique_collisions": 1,
        "solid_lane_crosses": 6,
        "double_solid_lane_crosses": 0
    },
    {
        "game_time": 118.74924268224277,
        "vehicle_location": {
            "x": -5.224823951721191,
            "y": -45.17959213256836,
            "z": -0.2375989854335785
        },
        "vehicle_velocity": {
            "x": 3.823498850863416e-09,
            "y": 4.762469529850932e-09,
            "z": 0.000435385707532987
        },
        "vehicle_throttle": 0.0,
        "unique_collisions": 1,
        "solid_lane_crosses": 6,
        "double_solid_lane_crosses": 0
    },
    {
        "game_time": 119.77598020923324,
        "vehicle_location": {
            "x": -5.224823951721191,
            "y": -45.17959213256836,
            "z": -0.23758548498153687
        },
        "vehicle_velocity": {
            "x": 2.360807371815099e-08,
            "y": 1.2580395392092214e-08,
            "z": -0.00015785216237418354
        },
        "vehicle_throttle": 0.0,
        "unique_collisions": 1,
        "solid_lane_crosses": 6,
        "double_solid_lane_crosses": 0
    },
    {
        "game_time": 120.78937153634615,
        "vehicle_location": {
            "x": -5.224823951721191,
            "y": -45.17959213256836,
            "z": -0.23758453130722046
        },
        "vehicle_velocity": {
            "x": 2.4697013323304873e-09,
            "y": 2.906723306494996e-09,
            "z": 0.0001779746962711215
        },
        "vehicle_throttle": 0.0,
        "unique_collisions": 1,
        "solid_lane_crosses": 6,
        "double_solid_lane_crosses": 0
    },
    {
        "game_time": 121.8320574213285,
        "vehicle_location": {
            "x": -5.224823951721191,
            "y": -45.17959213256836,
            "z": -0.23757632076740265
        },
        "vehicle_velocity": {
            "x": -4.299488265413487e-10,
            "y": 6.539651042913874e-10,
            "z": 0.0006178569747135043
        },
        "vehicle_throttle": 0.0,
        "unique_collisions": 1,
        "solid_lane_crosses": 6,
        "double_solid_lane_crosses": 0
    },
    {
        "game_time": 122.88351214048453,
        "vehicle_location": {
            "x": -5.224823951721191,
            "y": -45.17959213256836,
            "z": -0.23753584921360016
        },
        "vehicle_velocity": {
            "x": 4.825456034751596e-09,
            "y": 4.143202225748155e-09,
            "z": -0.00033934591920115054
        },
        "vehicle_throttle": 0.0,
        "unique_collisions": 1,
        "solid_lane_crosses": 6,
        "double_solid_lane_crosses": 0
    },
    {
        "game_time": 123.95028340932913,
        "vehicle_location": {
            "x": -5.224823951721191,
            "y": -45.17959213256836,
            "z": -0.23759803175926208
        },
        "vehicle_velocity": {
            "x": -3.6148094295640476e-08,
            "y": 9.176927662224443e-09,
            "z": -0.0001748561771819368
        },
        "vehicle_throttle": 0.0,
        "unique_collisions": 1,
        "solid_lane_crosses": 6,
        "double_solid_lane_crosses": 0
    },
    {
        "game_time": 124.99321000208147,
        "vehicle_location": {
            "x": -5.224823951721191,
            "y": -45.17959213256836,
            "z": -0.23757751286029816
        },
        "vehicle_velocity": {
            "x": 4.744688641977746e-09,
            "y": 3.811577276024991e-09,
            "z": -0.00016004561621230096
        },
        "vehicle_throttle": 0.0,
        "unique_collisions": 1,
        "solid_lane_crosses": 6,
        "double_solid_lane_crosses": 0
    },
    {
        "game_time": 126.03004825976677,
        "vehicle_location": {
            "x": -5.224823951721191,
            "y": -45.17959213256836,
            "z": -0.23760996758937836
        },
        "vehicle_velocity": {
            "x": 1.0413280904231215e-08,
            "y": 4.247346474528513e-09,
            "z": 7.67993915360421e-05
        },
        "vehicle_throttle": 0.0,
        "unique_collisions": 1,
        "solid_lane_crosses": 6,
        "double_solid_lane_crosses": 0
    },
    {
        "game_time": 127.12761528533883,
        "vehicle_location": {
            "x": -5.221232891082764,
            "y": -45.02103042602539,
            "z": -0.23766371607780457
        },
        "vehicle_velocity": {
            "x": 0.011058123782277107,
            "y": 0.5262810587882996,
            "z": -0.0002617835998535156
        },
        "vehicle_throttle": 0.75,
        "unique_collisions": 1,
        "solid_lane_crosses": 6,
        "double_solid_lane_crosses": 0
    },
    {
        "game_time": 128.178961670259,
        "vehicle_location": {
            "x": -5.213376998901367,
            "y": -44.59258270263672,
            "z": -0.23727615177631378
        },
        "vehicle_velocity": {
            "x": 0.0030423279386013746,
            "y": 0.3890326917171478,
            "z": 0.00016710281488485634
        },
        "vehicle_throttle": 0.75,
        "unique_collisions": 1,
        "solid_lane_crosses": 6,
        "double_solid_lane_crosses": 0
    },
    {
        "game_time": 129.21802235418,
        "vehicle_location": {
            "x": -5.211001873016357,
            "y": -44.367069244384766,
            "z": -0.23758292198181152
        },
        "vehicle_velocity": {
            "x": -0.0003013777604792267,
            "y": 0.001423438312485814,
            "z": 0.00010683059372240677
        },
        "vehicle_throttle": 0.0,
        "unique_collisions": 1,
        "solid_lane_crosses": 6,
        "double_solid_lane_crosses": 0
    },
    {
        "game_time": 130.21952926763333,
        "vehicle_location": {
            "x": -5.204620361328125,
            "y": -43.82228088378906,
            "z": -0.23808521032333374
        },
        "vehicle_velocity": {
            "x": 0.0063056605868041515,
            "y": 0.7402741312980652,
            "z": 0.0005312823923304677
        },
        "vehicle_throttle": 0.0,
        "unique_collisions": 1,
        "solid_lane_crosses": 6,
        "double_solid_lane_crosses": 0
    },
    {
        "game_time": 131.22330154874362,
        "vehicle_location": {
            "x": -5.193997859954834,
            "y": -42.63897705078125,
            "z": -0.23871375620365143
        },
        "vehicle_velocity": {
            "x": -0.0005165276816114783,
            "y": 2.158824920654297,
            "z": 0.0003129291580989957
        },
        "vehicle_throttle": 0.75,
        "unique_collisions": 1,
        "solid_lane_crosses": 6,
        "double_solid_lane_crosses": 0
    },
    {
        "game_time": 132.29393202089705,
        "vehicle_location": {
            "x": -5.186163425445557,
            "y": -39.92726516723633,
            "z": -0.23727302253246307
        },
        "vehicle_velocity": {
            "x": -0.0001867916143964976,
            "y": 2.744663953781128,
            "z": 0.00012322902330197394
        },
        "vehicle_throttle": 0.75,
        "unique_collisions": 1,
        "solid_lane_crosses": 6,
        "double_solid_lane_crosses": 0
    },
    {
        "game_time": 133.3469463570509,
        "vehicle_location": {
            "x": -5.195886611938477,
            "y": -36.40816879272461,
            "z": -0.2376849353313446
        },
        "vehicle_velocity": {
            "x": -0.015302070416510105,
            "y": 3.4477696418762207,
            "z": 0.0001644516014494002
        },
        "vehicle_throttle": 0.0,
        "unique_collisions": 1,
        "solid_lane_crosses": 6,
        "double_solid_lane_crosses": 0
    },
    {
        "game_time": 134.42849626601674,
        "vehicle_location": {
            "x": -5.21824312210083,
            "y": -32.437496185302734,
            "z": -0.23807521164417267
        },
        "vehicle_velocity": {
            "x": -0.026735560968518257,
            "y": 4.183781623840332,
            "z": 0.0005710172699764371
        },
        "vehicle_throttle": 0.0,
        "unique_collisions": 1,
        "solid_lane_crosses": 6,
        "double_solid_lane_crosses": 0
    },
    {
        "game_time": 135.4481955973897,
        "vehicle_location": {
            "x": -5.245611667633057,
            "y": -28.564504623413086,
            "z": -0.23642562329769135
        },
        "vehicle_velocity": {
            "x": -0.02208210900425911,
            "y": 2.9908103942871094,
            "z": 0.00024177550221793354
        },
        "vehicle_throttle": 0.0,
        "unique_collisions": 1,
        "solid_lane_crosses": 6,
        "double_solid_lane_crosses": 0
    },
    {
        "game_time": 136.49397123255767,
        "vehicle_location": {
            "x": -5.261989593505859,
            "y": -26.395334243774414,
            "z": -0.237746000289917
        },
        "vehicle_velocity": {
            "x": -0.010197436437010765,
            "y": 1.3211588859558105,
            "z": 0.0004865360097028315
        },
        "vehicle_throttle": 0.0,
        "unique_collisions": 1,
        "solid_lane_crosses": 6,
        "double_solid_lane_crosses": 0
    },
    {
        "game_time": 137.58897085511126,
        "vehicle_location": {
            "x": -5.267535209655762,
            "y": -25.6726016998291,
            "z": -0.23817972838878632
        },
        "vehicle_velocity": {
            "x": -0.004759796429425478,
            "y": 0.6171457171440125,
            "z": -0.0001729488285491243
        },
        "vehicle_throttle": 0.0,
        "unique_collisions": 1,
        "solid_lane_crosses": 6,
        "double_solid_lane_crosses": 0
    },
    {
        "game_time": 138.6309557298664,
        "vehicle_location": {
            "x": -5.269394397735596,
            "y": -25.429401397705078,
            "z": -0.2374001294374466
        },
        "vehicle_velocity": {
            "x": -3.496515546430601e-06,
            "y": 0.0003385833988431841,
            "z": 0.0002705144870560616
        },
        "vehicle_throttle": 0.0,
        "unique_collisions": 1,
        "solid_lane_crosses": 6,
        "double_solid_lane_crosses": 0
    },
    {
        "game_time": 139.6627398247365,
        "vehicle_location": {
            "x": -5.269397258758545,
            "y": -25.429134368896484,
            "z": -0.2375771701335907
        },
        "vehicle_velocity": {
            "x": -4.001591591418219e-08,
            "y": 1.943520146596711e-06,
            "z": 7.662772986805066e-06
        },
        "vehicle_throttle": 0.0,
        "unique_collisions": 1,
        "solid_lane_crosses": 6,
        "double_solid_lane_crosses": 0
    },
    {
        "game_time": 140.7051212398801,
        "vehicle_location": {
            "x": -5.269397258758545,
            "y": -25.429134368896484,
            "z": -0.237583726644516
        },
        "vehicle_velocity": {
            "x": 1.2248815295379245e-09,
            "y": -6.753632764144868e-09,
            "z": 0.00019520282512530684
        },
        "vehicle_throttle": 0.0,
        "unique_collisions": 1,
        "solid_lane_crosses": 6,
        "double_solid_lane_crosses": 0
    },
    {
        "game_time": 141.70832977467217,
        "vehicle_location": {
            "x": -5.269397258758545,
            "y": -25.429134368896484,
            "z": -0.23753558099269867
        },
        "vehicle_velocity": {
            "x": 3.759498490296664e-09,
            "y": 1.3281764577044441e-09,
            "z": -0.00024940489674918354
        },
        "vehicle_throttle": 0.0,
        "unique_collisions": 1,
        "solid_lane_crosses": 6,
        "double_solid_lane_crosses": 0
    },
    {
        "game_time": 142.76375975296833,
        "vehicle_location": {
            "x": -5.269397258758545,
            "y": -25.429134368896484,
            "z": -0.23759375512599945
        },
        "vehicle_velocity": {
            "x": 3.939685466747278e-09,
            "y": -1.5039369749558773e-09,
            "z": 1.5020369801277411e-06
        },
        "vehicle_throttle": 0.0,
        "unique_collisions": 1,
        "solid_lane_crosses": 6,
        "double_solid_lane_crosses": 0
    },
    {
        "game_time": 143.79215476312675,
        "vehicle_location": {
            "x": -5.269397258758545,
            "y": -25.429134368896484,
            "z": -0.23757152259349823
        },
        "vehicle_velocity": {
            "x": 9.478398066420368e-10,
            "y": 1.7739167912367293e-09,
            "z": 9.948253136826679e-05
        },
        "vehicle_throttle": 0.0,
        "unique_collisions": 1,
        "solid_lane_crosses": 6,
        "double_solid_lane_crosses": 0
    },
    {
        "game_time": 144.8374310156796,
        "vehicle_location": {
            "x": -5.269397258758545,
            "y": -25.429134368896484,
            "z": -0.23757128417491913
        },
        "vehicle_velocity": {
            "x": 1.0144931561484327e-09,
            "y": 1.502593161006871e-09,
            "z": -0.00018980502500198781
        },
        "vehicle_throttle": 0.0,
        "unique_collisions": 1,
        "solid_lane_crosses": 6,
        "double_solid_lane_crosses": 0
    },
    {
        "game_time": 145.88501274236478,
        "vehicle_location": {
            "x": -5.269397258758545,
            "y": -25.429134368896484,
            "z": -0.23755130171775818
        },
        "vehicle_velocity": {
            "x": 1.6295287341705489e-09,
            "y": 2.972446289106756e-09,
            "z": 0.00015817164967302233
        },
        "vehicle_throttle": 0.0,
        "unique_collisions": 1,
        "solid_lane_crosses": 6,
        "double_solid_lane_crosses": 0
    },
    {
        "game_time": 146.9194112236146,
        "vehicle_location": {
            "x": -5.269397258758545,
            "y": -25.429134368896484,
            "z": -0.2375544309616089
        },
        "vehicle_velocity": {
            "x": 1.02189867678959e-09,
            "y": 1.656830450613711e-09,
            "z": 0.00033019063994288445
        },
        "vehicle_throttle": 0.0,
        "unique_collisions": 1,
        "solid_lane_crosses": 6,
        "double_solid_lane_crosses": 0
    },
    {
        "game_time": 147.9408156296704,
        "vehicle_location": {
            "x": -5.269397258758545,
            "y": -25.429134368896484,
            "z": -0.2375953197479248
        },
        "vehicle_velocity": {
            "x": 1.992536136086187e-09,
            "y": 1.6689386539425755e-09,
            "z": -0.00042627332732081413
        },
        "vehicle_throttle": 0.0,
        "unique_collisions": 1,
        "solid_lane_crosses": 6,
        "double_solid_lane_crosses": 0
    },
    {
        "game_time": 148.98316092812456,
        "vehicle_location": {
            "x": -5.269397258758545,
            "y": -25.429134368896484,
            "z": -0.23757460713386536
        },
        "vehicle_velocity": {
            "x": 8.51464954099157e-10,
            "y": 1.2634381318932242e-09,
            "z": 0.0002622079919092357
        },
        "vehicle_throttle": 0.0,
        "unique_collisions": 1,
        "solid_lane_crosses": 6,
        "double_solid_lane_crosses": 0
    },
    {
        "game_time": 150.03168791369535,
        "vehicle_location": {
            "x": -5.269397258758545,
            "y": -25.429134368896484,
            "z": -0.23754802346229553
        },
        "vehicle_velocity": {
            "x": 5.163387939433051e-09,
            "y": 1.2629982615308677e-09,
            "z": 0.0001040935458149761
        },
        "vehicle_throttle": 0.0,
        "unique_collisions": 1,
        "solid_lane_crosses": 6,
        "double_solid_lane_crosses": 0
    },
    {
        "game_time": 151.04983816691674,
        "vehicle_location": {
            "x": -5.269397258758545,
            "y": -25.429134368896484,
            "z": -0.23753516376018524
        },
        "vehicle_velocity": {
            "x": -2.3352277889188144e-09,
            "y": -1.0192063859548739e-10,
            "z": 0.0002662992337718606
        },
        "vehicle_throttle": 0.0,
        "unique_collisions": 1,
        "solid_lane_crosses": 6,
        "double_solid_lane_crosses": 0
    },
    {
        "game_time": 152.11730087385513,
        "vehicle_location": {
            "x": -5.269397258758545,
            "y": -25.429134368896484,
            "z": -0.23757301270961761
        },
        "vehicle_velocity": {
            "x": 5.0111768068461515e-09,
            "y": 1.2990027942194615e-09,
            "z": 8.828163117868826e-05
        },
        "vehicle_throttle": 0.0,
        "unique_collisions": 1,
        "solid_lane_crosses": 6,
        "double_solid_lane_crosses": 0
    },
    {
        "game_time": 153.1834795011673,
        "vehicle_location": {
            "x": -5.269397258758545,
            "y": -25.429134368896484,
            "z": -0.23759734630584717
        },
        "vehicle_velocity": {
            "x": 1.6098069544057125e-09,
            "y": 1.0699704455774395e-09,
            "z": 0.0002936839882750064
        },
        "vehicle_throttle": 0.0,
        "unique_collisions": 1,
        "solid_lane_crosses": 6,
        "double_solid_lane_crosses": 0
    },
    {
        "game_time": 154.2359709145967,
        "vehicle_location": {
            "x": -5.269397258758545,
            "y": -25.429134368896484,
            "z": -0.23757369816303253
        },
        "vehicle_velocity": {
            "x": 6.087998993820065e-10,
            "y": -9.179356580402143e-11,
            "z": 0.0009524059132672846
        },
        "vehicle_throttle": 0.0,
        "unique_collisions": 1,
        "solid_lane_crosses": 6,
        "double_solid_lane_crosses": 0
    },
    {
        "game_time": 155.25210645445623,
        "vehicle_location": {
            "x": -5.269397258758545,
            "y": -25.429134368896484,
            "z": -0.23759055137634277
        },
        "vehicle_velocity": {
            "x": 6.338079838741351e-09,
            "y": 2.288896849833577e-09,
            "z": 0.00027951240190304816
        },
        "vehicle_throttle": 0.0,
        "unique_collisions": 1,
        "solid_lane_crosses": 6,
        "double_solid_lane_crosses": 0
    },
    {
        "game_time": 156.27935968642123,
        "vehicle_location": {
            "x": -5.269397258758545,
            "y": -25.429134368896484,
            "z": -0.2375708371400833
        },
        "vehicle_velocity": {
            "x": -1.2895946532864855e-09,
            "y": -1.542035110713158e-10,
            "z": -0.00046973227290436625
        },
        "vehicle_throttle": 0.0,
        "unique_collisions": 1,
        "solid_lane_crosses": 6,
        "double_solid_lane_crosses": 0
    },
    {
        "game_time": 157.32991100219078,
        "vehicle_location": {
            "x": -5.269397258758545,
            "y": -25.429134368896484,
            "z": -0.23758044838905334
        },
        "vehicle_velocity": {
            "x": 1.1489852125290412e-10,
            "y": 2.922906805480352e-09,
            "z": 0.00022711275960318744
        },
        "vehicle_throttle": 0.0,
        "unique_collisions": 1,
        "solid_lane_crosses": 6,
        "double_solid_lane_crosses": 0
    },
    {
        "game_time": 158.35341925849207,
        "vehicle_location": {
            "x": -5.269397258758545,
            "y": -25.429134368896484,
            "z": -0.23755115270614624
        },
        "vehicle_velocity": {
            "x": -4.526855001962815e-10,
            "y": -7.043648442284223e-10,
            "z": 0.0005411290912888944
        },
        "vehicle_throttle": 0.0,
        "unique_collisions": 1,
        "solid_lane_crosses": 6,
        "double_solid_lane_crosses": 0
    },
    {
        "game_time": 159.36742735956796,
        "vehicle_location": {
            "x": -5.269397258758545,
            "y": -25.429134368896484,
            "z": -0.23759742081165314
        },
        "vehicle_velocity": {
            "x": -1.2018662731705376e-09,
            "y": 1.1027457835766086e-09,
            "z": 0.00016572474851273
        },
        "vehicle_throttle": 0.0,
        "unique_collisions": 1,
        "solid_lane_crosses": 6,
        "double_solid_lane_crosses": 0
    },
    {
        "game_time": 160.3994008761365,
        "vehicle_location": {
            "x": -5.269397258758545,
            "y": -25.429134368896484,
            "z": -0.23758463561534882
        },
        "vehicle_velocity": {
            "x": 1.1206264388663456e-10,
            "y": 2.410661947838122e-10,
            "z": -2.7418136596679688e-05
        },
        "vehicle_throttle": 0.0,
        "unique_collisions": 1,
        "solid_lane_crosses": 6,
        "double_solid_lane_crosses": 0
    },
    {
        "game_time": 161.45162980933674,
        "vehicle_location": {
            "x": -5.269397258758545,
            "y": -25.429134368896484,
            "z": -0.237594336271286
        },
        "vehicle_velocity": {
            "x": 1.3513665741982095e-09,
            "y": -1.767750745784724e-08,
            "z": -0.00020286560175009072
        },
        "vehicle_throttle": 0.0,
        "unique_collisions": 1,
        "solid_lane_crosses": 6,
        "double_solid_lane_crosses": 0
    },
    {
        "game_time": 162.5264592145104,
        "vehicle_location": {
            "x": -5.269397258758545,
            "y": -25.429134368896484,
            "z": -0.23761741816997528
        },
        "vehicle_velocity": {
            "x": -1.8597513806728472e-10,
            "y": -9.03079333536283e-10,
            "z": -0.0005672931438311934
        },
        "vehicle_throttle": 0.0,
        "unique_collisions": 1,
        "solid_lane_crosses": 6,
        "double_solid_lane_crosses": 0
    },
    {
        "game_time": 163.6285549600143,
        "vehicle_location": {
            "x": -5.269397258758545,
            "y": -25.429134368896484,
            "z": -0.23756538331508636
        },
        "vehicle_velocity": {
            "x": 1.9236181536541608e-09,
            "y": 3.200723464047428e-09,
            "z": 9.944438352249563e-05
        },
        "vehicle_throttle": 0.0,
        "unique_collisions": 1,
        "solid_lane_crosses": 6,
        "double_solid_lane_crosses": 0
    },
    {
        "game_time": 164.641912688734,
        "vehicle_location": {
            "x": -5.269397258758545,
            "y": -25.429134368896484,
            "z": -0.23755770921707153
        },
        "vehicle_velocity": {
            "x": 2.0174522052940347e-09,
            "y": -1.14623610603104e-09,
            "z": 0.0001047039040713571
        },
        "vehicle_throttle": 0.0,
        "unique_collisions": 1,
        "solid_lane_crosses": 6,
        "double_solid_lane_crosses": 0
    },
    {
        "game_time": 165.6758167364169,
        "vehicle_location": {
            "x": -5.269397258758545,
            "y": -25.429134368896484,
            "z": -0.23758143186569214
        },
        "vehicle_velocity": {
            "x": 1.5501081307434106e-08,
            "y": -2.2963526191688288e-08,
            "z": -0.00020599365234375
        },
        "vehicle_throttle": 0.0,
        "unique_collisions": 1,
        "solid_lane_crosses": 6,
        "double_solid_lane_crosses": 0
    },
    {
        "game_time": 166.7523495920468,
        "vehicle_location": {
            "x": -5.269397258758545,
            "y": -25.429134368896484,
            "z": -0.23759238421916962
        },
        "vehicle_velocity": {
            "x": -1.678717054254264e-09,
            "y": 1.2383085667977412e-09,
            "z": -0.0003851508954539895
        },
        "vehicle_throttle": 0.0,
        "unique_collisions": 1,
        "solid_lane_crosses": 6,
        "double_solid_lane_crosses": 0
    },
    {
        "game_time": 167.81442947988398,
        "vehicle_location": {
            "x": -5.269397258758545,
            "y": -25.429134368896484,
            "z": -0.23756079375743866
        },
        "vehicle_velocity": {
            "x": 2.7105132027749335e-10,
            "y": -3.601810794062743e-10,
            "z": -2.058982863673009e-05
        },
        "vehicle_throttle": 0.0,
        "unique_collisions": 1,
        "solid_lane_crosses": 6,
        "double_solid_lane_crosses": 0
    },
    {
        "game_time": 168.91574421455152,
        "vehicle_location": {
            "x": -5.269397258758545,
            "y": -25.429134368896484,
            "z": -0.23757033050060272
        },
        "vehicle_velocity": {
            "x": 6.93323265466006e-09,
            "y": 3.0372346859763866e-09,
            "z": 0.00021440029377117753
        },
        "vehicle_throttle": 0.0,
        "unique_collisions": 1,
        "solid_lane_crosses": 6,
        "double_solid_lane_crosses": 0
    },
    {
        "game_time": 169.92953246482648,
        "vehicle_location": {
            "x": -5.269397258758545,
            "y": -25.429134368896484,
            "z": -0.23760920763015747
        },
        "vehicle_velocity": {
            "x": 1.0342888351333457e-10,
            "y": 7.420455361284439e-10,
            "z": -0.00018547535000834614
        },
        "vehicle_throttle": 0.0,
        "unique_collisions": 1,
        "solid_lane_crosses": 6,
        "double_solid_lane_crosses": 0
    },
    {
        "game_time": 170.93689783872105,
        "vehicle_location": {
            "x": -5.269397258758545,
            "y": -25.429134368896484,
            "z": -0.23755046725273132
        },
        "vehicle_velocity": {
            "x": 5.237472677777077e-10,
            "y": 1.3383804065014715e-09,
            "z": 1.3475418199959677e-05
        },
        "vehicle_throttle": 0.0,
        "unique_collisions": 1,
        "solid_lane_crosses": 6,
        "double_solid_lane_crosses": 0
    },
    {
        "game_time": 171.97332458407618,
        "vehicle_location": {
            "x": -5.269397258758545,
            "y": -25.429134368896484,
            "z": -0.2376061975955963
        },
        "vehicle_velocity": {
            "x": 3.937997983260999e-10,
            "y": 1.0680651918448802e-09,
            "z": 1.3141631825419609e-05
        },
        "vehicle_throttle": 0.0,
        "unique_collisions": 1,
        "solid_lane_crosses": 6,
        "double_solid_lane_crosses": 0
    },
    {
        "game_time": 173.00044339266606,
        "vehicle_location": {
            "x": -5.269397258758545,
            "y": -25.429134368896484,
            "z": -0.23760204017162323
        },
        "vehicle_velocity": {
            "x": 9.43788713847482e-10,
            "y": 1.196889587440353e-09,
            "z": 0.00012423038424458355
        },
        "vehicle_throttle": 0.0,
        "unique_collisions": 1,
        "solid_lane_crosses": 6,
        "double_solid_lane_crosses": 0
    },
    {
        "game_time": 174.01715104212053,
        "vehicle_location": {
            "x": -5.269397258758545,
            "y": -25.429134368896484,
            "z": -0.2375832349061966
        },
        "vehicle_velocity": {
            "x": 4.28086788240023e-10,
            "y": 1.9763214675894147e-10,
            "z": 1.7852782548288815e-05
        },
        "vehicle_throttle": 0.0,
        "unique_collisions": 1,
        "solid_lane_crosses": 6,
        "double_solid_lane_crosses": 0
    },
    {
        "game_time": 175.04139122762717,
        "vehicle_location": {
            "x": -5.269397258758545,
            "y": -25.429134368896484,
            "z": -0.23761138319969177
        },
        "vehicle_velocity": {
            "x": 2.5478186227445576e-09,
            "y": 2.422913647492919e-09,
            "z": -0.00047354697016999125
        },
        "vehicle_throttle": 0.0,
        "unique_collisions": 1,
        "solid_lane_crosses": 6,
        "double_solid_lane_crosses": 0
    },
    {
        "game_time": 176.08227434870787,
        "vehicle_location": {
            "x": -5.269397258758545,
            "y": -25.429134368896484,
            "z": -0.2375829964876175
        },
        "vehicle_velocity": {
            "x": -2.1187136767242265e-10,
            "y": -1.1800021680261064e-12,
            "z": -3.6602017644327134e-05
        },
        "vehicle_throttle": 0.0,
        "unique_collisions": 1,
        "solid_lane_crosses": 6,
        "double_solid_lane_crosses": 0
    },
    {
        "game_time": 177.11182455928065,
        "vehicle_location": {
            "x": -5.269397258758545,
            "y": -25.429134368896484,
            "z": -0.23762530088424683
        },
        "vehicle_velocity": {
            "x": -5.315558548879551e-10,
            "y": 1.4416855487198177e-09,
            "z": -0.00018435477977618575
        },
        "vehicle_throttle": 0.0,
        "unique_collisions": 1,
        "solid_lane_crosses": 6,
        "double_solid_lane_crosses": 0
    },
    {
        "game_time": 178.13430658564903,
        "vehicle_location": {
            "x": -5.269397258758545,
            "y": -25.429134368896484,
            "z": -0.23756954073905945
        },
        "vehicle_velocity": {
            "x": 0.0,
            "y": 0.0,
            "z": 0.0
        },
        "vehicle_throttle": 0.0,
        "unique_collisions": 1,
        "solid_lane_crosses": 6,
        "double_solid_lane_crosses": 0
    },
    {
        "game_time": 179.1724347381387,
        "vehicle_location": {
            "x": -5.269397258758545,
            "y": -25.429134368896484,
            "z": -0.23759719729423523
        },
        "vehicle_velocity": {
            "x": -2.48821692139245e-08,
            "y": -1.2308234431657183e-08,
            "z": -3.098487650277093e-05
        },
        "vehicle_throttle": 0.0,
        "unique_collisions": 1,
        "solid_lane_crosses": 6,
        "double_solid_lane_crosses": 0
    },
    {
        "game_time": 180.22194927674718,
        "vehicle_location": {
            "x": -5.269397258758545,
            "y": -25.429134368896484,
            "z": -0.23758842051029205
        },
        "vehicle_velocity": {
            "x": 4.926037355801327e-10,
            "y": 6.578659283995592e-10,
            "z": 3.655433465610258e-05
        },
        "vehicle_throttle": 0.0,
        "unique_collisions": 1,
        "solid_lane_crosses": 6,
        "double_solid_lane_crosses": 0
    },
    {
        "game_time": 181.22682605241425,
        "vehicle_location": {
            "x": -5.269397258758545,
            "y": -25.429134368896484,
            "z": -0.2375601977109909
        },
        "vehicle_velocity": {
            "x": 1.1119031251283218e-09,
            "y": 2.5719433249804524e-09,
            "z": -3.5619734262581915e-05
        },
        "vehicle_throttle": 0.0,
        "unique_collisions": 1,
        "solid_lane_crosses": 6,
        "double_solid_lane_crosses": 0
    },
    {
        "game_time": 182.2721330721397,
        "vehicle_location": {
            "x": -5.269397258758545,
            "y": -25.429134368896484,
            "z": -0.2375851720571518
        },
        "vehicle_velocity": {
            "x": 2.303750384902159e-10,
            "y": 2.569014867503938e-08,
            "z": 0.00022704600996803492
        },
        "vehicle_throttle": 0.0,
        "unique_collisions": 1,
        "solid_lane_crosses": 6,
        "double_solid_lane_crosses": 0
    },
    {
        "game_time": 183.3006160382647,
        "vehicle_location": {
            "x": -5.269567966461182,
            "y": -25.406940460205078,
            "z": -0.2377612590789795
        },
        "vehicle_velocity": {
            "x": -1.685380811977666e-05,
            "y": 0.0028859542217105627,
            "z": 5.653381231240928e-05
        },
        "vehicle_throttle": 0.0,
        "unique_collisions": 1,
        "solid_lane_crosses": 6,
        "double_solid_lane_crosses": 0
    },
    {
        "game_time": 184.34802992944606,
        "vehicle_location": {
            "x": -5.272271156311035,
            "y": -25.054468154907227,
            "z": -0.23793166875839233
        },
        "vehicle_velocity": {
            "x": -0.007027095183730125,
            "y": 0.9138230085372925,
            "z": 0.000181574810994789
        },
        "vehicle_throttle": 0.0,
        "unique_collisions": 1,
        "solid_lane_crosses": 6,
        "double_solid_lane_crosses": 0
    },
    {
        "game_time": 185.39503372297622,
        "vehicle_location": {
            "x": -5.278242111206055,
            "y": -24.295507431030273,
            "z": -0.23800818622112274
        },
        "vehicle_velocity": {
            "x": -0.010866397060453892,
            "y": 1.363159418106079,
            "z": 0.000509290664922446
        },
        "vehicle_throttle": 0.75,
        "unique_collisions": 1,
        "solid_lane_crosses": 6,
        "double_solid_lane_crosses": 0
    },
    {
        "game_time": 186.4372982683126,
        "vehicle_location": {
            "x": -5.310983180999756,
            "y": -20.245243072509766,
            "z": -0.23845012485980988
        },
        "vehicle_velocity": {
            "x": -0.04869600012898445,
            "y": 5.951444149017334,
            "z": -0.00011933803034480661
        },
        "vehicle_throttle": 0.0,
        "unique_collisions": 1,
        "solid_lane_crosses": 6,
        "double_solid_lane_crosses": 0
    },
    {
        "game_time": 187.4543817306403,
        "vehicle_location": {
            "x": -5.3796491622924805,
            "y": -14.713688850402832,
            "z": -0.23680907487869263
        },
        "vehicle_velocity": {
            "x": -0.1909346580505371,
            "y": 5.144595623016357,
            "z": -7.228851245599799e-06
        },
        "vehicle_throttle": 0.75,
        "unique_collisions": 1,
        "solid_lane_crosses": 6,
        "double_solid_lane_crosses": 0
    },
    {
        "game_time": 188.4940533323679,
        "vehicle_location": {
            "x": -6.253307819366455,
            "y": -9.135614395141602,
            "z": -0.23413729667663574
        },
        "vehicle_velocity": {
            "x": -1.9898637533187866,
            "y": 5.058050632476807,
            "z": 0.01464192382991314
        },
        "vehicle_throttle": 0.0,
        "unique_collisions": 1,
        "solid_lane_crosses": 6,
        "double_solid_lane_crosses": 0
    },
    {
        "game_time": 189.54054224514402,
        "vehicle_location": {
            "x": -9.881080627441406,
            "y": -5.253487586975098,
            "z": -0.21364280581474304
        },
        "vehicle_velocity": {
            "x": -5.173892498016357,
            "y": 1.9200782775878906,
            "z": 0.026254883036017418
        },
        "vehicle_throttle": 0.75,
        "unique_collisions": 1,
        "solid_lane_crosses": 6,
        "double_solid_lane_crosses": 0
    },
    {
        "game_time": 190.57532730721869,
        "vehicle_location": {
            "x": -15.343010902404785,
            "y": -3.8887853622436523,
            "z": -0.21040965616703033
        },
        "vehicle_velocity": {
            "x": -5.203834533691406,
            "y": 0.6906012296676636,
            "z": 0.00828799232840538
        },
        "vehicle_throttle": 0.5706560015678406,
        "unique_collisions": 1,
        "solid_lane_crosses": 6,
        "double_solid_lane_crosses": 0
    },
    {
        "game_time": 191.58855559979565,
        "vehicle_location": {
            "x": -20.787113189697266,
            "y": -3.404676675796509,
            "z": -0.19452090561389923
        },
        "vehicle_velocity": {
            "x": -5.698824882507324,
            "y": 0.29932838678359985,
            "z": 0.02375670336186886
        },
        "vehicle_throttle": 0.1469573974609375,
        "unique_collisions": 1,
        "solid_lane_crosses": 6,
        "double_solid_lane_crosses": 0
    },
    {
        "game_time": 192.63006842439063,
        "vehicle_location": {
            "x": -26.45445442199707,
            "y": -3.19043231010437,
            "z": -0.19738219678401947
        },
        "vehicle_velocity": {
            "x": -5.211862087249756,
            "y": 0.1463998705148697,
            "z": -0.000138940813485533
        },
        "vehicle_throttle": 0.75,
        "unique_collisions": 1,
        "solid_lane_crosses": 6,
        "double_solid_lane_crosses": 0
    },
    {
        "game_time": 193.68084100377746,
        "vehicle_location": {
            "x": -32.24038314819336,
            "y": -3.066429376602173,
            "z": -0.21029125154018402
        },
        "vehicle_velocity": {
            "x": -5.38471794128418,
            "y": 0.09776351600885391,
            "z": -0.00039229390677064657
        },
        "vehicle_throttle": 0.0,
        "unique_collisions": 1,
        "solid_lane_crosses": 6,
        "double_solid_lane_crosses": 0
    }
]