[
    {
        "game_time": 9.672990118619055,
        "vehicle_location": {
            "x": 15.365588188171387,
            "y": 201.6073760986328,
            "z": -0.04081561788916588
        },
        "vehicle_velocity": {
            "x": 1.2764911651611328,
            "y": -0.2628926634788513,
            "z": 0.00012464523024391383
        },
        "vehicle_throttle": 0.75,
        "unique_collisions": 0,
        "solid_lane_crosses": 0,
        "double_solid_lane_crosses": 0
    },
    {
        "game_time": 10.679818802978843,
        "vehicle_location": {
            "x": 17.877811431884766,
            "y": 201.05723571777344,
            "z": -0.03911643847823143
        },
        "vehicle_velocity": {
            "x": 3.3061110973358154,
            "y": -1.318514347076416,
            "z": 8.475780487060547e-05
        },
        "vehicle_throttle": 0.75,
        "unique_collisions": 0,
        "solid_lane_crosses": 0,
        "double_solid_lane_crosses": 0
    },
    {
        "game_time": 11.711023938376456,
        "vehicle_location": {
            "x": 22.11046028137207,
            "y": 199.12445068359375,
            "z": -0.039332736283540726
        },
        "vehicle_velocity": {
            "x": 4.568700313568115,
            "y": -3.2564384937286377,
            "z": -0.000242328635067679
        },
        "vehicle_throttle": 0.75,
        "unique_collisions": 0,
        "solid_lane_crosses": 0,
        "double_solid_lane_crosses": 0
    },
    {
        "game_time": 12.752933579031378,
        "vehicle_location": {
            "x": 25.908336639404297,
            "y": 195.69366455078125,
            "z": -0.03716835007071495
        },
        "vehicle_velocity": {
            "x": 2.7290706634521484,
            "y": -3.217381238937378,
            "z": -0.0009045123588293791
        },
        "vehicle_throttle": 0.75,
        "unique_collisions": 0,
        "solid_lane_crosses": 0,
        "double_solid_lane_crosses": 0
    },
    {
        "game_time": 13.762669941876084,
        "vehicle_location": {
            "x": 28.54318618774414,
            "y": 191.43801879882812,
            "z": -0.0393817164003849
        },
        "vehicle_velocity": {
            "x": 2.2726969718933105,
            "y": -5.451239585876465,
            "z": -0.000483045558212325
        },
        "vehicle_throttle": 0.0,
        "unique_collisions": 0,
        "solid_lane_crosses": 0,
        "double_solid_lane_crosses": 0
    },
    {
        "game_time": 14.88307714695111,
        "vehicle_location": {
            "x": 30.215604782104492,
            "y": 186.7421875,
            "z": -0.03862304612994194
        },
        "vehicle_velocity": {
            "x": 1.1551331281661987,
            "y": -4.115610599517822,
            "z": 0.0001423358917236328
        },
        "vehicle_throttle": 0.75,
        "unique_collisions": 0,
        "solid_lane_crosses": 0,
        "double_solid_lane_crosses": 0
    },
    {
        "game_time": 15.977914635557681,
        "vehicle_location": {
            "x": 31.108781814575195,
            "y": 181.16464233398438,
            "z": -0.03598926588892937
        },
        "vehicle_velocity": {
            "x": 0.43904080986976624,
            "y": -5.193469047546387,
            "z": 5.858897930011153e-05
        },
        "vehicle_throttle": 0.0,
        "unique_collisions": 0,
        "solid_lane_crosses": 0,
        "double_solid_lane_crosses": 0
    },
    {
        "game_time": 17.103730021510273,
        "vehicle_location": {
            "x": 31.38863754272461,
            "y": 176.46778869628906,
            "z": -0.03851715102791786
        },
        "vehicle_velocity": {
            "x": 0.26084914803504944,
            "y": -4.2723894119262695,
            "z": -0.0001367092045256868
        },
        "vehicle_throttle": 0.0,
        "unique_collisions": 0,
        "solid_lane_crosses": 0,
        "double_solid_lane_crosses": 0
    },
    {
        "game_time": 18.18682228634134,
        "vehicle_location": {
            "x": 31.44647216796875,
            "y": 174.10903930664062,
            "z": -0.03896339237689972
        },
        "vehicle_velocity": {
            "x": 0.03447515144944191,
            "y": -1.7724941968917847,
            "z": 0.0004945373511873186
        },
        "vehicle_throttle": 0.75,
        "unique_collisions": 0,
        "solid_lane_crosses": 0,
        "double_solid_lane_crosses": 0
    },
    {
        "game_time": 19.19419895717874,
        "vehicle_location": {
            "x": 31.484987258911133,
            "y": 171.38124084472656,
            "z": -0.039353255182504654
        },
        "vehicle_velocity": {
            "x": -0.01181618683040142,
            "y": -3.676405191421509,
            "z": 0.00010836600995389745
        },
        "vehicle_throttle": 0.75,
        "unique_collisions": 0,
        "solid_lane_crosses": 0,
        "double_solid_lane_crosses": 0
    },
    {
        "game_time": 20.296442589256912,
        "vehicle_location": {
            "x": 31.523460388183594,
            "y": 166.8444366455078,
            "z": -0.03365695849061012
        },
        "vehicle_velocity": {
            "x": -0.005864100530743599,
            "y": -2.787663459777832,
            "z": 0.00015362739213742316
        },
        "vehicle_throttle": 0.75,
        "unique_collisions": 0,
        "solid_lane_crosses": 0,
        "double_solid_lane_crosses": 0
    },
    {
        "game_time": 21.41071747476235,
        "vehicle_location": {
            "x": 31.5341796875,
            "y": 163.08164978027344,
            "z": -0.03933959826827049
        },
        "vehicle_velocity": {
            "x": 0.025351740419864655,
            "y": -4.386338710784912,
            "z": 0.0005354881286621094
        },
        "vehicle_throttle": 0.75,
        "unique_collisions": 0,
        "solid_lane_crosses": 0,
        "double_solid_lane_crosses": 0
    },
    {
        "game_time": 22.513377635274082,
        "vehicle_location": {
            "x": 31.543006896972656,
            "y": 158.7206573486328,
            "z": -0.038882408291101456
        },
        "vehicle_velocity": {
            "x": 0.003182584187015891,
            "y": -3.964454174041748,
            "z": 0.0003318309609312564
        },
        "vehicle_throttle": 0.75,
        "unique_collisions": 0,
        "solid_lane_crosses": 0,
        "double_solid_lane_crosses": 0
    },
    {
        "game_time": 23.56573252985254,
        "vehicle_location": {
            "x": 31.54746437072754,
            "y": 154.6619415283203,
            "z": -0.03825538605451584
        },
        "vehicle_velocity": {
            "x": 0.003911004867404699,
            "y": -3.6020965576171875,
            "z": -0.0002917861856985837
        },
        "vehicle_throttle": 0.75,
        "unique_collisions": 0,
        "solid_lane_crosses": 0,
        "double_solid_lane_crosses": 0
    },
    {
        "game_time": 24.56741955736652,
        "vehicle_location": {
            "x": 31.55086326599121,
            "y": 150.13975524902344,
            "z": -0.03899425268173218
        },
        "vehicle_velocity": {
            "x": 0.000438402290455997,
            "y": -5.46298885345459,
            "z": -0.0004257106629665941
        },
        "vehicle_throttle": 0.75,
        "unique_collisions": 0,
        "solid_lane_crosses": 0,
        "double_solid_lane_crosses": 0
    },
    {
        "game_time": 25.680720551405102,
        "vehicle_location": {
            "x": 31.553565979003906,
            "y": 144.97421264648438,
            "z": -0.03745975345373154
        },
        "vehicle_velocity": {
            "x": 0.0017447989666834474,
            "y": -3.8119006156921387,
            "z": 0.00065526959951967
        },
        "vehicle_throttle": 0.75,
        "unique_collisions": 0,
        "solid_lane_crosses": 0,
        "double_solid_lane_crosses": 0
    },
    {
        "game_time": 26.74561773473397,
        "vehicle_location": {
            "x": 31.55577850341797,
            "y": 140.13914489746094,
            "z": -0.03710033372044563
        },
        "vehicle_velocity": {
            "x": 0.0014309490798041224,
            "y": -4.573061466217041,
            "z": -0.0005240535829216242
        },
        "vehicle_throttle": 0.0,
        "unique_collisions": 0,
        "solid_lane_crosses": 0,
        "double_solid_lane_crosses": 0
    },
    {
        "game_time": 27.812585797626525,
        "vehicle_location": {
            "x": 31.556884765625,
            "y": 137.7042999267578,
            "z": -0.03899013251066208
        },
        "vehicle_velocity": {
            "x": 0.0008216328569687903,
            "y": -1.848000168800354,
            "z": -0.00015395163791254163
        },
        "vehicle_throttle": 0.75,
        "unique_collisions": 0,
        "solid_lane_crosses": 0,
        "double_solid_lane_crosses": 0
    },
    {
        "game_time": 28.881247491110116,
        "vehicle_location": {
            "x": 31.558170318603516,
            "y": 134.65838623046875,
            "z": -0.03934657946228981
        },
        "vehicle_velocity": {
            "x": 0.0015315951313823462,
            "y": -3.887378692626953,
            "z": 0.0005265760119073093
        },
        "vehicle_throttle": 0.75,
        "unique_collisions": 0,
        "solid_lane_crosses": 0,
        "double_solid_lane_crosses": 0
    },
    {
        "game_time": 29.912989719305187,
        "vehicle_location": {
            "x": 31.559810638427734,
            "y": 130.70372009277344,
            "z": -0.03847572207450867
        },
        "vehicle_velocity": {
            "x": 0.0014515287475660443,
            "y": -3.72944712638855,
            "z": -2.0828247215831652e-05
        },
        "vehicle_throttle": 0.75,
        "unique_collisions": 0,
        "solid_lane_crosses": 0,
        "double_solid_lane_crosses": 0
    },
    {
        "game_time": 31.01200323784724,
        "vehicle_location": {
            "x": 31.561424255371094,
            "y": 126.69422912597656,
            "z": -0.038720205426216125
        },
        "vehicle_velocity": {
            "x": 0.001473678625188768,
            "y": -3.60982084274292,
            "z": -0.00044951436575502157
        },
        "vehicle_throttle": 0.75,
        "unique_collisions": 0,
        "solid_lane_crosses": 0,
        "double_solid_lane_crosses": 0
    },
    {
        "game_time": 32.061555887106806,
        "vehicle_location": {
            "x": 31.56300163269043,
            "y": 122.757568359375,
            "z": -0.03810283541679382
        },
        "vehicle_velocity": {
            "x": 0.0014316191663965583,
            "y": -3.5455076694488525,
            "z": -0.00021049499628134072
        },
        "vehicle_throttle": 0.75,
        "unique_collisions": 0,
        "solid_lane_crosses": 0,
        "double_solid_lane_crosses": 0
    },
    {
        "game_time": 33.17354480037466,
        "vehicle_location": {
            "x": 31.563865661621094,
            "y": 120.61625671386719,
            "z": -0.03852420672774315
        },
        "vehicle_velocity": {
            "x": 0.0004954782198183239,
            "y": -1.2518810033798218,
            "z": -0.00021115301933605224
        },
        "vehicle_throttle": 0.0,
        "unique_collisions": 0,
        "solid_lane_crosses": 0,
        "double_solid_lane_crosses": 0
    },
    {
        "game_time": 34.25075926119462,
        "vehicle_location": {
            "x": 31.56480598449707,
            "y": 120.13316345214844,
            "z": -0.03786201402544975
        },
        "vehicle_velocity": {
            "x": -3.521136022754945e-05,
            "y": -0.3887661397457123,
            "z": -0.000737800553906709
        },
        "vehicle_throttle": 0.75,
        "unique_collisions": 0,
        "solid_lane_crosses": 0,
        "double_solid_lane_crosses": 0
    },
    {
        "game_time": 35.25274734059349,
        "vehicle_location": {
            "x": 31.563243865966797,
            "y": 119.92222595214844,
            "z": -0.03848434239625931
        },
        "vehicle_velocity": {
            "x": 8.316099410876632e-05,
            "y": -0.42907053232192993,
            "z": -7.020473276497796e-05
        },
        "vehicle_throttle": 0.75,
        "unique_collisions": 0,
        "solid_lane_crosses": 0,
        "double_solid_lane_crosses": 0
    },
    {
        "game_time": 36.299882321152836,
        "vehicle_location": {
            "x": 31.564193725585938,
            "y": 119.82642364501953,
            "z": -0.0377994142472744
        },
        "vehicle_velocity": {
            "x": 0.001498460303992033,
            "y": -0.100364550948143,
            "z": -0.0006718921358697116
        },
        "vehicle_throttle": 0.75,
        "unique_collisions": 0,
        "solid_lane_crosses": 0,
        "double_solid_lane_crosses": 0
    },
    {
        "game_time": 37.41949712159112,
        "vehicle_location": {
            "x": 31.56399154663086,
            "y": 119.78047943115234,
            "z": -0.03752048313617706
        },
        "vehicle_velocity": {
            "x": -0.00013091806613374501,
            "y": -0.0004663177824113518,
            "z": -0.00010040283086709678
        },
        "vehicle_throttle": 0.0,
        "unique_collisions": 0,
        "solid_lane_crosses": 0,
        "double_solid_lane_crosses": 0
    },
    {
        "game_time": 38.4983750958927,
        "vehicle_location": {
            "x": 31.56398582458496,
            "y": 119.76206970214844,
            "z": -0.03769168630242348
        },
        "vehicle_velocity": {
            "x": 2.7204730940866284e-05,
            "y": -0.0005350802093744278,
            "z": 0.00016618728113826364
        },
        "vehicle_throttle": 0.0,
        "unique_collisions": 0,
        "solid_lane_crosses": 0,
        "double_solid_lane_crosses": 0
    },
    {
        "game_time": 39.545052150730044,
        "vehicle_location": {
            "x": 31.56398582458496,
            "y": 119.76205444335938,
            "z": -0.037698324769735336
        },
        "vehicle_velocity": {
            "x": 7.674695723380864e-08,
            "y": 3.9687589037384896e-07,
            "z": 0.0002227306249551475
        },
        "vehicle_throttle": 0.0,
        "unique_collisions": 0,
        "solid_lane_crosses": 0,
        "double_solid_lane_crosses": 0
    },
    {
        "game_time": 40.60674726264551,
        "vehicle_location": {
            "x": 31.56398582458496,
            "y": 119.76205444335938,
            "z": -0.03764968737959862
        },
        "vehicle_velocity": {
            "x": -3.634880840763799e-08,
            "y": 4.958526744758274e-08,
            "z": 0.00012441634316928685
        },
        "vehicle_throttle": 0.0,
        "unique_collisions": 0,
        "solid_lane_crosses": 0,
        "double_solid_lane_crosses": 0
    },
    {
        "game_time": 41.630844057071954,
        "vehicle_location": {
            "x": 31.56398582458496,
            "y": 119.76205444335938,
            "z": -0.03769271820783615
        },
        "vehicle_velocity": {
            "x": 4.383139895480781e-08,
            "y": -2.645066565776233e-08,
            "z": -0.00023332594719249755
        },
        "vehicle_throttle": 0.0,
        "unique_collisions": 0,
        "solid_lane_crosses": 0,
        "double_solid_lane_crosses": 0
    },
    {
        "game_time": 42.695246091578156,
        "vehicle_location": {
            "x": 31.56398582458496,
            "y": 119.76205444335938,
            "z": -0.037662047892808914
        },
        "vehicle_velocity": {
            "x": -1.1895188123389744e-07,
            "y": -3.776669288413359e-08,
            "z": 0.0003780651022680104
        },
        "vehicle_throttle": 0.0,
        "unique_collisions": 0,
        "solid_lane_crosses": 0,
        "double_solid_lane_crosses": 0
    },
    {
        "game_time": 43.809227293822914,
        "vehicle_location": {
            "x": 31.56398582458496,
            "y": 119.76205444335938,
            "z": -0.03773441165685654
        },
        "vehicle_velocity": {
            "x": 6.090655091384178e-08,
            "y": 1.4700290762448276e-08,
            "z": -0.0009691143059171736
        },
        "vehicle_throttle": 0.0,
        "unique_collisions": 0,
        "solid_lane_crosses": 0,
        "double_solid_lane_crosses": 0
    },
    {
        "game_time": 44.879091516602784,
        "vehicle_location": {
            "x": 31.56398582458496,
            "y": 119.76205444335938,
            "z": -0.037723883986473083
        },
        "vehicle_velocity": {
            "x": 2.5210001197706333e-08,
            "y": -2.6296742561271458e-08,
            "z": 0.00034440041054040194
        },
        "vehicle_throttle": 0.0,
        "unique_collisions": 0,
        "solid_lane_crosses": 0,
        "double_solid_lane_crosses": 0
    },
    {
        "game_time": 45.91621790872887,
        "vehicle_location": {
            "x": 31.56398582458496,
            "y": 119.76205444335938,
            "z": -0.03775443881750107
        },
        "vehicle_velocity": {
            "x": 6.39876773789183e-08,
            "y": -6.522235196371184e-08,
            "z": -0.0008829974685795605
        },
        "vehicle_throttle": 0.0,
        "unique_collisions": 0,
        "solid_lane_crosses": 0,
        "double_solid_lane_crosses": 0
    },
    {
        "game_time": 47.01498168380931,
        "vehicle_location": {
            "x": 31.56398582458496,
            "y": 119.76205444335938,
            "z": -0.037715453654527664
        },
        "vehicle_velocity": {
            "x": 4.0126877820512163e-08,
            "y": 2.218633454731389e-08,
            "z": 0.0002786445547826588
        },
        "vehicle_throttle": 0.0,
        "unique_collisions": 0,
        "solid_lane_crosses": 0,
        "double_solid_lane_crosses": 0
    },
    {
        "game_time": 48.09486941853538,
        "vehicle_location": {
            "x": 31.56398582458496,
            "y": 119.76205444335938,
            "z": -0.0377558134496212
        },
        "vehicle_velocity": {
            "x": 2.0074184092777614e-08,
            "y": -4.9404338398062464e-08,
            "z": -0.0005806064582429826
        },
        "vehicle_throttle": 0.0,
        "unique_collisions": 0,
        "solid_lane_crosses": 0,
        "double_solid_lane_crosses": 0
    },
    {
        "game_time": 49.1106939711608,
        "vehicle_location": {
            "x": 31.56398582458496,
            "y": 119.76205444335938,
            "z": -0.03770885244011879
        },
        "vehicle_velocity": {
            "x": -1.0202482059185058e-07,
            "y": -2.1984151388210194e-08,
            "z": 0.0006675433833152056
        },
        "vehicle_throttle": 0.0,
        "unique_collisions": 0,
        "solid_lane_crosses": 0,
        "double_solid_lane_crosses": 0
    },
    {
        "game_time": 50.18784204358235,
        "vehicle_location": {
            "x": 31.56398582458496,
            "y": 119.76205444335938,
            "z": -0.037727467715740204
        },
        "vehicle_velocity": {
            "x": 2.6444183731655357e-08,
            "y": 1.7426067699943815e-08,
            "z": 0.00012766837608069181
        },
        "vehicle_throttle": 0.0,
        "unique_collisions": 0,
        "solid_lane_crosses": 0,
        "double_solid_lane_crosses": 0
    },
    {
        "game_time": 51.2735675801523,
        "vehicle_location": {
            "x": 31.56398582458496,
            "y": 119.76205444335938,
            "z": -0.03768478333950043
        },
        "vehicle_velocity": {
            "x": -8.981945853747675e-09,
            "y": 4.2647393172501324e-08,
            "z": 0.0009120464092120528
        },
        "vehicle_throttle": 0.0,
        "unique_collisions": 0,
        "solid_lane_crosses": 0,
        "double_solid_lane_crosses": 0
    },
    {
        "game_time": 52.38931556837633,
        "vehicle_location": {
            "x": 31.56398582458496,
            "y": 119.76205444335938,
            "z": -0.03768909350037575
        },
        "vehicle_velocity": {
            "x": 6.151242359919706e-08,
            "y": -7.419848735423784e-09,
            "z": -0.0003848934138659388
        },
        "vehicle_throttle": 0.0,
        "unique_collisions": 0,
        "solid_lane_crosses": 0,
        "double_solid_lane_crosses": 0
    },
    {
        "game_time": 53.440437423530966,
        "vehicle_location": {
            "x": 31.56398582458496,
            "y": 119.76205444335938,
            "z": -0.03769801929593086
        },
        "vehicle_velocity": {
            "x": -1.0550620288540813e-07,
            "y": 1.626021450817916e-08,
            "z": -0.00022911070846021175
        },
        "vehicle_throttle": 0.0,
        "unique_collisions": 0,
        "solid_lane_crosses": 0,
        "double_solid_lane_crosses": 0
    },
    {
        "game_time": 54.479134211782366,
        "vehicle_location": {
            "x": 31.56398582458496,
            "y": 119.76205444335938,
            "z": -0.03773486986756325
        },
        "vehicle_velocity": {
            "x": 5.4141196415002923e-08,
            "y": 1.0702954966745892e-08,
            "z": -0.00014953613572288305
        },
        "vehicle_throttle": 0.0,
        "unique_collisions": 0,
        "solid_lane_crosses": 0,
        "double_solid_lane_crosses": 0
    },
    {
        "game_time": 55.54788922565058,
        "vehicle_location": {
            "x": 31.56398582458496,
            "y": 119.76205444335938,
            "z": -0.03769603744149208
        },
        "vehicle_velocity": {
            "x": 6.05226944117021e-08,
            "y": 2.1970809171989458e-08,
            "z": -0.0007260990096256137
        },
        "vehicle_throttle": 0.0,
        "unique_collisions": 0,
        "solid_lane_crosses": 0,
        "double_solid_lane_crosses": 0
    },
    {
        "game_time": 56.56754397088662,
        "vehicle_location": {
            "x": 31.56398582458496,
            "y": 119.76205444335938,
            "z": -0.037712134420871735
        },
        "vehicle_velocity": {
            "x": 8.70763372518013e-09,
            "y": -3.728924014012591e-08,
            "z": 0.00029349327087402344
        },
        "vehicle_throttle": 0.0,
        "unique_collisions": 0,
        "solid_lane_crosses": 0,
        "double_solid_lane_crosses": 0
    },
    {
        "game_time": 57.64184241788462,
        "vehicle_location": {
            "x": 31.56398582458496,
            "y": 119.76205444335938,
            "z": -0.03774547576904297
        },
        "vehicle_velocity": {
            "x": -1.1244153341749552e-07,
            "y": -8.011588725764796e-09,
            "z": -4.0588376577943563e-05
        },
        "vehicle_throttle": 0.0,
        "unique_collisions": 0,
        "solid_lane_crosses": 0,
        "double_solid_lane_crosses": 0
    },
    {
        "game_time": 58.74196566687897,
        "vehicle_location": {
            "x": 31.56398582458496,
            "y": 119.76205444335938,
            "z": -0.03772582858800888
        },
        "vehicle_velocity": {
            "x": 8.346143687276708e-08,
            "y": 3.999272379928698e-08,
            "z": -0.0002900886465795338
        },
        "vehicle_throttle": 0.0,
        "unique_collisions": 0,
        "solid_lane_crosses": 0,
        "double_solid_lane_crosses": 0
    },
    {
        "game_time": 59.86263963999227,
        "vehicle_location": {
            "x": 31.56398582458496,
            "y": 119.76205444335938,
            "z": -0.03769378736615181
        },
        "vehicle_velocity": {
            "x": -1.0380207982052525e-07,
            "y": -2.4607592408187884e-08,
            "z": 0.0007506274851039052
        },
        "vehicle_throttle": 0.0,
        "unique_collisions": 0,
        "solid_lane_crosses": 0,
        "double_solid_lane_crosses": 0
    },
    {
        "game_time": 60.94685377413407,
        "vehicle_location": {
            "x": 31.56398582458496,
            "y": 119.76205444335938,
            "z": -0.037647590041160583
        },
        "vehicle_velocity": {
            "x": 4.345503157310304e-08,
            "y": -3.595485864593684e-08,
            "z": -0.0005408954457379878
        },
        "vehicle_throttle": 0.0,
        "unique_collisions": 0,
        "solid_lane_crosses": 0,
        "double_solid_lane_crosses": 0
    },
    {
        "game_time": 62.04706787550822,
        "vehicle_location": {
            "x": 31.56398582458496,
            "y": 119.76205444335938,
            "z": -0.03775607794523239
        },
        "vehicle_velocity": {
            "x": -1.4296115402601117e-08,
            "y": -1.3726920933265774e-08,
            "z": -3.375053347554058e-05
        },
        "vehicle_throttle": 0.0,
        "unique_collisions": 0,
        "solid_lane_crosses": 0,
        "double_solid_lane_crosses": 0
    },
    {
        "game_time": 63.05661156820133,
        "vehicle_location": {
            "x": 31.56398582458496,
            "y": 119.76205444335938,
            "z": -0.03767970949411392
        },
        "vehicle_velocity": {
            "x": -1.0197865663030825e-07,
            "y": -4.935938946459828e-08,
            "z": -0.00023863792011979967
        },
        "vehicle_throttle": 0.0,
        "unique_collisions": 0,
        "solid_lane_crosses": 0,
        "double_solid_lane_crosses": 0
    },
    {
        "game_time": 64.07530937949196,
        "vehicle_location": {
            "x": 31.56398582458496,
            "y": 119.76205444335938,
            "z": -0.0376981720328331
        },
        "vehicle_velocity": {
            "x": -9.013899671117542e-08,
            "y": -1.4305025608507549e-08,
            "z": -0.0004610633768606931
        },
        "vehicle_throttle": 0.0,
        "unique_collisions": 0,
        "solid_lane_crosses": 0,
        "double_solid_lane_crosses": 0
    },
    {
        "game_time": 65.0845903349109,
        "vehicle_location": {
            "x": 31.56398582458496,
            "y": 119.76205444335938,
            "z": -0.037717703729867935
        },
        "vehicle_velocity": {
            "x": -6.5954772310306e-08,
            "y": -4.015680943325606e-08,
            "z": -0.00015727996651548892
        },
        "vehicle_throttle": 0.0,
        "unique_collisions": 0,
        "solid_lane_crosses": 0,
        "double_solid_lane_crosses": 0
    },
    {
        "game_time": 66.1338708405383,
        "vehicle_location": {
            "x": 31.56398582458496,
            "y": 119.76205444335938,
            "z": -0.037745893001556396
        },
        "vehicle_velocity": {
            "x": -5.735124375405576e-08,
            "y": 2.361429274344573e-08,
            "z": -0.0008096027304418385
        },
        "vehicle_throttle": 0.0,
        "unique_collisions": 0,
        "solid_lane_crosses": 0,
        "double_solid_lane_crosses": 0
    },
    {
        "game_time": 67.22298129694536,
        "vehicle_location": {
            "x": 31.56398582458496,
            "y": 119.76205444335938,
            "z": -0.037709273397922516
        },
        "vehicle_velocity": {
            "x": 5.3458546034335086e-08,
            "y": -2.6219035831331894e-08,
            "z": -0.0006548690726049244
        },
        "vehicle_throttle": 0.0,
        "unique_collisions": 0,
        "solid_lane_crosses": 0,
        "double_solid_lane_crosses": 0
    },
    {
        "game_time": 68.32879937114194,
        "vehicle_location": {
            "x": 31.56398582458496,
            "y": 119.76205444335938,
            "z": -0.03771217167377472
        },
        "vehicle_velocity": {
            "x": 3.198046627517215e-08,
            "y": -4.329538949576772e-09,
            "z": -0.00030989645165391266
        },
        "vehicle_throttle": 0.0,
        "unique_collisions": 0,
        "solid_lane_crosses": 0,
        "double_solid_lane_crosses": 0
    },
    {
        "game_time": 69.3655165140517,
        "vehicle_location": {
            "x": 31.56398582458496,
            "y": 119.76205444335938,
            "z": -0.03767158463597298
        },
        "vehicle_velocity": {
            "x": -4.216608839868741e-09,
            "y": 6.15709723206237e-08,
            "z": 0.000509667384903878
        },
        "vehicle_throttle": 0.0,
        "unique_collisions": 0,
        "solid_lane_crosses": 0,
        "double_solid_lane_crosses": 0
    },
    {
        "game_time": 70.38565237307921,
        "vehicle_location": {
            "x": 31.56398582458496,
            "y": 119.76205444335938,
            "z": -0.03768299147486687
        },
        "vehicle_velocity": {
            "x": 6.38772732486359e-08,
            "y": -1.921277537064725e-08,
            "z": 0.0001333856489509344
        },
        "vehicle_throttle": 0.0,
        "unique_collisions": 0,
        "solid_lane_crosses": 0,
        "double_solid_lane_crosses": 0
    },
    {
        "game_time": 71.4142341692932,
        "vehicle_location": {
            "x": 31.56398582458496,
            "y": 119.76205444335938,
            "z": -0.03768425062298775
        },
        "vehicle_velocity": {
            "x": -1.4536922776642314e-07,
            "y": -1.1000424571250278e-08,
            "z": -0.00016175270138774067
        },
        "vehicle_throttle": 0.0,
        "unique_collisions": 0,
        "solid_lane_crosses": 0,
        "double_solid_lane_crosses": 0
    },
    {
        "game_time": 72.49367622705176,
        "vehicle_location": {
            "x": 31.56398582458496,
            "y": 119.76205444335938,
            "z": -0.03772132843732834
        },
        "vehicle_velocity": {
            "x": 4.468934378110134e-08,
            "y": 2.0859419080920816e-08,
            "z": 0.00037525175139307976
        },
        "vehicle_throttle": 0.0,
        "unique_collisions": 0,
        "solid_lane_crosses": 0,
        "double_solid_lane_crosses": 0
    },
    {
        "game_time": 73.55734556959942,
        "vehicle_location": {
            "x": 31.56398582458496,
            "y": 119.76205444335938,
            "z": -0.03768802434206009
        },
        "vehicle_velocity": {
            "x": -3.556821059902404e-09,
            "y": 3.037801787897365e-09,
            "z": 4.1046143451239914e-05
        },
        "vehicle_throttle": 0.0,
        "unique_collisions": 0,
        "solid_lane_crosses": 0,
        "double_solid_lane_crosses": 0
    },
    {
        "game_time": 74.58363141538575,
        "vehicle_location": {
            "x": 31.56398582458496,
            "y": 119.76205444335938,
            "z": -0.03769611194729805
        },
        "vehicle_velocity": {
            "x": 5.578414175033686e-08,
            "y": 1.1246354070237885e-08,
            "z": 0.0008434724877588451
        },
        "vehicle_throttle": 0.0,
        "unique_collisions": 0,
        "solid_lane_crosses": 0,
        "double_solid_lane_crosses": 0
    },
    {
        "game_time": 75.63252861658111,
        "vehicle_location": {
            "x": 31.56398582458496,
            "y": 119.76205444335938,
            "z": -0.03768470510840416
        },
        "vehicle_velocity": {
            "x": -5.647145329135128e-08,
            "y": -9.359418129406549e-08,
            "z": -0.001252775196917355
        },
        "vehicle_throttle": 0.0,
        "unique_collisions": 0,
        "solid_lane_crosses": 0,
        "double_solid_lane_crosses": 0
    },
    {
        "game_time": 76.67608853848651,
        "vehicle_location": {
            "x": 31.56398582458496,
            "y": 119.76205444335938,
            "z": -0.03768707066774368
        },
        "vehicle_velocity": {
            "x": 7.328183926347265e-08,
            "y": 2.9687303282344146e-08,
            "z": 0.0003994846192654222
        },
        "vehicle_throttle": 0.0,
        "unique_collisions": 0,
        "solid_lane_crosses": 0,
        "double_solid_lane_crosses": 0
    },
    {
        "game_time": 77.69978137919679,
        "vehicle_location": {
            "x": 31.56398582458496,
            "y": 119.76205444335938,
            "z": -0.03768730163574219
        },
        "vehicle_velocity": {
            "x": -4.1461087896266235e-09,
            "y": -8.131983264547671e-08,
            "z": 0.0003470468509476632
        },
        "vehicle_throttle": 0.0,
        "unique_collisions": 0,
        "solid_lane_crosses": 0,
        "double_solid_lane_crosses": 0
    },
    {
        "game_time": 78.70583538571373,
        "vehicle_location": {
            "x": 31.56401252746582,
            "y": 119.73299407958984,
            "z": -0.038323402404785156
        },
        "vehicle_velocity": {
            "x": 9.793565550353378e-05,
            "y": -0.2809602618217468,
            "z": 0.0005422067479230464
        },
        "vehicle_throttle": 0.75,
        "unique_collisions": 0,
        "solid_lane_crosses": 0,
        "double_solid_lane_crosses": 0
    },
    {
        "game_time": 79.79483630741015,
        "vehicle_location": {
            "x": 31.565555572509766,
            "y": 118.89686584472656,
            "z": -0.03939342498779297
        },
        "vehicle_velocity": {
            "x": 0.0005600005970336497,
            "y": -1.6855405569076538,
            "z": 7.616043149027973e-05
        },
        "vehicle_throttle": 0.75,
        "unique_collisions": 0,
        "solid_lane_crosses": 0,
        "double_solid_lane_crosses": 0
    },
    {
        "game_time": 80.88262711139396,
        "vehicle_location": {
            "x": 31.56622314453125,
            "y": 116.00140380859375,
            "z": -0.037752073258161545
        },
        "vehicle_velocity": {
            "x": 0.0008956290548667312,
            "y": -3.1291725635528564,
            "z": -6.065368506824598e-05
        },
        "vehicle_throttle": 0.0,
        "unique_collisions": 0,
        "solid_lane_crosses": 0,
        "double_solid_lane_crosses": 0
    },
    {
        "game_time": 81.95438260259107,
        "vehicle_location": {
            "x": 31.567331314086914,
            "y": 112.64398956298828,
            "z": -0.03930934891104698
        },
        "vehicle_velocity": {
            "x": 0.0013284593587741256,
            "y": -4.027163982391357,
            "z": 0.0003017520939465612
        },
        "vehicle_throttle": 0.75,
        "unique_collisions": 0,
        "solid_lane_crosses": 0,
        "double_solid_lane_crosses": 0
    },
    {
        "game_time": 83.00777815887704,
        "vehicle_location": {
            "x": 31.55717658996582,
            "y": 107.35529327392578,
            "z": -0.03750671446323395
        },
        "vehicle_velocity": {
            "x": 0.007205548696219921,
            "y": -5.494663715362549,
            "z": 7.71045688452432e-06
        },
        "vehicle_throttle": 0.0,
        "unique_collisions": 0,
        "solid_lane_crosses": 0,
        "double_solid_lane_crosses": 0
    },
    {
        "game_time": 84.02500464441255,
        "vehicle_location": {
            "x": 31.403644561767578,
            "y": 102.78160858154297,
            "z": -0.03853599354624748
        },
        "vehicle_velocity": {
            "x": -0.5281187891960144,
            "y": -4.4510321617126465,
            "z": 0.0005009794258512557
        },
        "vehicle_throttle": 0.75,
        "unique_collisions": 0,
        "solid_lane_crosses": 0,
        "double_solid_lane_crosses": 0
    },
    {
        "game_time": 85.08977663563564,
        "vehicle_location": {
            "x": 30.1205997467041,
            "y": 97.42742156982422,
            "z": -0.034919507801532745
        },
        "vehicle_velocity": {
            "x": -1.7893661260604858,
            "y": -4.403801918029785,
            "z": -0.0008274936699308455
        },
        "vehicle_throttle": 0.75,
        "unique_collisions": 0,
        "solid_lane_crosses": 0,
        "double_solid_lane_crosses": 0
    },
    {
        "game_time": 86.18309252383187,
        "vehicle_location": {
            "x": 27.764339447021484,
            "y": 93.52568817138672,
            "z": -0.038935355842113495
        },
        "vehicle_velocity": {
            "x": -3.118143320083618,
            "y": -3.466707706451416,
            "z": 0.0007785606430843472
        },
        "vehicle_throttle": 0.75,
        "unique_collisions": 0,
        "solid_lane_crosses": 0,
        "double_solid_lane_crosses": 0
    },
    {
        "game_time": 87.21840013982728,
        "vehicle_location": {
            "x": 23.467554092407227,
            "y": 90.27742004394531,
            "z": -0.03548019379377365
        },
        "vehicle_velocity": {
            "x": -4.322799205780029,
            "y": -1.899522066116333,
            "z": -0.0007854365976527333
        },
        "vehicle_throttle": 0.75,
        "unique_collisions": 0,
        "solid_lane_crosses": 0,
        "double_solid_lane_crosses": 0
    },
    {
        "game_time": 88.25865707965568,
        "vehicle_location": {
            "x": 19.255416870117188,
            "y": 89.01480102539062,
            "z": -0.039018020033836365
        },
        "vehicle_velocity": {
            "x": -4.789554119110107,
            "y": -0.6260946989059448,
            "z": -0.0012657069601118565
        },
        "vehicle_throttle": 0.75,
        "unique_collisions": 0,
        "solid_lane_crosses": 0,
        "double_solid_lane_crosses": 0
    },
    {
        "game_time": 89.31522608781233,
        "vehicle_location": {
            "x": 13.750797271728516,
            "y": 88.39238739013672,
            "z": -0.03520267456769943
        },
        "vehicle_velocity": {
            "x": -4.3151164054870605,
            "y": -0.17487028241157532,
            "z": -0.00020362852956168354
        },
        "vehicle_throttle": 0.75,
        "unique_collisions": 0,
        "solid_lane_crosses": 0,
        "double_solid_lane_crosses": 0
    },
    {
        "game_time": 90.40227178158239,
        "vehicle_location": {
            "x": 9.046791076660156,
            "y": 88.21697235107422,
            "z": -0.03897281736135483
        },
        "vehicle_velocity": {
            "x": -5.058182239532471,
            "y": -0.21188125014305115,
            "z": 0.0020164106972515583
        },
        "vehicle_throttle": 0.75,
        "unique_collisions": 0,
        "solid_lane_crosses": 0,
        "double_solid_lane_crosses": 0
    },
    {
        "game_time": 91.49937796918675,
        "vehicle_location": {
            "x": 3.440403938293457,
            "y": 88.12974548339844,
            "z": -0.0358831025660038
        },
        "vehicle_velocity": {
            "x": -4.186906814575195,
            "y": -0.05982957407832146,
            "z": 0.00038203239091672003
        },
        "vehicle_throttle": 0.75,
        "unique_collisions": 0,
        "solid_lane_crosses": 0,
        "double_solid_lane_crosses": 0
    },
    {
        "game_time": 92.50640883808956,
        "vehicle_location": {
            "x": -1.4067715406417847,
            "y": 88.0911636352539,
            "z": -0.03988197073340416
        },
        "vehicle_velocity": {
            "x": -5.872012138366699,
            "y": -0.02245030365884304,
            "z": -0.0003574752772692591
        },
        "vehicle_throttle": 0.14969290792942047,
        "unique_collisions": 0,
        "solid_lane_crosses": 0,
        "double_solid_lane_crosses": 0
    },
    {
        "game_time": 93.5381026356481,
        "vehicle_location": {
            "x": -6.292643070220947,
            "y": 88.0709228515625,
            "z": -0.03734733536839485
        },
        "vehicle_velocity": {
            "x": -3.940483570098877,
            "y": -0.0022169090807437897,
            "z": -0.0007367896614596248
        },
        "vehicle_throttle": 0.75,
        "unique_collisions": 0,
        "solid_lane_crosses": 0,
        "double_solid_lane_crosses": 0
    },
    {
        "game_time": 94.58048602519557,
        "vehicle_location": {
            "x": -11.316713333129883,
            "y": 88.05863952636719,
            "z": -0.03992751985788345
        },
        "vehicle_velocity": {
            "x": -5.918882846832275,
            "y": -0.010336988605558872,
            "z": -0.0002858924854081124
        },
        "vehicle_throttle": 0.0,
        "unique_collisions": 0,
        "solid_lane_crosses": 0,
        "double_solid_lane_crosses": 0
    },
    {
        "game_time": 95.59676224784926,
        "vehicle_location": {
            "x": -16.147899627685547,
            "y": 88.05026245117188,
            "z": -0.03775409609079361
        },
        "vehicle_velocity": {
            "x": -4.24290657043457,
            "y": -0.004413429647684097,
            "z": 0.00043794632074423134
        },
        "vehicle_throttle": 0.75,
        "unique_collisions": 0,
        "solid_lane_crosses": 0,
        "double_solid_lane_crosses": 0
    },
    {
        "game_time": 96.65843761293218,
        "vehicle_location": {
            "x": -21.577178955078125,
            "y": 88.04290771484375,
            "z": -0.03712436556816101
        },
        "vehicle_velocity": {
            "x": -5.457242965698242,
            "y": -0.0057092164643108845,
            "z": -1.6212463549436507e-07
        },
        "vehicle_throttle": 0.0,
        "unique_collisions": 0,
        "solid_lane_crosses": 0,
        "double_solid_lane_crosses": 0
    },
    {
        "game_time": 97.68310037394986,
        "vehicle_location": {
            "x": -26.203144073486328,
            "y": 88.03715515136719,
            "z": -0.03876941651105881
        },
        "vehicle_velocity": {
            "x": -4.600692272186279,
            "y": -0.005253350827842951,
            "z": 0.0005869865417480469
        },
        "vehicle_throttle": 0.75,
        "unique_collisions": 0,
        "solid_lane_crosses": 0,
        "double_solid_lane_crosses": 0
    },
    {
        "game_time": 98.68601261125877,
        "vehicle_location": {
            "x": -31.51224136352539,
            "y": 88.0546875,
            "z": -0.03490131348371506
        },
        "vehicle_velocity": {
            "x": -4.771463394165039,
            "y": 0.16604909300804138,
            "z": -0.0017953729256987572
        },
        "vehicle_throttle": 0.75,
        "unique_collisions": 0,
        "solid_lane_crosses": 0,
        "double_solid_lane_crosses": 0
    },
    {
        "game_time": 99.73328307596967,
        "vehicle_location": {
            "x": -35.81792068481445,
            "y": 88.2115707397461,
            "z": -0.039063069969415665
        },
        "vehicle_velocity": {
            "x": -4.486494064331055,
            "y": 0.38784995675086975,
            "z": 0.004776563495397568
        },
        "vehicle_throttle": 0.75,
        "unique_collisions": 0,
        "solid_lane_crosses": 0,
        "double_solid_lane_crosses": 0
    },
    {
        "game_time": 100.75393868004903,
        "vehicle_location": {
            "x": -40.992469787597656,
            "y": 89.39269256591797,
            "z": -0.013676833361387253
        },
        "vehicle_velocity": {
            "x": -4.468213081359863,
            "y": 1.952149748802185,
            "z": -0.009645638056099415
        },
        "vehicle_throttle": 0.75,
        "unique_collisions": 0,
        "solid_lane_crosses": 0,
        "double_solid_lane_crosses": 0
    },
    {
        "game_time": 101.80305025866255,
        "vehicle_location": {
            "x": -44.84652328491211,
            "y": 91.62902069091797,
            "z": -0.01764705777168274
        },
        "vehicle_velocity": {
            "x": -3.3734359741210938,
            "y": 3.172253370285034,
            "z": -0.010172705166041851
        },
        "vehicle_throttle": 0.75,
        "unique_collisions": 0,
        "solid_lane_crosses": 0,
        "double_solid_lane_crosses": 0
    },
    {
        "game_time": 102.81127836788073,
        "vehicle_location": {
            "x": -48.37392044067383,
            "y": 95.54399108886719,
            "z": -0.012453765608370304
        },
        "vehicle_velocity": {
            "x": -2.3650152683258057,
            "y": 4.41687536239624,
            "z": 0.002515010768547654
        },
        "vehicle_throttle": 0.75,
        "unique_collisions": 0,
        "solid_lane_crosses": 0,
        "double_solid_lane_crosses": 0
    },
    {
        "game_time": 103.82294311700389,
        "vehicle_location": {
            "x": -49.90911865234375,
            "y": 99.7189712524414,
            "z": 0.0024156910367310047
        },
        "vehicle_velocity": {
            "x": -1.370911955833435,
            "y": 4.685597896575928,
            "z": -0.009495453909039497
        },
        "vehicle_throttle": 0.75,
        "unique_collisions": 0,
        "solid_lane_crosses": 0,
        "double_solid_lane_crosses": 0
    },
    {
        "game_time": 104.86848174454644,
        "vehicle_location": {
            "x": -51.54830551147461,
            "y": 104.91474151611328,
            "z": 0.020093955099582672
        },
        "vehicle_velocity": {
            "x": -1.2928013801574707,
            "y": 4.078711986541748,
            "z": 0.0007528162095695734
        },
        "vehicle_throttle": 0.75,
        "unique_collisions": 0,
        "solid_lane_crosses": 0,
        "double_solid_lane_crosses": 0
    },
    {
        "game_time": 105.91189769515768,
        "vehicle_location": {
            "x": -52.94672393798828,
            "y": 109.33109283447266,
            "z": 0.016681060194969177
        },
        "vehicle_velocity": {
            "x": -1.5460004806518555,
            "y": 4.8818888664245605,
            "z": 0.00033002853160724044
        },
        "vehicle_throttle": 0.75,
        "unique_collisions": 0,
        "solid_lane_crosses": 0,
        "double_solid_lane_crosses": 0
    },
    {
        "game_time": 106.94743049470708,
        "vehicle_location": {
            "x": -54.4177131652832,
            "y": 114.44389343261719,
            "z": 0.019826507195830345
        },
        "vehicle_velocity": {
            "x": -1.1049540042877197,
            "y": 3.9784252643585205,
            "z": 0.0006031942320987582
        },
        "vehicle_throttle": 0.75,
        "unique_collisions": 0,
        "solid_lane_crosses": 0,
        "double_solid_lane_crosses": 0
    },
    {
        "game_time": 107.98548532417044,
        "vehicle_location": {
            "x": -55.761878967285156,
            "y": 119.12555694580078,
            "z": 0.015898017212748528
        },
        "vehicle_velocity": {
            "x": -1.6930586099624634,
            "y": 5.402568817138672,
            "z": -0.0003512286930344999
        },
        "vehicle_throttle": 0.75,
        "unique_collisions": 0,
        "solid_lane_crosses": 0,
        "double_solid_lane_crosses": 0
    },
    {
        "game_time": 109.0352758099325,
        "vehicle_location": {
            "x": -57.59798049926758,
            "y": 123.95539093017578,
            "z": 0.018193816766142845
        },
        "vehicle_velocity": {
            "x": -1.7323691844940186,
            "y": 3.824756622314453,
            "z": 0.00015034197713248432
        },
        "vehicle_throttle": 0.75,
        "unique_collisions": 0,
        "solid_lane_crosses": 0,
        "double_solid_lane_crosses": 0
    },
    {
        "game_time": 110.09015067992732,
        "vehicle_location": {
            "x": -60.15488052368164,
            "y": 128.57786560058594,
            "z": 0.01692512445151806
        },
        "vehicle_velocity": {
            "x": -3.255045175552368,
            "y": 4.709677696228027,
            "z": -7.566451677121222e-05
        },
        "vehicle_throttle": 0.0,
        "unique_collisions": 0,
        "solid_lane_crosses": 0,
        "double_solid_lane_crosses": 0
    },
    {
        "game_time": 111.13090787967667,
        "vehicle_location": {
            "x": -62.91302490234375,
            "y": 132.2967071533203,
            "z": 0.0168803408741951
        },
        "vehicle_velocity": {
            "x": -2.8231139183044434,
            "y": 3.287459373474121,
            "z": 6.098270387155935e-05
        },
        "vehicle_throttle": 0.75,
        "unique_collisions": 0,
        "solid_lane_crosses": 0,
        "double_solid_lane_crosses": 0
    },
    {
        "game_time": 112.21155801275745,
        "vehicle_location": {
            "x": -66.88311004638672,
            "y": 136.2063446044922,
            "z": 0.019987905398011208
        },
        "vehicle_velocity": {
            "x": -3.937199354171753,
            "y": 3.11297607421875,
            "z": -4.909992276225239e-05
        },
        "vehicle_throttle": 0.75,
        "unique_collisions": 0,
        "solid_lane_crosses": 0,
        "double_solid_lane_crosses": 0
    },
    {
        "game_time": 113.23207229049876,
        "vehicle_location": {
            "x": -70.50172424316406,
            "y": 138.82469177246094,
            "z": 0.01659095659852028
        },
        "vehicle_velocity": {
            "x": -3.9249050617218018,
            "y": 2.4852442741394043,
            "z": 0.0003081703034695238
        },
        "vehicle_throttle": 0.75,
        "unique_collisions": 0,
        "solid_lane_crosses": 0,
        "double_solid_lane_crosses": 0
    },
    {
        "game_time": 114.29633886693045,
        "vehicle_location": {
            "x": -75.4829330444336,
            "y": 141.348876953125,
            "z": 0.01920310966670513
        },
        "vehicle_velocity": {
            "x": -4.6089019775390625,
            "y": 1.858191967010498,
            "z": -0.0003562354831956327
        },
        "vehicle_throttle": 0.75,
        "unique_collisions": 0,
        "solid_lane_crosses": 0,
        "double_solid_lane_crosses": 0
    },
    {
        "game_time": 115.3271739273332,
        "vehicle_location": {
            "x": -79.82218933105469,
            "y": 142.79978942871094,
            "z": 0.01640930213034153
        },
        "vehicle_velocity": {
            "x": -4.8217267990112305,
            "y": 1.288623332977295,
            "z": 0.00010135173215530813
        },
        "vehicle_throttle": 0.75,
        "unique_collisions": 0,
        "solid_lane_crosses": 0,
        "double_solid_lane_crosses": 0
    },
    {
        "game_time": 116.35034436220303,
        "vehicle_location": {
            "x": -85.0605239868164,
            "y": 143.73374938964844,
            "z": 0.019880065694451332
        },
        "vehicle_velocity": {
            "x": -4.302380561828613,
            "y": 0.44391584396362305,
            "z": 0.0008427190477959812
        },
        "vehicle_throttle": 0.75,
        "unique_collisions": 0,
        "solid_lane_crosses": 0,
        "double_solid_lane_crosses": 0
    },
    {
        "game_time": 117.38536885520443,
        "vehicle_location": {
            "x": -89.71963500976562,
            "y": 144.03819274902344,
            "z": 0.01711166277527809
        },
        "vehicle_velocity": {
            "x": -5.103496074676514,
            "y": 0.018695902079343796,
            "z": 6.670951552223414e-05
        },
        "vehicle_throttle": 0.75,
        "unique_collisions": 0,
        "solid_lane_crosses": 0,
        "double_solid_lane_crosses": 0
    },
    {
        "game_time": 118.41681512771174,
        "vehicle_location": {
            "x": -94.89815521240234,
            "y": 144.15972900390625,
            "z": 0.019637221470475197
        },
        "vehicle_velocity": {
            "x": -3.9348442554473877,
            "y": 0.041290558874607086,
            "z": 0.0007866954547353089
        },
        "vehicle_throttle": 0.75,
        "unique_collisions": 0,
        "solid_lane_crosses": 0,
        "double_solid_lane_crosses": 0
    },
    {
        "game_time": 119.4601382710971,
        "vehicle_location": {
            "x": -99.73368835449219,
            "y": 144.19293212890625,
            "z": 0.015970496460795403
        },
        "vehicle_velocity": {
            "x": -5.65997314453125,
            "y": -0.03813356161117554,
            "z": -0.0003652334271464497
        },
        "vehicle_throttle": 0.75,
        "unique_collisions": 0,
        "solid_lane_crosses": 0,
        "double_solid_lane_crosses": 0
    },
    {
        "game_time": 120.5018402566202,
        "vehicle_location": {
            "x": -104.79957580566406,
            "y": 144.19876098632812,
            "z": 0.01856536790728569
        },
        "vehicle_velocity": {
            "x": -3.9678945541381836,
            "y": 0.0058605605736374855,
            "z": -0.00025612831814214587
        },
        "vehicle_throttle": 0.75,
        "unique_collisions": 0,
        "solid_lane_crosses": 0,
        "double_solid_lane_crosses": 0
    }
]