[
    {
        "game_time": 7.0578313753940165,
        "vehicle_location": {
            "x": -33.00592803955078,
            "y": 193.71974182128906,
            "z": -0.04003787785768509
        },
        "vehicle_velocity": {
            "x": 0.9704217314720154,
            "y": 0.8398836851119995,
            "z": 9.842395229497924e-05
        },
        "vehicle_throttle": 0.75,
        "unique_collisions": 0,
        "solid_lane_crosses": 0,
        "double_solid_lane_crosses": 0
    },
    {
        "game_time": 8.073842098470777,
        "vehicle_location": {
            "x": -31.6586856842041,
            "y": 195.52552795410156,
            "z": -0.03770320862531662
        },
        "vehicle_velocity": {
            "x": 0.413896769285202,
            "y": 3.360217809677124,
            "z": -0.001599540701135993
        },
        "vehicle_throttle": 0.0,
        "unique_collisions": 0,
        "solid_lane_crosses": 0,
        "double_solid_lane_crosses": 0
    },
    {
        "game_time": 9.114543872419745,
        "vehicle_location": {
            "x": -31.98760223388672,
            "y": 197.63282775878906,
            "z": -0.038129422813653946
        },
        "vehicle_velocity": {
            "x": -1.7322766780853271,
            "y": 1.8293577432632446,
            "z": -0.00011153220839332789
        },
        "vehicle_throttle": 0.75,
        "unique_collisions": 0,
        "solid_lane_crosses": 0,
        "double_solid_lane_crosses": 0
    },
    {
        "game_time": 10.129499314818531,
        "vehicle_location": {
            "x": -34.774227142333984,
            "y": 198.93499755859375,
            "z": -0.03695731982588768
        },
        "vehicle_velocity": {
            "x": -4.163229465484619,
            "y": -0.858296811580658,
            "z": -0.0006261634407564998
        },
        "vehicle_throttle": 0.75,
        "unique_collisions": 0,
        "solid_lane_crosses": 0,
        "double_solid_lane_crosses": 0
    },
    {
        "game_time": 11.159650823567063,
        "vehicle_location": {
            "x": -38.965911865234375,
            "y": 196.24539184570312,
            "z": -0.03545520827174187
        },
        "vehicle_velocity": {
            "x": -3.4165658950805664,
            "y": -3.614260196685791,
            "z": -0.002772436011582613
        },
        "vehicle_throttle": 0.75,
        "unique_collisions": 0,
        "solid_lane_crosses": 0,
        "double_solid_lane_crosses": 0
    },
    {
        "game_time": 12.220983842853457,
        "vehicle_location": {
            "x": -42.898719787597656,
            "y": 194.12803649902344,
            "z": -0.03868884965777397
        },
        "vehicle_velocity": {
            "x": -4.777768611907959,
            "y": -0.7064669132232666,
            "z": 0.0003806209424510598
        },
        "vehicle_throttle": 0.75,
        "unique_collisions": 0,
        "solid_lane_crosses": 0,
        "double_solid_lane_crosses": 0
    },
    {
        "game_time": 13.254510131198913,
        "vehicle_location": {
            "x": -48.07798385620117,
            "y": 192.84971618652344,
            "z": -0.03555335849523544
        },
        "vehicle_velocity": {
            "x": -4.093942165374756,
            "y": -1.1711527109146118,
            "z": -0.0007459974149242043
        },
        "vehicle_throttle": 0.75,
        "unique_collisions": 0,
        "solid_lane_crosses": 0,
        "double_solid_lane_crosses": 0
    },
    {
        "game_time": 14.282785343471915,
        "vehicle_location": {
            "x": -52.70155715942383,
            "y": 191.25489807128906,
            "z": -0.03961551561951637
        },
        "vehicle_velocity": {
            "x": -5.254627704620361,
            "y": -2.255120038986206,
            "z": -0.00026946543948724866
        },
        "vehicle_throttle": 0.1214151382446289,
        "unique_collisions": 0,
        "solid_lane_crosses": 0,
        "double_solid_lane_crosses": 0
    },
    {
        "game_time": 15.334930287208408,
        "vehicle_location": {
            "x": -57.26946258544922,
            "y": 188.9168701171875,
            "z": -0.03746848925948143
        },
        "vehicle_velocity": {
            "x": -3.6356606483459473,
            "y": -2.2662994861602783,
            "z": 0.00011669158993754536
        },
        "vehicle_throttle": 0.75,
        "unique_collisions": 0,
        "solid_lane_crosses": 0,
        "double_solid_lane_crosses": 0
    },
    {
        "game_time": 16.39249029988423,
        "vehicle_location": {
            "x": -61.615013122558594,
            "y": 185.7541046142578,
            "z": -0.03779617324471474
        },
        "vehicle_velocity": {
            "x": -4.119021415710449,
            "y": -3.7967348098754883,
            "z": -3.012657180079259e-05
        },
        "vehicle_throttle": 0.0,
        "unique_collisions": 0,
        "solid_lane_crosses": 0,
        "double_solid_lane_crosses": 0
    },
    {
        "game_time": 17.416502016130835,
        "vehicle_location": {
            "x": -64.97250366210938,
            "y": 182.40634155273438,
            "z": -0.038614463061094284
        },
        "vehicle_velocity": {
            "x": -3.0058534145355225,
            "y": -3.464810371398926,
            "z": 0.0006917142891325057
        },
        "vehicle_throttle": 0.75,
        "unique_collisions": 0,
        "solid_lane_crosses": 0,
        "double_solid_lane_crosses": 0
    },
    {
        "game_time": 18.49380143592134,
        "vehicle_location": {
            "x": -68.31546020507812,
            "y": 177.89173889160156,
            "z": -0.036062851548194885
        },
        "vehicle_velocity": {
            "x": -2.6426424980163574,
            "y": -4.237074375152588,
            "z": -0.001847009640187025
        },
        "vehicle_throttle": 0.75,
        "unique_collisions": 0,
        "solid_lane_crosses": 0,
        "double_solid_lane_crosses": 0
    },
    {
        "game_time": 19.526877077762038,
        "vehicle_location": {
            "x": -69.86080932617188,
            "y": 175.2305450439453,
            "z": -0.035754356533288956
        },
        "vehicle_velocity": {
            "x": -0.8065068125724792,
            "y": -1.4837414026260376,
            "z": 0.0005369806312955916
        },
        "vehicle_throttle": 0.0,
        "unique_collisions": 0,
        "solid_lane_crosses": 0,
        "double_solid_lane_crosses": 0
    },
    {
        "game_time": 20.59698969917372,
        "vehicle_location": {
            "x": -70.4087905883789,
            "y": 174.2092742919922,
            "z": -0.03593498095870018
        },
        "vehicle_velocity": {
            "x": -0.16082771122455597,
            "y": -0.35337400436401367,
            "z": 0.00015812873607501388
        },
        "vehicle_throttle": 0.75,
        "unique_collisions": 0,
        "solid_lane_crosses": 0,
        "double_solid_lane_crosses": 0
    },
    {
        "game_time": 21.626663259696215,
        "vehicle_location": {
            "x": -70.56804656982422,
            "y": 173.8759307861328,
            "z": -0.03715839236974716
        },
        "vehicle_velocity": {
            "x": -0.0009310791501775384,
            "y": -0.002531921025365591,
            "z": -0.0007172584300860763
        },
        "vehicle_throttle": 0.0,
        "unique_collisions": 0,
        "solid_lane_crosses": 0,
        "double_solid_lane_crosses": 0
    },
    {
        "game_time": 22.63930326839909,
        "vehicle_location": {
            "x": -70.62369537353516,
            "y": 173.76097106933594,
            "z": -0.03725704178214073
        },
        "vehicle_velocity": {
            "x": -0.00035048852441832423,
            "y": -0.0012953095138072968,
            "z": 0.00038512705941684544
        },
        "vehicle_throttle": 0.0,
        "unique_collisions": 0,
        "solid_lane_crosses": 0,
        "double_solid_lane_crosses": 0
    },
    {
        "game_time": 23.66223340248689,
        "vehicle_location": {
            "x": -70.66156768798828,
            "y": 173.68292236328125,
            "z": -0.03757728636264801
        },
        "vehicle_velocity": {
            "x": 0.0001504834508523345,
            "y": -0.0006389990448951721,
            "z": 0.00033845900907181203
        },
        "vehicle_throttle": 0.0,
        "unique_collisions": 0,
        "solid_lane_crosses": 0,
        "double_solid_lane_crosses": 0
    },
    {
        "game_time": 24.70738014159724,
        "vehicle_location": {
            "x": -70.66973114013672,
            "y": 173.66583251953125,
            "z": -0.037670936435461044
        },
        "vehicle_velocity": {
            "x": 2.7563788535189815e-05,
            "y": 0.000117661569674965,
            "z": -0.0015313338954001665
        },
        "vehicle_throttle": 0.0,
        "unique_collisions": 0,
        "solid_lane_crosses": 0,
        "double_solid_lane_crosses": 0
    },
    {
        "game_time": 25.742335979361087,
        "vehicle_location": {
            "x": -70.66975402832031,
            "y": 173.665771484375,
            "z": -0.03774406388401985
        },
        "vehicle_velocity": {
            "x": -3.4522054104257904e-09,
            "y": 5.711149952958294e-08,
            "z": -0.00017390250286553055
        },
        "vehicle_throttle": 0.0,
        "unique_collisions": 0,
        "solid_lane_crosses": 0,
        "double_solid_lane_crosses": 0
    },
    {
        "game_time": 26.831650726962835,
        "vehicle_location": {
            "x": -70.66975402832031,
            "y": 173.665771484375,
            "z": -0.037718161940574646
        },
        "vehicle_velocity": {
            "x": 1.3353223948797677e-07,
            "y": -6.32886312246228e-08,
            "z": 0.0001566982246004045
        },
        "vehicle_throttle": 0.0,
        "unique_collisions": 0,
        "solid_lane_crosses": 0,
        "double_solid_lane_crosses": 0
    },
    {
        "game_time": 27.834163766819984,
        "vehicle_location": {
            "x": -70.66975402832031,
            "y": 173.665771484375,
            "z": -0.037857819348573685
        },
        "vehicle_velocity": {
            "x": 1.0533346994634485e-07,
            "y": -1.4474341725190243e-08,
            "z": -0.0007210922194644809
        },
        "vehicle_throttle": 0.0,
        "unique_collisions": 0,
        "solid_lane_crosses": 0,
        "double_solid_lane_crosses": 0
    },
    {
        "game_time": 28.844617866445333,
        "vehicle_location": {
            "x": -70.66975402832031,
            "y": 173.665771484375,
            "z": -0.03770812973380089
        },
        "vehicle_velocity": {
            "x": -3.371952317365867e-08,
            "y": 7.066947205203178e-08,
            "z": 0.00041302680619992316
        },
        "vehicle_throttle": 0.0,
        "unique_collisions": 0,
        "solid_lane_crosses": 0,
        "double_solid_lane_crosses": 0
    },
    {
        "game_time": 29.87996390881017,
        "vehicle_location": {
            "x": -70.66975402832031,
            "y": 173.665771484375,
            "z": -0.03766242787241936
        },
        "vehicle_velocity": {
            "x": 4.353713123350644e-08,
            "y": -7.74789086221972e-08,
            "z": 0.0002941894344985485
        },
        "vehicle_throttle": 0.0,
        "unique_collisions": 0,
        "solid_lane_crosses": 0,
        "double_solid_lane_crosses": 0
    },
    {
        "game_time": 30.916556345764548,
        "vehicle_location": {
            "x": -70.66975402832031,
            "y": 173.665771484375,
            "z": -0.03772582858800888
        },
        "vehicle_velocity": {
            "x": 7.732778328772838e-08,
            "y": -7.629730625069442e-09,
            "z": 0.000882377615198493
        },
        "vehicle_throttle": 0.0,
        "unique_collisions": 0,
        "solid_lane_crosses": 0,
        "double_solid_lane_crosses": 0
    },
    {
        "game_time": 31.995912429410964,
        "vehicle_location": {
            "x": -70.66975402832031,
            "y": 173.665771484375,
            "z": -0.03773918002843857
        },
        "vehicle_velocity": {
            "x": -1.1298756597000192e-08,
            "y": 3.059957265350022e-08,
            "z": 0.00025966644170694053
        },
        "vehicle_throttle": 0.0,
        "unique_collisions": 0,
        "solid_lane_crosses": 0,
        "double_solid_lane_crosses": 0
    },
    {
        "game_time": 33.0698275831528,
        "vehicle_location": {
            "x": -70.66975402832031,
            "y": 173.665771484375,
            "z": -0.037730369716882706
        },
        "vehicle_velocity": {
            "x": 2.1386949988766446e-09,
            "y": 6.561040155617093e-09,
            "z": 0.0004831123223993927
        },
        "vehicle_throttle": 0.0,
        "unique_collisions": 0,
        "solid_lane_crosses": 0,
        "double_solid_lane_crosses": 0
    },
    {
        "game_time": 34.145867402199656,
        "vehicle_location": {
            "x": -70.66975402832031,
            "y": 173.665771484375,
            "z": -0.037760503590106964
        },
        "vehicle_velocity": {
            "x": -4.535078446110674e-08,
            "y": -2.728488901482251e-08,
            "z": -0.0002774429158307612
        },
        "vehicle_throttle": 0.0,
        "unique_collisions": 0,
        "solid_lane_crosses": 0,
        "double_solid_lane_crosses": 0
    },
    {
        "game_time": 35.19528941670433,
        "vehicle_location": {
            "x": -70.66975402832031,
            "y": 173.665771484375,
            "z": -0.03767974674701691
        },
        "vehicle_velocity": {
            "x": 0.0,
            "y": 0.0,
            "z": 0.0
        },
        "vehicle_throttle": 0.0,
        "unique_collisions": 0,
        "solid_lane_crosses": 0,
        "double_solid_lane_crosses": 0
    },
    {
        "game_time": 36.23039759369567,
        "vehicle_location": {
            "x": -70.66975402832031,
            "y": 173.665771484375,
            "z": -0.03773822635412216
        },
        "vehicle_velocity": {
            "x": 1.6618135134649492e-07,
            "y": -7.955257785852154e-08,
            "z": 6.141662743175402e-05
        },
        "vehicle_throttle": 0.0,
        "unique_collisions": 0,
        "solid_lane_crosses": 0,
        "double_solid_lane_crosses": 0
    },
    {
        "game_time": 37.25762148061767,
        "vehicle_location": {
            "x": -70.66975402832031,
            "y": 173.665771484375,
            "z": -0.0377168282866478
        },
        "vehicle_velocity": {
            "x": 0.0,
            "y": 0.0,
            "z": 0.0
        },
        "vehicle_throttle": 0.0,
        "unique_collisions": 0,
        "solid_lane_crosses": 0,
        "double_solid_lane_crosses": 0
    },
    {
        "game_time": 38.277278528083116,
        "vehicle_location": {
            "x": -70.66975402832031,
            "y": 173.665771484375,
            "z": -0.03770114853978157
        },
        "vehicle_velocity": {
            "x": 8.166558274069757e-08,
            "y": -3.806281156926161e-08,
            "z": 4.161834658589214e-05
        },
        "vehicle_throttle": 0.0,
        "unique_collisions": 0,
        "solid_lane_crosses": 0,
        "double_solid_lane_crosses": 0
    },
    {
        "game_time": 39.33706468204036,
        "vehicle_location": {
            "x": -70.66975402832031,
            "y": 173.665771484375,
            "z": -0.03774173557758331
        },
        "vehicle_velocity": {
            "x": -6.314625977665855e-08,
            "y": 5.7690083821171356e-08,
            "z": 0.0006814956432208419
        },
        "vehicle_throttle": 0.0,
        "unique_collisions": 0,
        "solid_lane_crosses": 0,
        "double_solid_lane_crosses": 0
    },
    {
        "game_time": 40.37116149859503,
        "vehicle_location": {
            "x": -70.66975402832031,
            "y": 173.665771484375,
            "z": -0.03765644133090973
        },
        "vehicle_velocity": {
            "x": -2.177920288559676e-09,
            "y": -9.519409260860812e-09,
            "z": -0.0001529932051198557
        },
        "vehicle_throttle": 0.0,
        "unique_collisions": 0,
        "solid_lane_crosses": 0,
        "double_solid_lane_crosses": 0
    },
    {
        "game_time": 41.40642721252516,
        "vehicle_location": {
            "x": -70.66975402832031,
            "y": 173.665771484375,
            "z": -0.03776950761675835
        },
        "vehicle_velocity": {
            "x": -3.4919146685297164e-08,
            "y": 2.7154518633665248e-08,
            "z": 0.00016407966904807836
        },
        "vehicle_throttle": 0.0,
        "unique_collisions": 0,
        "solid_lane_crosses": 0,
        "double_solid_lane_crosses": 0
    },
    {
        "game_time": 42.47254451038316,
        "vehicle_location": {
            "x": -70.66975402832031,
            "y": 173.665771484375,
            "z": -0.037717703729867935
        },
        "vehicle_velocity": {
            "x": -1.4567471851023583e-07,
            "y": 6.296533427985196e-08,
            "z": -0.00011168479977641255
        },
        "vehicle_throttle": 0.0,
        "unique_collisions": 0,
        "solid_lane_crosses": 0,
        "double_solid_lane_crosses": 0
    },
    {
        "game_time": 43.51325597288087,
        "vehicle_location": {
            "x": -70.66975402832031,
            "y": 173.665771484375,
            "z": -0.03762046620249748
        },
        "vehicle_velocity": {
            "x": 1.3374096496931998e-08,
            "y": 2.3592656717141836e-09,
            "z": 0.0005889034364372492
        },
        "vehicle_throttle": 0.0,
        "unique_collisions": 0,
        "solid_lane_crosses": 0,
        "double_solid_lane_crosses": 0
    },
    {
        "game_time": 44.569006408099085,
        "vehicle_location": {
            "x": -70.66975402832031,
            "y": 173.665771484375,
            "z": -0.03773746266961098
        },
        "vehicle_velocity": {
            "x": 2.01950651756988e-08,
            "y": 6.659836770950278e-08,
            "z": 0.000671009998768568
        },
        "vehicle_throttle": 0.0,
        "unique_collisions": 0,
        "solid_lane_crosses": 0,
        "double_solid_lane_crosses": 0
    },
    {
        "game_time": 45.60850482294336,
        "vehicle_location": {
            "x": -70.66975402832031,
            "y": 173.665771484375,
            "z": -0.03770957887172699
        },
        "vehicle_velocity": {
            "x": -6.146279218910422e-08,
            "y": -1.0998783217530672e-08,
            "z": -0.00054845807608217
        },
        "vehicle_throttle": 0.0,
        "unique_collisions": 0,
        "solid_lane_crosses": 0,
        "double_solid_lane_crosses": 0
    },
    {
        "game_time": 46.6911023282446,
        "vehicle_location": {
            "x": -70.66975402832031,
            "y": 173.665771484375,
            "z": -0.03772662952542305
        },
        "vehicle_velocity": {
            "x": -1.8809409141340439e-07,
            "y": 9.335508366348222e-08,
            "z": 0.00016299723938573152
        },
        "vehicle_throttle": 0.0,
        "unique_collisions": 0,
        "solid_lane_crosses": 0,
        "double_solid_lane_crosses": 0
    },
    {
        "game_time": 47.73124487930909,
        "vehicle_location": {
            "x": -70.66975402832031,
            "y": 173.665771484375,
            "z": -0.03776462376117706
        },
        "vehicle_velocity": {
            "x": -3.610039156498601e-09,
            "y": 9.336928741277006e-08,
            "z": 0.0010956143960356712
        },
        "vehicle_throttle": 0.0,
        "unique_collisions": 0,
        "solid_lane_crosses": 0,
        "double_solid_lane_crosses": 0
    },
    {
        "game_time": 48.81660420866683,
        "vehicle_location": {
            "x": -70.66975402832031,
            "y": 173.665771484375,
            "z": -0.037779539823532104
        },
        "vehicle_velocity": {
            "x": -3.466831799414649e-08,
            "y": -2.2953736689146353e-09,
            "z": -0.0005328845581971109
        },
        "vehicle_throttle": 0.0,
        "unique_collisions": 0,
        "solid_lane_crosses": 0,
        "double_solid_lane_crosses": 0
    },
    {
        "game_time": 49.87458307901397,
        "vehicle_location": {
            "x": -70.66975402832031,
            "y": 173.665771484375,
            "z": -0.03769542649388313
        },
        "vehicle_velocity": {
            "x": 2.0018831037305063e-08,
            "y": -1.2186269771063962e-07,
            "z": -0.002403535880148411
        },
        "vehicle_throttle": 0.0,
        "unique_collisions": 0,
        "solid_lane_crosses": 0,
        "double_solid_lane_crosses": 0
    },
    {
        "game_time": 50.93224237533286,
        "vehicle_location": {
            "x": -70.66975402832031,
            "y": 173.665771484375,
            "z": -0.037637822329998016
        },
        "vehicle_velocity": {
            "x": 4.742118875356027e-08,
            "y": -2.917151853409905e-09,
            "z": 0.0009472942329011858
        },
        "vehicle_throttle": 0.0,
        "unique_collisions": 0,
        "solid_lane_crosses": 0,
        "double_solid_lane_crosses": 0
    },
    {
        "game_time": 51.9727044259198,
        "vehicle_location": {
            "x": -70.6705322265625,
            "y": 173.66415405273438,
            "z": -0.037850189954042435
        },
        "vehicle_velocity": {
            "x": -0.018094006925821304,
            "y": -0.04186467453837395,
            "z": -0.0011556815588846803
        },
        "vehicle_throttle": 0.75,
        "unique_collisions": 0,
        "solid_lane_crosses": 0,
        "double_solid_lane_crosses": 0
    },
    {
        "game_time": 52.99418504582718,
        "vehicle_location": {
            "x": -70.81390380859375,
            "y": 173.3609161376953,
            "z": -0.038987692445516586
        },
        "vehicle_velocity": {
            "x": -0.3258061110973358,
            "y": -0.6884823441505432,
            "z": 0.0005471706390380859
        },
        "vehicle_throttle": 0.75,
        "unique_collisions": 0,
        "solid_lane_crosses": 0,
        "double_solid_lane_crosses": 0
    },
    {
        "game_time": 54.01961187692359,
        "vehicle_location": {
            "x": -71.42566680908203,
            "y": 171.97596740722656,
            "z": -0.039164237678050995
        },
        "vehicle_velocity": {
            "x": -0.8199374675750732,
            "y": -1.9550178050994873,
            "z": 3.858566196868196e-05
        },
        "vehicle_throttle": 0.75,
        "unique_collisions": 0,
        "solid_lane_crosses": 0,
        "double_solid_lane_crosses": 0
    },
    {
        "game_time": 55.12085184874013,
        "vehicle_location": {
            "x": -72.48451232910156,
            "y": 169.03103637695312,
            "z": -0.03706870973110199
        },
        "vehicle_velocity": {
            "x": -0.7451143264770508,
            "y": -2.785672903060913,
            "z": -0.00018949508375953883
        },
        "vehicle_throttle": 0.75,
        "unique_collisions": 0,
        "solid_lane_crosses": 0,
        "double_solid_lane_crosses": 0
    },
    {
        "game_time": 56.13254843885079,
        "vehicle_location": {
            "x": -73.35749053955078,
            "y": 165.71917724609375,
            "z": -0.03530227765440941
        },
        "vehicle_velocity": {
            "x": -0.5658831000328064,
            "y": -2.7123336791992188,
            "z": 0.0009022998856380582
        },
        "vehicle_throttle": 0.75,
        "unique_collisions": 0,
        "solid_lane_crosses": 0,
        "double_solid_lane_crosses": 0
    },
    {
        "game_time": 57.139142975676805,
        "vehicle_location": {
            "x": -73.947265625,
            "y": 162.38818359375,
            "z": -0.037867698818445206
        },
        "vehicle_velocity": {
            "x": -0.3977120816707611,
            "y": -3.6803741455078125,
            "z": -5.121230969962198e-06
        },
        "vehicle_throttle": 0.0,
        "unique_collisions": 0,
        "solid_lane_crosses": 0,
        "double_solid_lane_crosses": 0
    },
    {
        "game_time": 58.20446795457974,
        "vehicle_location": {
            "x": -74.27075958251953,
            "y": 159.0406494140625,
            "z": -0.039249762892723083
        },
        "vehicle_velocity": {
            "x": -0.11664872616529465,
            "y": -3.837608575820923,
            "z": -0.0011033534538000822
        },
        "vehicle_throttle": 0.75,
        "unique_collisions": 0,
        "solid_lane_crosses": 0,
        "double_solid_lane_crosses": 0
    },
    {
        "game_time": 59.20774802425876,
        "vehicle_location": {
            "x": -74.4481430053711,
            "y": 155.10232543945312,
            "z": -0.03718658536672592
        },
        "vehicle_velocity": {
            "x": 0.01390243973582983,
            "y": -3.431462049484253,
            "z": 0.0007549237925559282
        },
        "vehicle_throttle": 0.75,
        "unique_collisions": 0,
        "solid_lane_crosses": 0,
        "double_solid_lane_crosses": 0
    },
    {
        "game_time": 60.25884837144986,
        "vehicle_location": {
            "x": -74.54646301269531,
            "y": 150.7416534423828,
            "z": -0.0354740135371685
        },
        "vehicle_velocity": {
            "x": -0.09604795277118683,
            "y": -3.790982484817505,
            "z": 0.0006908750510774553
        },
        "vehicle_throttle": 0.75,
        "unique_collisions": 0,
        "solid_lane_crosses": 0,
        "double_solid_lane_crosses": 0
    },
    {
        "game_time": 61.26257696794346,
        "vehicle_location": {
            "x": -74.57958984375,
            "y": 147.42971801757812,
            "z": -0.03839694708585739
        },
        "vehicle_velocity": {
            "x": -0.01500321552157402,
            "y": -3.4163057804107666,
            "z": 0.006190333049744368
        },
        "vehicle_throttle": 0.75,
        "unique_collisions": 0,
        "solid_lane_crosses": 0,
        "double_solid_lane_crosses": 0
    },
    {
        "game_time": 62.300874282140285,
        "vehicle_location": {
            "x": -74.03205871582031,
            "y": 143.01028442382812,
            "z": -0.03078632242977619
        },
        "vehicle_velocity": {
            "x": 1.7056050300598145,
            "y": -4.8169097900390625,
            "z": 0.008674459531903267
        },
        "vehicle_throttle": 0.75,
        "unique_collisions": 0,
        "solid_lane_crosses": 0,
        "double_solid_lane_crosses": 0
    },
    {
        "game_time": 63.39231327408925,
        "vehicle_location": {
            "x": -71.12574768066406,
            "y": 138.4604949951172,
            "z": -0.022447051480412483
        },
        "vehicle_velocity": {
            "x": 3.3322229385375977,
            "y": -2.598938226699829,
            "z": 0.007061428856104612
        },
        "vehicle_throttle": 0.75,
        "unique_collisions": 0,
        "solid_lane_crosses": 0,
        "double_solid_lane_crosses": 0
    },
    {
        "game_time": 64.39558600122109,
        "vehicle_location": {
            "x": -66.7862319946289,
            "y": 136.55690002441406,
            "z": -0.036024320870637894
        },
        "vehicle_velocity": {
            "x": 5.433420181274414,
            "y": -1.2155077457427979,
            "z": -0.003169426927343011
        },
        "vehicle_throttle": 0.0,
        "unique_collisions": 0,
        "solid_lane_crosses": 0,
        "double_solid_lane_crosses": 0
    },
    {
        "game_time": 65.43682414898649,
        "vehicle_location": {
            "x": -63.7757682800293,
            "y": 135.7636260986328,
            "z": -0.032537877559661865
        },
        "vehicle_velocity": {
            "x": -0.0032036190386861563,
            "y": -0.006455153692513704,
            "z": 0.0010390329407528043
        },
        "vehicle_throttle": 0.0,
        "unique_collisions": 0,
        "solid_lane_crosses": 0,
        "double_solid_lane_crosses": 0
    },
    {
        "game_time": 66.45686763292179,
        "vehicle_location": {
            "x": -63.58979034423828,
            "y": 135.74411010742188,
            "z": -0.03956012800335884
        },
        "vehicle_velocity": {
            "x": 0.8901297450065613,
            "y": -0.10526770353317261,
            "z": 0.00045845983549952507
        },
        "vehicle_throttle": 0.75,
        "unique_collisions": 0,
        "solid_lane_crosses": 0,
        "double_solid_lane_crosses": 0
    },
    {
        "game_time": 67.46549437334761,
        "vehicle_location": {
            "x": -61.6978759765625,
            "y": 135.59060668945312,
            "z": -0.039341431111097336
        },
        "vehicle_velocity": {
            "x": 2.7987964153289795,
            "y": -0.19686497747898102,
            "z": 0.00011903762788278982
        },
        "vehicle_throttle": 0.75,
        "unique_collisions": 0,
        "solid_lane_crosses": 0,
        "double_solid_lane_crosses": 0
    },
    {
        "game_time": 68.51215993659571,
        "vehicle_location": {
            "x": -58.36800765991211,
            "y": 135.41302490234375,
            "z": -0.03886348754167557
        },
        "vehicle_velocity": {
            "x": 3.486426830291748,
            "y": -0.15609370172023773,
            "z": -0.0005471229669637978
        },
        "vehicle_throttle": 0.75,
        "unique_collisions": 0,
        "solid_lane_crosses": 0,
        "double_solid_lane_crosses": 0
    },
    {
        "game_time": 69.5615746458061,
        "vehicle_location": {
            "x": -54.5091552734375,
            "y": 135.26516723632812,
            "z": -0.0389113612473011
        },
        "vehicle_velocity": {
            "x": 3.993168592453003,
            "y": -0.129941925406456,
            "z": 0.001617593690752983
        },
        "vehicle_throttle": 0.0,
        "unique_collisions": 0,
        "solid_lane_crosses": 0,
        "double_solid_lane_crosses": 0
    },
    {
        "game_time": 70.60025145532563,
        "vehicle_location": {
            "x": -50.65414047241211,
            "y": 135.14695739746094,
            "z": -0.03657272085547447
        },
        "vehicle_velocity": {
            "x": 3.563324451446533,
            "y": -0.09921031445264816,
            "z": 0.0002008676528930664
        },
        "vehicle_throttle": 0.75,
        "unique_collisions": 0,
        "solid_lane_crosses": 0,
        "double_solid_lane_crosses": 0
    },
    {
        "game_time": 71.60443308996037,
        "vehicle_location": {
            "x": -46.890384674072266,
            "y": 135.0473175048828,
            "z": -0.038371503353118896
        },
        "vehicle_velocity": {
            "x": 3.83530330657959,
            "y": -0.09669087082147598,
            "z": -0.0012908458011224866
        },
        "vehicle_throttle": 0.75,
        "unique_collisions": 0,
        "solid_lane_crosses": 0,
        "double_solid_lane_crosses": 0
    },
    {
        "game_time": 72.65560331055894,
        "vehicle_location": {
            "x": -43.022762298583984,
            "y": 134.95130920410156,
            "z": -0.035682640969753265
        },
        "vehicle_velocity": {
            "x": 3.0774593353271484,
            "y": -0.07408950477838516,
            "z": 0.00034826755290850997
        },
        "vehicle_throttle": 0.75,
        "unique_collisions": 0,
        "solid_lane_crosses": 0,
        "double_solid_lane_crosses": 0
    },
    {
        "game_time": 73.71153769968078,
        "vehicle_location": {
            "x": -39.90204620361328,
            "y": 134.87696838378906,
            "z": -0.03547801822423935
        },
        "vehicle_velocity": {
            "x": 1.961039423942566,
            "y": -0.046131305396556854,
            "z": -5.6209562899312004e-05
        },
        "vehicle_throttle": 0.75,
        "unique_collisions": 0,
        "solid_lane_crosses": 0,
        "double_solid_lane_crosses": 0
    },
    {
        "game_time": 74.71297387732193,
        "vehicle_location": {
            "x": -38.59706115722656,
            "y": 134.8462677001953,
            "z": -0.037808455526828766
        },
        "vehicle_velocity": {
            "x": 0.9907817840576172,
            "y": -0.02332307957112789,
            "z": 0.000209298130357638
        },
        "vehicle_throttle": 0.75,
        "unique_collisions": 0,
        "solid_lane_crosses": 0,
        "double_solid_lane_crosses": 0
    },
    {
        "game_time": 75.76249462040141,
        "vehicle_location": {
            "x": -38.09637451171875,
            "y": 134.8378448486328,
            "z": -0.038132552057504654
        },
        "vehicle_velocity": {
            "x": 0.4686357080936432,
            "y": -0.010363689623773098,
            "z": 0.00016288757615257055
        },
        "vehicle_throttle": 0.75,
        "unique_collisions": 0,
        "solid_lane_crosses": 0,
        "double_solid_lane_crosses": 0
    },
    {
        "game_time": 76.79374298686162,
        "vehicle_location": {
            "x": -37.919517517089844,
            "y": 134.83151245117188,
            "z": -0.03741069883108139
        },
        "vehicle_velocity": {
            "x": 0.0010866071097552776,
            "y": -7.579683824587846e-06,
            "z": -0.0008863735129125416
        },
        "vehicle_throttle": 0.0,
        "unique_collisions": 0,
        "solid_lane_crosses": 0,
        "double_solid_lane_crosses": 0
    },
    {
        "game_time": 77.84192501707003,
        "vehicle_location": {
            "x": -37.83549880981445,
            "y": 134.82864379882812,
            "z": -0.03763355314731598
        },
        "vehicle_velocity": {
            "x": 0.01821289025247097,
            "y": -0.00042026437586173415,
            "z": 0.00032637594267725945
        },
        "vehicle_throttle": 0.75,
        "unique_collisions": 0,
        "solid_lane_crosses": 0,
        "double_solid_lane_crosses": 0
    },
    {
        "game_time": 78.86622708523646,
        "vehicle_location": {
            "x": -37.803653717041016,
            "y": 134.82728576660156,
            "z": -0.03770259767770767
        },
        "vehicle_velocity": {
            "x": -2.5939050829038024e-05,
            "y": 2.6135501229873626e-06,
            "z": 0.00012927055649925023
        },
        "vehicle_throttle": 0.0,
        "unique_collisions": 0,
        "solid_lane_crosses": 0,
        "double_solid_lane_crosses": 0
    },
    {
        "game_time": 79.88989246962592,
        "vehicle_location": {
            "x": -37.80364227294922,
            "y": 134.82728576660156,
            "z": -0.03770232945680618
        },
        "vehicle_velocity": {
            "x": -3.159388839435451e-08,
            "y": -4.760679317428185e-08,
            "z": 0.0009808301692828536
        },
        "vehicle_throttle": 0.0,
        "unique_collisions": 0,
        "solid_lane_crosses": 0,
        "double_solid_lane_crosses": 0
    },
    {
        "game_time": 80.91595514910296,
        "vehicle_location": {
            "x": -37.80364227294922,
            "y": 134.82728576660156,
            "z": -0.03769100084900856
        },
        "vehicle_velocity": {
            "x": 3.355219391210085e-08,
            "y": 1.297627227891951e-09,
            "z": -0.0010589122539386153
        },
        "vehicle_throttle": 0.0,
        "unique_collisions": 0,
        "solid_lane_crosses": 0,
        "double_solid_lane_crosses": 0
    },
    {
        "game_time": 81.96865427913144,
        "vehicle_location": {
            "x": -37.80364227294922,
            "y": 134.82728576660156,
            "z": -0.03771495819091797
        },
        "vehicle_velocity": {
            "x": -4.327007729898469e-08,
            "y": -2.436603629973888e-08,
            "z": 0.0007443428039550781
        },
        "vehicle_throttle": 0.0,
        "unique_collisions": 0,
        "solid_lane_crosses": 0,
        "double_solid_lane_crosses": 0
    },
    {
        "game_time": 83.04331259196624,
        "vehicle_location": {
            "x": -37.80364227294922,
            "y": 134.82728576660156,
            "z": -0.03772933781147003
        },
        "vehicle_velocity": {
            "x": 3.8972885363364185e-08,
            "y": 1.0205089751025298e-07,
            "z": -0.0006785678560845554
        },
        "vehicle_throttle": 0.0,
        "unique_collisions": 0,
        "solid_lane_crosses": 0,
        "double_solid_lane_crosses": 0
    },
    {
        "game_time": 84.05815385142341,
        "vehicle_location": {
            "x": -37.80364227294922,
            "y": 134.82728576660156,
            "z": -0.03771468997001648
        },
        "vehicle_velocity": {
            "x": -2.0340094053494795e-08,
            "y": -2.5351800658768298e-08,
            "z": 0.00011658191215246916
        },
        "vehicle_throttle": 0.0,
        "unique_collisions": 0,
        "solid_lane_crosses": 0,
        "double_solid_lane_crosses": 0
    },
    {
        "game_time": 85.08488701051101,
        "vehicle_location": {
            "x": -37.80364227294922,
            "y": 134.82728576660156,
            "z": -0.03778640553355217
        },
        "vehicle_velocity": {
            "x": -1.2347781686017356e-09,
            "y": -2.3280980698814346e-08,
            "z": -0.0003010272921528667
        },
        "vehicle_throttle": 0.0,
        "unique_collisions": 0,
        "solid_lane_crosses": 0,
        "double_solid_lane_crosses": 0
    },
    {
        "game_time": 86.12884702859446,
        "vehicle_location": {
            "x": -37.80364227294922,
            "y": 134.82728576660156,
            "z": -0.03771175444126129
        },
        "vehicle_velocity": {
            "x": -1.0435055486368583e-08,
            "y": 4.3645261627034415e-08,
            "z": 0.001001596450805664
        },
        "vehicle_throttle": 0.0,
        "unique_collisions": 0,
        "solid_lane_crosses": 0,
        "double_solid_lane_crosses": 0
    },
    {
        "game_time": 87.17267879797146,
        "vehicle_location": {
            "x": -37.80364227294922,
            "y": 134.82728576660156,
            "z": -0.03776271641254425
        },
        "vehicle_velocity": {
            "x": 3.23353681608296e-08,
            "y": -2.9964894565637223e-08,
            "z": 1.317024180025328e-05
        },
        "vehicle_throttle": 0.0,
        "unique_collisions": 0,
        "solid_lane_crosses": 0,
        "double_solid_lane_crosses": 0
    },
    {
        "game_time": 88.22386316629127,
        "vehicle_location": {
            "x": -37.80364227294922,
            "y": 134.82728576660156,
            "z": -0.037744179368019104
        },
        "vehicle_velocity": {
            "x": 6.318987000319964e-10,
            "y": 4.429030298069847e-08,
            "z": 0.0007816695724613965
        },
        "vehicle_throttle": 0.0,
        "unique_collisions": 0,
        "solid_lane_crosses": 0,
        "double_solid_lane_crosses": 0
    },
    {
        "game_time": 89.22582252370194,
        "vehicle_location": {
            "x": -37.80364227294922,
            "y": 134.82728576660156,
            "z": -0.037797585129737854
        },
        "vehicle_velocity": {
            "x": 5.216602261270964e-09,
            "y": 8.103432236339358e-08,
            "z": -0.0006389331538230181
        },
        "vehicle_throttle": 0.0,
        "unique_collisions": 0,
        "solid_lane_crosses": 0,
        "double_solid_lane_crosses": 0
    },
    {
        "game_time": 90.29001642810181,
        "vehicle_location": {
            "x": -37.80364227294922,
            "y": 134.82728576660156,
            "z": -0.03775562345981598
        },
        "vehicle_velocity": {
            "x": -1.4132597314642226e-08,
            "y": 1.1722530501856454e-07,
            "z": 0.0007740401779301465
        },
        "vehicle_throttle": 0.0,
        "unique_collisions": 0,
        "solid_lane_crosses": 0,
        "double_solid_lane_crosses": 0
    },
    {
        "game_time": 91.34710025554523,
        "vehicle_location": {
            "x": -37.80364227294922,
            "y": 134.82728576660156,
            "z": -0.037773359566926956
        },
        "vehicle_velocity": {
            "x": 2.8395271911563214e-08,
            "y": 9.600682204791156e-08,
            "z": -0.00013576507626567036
        },
        "vehicle_throttle": 0.0,
        "unique_collisions": 0,
        "solid_lane_crosses": 0,
        "double_solid_lane_crosses": 0
    },
    {
        "game_time": 92.39148710900918,
        "vehicle_location": {
            "x": -37.80364227294922,
            "y": 134.82728576660156,
            "z": -0.037742726504802704
        },
        "vehicle_velocity": {
            "x": -3.626664302203153e-09,
            "y": -1.400863425260468e-09,
            "z": 9.084701014216989e-05
        },
        "vehicle_throttle": 0.0,
        "unique_collisions": 0,
        "solid_lane_crosses": 0,
        "double_solid_lane_crosses": 0
    },
    {
        "game_time": 93.4581658267416,
        "vehicle_location": {
            "x": -37.80364227294922,
            "y": 134.82728576660156,
            "z": -0.03772598132491112
        },
        "vehicle_velocity": {
            "x": -6.851880840486047e-08,
            "y": -2.4262337916525212e-08,
            "z": 0.001421275082975626
        },
        "vehicle_throttle": 0.0,
        "unique_collisions": 0,
        "solid_lane_crosses": 0,
        "double_solid_lane_crosses": 0
    },
    {
        "game_time": 94.46328802732751,
        "vehicle_location": {
            "x": -37.80364227294922,
            "y": 134.82728576660156,
            "z": -0.03774917498230934
        },
        "vehicle_velocity": {
            "x": 1.5578860868004085e-08,
            "y": -3.4556761896453736e-09,
            "z": -0.0004061794315930456
        },
        "vehicle_throttle": 0.0,
        "unique_collisions": 0,
        "solid_lane_crosses": 0,
        "double_solid_lane_crosses": 0
    },
    {
        "game_time": 95.53627196187153,
        "vehicle_location": {
            "x": -37.80364227294922,
            "y": 134.82728576660156,
            "z": -0.037750739604234695
        },
        "vehicle_velocity": {
            "x": 7.115366429388814e-08,
            "y": -1.8828961501071717e-08,
            "z": 0.00022883414931129664
        },
        "vehicle_throttle": 0.0,
        "unique_collisions": 0,
        "solid_lane_crosses": 0,
        "double_solid_lane_crosses": 0
    },
    {
        "game_time": 96.60710586933419,
        "vehicle_location": {
            "x": -37.74258041381836,
            "y": 134.82546997070312,
            "z": -0.038549840450286865
        },
        "vehicle_velocity": {
            "x": 0.3316788077354431,
            "y": -0.00827853288501501,
            "z": -0.0006667518755421042
        },
        "vehicle_throttle": 0.0,
        "unique_collisions": 0,
        "solid_lane_crosses": 0,
        "double_solid_lane_crosses": 0
    },
    {
        "game_time": 97.63964579300955,
        "vehicle_location": {
            "x": -36.786224365234375,
            "y": 134.8039093017578,
            "z": -0.03931839019060135
        },
        "vehicle_velocity": {
            "x": 1.9454407691955566,
            "y": -0.045553188771009445,
            "z": -6.432532973121852e-05
        },
        "vehicle_throttle": 0.75,
        "unique_collisions": 0,
        "solid_lane_crosses": 0,
        "double_solid_lane_crosses": 0
    },
    {
        "game_time": 98.66219782782719,
        "vehicle_location": {
            "x": -34.11518096923828,
            "y": 134.74278259277344,
            "z": -0.03783515840768814
        },
        "vehicle_velocity": {
            "x": 2.835205554962158,
            "y": -0.06492726504802704,
            "z": -2.6025771148852073e-05
        },
        "vehicle_throttle": 0.75,
        "unique_collisions": 0,
        "solid_lane_crosses": 0,
        "double_solid_lane_crosses": 0
    },
    {
        "game_time": 99.67691713059321,
        "vehicle_location": {
            "x": -30.64821434020996,
            "y": 134.66372680664062,
            "z": -0.037875860929489136
        },
        "vehicle_velocity": {
            "x": 3.5604450702667236,
            "y": -0.08097632974386215,
            "z": -0.0012398433173075318
        },
        "vehicle_throttle": 0.75,
        "unique_collisions": 0,
        "solid_lane_crosses": 0,
        "double_solid_lane_crosses": 0
    },
    {
        "game_time": 100.73818032396957,
        "vehicle_location": {
            "x": -25.88885498046875,
            "y": 134.5555877685547,
            "z": -0.03910156339406967
        },
        "vehicle_velocity": {
            "x": 5.470326900482178,
            "y": -0.12394462525844574,
            "z": -0.0003766775189433247
        },
        "vehicle_throttle": 0.75,
        "unique_collisions": 0,
        "solid_lane_crosses": 0,
        "double_solid_lane_crosses": 0
    },
    {
        "game_time": 101.79037169506773,
        "vehicle_location": {
            "x": -20.668678283691406,
            "y": 134.45985412597656,
            "z": -0.03699355944991112
        },
        "vehicle_velocity": {
            "x": 4.2016706466674805,
            "y": -0.025673041120171547,
            "z": -0.00017547607421875
        },
        "vehicle_throttle": 0.75,
        "unique_collisions": 0,
        "solid_lane_crosses": 0,
        "double_solid_lane_crosses": 0
    },
    {
        "game_time": 102.85870624007657,
        "vehicle_location": {
            "x": -15.529586791992188,
            "y": 135.3166046142578,
            "z": -0.03858814015984535
        },
        "vehicle_velocity": {
            "x": 5.069270610809326,
            "y": 2.6031031608581543,
            "z": -0.0004669475310947746
        },
        "vehicle_throttle": 0.0,
        "unique_collisions": 0,
        "solid_lane_crosses": 0,
        "double_solid_lane_crosses": 0
    },
    {
        "game_time": 103.88569178292528,
        "vehicle_location": {
            "x": -12.030781745910645,
            "y": 138.49563598632812,
            "z": -0.03777831792831421
        },
        "vehicle_velocity": {
            "x": 2.0442070960998535,
            "y": 4.040109634399414,
            "z": 0.0007854461437091231
        },
        "vehicle_throttle": 0.75,
        "unique_collisions": 0,
        "solid_lane_crosses": 0,
        "double_solid_lane_crosses": 0
    },
    {
        "game_time": 104.9349150895141,
        "vehicle_location": {
            "x": -10.358827590942383,
            "y": 143.62094116210938,
            "z": -0.03599594160914421
        },
        "vehicle_velocity": {
            "x": 0.9410428404808044,
            "y": 4.989033222198486,
            "z": -1.709461139398627e-05
        },
        "vehicle_throttle": 0.75,
        "unique_collisions": 0,
        "solid_lane_crosses": 0,
        "double_solid_lane_crosses": 0
    },
    {
        "game_time": 105.95497962879017,
        "vehicle_location": {
            "x": -9.798066139221191,
            "y": 148.28176879882812,
            "z": -0.03896556794643402
        },
        "vehicle_velocity": {
            "x": 0.3216952383518219,
            "y": 5.021881103515625,
            "z": 0.0017167996848002076
        },
        "vehicle_throttle": 0.75,
        "unique_collisions": 0,
        "solid_lane_crosses": 0,
        "double_solid_lane_crosses": 0
    },
    {
        "game_time": 106.99573938315734,
        "vehicle_location": {
            "x": -9.525972366333008,
            "y": 153.27622985839844,
            "z": -0.032859038561582565
        },
        "vehicle_velocity": {
            "x": 0.1460038274526596,
            "y": 2.686798095703125,
            "z": 0.00017921447579283267
        },
        "vehicle_throttle": 0.0,
        "unique_collisions": 0,
        "solid_lane_crosses": 0,
        "double_solid_lane_crosses": 0
    },
    {
        "game_time": 108.03683065110818,
        "vehicle_location": {
            "x": -9.45626163482666,
            "y": 154.9100799560547,
            "z": -0.039204902946949005
        },
        "vehicle_velocity": {
            "x": 0.037371303886175156,
            "y": 2.128251552581787,
            "z": 5.5084226914914325e-05
        },
        "vehicle_throttle": 0.75,
        "unique_collisions": 0,
        "solid_lane_crosses": 0,
        "double_solid_lane_crosses": 0
    },
    {
        "game_time": 109.03820427460596,
        "vehicle_location": {
            "x": -9.396756172180176,
            "y": 157.99351501464844,
            "z": -0.03934925049543381
        },
        "vehicle_velocity": {
            "x": 0.03557693585753441,
            "y": 4.056160926818848,
            "z": 0.0006346702575683594
        },
        "vehicle_throttle": 0.75,
        "unique_collisions": 0,
        "solid_lane_crosses": 0,
        "double_solid_lane_crosses": 0
    },
    {
        "game_time": 110.04142095940188,
        "vehicle_location": {
            "x": -9.335455894470215,
            "y": 163.0144805908203,
            "z": -0.03826591372489929
        },
        "vehicle_velocity": {
            "x": 0.05899937078356743,
            "y": 5.620060443878174,
            "z": -1.721382068353705e-05
        },
        "vehicle_throttle": 0.0,
        "unique_collisions": 0,
        "solid_lane_crosses": 0,
        "double_solid_lane_crosses": 0
    },
    {
        "game_time": 111.07816050946712,
        "vehicle_location": {
            "x": -9.291624069213867,
            "y": 167.86651611328125,
            "z": -0.03850189223885536
        },
        "vehicle_velocity": {
            "x": 0.03202376514673233,
            "y": 4.64842414855957,
            "z": 0.0003264379338361323
        },
        "vehicle_throttle": 0.75,
        "unique_collisions": 0,
        "solid_lane_crosses": 0,
        "double_solid_lane_crosses": 0
    },
    {
        "game_time": 112.09128418052569,
        "vehicle_location": {
            "x": -9.251885414123535,
            "y": 173.19309997558594,
            "z": -0.03599117323756218
        },
        "vehicle_velocity": {
            "x": 0.03569450601935387,
            "y": 5.029536247253418,
            "z": 2.4700163976376643e-06
        },
        "vehicle_throttle": 0.75,
        "unique_collisions": 0,
        "solid_lane_crosses": 0,
        "double_solid_lane_crosses": 0
    },
    {
        "game_time": 113.12903996929526,
        "vehicle_location": {
            "x": -9.217672348022461,
            "y": 178.1893310546875,
            "z": -0.03629295155405998
        },
        "vehicle_velocity": {
            "x": 0.024441901594400406,
            "y": 3.850430488586426,
            "z": -0.0005521774291992188
        },
        "vehicle_throttle": 0.75,
        "unique_collisions": 0,
        "solid_lane_crosses": 0,
        "double_solid_lane_crosses": 0
    },
    {
        "game_time": 114.16557859443128,
        "vehicle_location": {
            "x": -9.195068359375,
            "y": 181.62200927734375,
            "z": -0.03637416660785675
        },
        "vehicle_velocity": {
            "x": 0.014211422763764858,
            "y": 2.177917003631592,
            "z": 0.0015610361006110907
        },
        "vehicle_throttle": 0.75,
        "unique_collisions": 0,
        "solid_lane_crosses": 0,
        "double_solid_lane_crosses": 0
    },
    {
        "game_time": 115.18478108663112,
        "vehicle_location": {
            "x": -9.186324119567871,
            "y": 182.65174865722656,
            "z": -0.03773524984717369
        },
        "vehicle_velocity": {
            "x": -0.0037233647890388966,
            "y": 0.0026936756912618876,
            "z": -0.002909607719630003
        },
        "vehicle_throttle": 0.75,
        "unique_collisions": 1,
        "solid_lane_crosses": 0,
        "double_solid_lane_crosses": 0
    },
    {
        "game_time": 116.22670603590086,
        "vehicle_location": {
            "x": -9.188403129577637,
            "y": 182.81997680664062,
            "z": -0.03938373550772667
        },
        "vehicle_velocity": {
            "x": -0.012457623146474361,
            "y": 1.0698928833007812,
            "z": -0.010666350834071636
        },
        "vehicle_throttle": 0.75,
        "unique_collisions": 1,
        "solid_lane_crosses": 0,
        "double_solid_lane_crosses": 0
    },
    {
        "game_time": 117.24747979780659,
        "vehicle_location": {
            "x": -9.250112533569336,
            "y": 185.58908081054688,
            "z": -0.04064472019672394
        },
        "vehicle_velocity": {
            "x": -0.3078271448612213,
            "y": 4.4292893409729,
            "z": 0.004508928395807743
        },
        "vehicle_throttle": 0.75,
        "unique_collisions": 1,
        "solid_lane_crosses": 0,
        "double_solid_lane_crosses": 0
    },
    {
        "game_time": 118.27484122291207,
        "vehicle_location": {
            "x": -10.611248970031738,
            "y": 190.46766662597656,
            "z": -0.03608730062842369
        },
        "vehicle_velocity": {
            "x": -3.258038282394409,
            "y": 4.31715726852417,
            "z": 0.02463969588279724
        },
        "vehicle_throttle": 0.45028674602508545,
        "unique_collisions": 1,
        "solid_lane_crosses": 0,
        "double_solid_lane_crosses": 0
    },
    {
        "game_time": 119.29660571506247,
        "vehicle_location": {
            "x": -15.054316520690918,
            "y": 193.14564514160156,
            "z": -0.03751193732023239
        },
        "vehicle_velocity": {
            "x": -5.510896682739258,
            "y": 0.3710583448410034,
            "z": 0.000932722061406821
        },
        "vehicle_throttle": 0.3818342387676239,
        "unique_collisions": 1,
        "solid_lane_crosses": 0,
        "double_solid_lane_crosses": 0
    },
    {
        "game_time": 120.2994507192634,
        "vehicle_location": {
            "x": -19.845151901245117,
            "y": 194.27003479003906,
            "z": -0.03834522143006325
        },
        "vehicle_velocity": {
            "x": -4.5953497886657715,
            "y": 1.2395861148834229,
            "z": 0.00037915227585472167
        },
        "vehicle_throttle": 0.75,
        "unique_collisions": 1,
        "solid_lane_crosses": 0,
        "double_solid_lane_crosses": 0
    },
    {
        "game_time": 121.35945665137842,
        "vehicle_location": {
            "x": -25.264612197875977,
            "y": 195.72506713867188,
            "z": -0.036458130925893784
        },
        "vehicle_velocity": {
            "x": -4.859522342681885,
            "y": 1.3077619075775146,
            "z": 1.2769698514603078e-05
        },
        "vehicle_throttle": 0.75,
        "unique_collisions": 1,
        "solid_lane_crosses": 0,
        "double_solid_lane_crosses": 0
    },
    {
        "game_time": 122.41699284268543,
        "vehicle_location": {
            "x": -30.619014739990234,
            "y": 196.5686798095703,
            "z": -0.0358588770031929
        },
        "vehicle_velocity": {
            "x": -4.3900370597839355,
            "y": 0.3073827922344208,
            "z": 0.00022773265664000064
        },
        "vehicle_throttle": 0.75,
        "unique_collisions": 1,
        "solid_lane_crosses": 0,
        "double_solid_lane_crosses": 0
    },
    {
        "game_time": 123.41724860714749,
        "vehicle_location": {
            "x": -35.601470947265625,
            "y": 196.88804626464844,
            "z": -0.03940383717417717
        },
        "vehicle_velocity": {
            "x": -5.805949687957764,
            "y": 0.1592492014169693,
            "z": -0.00014578818809241056
        },
        "vehicle_throttle": 0.0,
        "unique_collisions": 1,
        "solid_lane_crosses": 0,
        "double_solid_lane_crosses": 0
    },
    {
        "game_time": 124.44676189916208,
        "vehicle_location": {
            "x": -40.49235153198242,
            "y": 197.04388427734375,
            "z": -0.03818755969405174
        },
        "vehicle_velocity": {
            "x": -4.482980728149414,
            "y": 0.12952357530593872,
            "z": -0.002037267666310072
        },
        "vehicle_throttle": 0.75,
        "unique_collisions": 1,
        "solid_lane_crosses": 0,
        "double_solid_lane_crosses": 0
    }
]